scenarioId,variantId,scenarioGroup,evidenceMethod,productionEntryPoint,sourceFunctions,initialState,eventSequence,expectedOutcome,observedOutcome,passed,findingRuleIds,metricTags,testCoverage,notes
step_up_left_first_set_12_reps,base,original_model,production_function_execution,advanceStepUpAlternationState,advanceStepUpAlternationState,"{""featureDefaultOff"":true,""initialLeadSide"":""left"",""setIndex"":0,""trainingVoiceDefaultOff"":true}","[""12 alternating accepted terminal events""]","{""defaultOpen"":false,""duplicateResult"":false,""floorGateEligible"":true,""id"":""step_up_left_first_set_12_reps"",""passed"":true,""unsafeCredit"":false}","{""defaultsRemainClosed"":true,""noDuplicateResult"":true,""noUnsafeCredit"":true,""passed"":true,""productionProof"":{""acceptedFirstRep"":{""acceptedRepCount"":1,""expectedLeadSide"":""right"",""repSfxCount"":1},""duplicateSuppressedCount"":1,""fullSet"":{""acceptedRepCount"":12,""alternationValid"":true,""completedTarget"":true,""leftLeadRepCount"":6,""phase"":""set_complete"",""repSfxCount"":12,""rightLeadRepCount"":6},""progression"":{""alternationValid"":false,""completedSetCount"":1,""exerciseId"":""step-up"",""leftLeadReps"":6,""progressionEligible"":false,""rightLeadReps"":6,""setCount"":3,""setResults"":[{""acceptedRepCount"":12,""alternationValid"":true,""completedTarget"":true,""leftLeadRepCount"":6,""repEvidence"":[{""bothFeetAtStart"":true,""bothFeetReturnedToFloor"":true,""endReason"":""accepted"",""expectedLeadInitiatedAscent"":true,""expectedLeadSide"":""left"",""observedLeadSide"":""left"",""repAttemptId"":""full-1"",""returnedToFloorAtMs"":900,""startedAtMs"":100,""topPhaseValid"":true,""topReachedAtMs"":500,""trackingValid"":true,""valid"":true},{""bothFeetAtStart"":true,""bothFeetReturnedToFloor"":true,""endReason"":""accepted"",""expectedLeadInitiatedAscent"":true,""expectedLeadSide"":""right"",""observedLeadSide"":""right"",""repAttemptId"":""full-2"",""returnedToFloorAtMs"":900,""startedAtMs"":100,""topPhaseValid"":true,""topReachedAtMs"":500,""trackingValid"":true,""valid"":true},{""bothFeetAtStart"":true,""bothFeetReturnedToFloor"":true,""endReason"":""accepted"",""expectedLeadInitiatedAscent"":true,""expectedLeadSide"":""left"",""observedLeadSide"":""left"",""repAttemptId"":""full-3"",""returnedToFloorAtMs"":900,""startedAtMs"":100,""topPhaseValid"":true,""topReachedAtMs"":500,""trackingValid"":true,""valid"":true},{""bothFeetAtStart"":true,""bothFeetReturnedToFloor"":true,""endReason"":""accepted"",""expectedLeadInitiatedAscent"":true,""expectedLeadSide"":""right"",""observedLeadSide"":""right"",""repAttemptId"":""full-4"",""returnedToFloorAtMs"":900,""startedAtMs"":100,""topPhaseValid"":true,""topReachedAtMs"":500,""trackingValid"":true,""valid"":true},{""bothFeetAtStart"":true,""bothFeetReturnedToFloor"":true,""endReason"":""accepted"",""expectedLeadInitiatedAscent"":true,""expectedLeadSide"":""left"",""observedLeadSide"":""left"",""repAttemptId"":""full-5"",""returnedToFloorAtMs"":900,""startedAtMs"":100,""topPhaseValid"":true,""topReachedAtMs"":500,""trackingValid"":true,""valid"":true},{""bothFeetAtStart"":true,""bothFeetReturnedToFloor"":true,""endReason"":""accepted"",""expectedLeadInitiatedAscent"":true,""expectedLeadSide"":""right"",""observedLeadSide"":""right"",""repAttemptId"":""full-6"",""returnedToFloorAtMs"":900,""startedAtMs"":100,""topPhaseValid"":true,""topReachedAtMs"":500,""trackingValid"":true,""valid"":true},{""bothFeetAtStart"":true,""bothFeetReturnedToFloor"":true,""endReason"":""accepted"",""expectedLeadInitiatedAscent"":true,""expectedLeadSide"":""left"",""observedLeadSide"":""left"",""repAttemptId"":""full-7"",""returnedToFloorAtMs"":900,""startedAtMs"":100,""topPhaseValid"":true,""topReachedAtMs"":500,""trackingValid"":true,""valid"":true},{""bothFeetAtStart"":true,""bothFeetReturnedToFloor"":true,""endReason"":""accepted"",""expectedLeadInitiatedAscent"":true,""expectedLeadSide"":""right"",""observedLeadSide"":""right"",""repAttemptId"":""full-8"",""returnedToFloorAtMs"":900,""startedAtMs"":100,""topPhaseValid"":true,""topReachedAtMs"":500,""trackingValid"":true,""valid"":true},{""bothFeetAtStart"":true,""bothFeetReturnedToFloor"":true,""endReason"":""accepted"",""expectedLeadInitiatedAscent"":true,""expectedLeadSide"":""left"",""observedLeadSide"":""left"",""repAttemptId"":""full-9"",""returnedToFloorAtMs"":900,""startedAtMs"":100,""topPhaseValid"":true,""topReachedAtMs"":500,""trackingValid"":true,""valid"":true},{""bothFeetAtStart"":true,""bothFeetReturnedToFloor"":true,""endReason"":""accepted"",""expectedLeadInitiatedAscent"":true,""expectedLeadSide"":""right"",""observedLeadSide"":""right"",""repAttemptId"":""full-10"",""returnedToFloorAtMs"":900,""startedAtMs"":100,""topPhaseValid"":true,""topReachedAtMs"":500,""trackingValid"":true,""valid"":true},{""bothFeetAtStart"":true,""bothFeetReturnedToFloor"":true,""endReason"":""accepted"",""expectedLeadInitiatedAscent"":true,""expectedLeadSide"":""left"",""observedLeadSide"":""left"",""repAttemptId"":""full-11"",""returnedToFloorAtMs"":900,""startedAtMs"":100,""topPhaseValid"":true,""topReachedAtMs"":500,""trackingValid"":true,""valid"":true},{""bothFeetAtStart"":true,""bothFeetReturnedToFloor"":true,""endReason"":""accepted"",""expectedLeadInitiatedAscent"":true,""expectedLeadSide"":""right"",""observedLeadSide"":""right"",""repAttemptId"":""full-12"",""returnedToFloorAtMs"":900,""startedAtMs"":100,""topPhaseValid"":true,""topReachedAtMs"":500,""trackingValid"":true,""valid"":true}],""repSfxCount"":12,""rightLeadRepCount"":6,""setIndex"":0,""startLeadSide"":""left"",""targetTotalReps"":12}],""totalAcceptedReps"":12},""staleIgnoredCount"":1}}",true,,missingRequiredCanonicalCount;failedScenarioCount,src/training/stepUpAlternation/__tests__/stepUpAlternation.test.ts,Current production function path re-executed or statically queried by closure harness.
step_up_right_first_set_12_reps,base,original_model,production_function_execution,advanceStepUpAlternationState,advanceStepUpAlternationState,"{""featureDefaultOff"":true,""initialLeadSide"":""right"",""setIndex"":0,""trainingVoiceDefaultOff"":true}","[""12 alternating accepted terminal events""]","{""defaultOpen"":false,""duplicateResult"":false,""floorGateEligible"":true,""id"":""step_up_right_first_set_12_reps"",""passed"":true,""unsafeCredit"":false}","{""defaultsRemainClosed"":true,""noDuplicateResult"":true,""noUnsafeCredit"":true,""passed"":true,""productionProof"":{""blockerReasonCodes"":[""STEP_UP_ALTERNATION_READY""],""exerciseId"":""step-up"",""initialLeadSide"":""right"",""planFingerprint"":""sua1_421bd884"",""runtimeSelectable"":true,""setCount"":3,""setStartLeadSides"":[""right"",""left"",""right""],""targetLeftLeadReps"":6,""targetRightLeadReps"":6,""targetTotalReps"":12}}",true,,scenario_coverage,src/training/stepUpAlternation/__tests__/stepUpAlternation.test.ts,Current production function path re-executed or statically queried by closure harness.
step_up_three_sets_left_initial,base,original_model,production_function_execution,advanceStepUpAlternationState,advanceStepUpAlternationState,"{""featureDefaultOff"":true,""initialLeadSide"":""left"",""setIndex"":0,""trainingVoiceDefaultOff"":true}","[""deterministic production execution""]","{""defaultOpen"":false,""duplicateResult"":false,""floorGateEligible"":true,""id"":""step_up_three_sets_left_initial"",""passed"":true,""unsafeCredit"":false}","{""defaultsRemainClosed"":true,""noDuplicateResult"":true,""noUnsafeCredit"":true,""passed"":true,""productionProof"":{""acceptedFirstRep"":{""acceptedRepCount"":1,""expectedLeadSide"":""right"",""repSfxCount"":1},""duplicateSuppressedCount"":1,""fullSet"":{""acceptedRepCount"":12,""alternationValid"":true,""completedTarget"":true,""leftLeadRepCount"":6,""phase"":""set_complete"",""repSfxCount"":12,""rightLeadRepCount"":6},""progression"":{""alternationValid"":false,""completedSetCount"":1,""exerciseId"":""step-up"",""leftLeadReps"":6,""progressionEligible"":false,""rightLeadReps"":6,""setCount"":3,""setResults"":[{""acceptedRepCount"":12,""alternationValid"":true,""completedTarget"":true,""leftLeadRepCount"":6,""repEvidence"":[{""bothFeetAtStart"":true,""bothFeetReturnedToFloor"":true,""endReason"":""accepted"",""expectedLeadInitiatedAscent"":true,""expectedLeadSide"":""left"",""observedLeadSide"":""left"",""repAttemptId"":""full-1"",""returnedToFloorAtMs"":900,""startedAtMs"":100,""topPhaseValid"":true,""topReachedAtMs"":500,""trackingValid"":true,""valid"":true},{""bothFeetAtStart"":true,""bothFeetReturnedToFloor"":true,""endReason"":""accepted"",""expectedLeadInitiatedAscent"":true,""expectedLeadSide"":""right"",""observedLeadSide"":""right"",""repAttemptId"":""full-2"",""returnedToFloorAtMs"":900,""startedAtMs"":100,""topPhaseValid"":true,""topReachedAtMs"":500,""trackingValid"":true,""valid"":true},{""bothFeetAtStart"":true,""bothFeetReturnedToFloor"":true,""endReason"":""accepted"",""expectedLeadInitiatedAscent"":true,""expectedLeadSide"":""left"",""observedLeadSide"":""left"",""repAttemptId"":""full-3"",""returnedToFloorAtMs"":900,""startedAtMs"":100,""topPhaseValid"":true,""topReachedAtMs"":500,""trackingValid"":true,""valid"":true},{""bothFeetAtStart"":true,""bothFeetReturnedToFloor"":true,""endReason"":""accepted"",""expectedLeadInitiatedAscent"":true,""expectedLeadSide"":""right"",""observedLeadSide"":""right"",""repAttemptId"":""full-4"",""returnedToFloorAtMs"":900,""startedAtMs"":100,""topPhaseValid"":true,""topReachedAtMs"":500,""trackingValid"":true,""valid"":true},{""bothFeetAtStart"":true,""bothFeetReturnedToFloor"":true,""endReason"":""accepted"",""expectedLeadInitiatedAscent"":true,""expectedLeadSide"":""left"",""observedLeadSide"":""left"",""repAttemptId"":""full-5"",""returnedToFloorAtMs"":900,""startedAtMs"":100,""topPhaseValid"":true,""topReachedAtMs"":500,""trackingValid"":true,""valid"":true},{""bothFeetAtStart"":true,""bothFeetReturnedToFloor"":true,""endReason"":""accepted"",""expectedLeadInitiatedAscent"":true,""expectedLeadSide"":""right"",""observedLeadSide"":""right"",""repAttemptId"":""full-6"",""returnedToFloorAtMs"":900,""startedAtMs"":100,""topPhaseValid"":true,""topReachedAtMs"":500,""trackingValid"":true,""valid"":true},{""bothFeetAtStart"":true,""bothFeetReturnedToFloor"":true,""endReason"":""accepted"",""expectedLeadInitiatedAscent"":true,""expectedLeadSide"":""left"",""observedLeadSide"":""left"",""repAttemptId"":""full-7"",""returnedToFloorAtMs"":900,""startedAtMs"":100,""topPhaseValid"":true,""topReachedAtMs"":500,""trackingValid"":true,""valid"":true},{""bothFeetAtStart"":true,""bothFeetReturnedToFloor"":true,""endReason"":""accepted"",""expectedLeadInitiatedAscent"":true,""expectedLeadSide"":""right"",""observedLeadSide"":""right"",""repAttemptId"":""full-8"",""returnedToFloorAtMs"":900,""startedAtMs"":100,""topPhaseValid"":true,""topReachedAtMs"":500,""trackingValid"":true,""valid"":true},{""bothFeetAtStart"":true,""bothFeetReturnedToFloor"":true,""endReason"":""accepted"",""expectedLeadInitiatedAscent"":true,""expectedLeadSide"":""left"",""observedLeadSide"":""left"",""repAttemptId"":""full-9"",""returnedToFloorAtMs"":900,""startedAtMs"":100,""topPhaseValid"":true,""topReachedAtMs"":500,""trackingValid"":true,""valid"":true},{""bothFeetAtStart"":true,""bothFeetReturnedToFloor"":true,""endReason"":""accepted"",""expectedLeadInitiatedAscent"":true,""expectedLeadSide"":""right"",""observedLeadSide"":""right"",""repAttemptId"":""full-10"",""returnedToFloorAtMs"":900,""startedAtMs"":100,""topPhaseValid"":true,""topReachedAtMs"":500,""trackingValid"":true,""valid"":true},{""bothFeetAtStart"":true,""bothFeetReturnedToFloor"":true,""endReason"":""accepted"",""expectedLeadInitiatedAscent"":true,""expectedLeadSide"":""left"",""observedLeadSide"":""left"",""repAttemptId"":""full-11"",""returnedToFloorAtMs"":900,""startedAtMs"":100,""topPhaseValid"":true,""topReachedAtMs"":500,""trackingValid"":true,""valid"":true},{""bothFeetAtStart"":true,""bothFeetReturnedToFloor"":true,""endReason"":""accepted"",""expectedLeadInitiatedAscent"":true,""expectedLeadSide"":""right"",""observedLeadSide"":""right"",""repAttemptId"":""full-12"",""returnedToFloorAtMs"":900,""startedAtMs"":100,""topPhaseValid"":true,""topReachedAtMs"":500,""trackingValid"":true,""valid"":true}],""repSfxCount"":12,""rightLeadRepCount"":6,""setIndex"":0,""startLeadSide"":""left"",""targetTotalReps"":12}],""totalAcceptedReps"":12},""staleIgnoredCount"":1}}",true,,scenario_coverage,src/training/stepUpAlternation/__tests__/stepUpAlternation.test.ts,Current production function path re-executed or statically queried by closure harness.
step_up_three_sets_right_initial,base,original_model,production_function_execution,advanceStepUpAlternationState,advanceStepUpAlternationState,"{""featureDefaultOff"":true,""initialLeadSide"":""right"",""setIndex"":0,""trainingVoiceDefaultOff"":true}","[""deterministic production execution""]","{""defaultOpen"":false,""duplicateResult"":false,""floorGateEligible"":true,""id"":""step_up_three_sets_right_initial"",""passed"":true,""unsafeCredit"":false}","{""defaultsRemainClosed"":true,""noDuplicateResult"":true,""noUnsafeCredit"":true,""passed"":true,""productionProof"":{""blockerReasonCodes"":[""STEP_UP_ALTERNATION_READY""],""exerciseId"":""step-up"",""initialLeadSide"":""right"",""planFingerprint"":""sua1_421bd884"",""runtimeSelectable"":true,""setCount"":3,""setStartLeadSides"":[""right"",""left"",""right""],""targetLeftLeadReps"":6,""targetRightLeadReps"":6,""targetTotalReps"":12}}",true,,scenario_coverage,src/training/stepUpAlternation/__tests__/stepUpAlternation.test.ts,Current production function path re-executed or statically queried by closure harness.
step_up_six_left_six_right,base,original_model,production_function_execution,advanceStepUpAlternationState,advanceStepUpAlternationState,"{""featureDefaultOff"":true,""initialLeadSide"":""right"",""setIndex"":0,""trainingVoiceDefaultOff"":true}","[""deterministic production execution""]","{""defaultOpen"":false,""duplicateResult"":false,""floorGateEligible"":true,""id"":""step_up_six_left_six_right"",""passed"":true,""unsafeCredit"":false}","{""defaultsRemainClosed"":true,""noDuplicateResult"":true,""noUnsafeCredit"":true,""passed"":true,""productionProof"":{""blockerReasonCodes"":[""STEP_UP_ALTERNATION_READY""],""exerciseId"":""step-up"",""initialLeadSide"":""right"",""planFingerprint"":""sua1_421bd884"",""runtimeSelectable"":true,""setCount"":3,""setStartLeadSides"":[""right"",""left"",""right""],""targetLeftLeadReps"":6,""targetRightLeadReps"":6,""targetTotalReps"":12}}",true,,scenario_coverage,src/training/stepUpAlternation/__tests__/stepUpAlternation.test.ts,Current production function path re-executed or statically queried by closure harness.
step_up_both_feet_floor_each_rep,base,original_model,production_function_execution,advanceStepUpAlternationState,advanceStepUpAlternationState,"{""featureDefaultOff"":true,""initialLeadSide"":""left"",""setIndex"":0,""trainingVoiceDefaultOff"":true}","[""deterministic production execution""]","{""defaultOpen"":false,""duplicateResult"":false,""floorGateEligible"":true,""id"":""step_up_both_feet_floor_each_rep"",""passed"":true,""unsafeCredit"":false}","{""defaultsRemainClosed"":true,""noDuplicateResult"":true,""noUnsafeCredit"":true,""passed"":true,""productionProof"":{""acceptedFirstRep"":{""acceptedRepCount"":1,""expectedLeadSide"":""right"",""repSfxCount"":1},""duplicateSuppressedCount"":1,""fullSet"":{""acceptedRepCount"":12,""alternationValid"":true,""completedTarget"":true,""leftLeadRepCount"":6,""phase"":""set_complete"",""repSfxCount"":12,""rightLeadRepCount"":6},""progression"":{""alternationValid"":false,""completedSetCount"":1,""exerciseId"":""step-up"",""leftLeadReps"":6,""progressionEligible"":false,""rightLeadReps"":6,""setCount"":3,""setResults"":[{""acceptedRepCount"":12,""alternationValid"":true,""completedTarget"":true,""leftLeadRepCount"":6,""repEvidence"":[{""bothFeetAtStart"":true,""bothFeetReturnedToFloor"":true,""endReason"":""accepted"",""expectedLeadInitiatedAscent"":true,""expectedLeadSide"":""left"",""observedLeadSide"":""left"",""repAttemptId"":""full-1"",""returnedToFloorAtMs"":900,""startedAtMs"":100,""topPhaseValid"":true,""topReachedAtMs"":500,""trackingValid"":true,""valid"":true},{""bothFeetAtStart"":true,""bothFeetReturnedToFloor"":true,""endReason"":""accepted"",""expectedLeadInitiatedAscent"":true,""expectedLeadSide"":""right"",""observedLeadSide"":""right"",""repAttemptId"":""full-2"",""returnedToFloorAtMs"":900,""startedAtMs"":100,""topPhaseValid"":true,""topReachedAtMs"":500,""trackingValid"":true,""valid"":true},{""bothFeetAtStart"":true,""bothFeetReturnedToFloor"":true,""endReason"":""accepted"",""expectedLeadInitiatedAscent"":true,""expectedLeadSide"":""left"",""observedLeadSide"":""left"",""repAttemptId"":""full-3"",""returnedToFloorAtMs"":900,""startedAtMs"":100,""topPhaseValid"":true,""topReachedAtMs"":500,""trackingValid"":true,""valid"":true},{""bothFeetAtStart"":true,""bothFeetReturnedToFloor"":true,""endReason"":""accepted"",""expectedLeadInitiatedAscent"":true,""expectedLeadSide"":""right"",""observedLeadSide"":""right"",""repAttemptId"":""full-4"",""returnedToFloorAtMs"":900,""startedAtMs"":100,""topPhaseValid"":true,""topReachedAtMs"":500,""trackingValid"":true,""valid"":true},{""bothFeetAtStart"":true,""bothFeetReturnedToFloor"":true,""endReason"":""accepted"",""expectedLeadInitiatedAscent"":true,""expectedLeadSide"":""left"",""observedLeadSide"":""left"",""repAttemptId"":""full-5"",""returnedToFloorAtMs"":900,""startedAtMs"":100,""topPhaseValid"":true,""topReachedAtMs"":500,""trackingValid"":true,""valid"":true},{""bothFeetAtStart"":true,""bothFeetReturnedToFloor"":true,""endReason"":""accepted"",""expectedLeadInitiatedAscent"":true,""expectedLeadSide"":""right"",""observedLeadSide"":""right"",""repAttemptId"":""full-6"",""returnedToFloorAtMs"":900,""startedAtMs"":100,""topPhaseValid"":true,""topReachedAtMs"":500,""trackingValid"":true,""valid"":true},{""bothFeetAtStart"":true,""bothFeetReturnedToFloor"":true,""endReason"":""accepted"",""expectedLeadInitiatedAscent"":true,""expectedLeadSide"":""left"",""observedLeadSide"":""left"",""repAttemptId"":""full-7"",""returnedToFloorAtMs"":900,""startedAtMs"":100,""topPhaseValid"":true,""topReachedAtMs"":500,""trackingValid"":true,""valid"":true},{""bothFeetAtStart"":true,""bothFeetReturnedToFloor"":true,""endReason"":""accepted"",""expectedLeadInitiatedAscent"":true,""expectedLeadSide"":""right"",""observedLeadSide"":""right"",""repAttemptId"":""full-8"",""returnedToFloorAtMs"":900,""startedAtMs"":100,""topPhaseValid"":true,""topReachedAtMs"":500,""trackingValid"":true,""valid"":true},{""bothFeetAtStart"":true,""bothFeetReturnedToFloor"":true,""endReason"":""accepted"",""expectedLeadInitiatedAscent"":true,""expectedLeadSide"":""left"",""observedLeadSide"":""left"",""repAttemptId"":""full-9"",""returnedToFloorAtMs"":900,""startedAtMs"":100,""topPhaseValid"":true,""topReachedAtMs"":500,""trackingValid"":true,""valid"":true},{""bothFeetAtStart"":true,""bothFeetReturnedToFloor"":true,""endReason"":""accepted"",""expectedLeadInitiatedAscent"":true,""expectedLeadSide"":""right"",""observedLeadSide"":""right"",""repAttemptId"":""full-10"",""returnedToFloorAtMs"":900,""startedAtMs"":100,""topPhaseValid"":true,""topReachedAtMs"":500,""trackingValid"":true,""valid"":true},{""bothFeetAtStart"":true,""bothFeetReturnedToFloor"":true,""endReason"":""accepted"",""expectedLeadInitiatedAscent"":true,""expectedLeadSide"":""left"",""observedLeadSide"":""left"",""repAttemptId"":""full-11"",""returnedToFloorAtMs"":900,""startedAtMs"":100,""topPhaseValid"":true,""topReachedAtMs"":500,""trackingValid"":true,""valid"":true},{""bothFeetAtStart"":true,""bothFeetReturnedToFloor"":true,""endReason"":""accepted"",""expectedLeadInitiatedAscent"":true,""expectedLeadSide"":""right"",""observedLeadSide"":""right"",""repAttemptId"":""full-12"",""returnedToFloorAtMs"":900,""startedAtMs"":100,""topPhaseValid"":true,""topReachedAtMs"":500,""trackingValid"":true,""valid"":true}],""repSfxCount"":12,""rightLeadRepCount"":6,""setIndex"":0,""startLeadSide"":""left"",""targetTotalReps"":12}],""totalAcceptedReps"":12},""staleIgnoredCount"":1}}",true,,scenario_coverage,src/training/stepUpAlternation/__tests__/stepUpAlternation.test.ts,Current production function path re-executed or statically queried by closure harness.
wrong_lead_on_first_rep,base,original_model,production_function_execution,advanceStepUpAlternationState,advanceStepUpAlternationState,"{""featureDefaultOff"":true,""initialLeadSide"":""left"",""setIndex"":0,""trainingVoiceDefaultOff"":true}","[""floor ready"",""wrong lead ascent"",""return to floor"",""rejected terminal event""]","{""defaultOpen"":false,""duplicateResult"":false,""floorGateEligible"":true,""id"":""wrong_lead_on_first_rep"",""passed"":true,""unsafeCredit"":false}","{""defaultsRemainClosed"":true,""noDuplicateResult"":true,""noUnsafeCredit"":true,""passed"":true,""productionProof"":{""acceptedFirstRep"":{""acceptedRepCount"":1,""expectedLeadSide"":""right"",""repSfxCount"":1},""duplicateSuppressedCount"":1,""fullSet"":{""acceptedRepCount"":12,""alternationValid"":true,""completedTarget"":true,""leftLeadRepCount"":6,""phase"":""set_complete"",""repSfxCount"":12,""rightLeadRepCount"":6},""progression"":{""alternationValid"":false,""completedSetCount"":1,""exerciseId"":""step-up"",""leftLeadReps"":6,""progressionEligible"":false,""rightLeadReps"":6,""setCount"":3,""setResults"":[{""acceptedRepCount"":12,""alternationValid"":true,""completedTarget"":true,""leftLeadRepCount"":6,""repEvidence"":[{""bothFeetAtStart"":true,""bothFeetReturnedToFloor"":true,""endReason"":""accepted"",""expectedLeadInitiatedAscent"":true,""expectedLeadSide"":""left"",""observedLeadSide"":""left"",""repAttemptId"":""full-1"",""returnedToFloorAtMs"":900,""startedAtMs"":100,""topPhaseValid"":true,""topReachedAtMs"":500,""trackingValid"":true,""valid"":true},{""bothFeetAtStart"":true,""bothFeetReturnedToFloor"":true,""endReason"":""accepted"",""expectedLeadInitiatedAscent"":true,""expectedLeadSide"":""right"",""observedLeadSide"":""right"",""repAttemptId"":""full-2"",""returnedToFloorAtMs"":900,""startedAtMs"":100,""topPhaseValid"":true,""topReachedAtMs"":500,""trackingValid"":true,""valid"":true},{""bothFeetAtStart"":true,""bothFeetReturnedToFloor"":true,""endReason"":""accepted"",""expectedLeadInitiatedAscent"":true,""expectedLeadSide"":""left"",""observedLeadSide"":""left"",""repAttemptId"":""full-3"",""returnedToFloorAtMs"":900,""startedAtMs"":100,""topPhaseValid"":true,""topReachedAtMs"":500,""trackingValid"":true,""valid"":true},{""bothFeetAtStart"":true,""bothFeetReturnedToFloor"":true,""endReason"":""accepted"",""expectedLeadInitiatedAscent"":true,""expectedLeadSide"":""right"",""observedLeadSide"":""right"",""repAttemptId"":""full-4"",""returnedToFloorAtMs"":900,""startedAtMs"":100,""topPhaseValid"":true,""topReachedAtMs"":500,""trackingValid"":true,""valid"":true},{""bothFeetAtStart"":true,""bothFeetReturnedToFloor"":true,""endReason"":""accepted"",""expectedLeadInitiatedAscent"":true,""expectedLeadSide"":""left"",""observedLeadSide"":""left"",""repAttemptId"":""full-5"",""returnedToFloorAtMs"":900,""startedAtMs"":100,""topPhaseValid"":true,""topReachedAtMs"":500,""trackingValid"":true,""valid"":true},{""bothFeetAtStart"":true,""bothFeetReturnedToFloor"":true,""endReason"":""accepted"",""expectedLeadInitiatedAscent"":true,""expectedLeadSide"":""right"",""observedLeadSide"":""right"",""repAttemptId"":""full-6"",""returnedToFloorAtMs"":900,""startedAtMs"":100,""topPhaseValid"":true,""topReachedAtMs"":500,""trackingValid"":true,""valid"":true},{""bothFeetAtStart"":true,""bothFeetReturnedToFloor"":true,""endReason"":""accepted"",""expectedLeadInitiatedAscent"":true,""expectedLeadSide"":""left"",""observedLeadSide"":""left"",""repAttemptId"":""full-7"",""returnedToFloorAtMs"":900,""startedAtMs"":100,""topPhaseValid"":true,""topReachedAtMs"":500,""trackingValid"":true,""valid"":true},{""bothFeetAtStart"":true,""bothFeetReturnedToFloor"":true,""endReason"":""accepted"",""expectedLeadInitiatedAscent"":true,""expectedLeadSide"":""right"",""observedLeadSide"":""right"",""repAttemptId"":""full-8"",""returnedToFloorAtMs"":900,""startedAtMs"":100,""topPhaseValid"":true,""topReachedAtMs"":500,""trackingValid"":true,""valid"":true},{""bothFeetAtStart"":true,""bothFeetReturnedToFloor"":true,""endReason"":""accepted"",""expectedLeadInitiatedAscent"":true,""expectedLeadSide"":""left"",""observedLeadSide"":""left"",""repAttemptId"":""full-9"",""returnedToFloorAtMs"":900,""startedAtMs"":100,""topPhaseValid"":true,""topReachedAtMs"":500,""trackingValid"":true,""valid"":true},{""bothFeetAtStart"":true,""bothFeetReturnedToFloor"":true,""endReason"":""accepted"",""expectedLeadInitiatedAscent"":true,""expectedLeadSide"":""right"",""observedLeadSide"":""right"",""repAttemptId"":""full-10"",""returnedToFloorAtMs"":900,""startedAtMs"":100,""topPhaseValid"":true,""topReachedAtMs"":500,""trackingValid"":true,""valid"":true},{""bothFeetAtStart"":true,""bothFeetReturnedToFloor"":true,""endReason"":""accepted"",""expectedLeadInitiatedAscent"":true,""expectedLeadSide"":""left"",""observedLeadSide"":""left"",""repAttemptId"":""full-11"",""returnedToFloorAtMs"":900,""startedAtMs"":100,""topPhaseValid"":true,""topReachedAtMs"":500,""trackingValid"":true,""valid"":true},{""bothFeetAtStart"":true,""bothFeetReturnedToFloor"":true,""endReason"":""accepted"",""expectedLeadInitiatedAscent"":true,""expectedLeadSide"":""right"",""observedLeadSide"":""right"",""repAttemptId"":""full-12"",""returnedToFloorAtMs"":900,""startedAtMs"":100,""topPhaseValid"":true,""topReachedAtMs"":500,""trackingValid"":true,""valid"":true}],""repSfxCount"":12,""rightLeadRepCount"":6,""setIndex"":0,""startLeadSide"":""left"",""targetTotalReps"":12}],""totalAcceptedReps"":12},""staleIgnoredCount"":1}}",true,,wrongLeadLiveCreditCount,src/training/stepUpAlternation/__tests__/stepUpAlternation.test.ts,Current production function path re-executed or statically queried by closure harness.
wrong_lead_after_five_reps,base,original_model,production_function_execution,advanceStepUpAlternationState,advanceStepUpAlternationState,"{""featureDefaultOff"":true,""initialLeadSide"":""left"",""setIndex"":0,""trainingVoiceDefaultOff"":true}","[""floor ready"",""wrong lead ascent"",""return to floor"",""rejected terminal event""]","{""defaultOpen"":false,""duplicateResult"":false,""floorGateEligible"":true,""id"":""wrong_lead_after_five_reps"",""passed"":true,""unsafeCredit"":false}","{""defaultsRemainClosed"":true,""noDuplicateResult"":true,""noUnsafeCredit"":true,""passed"":true,""productionProof"":{""acceptedFirstRep"":{""acceptedRepCount"":1,""expectedLeadSide"":""right"",""repSfxCount"":1},""duplicateSuppressedCount"":1,""fullSet"":{""acceptedRepCount"":12,""alternationValid"":true,""completedTarget"":true,""leftLeadRepCount"":6,""phase"":""set_complete"",""repSfxCount"":12,""rightLeadRepCount"":6},""progression"":{""alternationValid"":false,""completedSetCount"":1,""exerciseId"":""step-up"",""leftLeadReps"":6,""progressionEligible"":false,""rightLeadReps"":6,""setCount"":3,""setResults"":[{""acceptedRepCount"":12,""alternationValid"":true,""completedTarget"":true,""leftLeadRepCount"":6,""repEvidence"":[{""bothFeetAtStart"":true,""bothFeetReturnedToFloor"":true,""endReason"":""accepted"",""expectedLeadInitiatedAscent"":true,""expectedLeadSide"":""left"",""observedLeadSide"":""left"",""repAttemptId"":""full-1"",""returnedToFloorAtMs"":900,""startedAtMs"":100,""topPhaseValid"":true,""topReachedAtMs"":500,""trackingValid"":true,""valid"":true},{""bothFeetAtStart"":true,""bothFeetReturnedToFloor"":true,""endReason"":""accepted"",""expectedLeadInitiatedAscent"":true,""expectedLeadSide"":""right"",""observedLeadSide"":""right"",""repAttemptId"":""full-2"",""returnedToFloorAtMs"":900,""startedAtMs"":100,""topPhaseValid"":true,""topReachedAtMs"":500,""trackingValid"":true,""valid"":true},{""bothFeetAtStart"":true,""bothFeetReturnedToFloor"":true,""endReason"":""accepted"",""expectedLeadInitiatedAscent"":true,""expectedLeadSide"":""left"",""observedLeadSide"":""left"",""repAttemptId"":""full-3"",""returnedToFloorAtMs"":900,""startedAtMs"":100,""topPhaseValid"":true,""topReachedAtMs"":500,""trackingValid"":true,""valid"":true},{""bothFeetAtStart"":true,""bothFeetReturnedToFloor"":true,""endReason"":""accepted"",""expectedLeadInitiatedAscent"":true,""expectedLeadSide"":""right"",""observedLeadSide"":""right"",""repAttemptId"":""full-4"",""returnedToFloorAtMs"":900,""startedAtMs"":100,""topPhaseValid"":true,""topReachedAtMs"":500,""trackingValid"":true,""valid"":true},{""bothFeetAtStart"":true,""bothFeetReturnedToFloor"":true,""endReason"":""accepted"",""expectedLeadInitiatedAscent"":true,""expectedLeadSide"":""left"",""observedLeadSide"":""left"",""repAttemptId"":""full-5"",""returnedToFloorAtMs"":900,""startedAtMs"":100,""topPhaseValid"":true,""topReachedAtMs"":500,""trackingValid"":true,""valid"":true},{""bothFeetAtStart"":true,""bothFeetReturnedToFloor"":true,""endReason"":""accepted"",""expectedLeadInitiatedAscent"":true,""expectedLeadSide"":""right"",""observedLeadSide"":""right"",""repAttemptId"":""full-6"",""returnedToFloorAtMs"":900,""startedAtMs"":100,""topPhaseValid"":true,""topReachedAtMs"":500,""trackingValid"":true,""valid"":true},{""bothFeetAtStart"":true,""bothFeetReturnedToFloor"":true,""endReason"":""accepted"",""expectedLeadInitiatedAscent"":true,""expectedLeadSide"":""left"",""observedLeadSide"":""left"",""repAttemptId"":""full-7"",""returnedToFloorAtMs"":900,""startedAtMs"":100,""topPhaseValid"":true,""topReachedAtMs"":500,""trackingValid"":true,""valid"":true},{""bothFeetAtStart"":true,""bothFeetReturnedToFloor"":true,""endReason"":""accepted"",""expectedLeadInitiatedAscent"":true,""expectedLeadSide"":""right"",""observedLeadSide"":""right"",""repAttemptId"":""full-8"",""returnedToFloorAtMs"":900,""startedAtMs"":100,""topPhaseValid"":true,""topReachedAtMs"":500,""trackingValid"":true,""valid"":true},{""bothFeetAtStart"":true,""bothFeetReturnedToFloor"":true,""endReason"":""accepted"",""expectedLeadInitiatedAscent"":true,""expectedLeadSide"":""left"",""observedLeadSide"":""left"",""repAttemptId"":""full-9"",""returnedToFloorAtMs"":900,""startedAtMs"":100,""topPhaseValid"":true,""topReachedAtMs"":500,""trackingValid"":true,""valid"":true},{""bothFeetAtStart"":true,""bothFeetReturnedToFloor"":true,""endReason"":""accepted"",""expectedLeadInitiatedAscent"":true,""expectedLeadSide"":""right"",""observedLeadSide"":""right"",""repAttemptId"":""full-10"",""returnedToFloorAtMs"":900,""startedAtMs"":100,""topPhaseValid"":true,""topReachedAtMs"":500,""trackingValid"":true,""valid"":true},{""bothFeetAtStart"":true,""bothFeetReturnedToFloor"":true,""endReason"":""accepted"",""expectedLeadInitiatedAscent"":true,""expectedLeadSide"":""left"",""observedLeadSide"":""left"",""repAttemptId"":""full-11"",""returnedToFloorAtMs"":900,""startedAtMs"":100,""topPhaseValid"":true,""topReachedAtMs"":500,""trackingValid"":true,""valid"":true},{""bothFeetAtStart"":true,""bothFeetReturnedToFloor"":true,""endReason"":""accepted"",""expectedLeadInitiatedAscent"":true,""expectedLeadSide"":""right"",""observedLeadSide"":""right"",""repAttemptId"":""full-12"",""returnedToFloorAtMs"":900,""startedAtMs"":100,""topPhaseValid"":true,""topReachedAtMs"":500,""trackingValid"":true,""valid"":true}],""repSfxCount"":12,""rightLeadRepCount"":6,""setIndex"":0,""startLeadSide"":""left"",""targetTotalReps"":12}],""totalAcceptedReps"":12},""staleIgnoredCount"":1}}",true,,scenario_coverage,src/training/stepUpAlternation/__tests__/stepUpAlternation.test.ts,Current production function path re-executed or statically queried by closure harness.
wrong_lead_returns_to_floor_then_corrects,base,original_model,production_function_execution,advanceStepUpAlternationState,advanceStepUpAlternationState,"{""featureDefaultOff"":true,""initialLeadSide"":""left"",""setIndex"":0,""trainingVoiceDefaultOff"":true}","[""floor ready"",""wrong lead ascent"",""return to floor"",""rejected terminal event""]","{""defaultOpen"":false,""duplicateResult"":false,""floorGateEligible"":true,""id"":""wrong_lead_returns_to_floor_then_corrects"",""passed"":true,""unsafeCredit"":false}","{""defaultsRemainClosed"":true,""noDuplicateResult"":true,""noUnsafeCredit"":true,""passed"":true,""productionProof"":{""acceptedFirstRep"":{""acceptedRepCount"":1,""expectedLeadSide"":""right"",""repSfxCount"":1},""duplicateSuppressedCount"":1,""fullSet"":{""acceptedRepCount"":12,""alternationValid"":true,""completedTarget"":true,""leftLeadRepCount"":6,""phase"":""set_complete"",""repSfxCount"":12,""rightLeadRepCount"":6},""progression"":{""alternationValid"":false,""completedSetCount"":1,""exerciseId"":""step-up"",""leftLeadReps"":6,""progressionEligible"":false,""rightLeadReps"":6,""setCount"":3,""setResults"":[{""acceptedRepCount"":12,""alternationValid"":true,""completedTarget"":true,""leftLeadRepCount"":6,""repEvidence"":[{""bothFeetAtStart"":true,""bothFeetReturnedToFloor"":true,""endReason"":""accepted"",""expectedLeadInitiatedAscent"":true,""expectedLeadSide"":""left"",""observedLeadSide"":""left"",""repAttemptId"":""full-1"",""returnedToFloorAtMs"":900,""startedAtMs"":100,""topPhaseValid"":true,""topReachedAtMs"":500,""trackingValid"":true,""valid"":true},{""bothFeetAtStart"":true,""bothFeetReturnedToFloor"":true,""endReason"":""accepted"",""expectedLeadInitiatedAscent"":true,""expectedLeadSide"":""right"",""observedLeadSide"":""right"",""repAttemptId"":""full-2"",""returnedToFloorAtMs"":900,""startedAtMs"":100,""topPhaseValid"":true,""topReachedAtMs"":500,""trackingValid"":true,""valid"":true},{""bothFeetAtStart"":true,""bothFeetReturnedToFloor"":true,""endReason"":""accepted"",""expectedLeadInitiatedAscent"":true,""expectedLeadSide"":""left"",""observedLeadSide"":""left"",""repAttemptId"":""full-3"",""returnedToFloorAtMs"":900,""startedAtMs"":100,""topPhaseValid"":true,""topReachedAtMs"":500,""trackingValid"":true,""valid"":true},{""bothFeetAtStart"":true,""bothFeetReturnedToFloor"":true,""endReason"":""accepted"",""expectedLeadInitiatedAscent"":true,""expectedLeadSide"":""right"",""observedLeadSide"":""right"",""repAttemptId"":""full-4"",""returnedToFloorAtMs"":900,""startedAtMs"":100,""topPhaseValid"":true,""topReachedAtMs"":500,""trackingValid"":true,""valid"":true},{""bothFeetAtStart"":true,""bothFeetReturnedToFloor"":true,""endReason"":""accepted"",""expectedLeadInitiatedAscent"":true,""expectedLeadSide"":""left"",""observedLeadSide"":""left"",""repAttemptId"":""full-5"",""returnedToFloorAtMs"":900,""startedAtMs"":100,""topPhaseValid"":true,""topReachedAtMs"":500,""trackingValid"":true,""valid"":true},{""bothFeetAtStart"":true,""bothFeetReturnedToFloor"":true,""endReason"":""accepted"",""expectedLeadInitiatedAscent"":true,""expectedLeadSide"":""right"",""observedLeadSide"":""right"",""repAttemptId"":""full-6"",""returnedToFloorAtMs"":900,""startedAtMs"":100,""topPhaseValid"":true,""topReachedAtMs"":500,""trackingValid"":true,""valid"":true},{""bothFeetAtStart"":true,""bothFeetReturnedToFloor"":true,""endReason"":""accepted"",""expectedLeadInitiatedAscent"":true,""expectedLeadSide"":""left"",""observedLeadSide"":""left"",""repAttemptId"":""full-7"",""returnedToFloorAtMs"":900,""startedAtMs"":100,""topPhaseValid"":true,""topReachedAtMs"":500,""trackingValid"":true,""valid"":true},{""bothFeetAtStart"":true,""bothFeetReturnedToFloor"":true,""endReason"":""accepted"",""expectedLeadInitiatedAscent"":true,""expectedLeadSide"":""right"",""observedLeadSide"":""right"",""repAttemptId"":""full-8"",""returnedToFloorAtMs"":900,""startedAtMs"":100,""topPhaseValid"":true,""topReachedAtMs"":500,""trackingValid"":true,""valid"":true},{""bothFeetAtStart"":true,""bothFeetReturnedToFloor"":true,""endReason"":""accepted"",""expectedLeadInitiatedAscent"":true,""expectedLeadSide"":""left"",""observedLeadSide"":""left"",""repAttemptId"":""full-9"",""returnedToFloorAtMs"":900,""startedAtMs"":100,""topPhaseValid"":true,""topReachedAtMs"":500,""trackingValid"":true,""valid"":true},{""bothFeetAtStart"":true,""bothFeetReturnedToFloor"":true,""endReason"":""accepted"",""expectedLeadInitiatedAscent"":true,""expectedLeadSide"":""right"",""observedLeadSide"":""right"",""repAttemptId"":""full-10"",""returnedToFloorAtMs"":900,""startedAtMs"":100,""topPhaseValid"":true,""topReachedAtMs"":500,""trackingValid"":true,""valid"":true},{""bothFeetAtStart"":true,""bothFeetReturnedToFloor"":true,""endReason"":""accepted"",""expectedLeadInitiatedAscent"":true,""expectedLeadSide"":""left"",""observedLeadSide"":""left"",""repAttemptId"":""full-11"",""returnedToFloorAtMs"":900,""startedAtMs"":100,""topPhaseValid"":true,""topReachedAtMs"":500,""trackingValid"":true,""valid"":true},{""bothFeetAtStart"":true,""bothFeetReturnedToFloor"":true,""endReason"":""accepted"",""expectedLeadInitiatedAscent"":true,""expectedLeadSide"":""right"",""observedLeadSide"":""right"",""repAttemptId"":""full-12"",""returnedToFloorAtMs"":900,""startedAtMs"":100,""topPhaseValid"":true,""topReachedAtMs"":500,""trackingValid"":true,""valid"":true}],""repSfxCount"":12,""rightLeadRepCount"":6,""setIndex"":0,""startLeadSide"":""left"",""targetTotalReps"":12}],""totalAcceptedReps"":12},""staleIgnoredCount"":1}}",true,,scenario_coverage,src/training/stepUpAlternation/__tests__/stepUpAlternation.test.ts,Current production function path re-executed or statically queried by closure harness.
wrong_lead_does_not_flip_expected,base,original_model,production_function_execution,advanceStepUpAlternationState,advanceStepUpAlternationState,"{""featureDefaultOff"":true,""initialLeadSide"":""left"",""setIndex"":0,""trainingVoiceDefaultOff"":true}","[""floor ready"",""wrong lead ascent"",""return to floor"",""rejected terminal event""]","{""defaultOpen"":false,""duplicateResult"":false,""floorGateEligible"":true,""id"":""wrong_lead_does_not_flip_expected"",""passed"":true,""unsafeCredit"":false}","{""defaultsRemainClosed"":true,""noDuplicateResult"":true,""noUnsafeCredit"":true,""passed"":true,""productionProof"":{""acceptedFirstRep"":{""acceptedRepCount"":1,""expectedLeadSide"":""right"",""repSfxCount"":1},""duplicateSuppressedCount"":1,""fullSet"":{""acceptedRepCount"":12,""alternationValid"":true,""completedTarget"":true,""leftLeadRepCount"":6,""phase"":""set_complete"",""repSfxCount"":12,""rightLeadRepCount"":6},""progression"":{""alternationValid"":false,""completedSetCount"":1,""exerciseId"":""step-up"",""leftLeadReps"":6,""progressionEligible"":false,""rightLeadReps"":6,""setCount"":3,""setResults"":[{""acceptedRepCount"":12,""alternationValid"":true,""completedTarget"":true,""leftLeadRepCount"":6,""repEvidence"":[{""bothFeetAtStart"":true,""bothFeetReturnedToFloor"":true,""endReason"":""accepted"",""expectedLeadInitiatedAscent"":true,""expectedLeadSide"":""left"",""observedLeadSide"":""left"",""repAttemptId"":""full-1"",""returnedToFloorAtMs"":900,""startedAtMs"":100,""topPhaseValid"":true,""topReachedAtMs"":500,""trackingValid"":true,""valid"":true},{""bothFeetAtStart"":true,""bothFeetReturnedToFloor"":true,""endReason"":""accepted"",""expectedLeadInitiatedAscent"":true,""expectedLeadSide"":""right"",""observedLeadSide"":""right"",""repAttemptId"":""full-2"",""returnedToFloorAtMs"":900,""startedAtMs"":100,""topPhaseValid"":true,""topReachedAtMs"":500,""trackingValid"":true,""valid"":true},{""bothFeetAtStart"":true,""bothFeetReturnedToFloor"":true,""endReason"":""accepted"",""expectedLeadInitiatedAscent"":true,""expectedLeadSide"":""left"",""observedLeadSide"":""left"",""repAttemptId"":""full-3"",""returnedToFloorAtMs"":900,""startedAtMs"":100,""topPhaseValid"":true,""topReachedAtMs"":500,""trackingValid"":true,""valid"":true},{""bothFeetAtStart"":true,""bothFeetReturnedToFloor"":true,""endReason"":""accepted"",""expectedLeadInitiatedAscent"":true,""expectedLeadSide"":""right"",""observedLeadSide"":""right"",""repAttemptId"":""full-4"",""returnedToFloorAtMs"":900,""startedAtMs"":100,""topPhaseValid"":true,""topReachedAtMs"":500,""trackingValid"":true,""valid"":true},{""bothFeetAtStart"":true,""bothFeetReturnedToFloor"":true,""endReason"":""accepted"",""expectedLeadInitiatedAscent"":true,""expectedLeadSide"":""left"",""observedLeadSide"":""left"",""repAttemptId"":""full-5"",""returnedToFloorAtMs"":900,""startedAtMs"":100,""topPhaseValid"":true,""topReachedAtMs"":500,""trackingValid"":true,""valid"":true},{""bothFeetAtStart"":true,""bothFeetReturnedToFloor"":true,""endReason"":""accepted"",""expectedLeadInitiatedAscent"":true,""expectedLeadSide"":""right"",""observedLeadSide"":""right"",""repAttemptId"":""full-6"",""returnedToFloorAtMs"":900,""startedAtMs"":100,""topPhaseValid"":true,""topReachedAtMs"":500,""trackingValid"":true,""valid"":true},{""bothFeetAtStart"":true,""bothFeetReturnedToFloor"":true,""endReason"":""accepted"",""expectedLeadInitiatedAscent"":true,""expectedLeadSide"":""left"",""observedLeadSide"":""left"",""repAttemptId"":""full-7"",""returnedToFloorAtMs"":900,""startedAtMs"":100,""topPhaseValid"":true,""topReachedAtMs"":500,""trackingValid"":true,""valid"":true},{""bothFeetAtStart"":true,""bothFeetReturnedToFloor"":true,""endReason"":""accepted"",""expectedLeadInitiatedAscent"":true,""expectedLeadSide"":""right"",""observedLeadSide"":""right"",""repAttemptId"":""full-8"",""returnedToFloorAtMs"":900,""startedAtMs"":100,""topPhaseValid"":true,""topReachedAtMs"":500,""trackingValid"":true,""valid"":true},{""bothFeetAtStart"":true,""bothFeetReturnedToFloor"":true,""endReason"":""accepted"",""expectedLeadInitiatedAscent"":true,""expectedLeadSide"":""left"",""observedLeadSide"":""left"",""repAttemptId"":""full-9"",""returnedToFloorAtMs"":900,""startedAtMs"":100,""topPhaseValid"":true,""topReachedAtMs"":500,""trackingValid"":true,""valid"":true},{""bothFeetAtStart"":true,""bothFeetReturnedToFloor"":true,""endReason"":""accepted"",""expectedLeadInitiatedAscent"":true,""expectedLeadSide"":""right"",""observedLeadSide"":""right"",""repAttemptId"":""full-10"",""returnedToFloorAtMs"":900,""startedAtMs"":100,""topPhaseValid"":true,""topReachedAtMs"":500,""trackingValid"":true,""valid"":true},{""bothFeetAtStart"":true,""bothFeetReturnedToFloor"":true,""endReason"":""accepted"",""expectedLeadInitiatedAscent"":true,""expectedLeadSide"":""left"",""observedLeadSide"":""left"",""repAttemptId"":""full-11"",""returnedToFloorAtMs"":900,""startedAtMs"":100,""topPhaseValid"":true,""topReachedAtMs"":500,""trackingValid"":true,""valid"":true},{""bothFeetAtStart"":true,""bothFeetReturnedToFloor"":true,""endReason"":""accepted"",""expectedLeadInitiatedAscent"":true,""expectedLeadSide"":""right"",""observedLeadSide"":""right"",""repAttemptId"":""full-12"",""returnedToFloorAtMs"":900,""startedAtMs"":100,""topPhaseValid"":true,""topReachedAtMs"":500,""trackingValid"":true,""valid"":true}],""repSfxCount"":12,""rightLeadRepCount"":6,""setIndex"":0,""startLeadSide"":""left"",""targetTotalReps"":12}],""totalAcceptedReps"":12},""staleIgnoredCount"":1}}",true,,scenario_coverage,src/training/stepUpAlternation/__tests__/stepUpAlternation.test.ts,Current production function path re-executed or statically queried by closure harness.
generic_rep_without_lead_evidence_rejected,base,original_model,production_function_execution,advanceStepUpAlternationState,advanceStepUpAlternationState,"{""featureDefaultOff"":true,""initialLeadSide"":""left"",""setIndex"":0,""trainingVoiceDefaultOff"":true}","[""floor ready"",""ambiguous lead"",""return to floor"",""rejected terminal event""]","{""defaultOpen"":false,""duplicateResult"":false,""floorGateEligible"":true,""id"":""generic_rep_without_lead_evidence_rejected"",""passed"":true,""unsafeCredit"":false}","{""defaultsRemainClosed"":true,""noDuplicateResult"":true,""noUnsafeCredit"":true,""passed"":true,""productionProof"":{""acceptedFirstRep"":{""acceptedRepCount"":1,""expectedLeadSide"":""right"",""repSfxCount"":1},""duplicateSuppressedCount"":1,""fullSet"":{""acceptedRepCount"":12,""alternationValid"":true,""completedTarget"":true,""leftLeadRepCount"":6,""phase"":""set_complete"",""repSfxCount"":12,""rightLeadRepCount"":6},""progression"":{""alternationValid"":false,""completedSetCount"":1,""exerciseId"":""step-up"",""leftLeadReps"":6,""progressionEligible"":false,""rightLeadReps"":6,""setCount"":3,""setResults"":[{""acceptedRepCount"":12,""alternationValid"":true,""completedTarget"":true,""leftLeadRepCount"":6,""repEvidence"":[{""bothFeetAtStart"":true,""bothFeetReturnedToFloor"":true,""endReason"":""accepted"",""expectedLeadInitiatedAscent"":true,""expectedLeadSide"":""left"",""observedLeadSide"":""left"",""repAttemptId"":""full-1"",""returnedToFloorAtMs"":900,""startedAtMs"":100,""topPhaseValid"":true,""topReachedAtMs"":500,""trackingValid"":true,""valid"":true},{""bothFeetAtStart"":true,""bothFeetReturnedToFloor"":true,""endReason"":""accepted"",""expectedLeadInitiatedAscent"":true,""expectedLeadSide"":""right"",""observedLeadSide"":""right"",""repAttemptId"":""full-2"",""returnedToFloorAtMs"":900,""startedAtMs"":100,""topPhaseValid"":true,""topReachedAtMs"":500,""trackingValid"":true,""valid"":true},{""bothFeetAtStart"":true,""bothFeetReturnedToFloor"":true,""endReason"":""accepted"",""expectedLeadInitiatedAscent"":true,""expectedLeadSide"":""left"",""observedLeadSide"":""left"",""repAttemptId"":""full-3"",""returnedToFloorAtMs"":900,""startedAtMs"":100,""topPhaseValid"":true,""topReachedAtMs"":500,""trackingValid"":true,""valid"":true},{""bothFeetAtStart"":true,""bothFeetReturnedToFloor"":true,""endReason"":""accepted"",""expectedLeadInitiatedAscent"":true,""expectedLeadSide"":""right"",""observedLeadSide"":""right"",""repAttemptId"":""full-4"",""returnedToFloorAtMs"":900,""startedAtMs"":100,""topPhaseValid"":true,""topReachedAtMs"":500,""trackingValid"":true,""valid"":true},{""bothFeetAtStart"":true,""bothFeetReturnedToFloor"":true,""endReason"":""accepted"",""expectedLeadInitiatedAscent"":true,""expectedLeadSide"":""left"",""observedLeadSide"":""left"",""repAttemptId"":""full-5"",""returnedToFloorAtMs"":900,""startedAtMs"":100,""topPhaseValid"":true,""topReachedAtMs"":500,""trackingValid"":true,""valid"":true},{""bothFeetAtStart"":true,""bothFeetReturnedToFloor"":true,""endReason"":""accepted"",""expectedLeadInitiatedAscent"":true,""expectedLeadSide"":""right"",""observedLeadSide"":""right"",""repAttemptId"":""full-6"",""returnedToFloorAtMs"":900,""startedAtMs"":100,""topPhaseValid"":true,""topReachedAtMs"":500,""trackingValid"":true,""valid"":true},{""bothFeetAtStart"":true,""bothFeetReturnedToFloor"":true,""endReason"":""accepted"",""expectedLeadInitiatedAscent"":true,""expectedLeadSide"":""left"",""observedLeadSide"":""left"",""repAttemptId"":""full-7"",""returnedToFloorAtMs"":900,""startedAtMs"":100,""topPhaseValid"":true,""topReachedAtMs"":500,""trackingValid"":true,""valid"":true},{""bothFeetAtStart"":true,""bothFeetReturnedToFloor"":true,""endReason"":""accepted"",""expectedLeadInitiatedAscent"":true,""expectedLeadSide"":""right"",""observedLeadSide"":""right"",""repAttemptId"":""full-8"",""returnedToFloorAtMs"":900,""startedAtMs"":100,""topPhaseValid"":true,""topReachedAtMs"":500,""trackingValid"":true,""valid"":true},{""bothFeetAtStart"":true,""bothFeetReturnedToFloor"":true,""endReason"":""accepted"",""expectedLeadInitiatedAscent"":true,""expectedLeadSide"":""left"",""observedLeadSide"":""left"",""repAttemptId"":""full-9"",""returnedToFloorAtMs"":900,""startedAtMs"":100,""topPhaseValid"":true,""topReachedAtMs"":500,""trackingValid"":true,""valid"":true},{""bothFeetAtStart"":true,""bothFeetReturnedToFloor"":true,""endReason"":""accepted"",""expectedLeadInitiatedAscent"":true,""expectedLeadSide"":""right"",""observedLeadSide"":""right"",""repAttemptId"":""full-10"",""returnedToFloorAtMs"":900,""startedAtMs"":100,""topPhaseValid"":true,""topReachedAtMs"":500,""trackingValid"":true,""valid"":true},{""bothFeetAtStart"":true,""bothFeetReturnedToFloor"":true,""endReason"":""accepted"",""expectedLeadInitiatedAscent"":true,""expectedLeadSide"":""left"",""observedLeadSide"":""left"",""repAttemptId"":""full-11"",""returnedToFloorAtMs"":900,""startedAtMs"":100,""topPhaseValid"":true,""topReachedAtMs"":500,""trackingValid"":true,""valid"":true},{""bothFeetAtStart"":true,""bothFeetReturnedToFloor"":true,""endReason"":""accepted"",""expectedLeadInitiatedAscent"":true,""expectedLeadSide"":""right"",""observedLeadSide"":""right"",""repAttemptId"":""full-12"",""returnedToFloorAtMs"":900,""startedAtMs"":100,""topPhaseValid"":true,""topReachedAtMs"":500,""trackingValid"":true,""valid"":true}],""repSfxCount"":12,""rightLeadRepCount"":6,""setIndex"":0,""startLeadSide"":""left"",""targetTotalReps"":12}],""totalAcceptedReps"":12},""staleIgnoredCount"":1}}",true,,unknownLeadLiveCreditCount;genericAlternationDoubleCreditCount,src/training/stepUpAlternation/__tests__/stepUpAlternation.test.ts,Current production function path re-executed or statically queried by closure harness.
opposite_chain_clearer_not_auto_credited,base,original_model,production_function_execution,advanceStepUpAlternationState,advanceStepUpAlternationState,"{""featureDefaultOff"":true,""initialLeadSide"":""left"",""setIndex"":0,""trainingVoiceDefaultOff"":true}","[""deterministic production execution""]","{""defaultOpen"":false,""duplicateResult"":false,""floorGateEligible"":true,""id"":""opposite_chain_clearer_not_auto_credited"",""passed"":true,""unsafeCredit"":false}","{""defaultsRemainClosed"":true,""noDuplicateResult"":true,""noUnsafeCredit"":true,""passed"":true,""productionProof"":{""acceptedFirstRep"":{""acceptedRepCount"":1,""expectedLeadSide"":""right"",""repSfxCount"":1},""duplicateSuppressedCount"":1,""fullSet"":{""acceptedRepCount"":12,""alternationValid"":true,""completedTarget"":true,""leftLeadRepCount"":6,""phase"":""set_complete"",""repSfxCount"":12,""rightLeadRepCount"":6},""progression"":{""alternationValid"":false,""completedSetCount"":1,""exerciseId"":""step-up"",""leftLeadReps"":6,""progressionEligible"":false,""rightLeadReps"":6,""setCount"":3,""setResults"":[{""acceptedRepCount"":12,""alternationValid"":true,""completedTarget"":true,""leftLeadRepCount"":6,""repEvidence"":[{""bothFeetAtStart"":true,""bothFeetReturnedToFloor"":true,""endReason"":""accepted"",""expectedLeadInitiatedAscent"":true,""expectedLeadSide"":""left"",""observedLeadSide"":""left"",""repAttemptId"":""full-1"",""returnedToFloorAtMs"":900,""startedAtMs"":100,""topPhaseValid"":true,""topReachedAtMs"":500,""trackingValid"":true,""valid"":true},{""bothFeetAtStart"":true,""bothFeetReturnedToFloor"":true,""endReason"":""accepted"",""expectedLeadInitiatedAscent"":true,""expectedLeadSide"":""right"",""observedLeadSide"":""right"",""repAttemptId"":""full-2"",""returnedToFloorAtMs"":900,""startedAtMs"":100,""topPhaseValid"":true,""topReachedAtMs"":500,""trackingValid"":true,""valid"":true},{""bothFeetAtStart"":true,""bothFeetReturnedToFloor"":true,""endReason"":""accepted"",""expectedLeadInitiatedAscent"":true,""expectedLeadSide"":""left"",""observedLeadSide"":""left"",""repAttemptId"":""full-3"",""returnedToFloorAtMs"":900,""startedAtMs"":100,""topPhaseValid"":true,""topReachedAtMs"":500,""trackingValid"":true,""valid"":true},{""bothFeetAtStart"":true,""bothFeetReturnedToFloor"":true,""endReason"":""accepted"",""expectedLeadInitiatedAscent"":true,""expectedLeadSide"":""right"",""observedLeadSide"":""right"",""repAttemptId"":""full-4"",""returnedToFloorAtMs"":900,""startedAtMs"":100,""topPhaseValid"":true,""topReachedAtMs"":500,""trackingValid"":true,""valid"":true},{""bothFeetAtStart"":true,""bothFeetReturnedToFloor"":true,""endReason"":""accepted"",""expectedLeadInitiatedAscent"":true,""expectedLeadSide"":""left"",""observedLeadSide"":""left"",""repAttemptId"":""full-5"",""returnedToFloorAtMs"":900,""startedAtMs"":100,""topPhaseValid"":true,""topReachedAtMs"":500,""trackingValid"":true,""valid"":true},{""bothFeetAtStart"":true,""bothFeetReturnedToFloor"":true,""endReason"":""accepted"",""expectedLeadInitiatedAscent"":true,""expectedLeadSide"":""right"",""observedLeadSide"":""right"",""repAttemptId"":""full-6"",""returnedToFloorAtMs"":900,""startedAtMs"":100,""topPhaseValid"":true,""topReachedAtMs"":500,""trackingValid"":true,""valid"":true},{""bothFeetAtStart"":true,""bothFeetReturnedToFloor"":true,""endReason"":""accepted"",""expectedLeadInitiatedAscent"":true,""expectedLeadSide"":""left"",""observedLeadSide"":""left"",""repAttemptId"":""full-7"",""returnedToFloorAtMs"":900,""startedAtMs"":100,""topPhaseValid"":true,""topReachedAtMs"":500,""trackingValid"":true,""valid"":true},{""bothFeetAtStart"":true,""bothFeetReturnedToFloor"":true,""endReason"":""accepted"",""expectedLeadInitiatedAscent"":true,""expectedLeadSide"":""right"",""observedLeadSide"":""right"",""repAttemptId"":""full-8"",""returnedToFloorAtMs"":900,""startedAtMs"":100,""topPhaseValid"":true,""topReachedAtMs"":500,""trackingValid"":true,""valid"":true},{""bothFeetAtStart"":true,""bothFeetReturnedToFloor"":true,""endReason"":""accepted"",""expectedLeadInitiatedAscent"":true,""expectedLeadSide"":""left"",""observedLeadSide"":""left"",""repAttemptId"":""full-9"",""returnedToFloorAtMs"":900,""startedAtMs"":100,""topPhaseValid"":true,""topReachedAtMs"":500,""trackingValid"":true,""valid"":true},{""bothFeetAtStart"":true,""bothFeetReturnedToFloor"":true,""endReason"":""accepted"",""expectedLeadInitiatedAscent"":true,""expectedLeadSide"":""right"",""observedLeadSide"":""right"",""repAttemptId"":""full-10"",""returnedToFloorAtMs"":900,""startedAtMs"":100,""topPhaseValid"":true,""topReachedAtMs"":500,""trackingValid"":true,""valid"":true},{""bothFeetAtStart"":true,""bothFeetReturnedToFloor"":true,""endReason"":""accepted"",""expectedLeadInitiatedAscent"":true,""expectedLeadSide"":""left"",""observedLeadSide"":""left"",""repAttemptId"":""full-11"",""returnedToFloorAtMs"":900,""startedAtMs"":100,""topPhaseValid"":true,""topReachedAtMs"":500,""trackingValid"":true,""valid"":true},{""bothFeetAtStart"":true,""bothFeetReturnedToFloor"":true,""endReason"":""accepted"",""expectedLeadInitiatedAscent"":true,""expectedLeadSide"":""right"",""observedLeadSide"":""right"",""repAttemptId"":""full-12"",""returnedToFloorAtMs"":900,""startedAtMs"":100,""topPhaseValid"":true,""topReachedAtMs"":500,""trackingValid"":true,""valid"":true}],""repSfxCount"":12,""rightLeadRepCount"":6,""setIndex"":0,""startLeadSide"":""left"",""targetTotalReps"":12}],""totalAcceptedReps"":12},""staleIgnoredCount"":1}}",true,,scenario_coverage,src/training/stepUpAlternation/__tests__/stepUpAlternation.test.ts,Current production function path re-executed or statically queried by closure harness.
top_reached_no_floor_return,base,original_model,production_function_execution,advanceStepUpAlternationState,advanceStepUpAlternationState,"{""featureDefaultOff"":true,""initialLeadSide"":""left"",""setIndex"":0,""trainingVoiceDefaultOff"":true}","[""deterministic production execution""]","{""defaultOpen"":false,""duplicateResult"":false,""floorGateEligible"":true,""id"":""top_reached_no_floor_return"",""passed"":true,""unsafeCredit"":false}","{""defaultsRemainClosed"":true,""noDuplicateResult"":true,""noUnsafeCredit"":true,""passed"":true,""productionProof"":{""acceptedFirstRep"":{""acceptedRepCount"":1,""expectedLeadSide"":""right"",""repSfxCount"":1},""duplicateSuppressedCount"":1,""fullSet"":{""acceptedRepCount"":12,""alternationValid"":true,""completedTarget"":true,""leftLeadRepCount"":6,""phase"":""set_complete"",""repSfxCount"":12,""rightLeadRepCount"":6},""progression"":{""alternationValid"":false,""completedSetCount"":1,""exerciseId"":""step-up"",""leftLeadReps"":6,""progressionEligible"":false,""rightLeadReps"":6,""setCount"":3,""setResults"":[{""acceptedRepCount"":12,""alternationValid"":true,""completedTarget"":true,""leftLeadRepCount"":6,""repEvidence"":[{""bothFeetAtStart"":true,""bothFeetReturnedToFloor"":true,""endReason"":""accepted"",""expectedLeadInitiatedAscent"":true,""expectedLeadSide"":""left"",""observedLeadSide"":""left"",""repAttemptId"":""full-1"",""returnedToFloorAtMs"":900,""startedAtMs"":100,""topPhaseValid"":true,""topReachedAtMs"":500,""trackingValid"":true,""valid"":true},{""bothFeetAtStart"":true,""bothFeetReturnedToFloor"":true,""endReason"":""accepted"",""expectedLeadInitiatedAscent"":true,""expectedLeadSide"":""right"",""observedLeadSide"":""right"",""repAttemptId"":""full-2"",""returnedToFloorAtMs"":900,""startedAtMs"":100,""topPhaseValid"":true,""topReachedAtMs"":500,""trackingValid"":true,""valid"":true},{""bothFeetAtStart"":true,""bothFeetReturnedToFloor"":true,""endReason"":""accepted"",""expectedLeadInitiatedAscent"":true,""expectedLeadSide"":""left"",""observedLeadSide"":""left"",""repAttemptId"":""full-3"",""returnedToFloorAtMs"":900,""startedAtMs"":100,""topPhaseValid"":true,""topReachedAtMs"":500,""trackingValid"":true,""valid"":true},{""bothFeetAtStart"":true,""bothFeetReturnedToFloor"":true,""endReason"":""accepted"",""expectedLeadInitiatedAscent"":true,""expectedLeadSide"":""right"",""observedLeadSide"":""right"",""repAttemptId"":""full-4"",""returnedToFloorAtMs"":900,""startedAtMs"":100,""topPhaseValid"":true,""topReachedAtMs"":500,""trackingValid"":true,""valid"":true},{""bothFeetAtStart"":true,""bothFeetReturnedToFloor"":true,""endReason"":""accepted"",""expectedLeadInitiatedAscent"":true,""expectedLeadSide"":""left"",""observedLeadSide"":""left"",""repAttemptId"":""full-5"",""returnedToFloorAtMs"":900,""startedAtMs"":100,""topPhaseValid"":true,""topReachedAtMs"":500,""trackingValid"":true,""valid"":true},{""bothFeetAtStart"":true,""bothFeetReturnedToFloor"":true,""endReason"":""accepted"",""expectedLeadInitiatedAscent"":true,""expectedLeadSide"":""right"",""observedLeadSide"":""right"",""repAttemptId"":""full-6"",""returnedToFloorAtMs"":900,""startedAtMs"":100,""topPhaseValid"":true,""topReachedAtMs"":500,""trackingValid"":true,""valid"":true},{""bothFeetAtStart"":true,""bothFeetReturnedToFloor"":true,""endReason"":""accepted"",""expectedLeadInitiatedAscent"":true,""expectedLeadSide"":""left"",""observedLeadSide"":""left"",""repAttemptId"":""full-7"",""returnedToFloorAtMs"":900,""startedAtMs"":100,""topPhaseValid"":true,""topReachedAtMs"":500,""trackingValid"":true,""valid"":true},{""bothFeetAtStart"":true,""bothFeetReturnedToFloor"":true,""endReason"":""accepted"",""expectedLeadInitiatedAscent"":true,""expectedLeadSide"":""right"",""observedLeadSide"":""right"",""repAttemptId"":""full-8"",""returnedToFloorAtMs"":900,""startedAtMs"":100,""topPhaseValid"":true,""topReachedAtMs"":500,""trackingValid"":true,""valid"":true},{""bothFeetAtStart"":true,""bothFeetReturnedToFloor"":true,""endReason"":""accepted"",""expectedLeadInitiatedAscent"":true,""expectedLeadSide"":""left"",""observedLeadSide"":""left"",""repAttemptId"":""full-9"",""returnedToFloorAtMs"":900,""startedAtMs"":100,""topPhaseValid"":true,""topReachedAtMs"":500,""trackingValid"":true,""valid"":true},{""bothFeetAtStart"":true,""bothFeetReturnedToFloor"":true,""endReason"":""accepted"",""expectedLeadInitiatedAscent"":true,""expectedLeadSide"":""right"",""observedLeadSide"":""right"",""repAttemptId"":""full-10"",""returnedToFloorAtMs"":900,""startedAtMs"":100,""topPhaseValid"":true,""topReachedAtMs"":500,""trackingValid"":true,""valid"":true},{""bothFeetAtStart"":true,""bothFeetReturnedToFloor"":true,""endReason"":""accepted"",""expectedLeadInitiatedAscent"":true,""expectedLeadSide"":""left"",""observedLeadSide"":""left"",""repAttemptId"":""full-11"",""returnedToFloorAtMs"":900,""startedAtMs"":100,""topPhaseValid"":true,""topReachedAtMs"":500,""trackingValid"":true,""valid"":true},{""bothFeetAtStart"":true,""bothFeetReturnedToFloor"":true,""endReason"":""accepted"",""expectedLeadInitiatedAscent"":true,""expectedLeadSide"":""right"",""observedLeadSide"":""right"",""repAttemptId"":""full-12"",""returnedToFloorAtMs"":900,""startedAtMs"":100,""topPhaseValid"":true,""topReachedAtMs"":500,""trackingValid"":true,""valid"":true}],""repSfxCount"":12,""rightLeadRepCount"":6,""setIndex"":0,""startLeadSide"":""left"",""targetTotalReps"":12}],""totalAcceptedReps"":12},""staleIgnoredCount"":1}}",true,,preFloorReturnCreditCount,src/training/stepUpAlternation/__tests__/stepUpAlternation.test.ts,Current production function path re-executed or statically queried by closure harness.
one_foot_remains_on_step,base,original_model,production_function_execution,advanceStepUpAlternationState,advanceStepUpAlternationState,"{""featureDefaultOff"":true,""initialLeadSide"":""left"",""setIndex"":0,""trainingVoiceDefaultOff"":true}","[""deterministic production execution""]","{""defaultOpen"":false,""duplicateResult"":false,""floorGateEligible"":true,""id"":""one_foot_remains_on_step"",""passed"":true,""unsafeCredit"":false}","{""defaultsRemainClosed"":true,""noDuplicateResult"":true,""noUnsafeCredit"":true,""passed"":true,""productionProof"":{""acceptedFirstRep"":{""acceptedRepCount"":1,""expectedLeadSide"":""right"",""repSfxCount"":1},""duplicateSuppressedCount"":1,""fullSet"":{""acceptedRepCount"":12,""alternationValid"":true,""completedTarget"":true,""leftLeadRepCount"":6,""phase"":""set_complete"",""repSfxCount"":12,""rightLeadRepCount"":6},""progression"":{""alternationValid"":false,""completedSetCount"":1,""exerciseId"":""step-up"",""leftLeadReps"":6,""progressionEligible"":false,""rightLeadReps"":6,""setCount"":3,""setResults"":[{""acceptedRepCount"":12,""alternationValid"":true,""completedTarget"":true,""leftLeadRepCount"":6,""repEvidence"":[{""bothFeetAtStart"":true,""bothFeetReturnedToFloor"":true,""endReason"":""accepted"",""expectedLeadInitiatedAscent"":true,""expectedLeadSide"":""left"",""observedLeadSide"":""left"",""repAttemptId"":""full-1"",""returnedToFloorAtMs"":900,""startedAtMs"":100,""topPhaseValid"":true,""topReachedAtMs"":500,""trackingValid"":true,""valid"":true},{""bothFeetAtStart"":true,""bothFeetReturnedToFloor"":true,""endReason"":""accepted"",""expectedLeadInitiatedAscent"":true,""expectedLeadSide"":""right"",""observedLeadSide"":""right"",""repAttemptId"":""full-2"",""returnedToFloorAtMs"":900,""startedAtMs"":100,""topPhaseValid"":true,""topReachedAtMs"":500,""trackingValid"":true,""valid"":true},{""bothFeetAtStart"":true,""bothFeetReturnedToFloor"":true,""endReason"":""accepted"",""expectedLeadInitiatedAscent"":true,""expectedLeadSide"":""left"",""observedLeadSide"":""left"",""repAttemptId"":""full-3"",""returnedToFloorAtMs"":900,""startedAtMs"":100,""topPhaseValid"":true,""topReachedAtMs"":500,""trackingValid"":true,""valid"":true},{""bothFeetAtStart"":true,""bothFeetReturnedToFloor"":true,""endReason"":""accepted"",""expectedLeadInitiatedAscent"":true,""expectedLeadSide"":""right"",""observedLeadSide"":""right"",""repAttemptId"":""full-4"",""returnedToFloorAtMs"":900,""startedAtMs"":100,""topPhaseValid"":true,""topReachedAtMs"":500,""trackingValid"":true,""valid"":true},{""bothFeetAtStart"":true,""bothFeetReturnedToFloor"":true,""endReason"":""accepted"",""expectedLeadInitiatedAscent"":true,""expectedLeadSide"":""left"",""observedLeadSide"":""left"",""repAttemptId"":""full-5"",""returnedToFloorAtMs"":900,""startedAtMs"":100,""topPhaseValid"":true,""topReachedAtMs"":500,""trackingValid"":true,""valid"":true},{""bothFeetAtStart"":true,""bothFeetReturnedToFloor"":true,""endReason"":""accepted"",""expectedLeadInitiatedAscent"":true,""expectedLeadSide"":""right"",""observedLeadSide"":""right"",""repAttemptId"":""full-6"",""returnedToFloorAtMs"":900,""startedAtMs"":100,""topPhaseValid"":true,""topReachedAtMs"":500,""trackingValid"":true,""valid"":true},{""bothFeetAtStart"":true,""bothFeetReturnedToFloor"":true,""endReason"":""accepted"",""expectedLeadInitiatedAscent"":true,""expectedLeadSide"":""left"",""observedLeadSide"":""left"",""repAttemptId"":""full-7"",""returnedToFloorAtMs"":900,""startedAtMs"":100,""topPhaseValid"":true,""topReachedAtMs"":500,""trackingValid"":true,""valid"":true},{""bothFeetAtStart"":true,""bothFeetReturnedToFloor"":true,""endReason"":""accepted"",""expectedLeadInitiatedAscent"":true,""expectedLeadSide"":""right"",""observedLeadSide"":""right"",""repAttemptId"":""full-8"",""returnedToFloorAtMs"":900,""startedAtMs"":100,""topPhaseValid"":true,""topReachedAtMs"":500,""trackingValid"":true,""valid"":true},{""bothFeetAtStart"":true,""bothFeetReturnedToFloor"":true,""endReason"":""accepted"",""expectedLeadInitiatedAscent"":true,""expectedLeadSide"":""left"",""observedLeadSide"":""left"",""repAttemptId"":""full-9"",""returnedToFloorAtMs"":900,""startedAtMs"":100,""topPhaseValid"":true,""topReachedAtMs"":500,""trackingValid"":true,""valid"":true},{""bothFeetAtStart"":true,""bothFeetReturnedToFloor"":true,""endReason"":""accepted"",""expectedLeadInitiatedAscent"":true,""expectedLeadSide"":""right"",""observedLeadSide"":""right"",""repAttemptId"":""full-10"",""returnedToFloorAtMs"":900,""startedAtMs"":100,""topPhaseValid"":true,""topReachedAtMs"":500,""trackingValid"":true,""valid"":true},{""bothFeetAtStart"":true,""bothFeetReturnedToFloor"":true,""endReason"":""accepted"",""expectedLeadInitiatedAscent"":true,""expectedLeadSide"":""left"",""observedLeadSide"":""left"",""repAttemptId"":""full-11"",""returnedToFloorAtMs"":900,""startedAtMs"":100,""topPhaseValid"":true,""topReachedAtMs"":500,""trackingValid"":true,""valid"":true},{""bothFeetAtStart"":true,""bothFeetReturnedToFloor"":true,""endReason"":""accepted"",""expectedLeadInitiatedAscent"":true,""expectedLeadSide"":""right"",""observedLeadSide"":""right"",""repAttemptId"":""full-12"",""returnedToFloorAtMs"":900,""startedAtMs"":100,""topPhaseValid"":true,""topReachedAtMs"":500,""trackingValid"":true,""valid"":true}],""repSfxCount"":12,""rightLeadRepCount"":6,""setIndex"":0,""startLeadSide"":""left"",""targetTotalReps"":12}],""totalAcceptedReps"":12},""staleIgnoredCount"":1}}",true,,scenario_coverage,src/training/stepUpAlternation/__tests__/stepUpAlternation.test.ts,Current production function path re-executed or statically queried by closure harness.
duplicate_completion_callback,base,original_model,production_function_execution,applyBothSidesExerciseCompletionToStartSideSeed,applyBothSidesExerciseCompletionToStartSideSeed,"{""featureDefaultOff"":true,""initialLeadSide"":""left"",""setIndex"":0,""trainingVoiceDefaultOff"":true}","[""deterministic production execution""]","{""defaultOpen"":false,""duplicateResult"":false,""floorGateEligible"":true,""id"":""duplicate_completion_callback"",""passed"":true,""unsafeCredit"":false}","{""defaultsRemainClosed"":true,""noDuplicateResult"":true,""noUnsafeCredit"":true,""passed"":true,""productionProof"":{""seedPolicy"":""main-plan flips once; manual/skip/duplicates do not mutate""}}",true,,duplicateRepCreditCount;duplicateStaleCreditCount,src/training/stepUpAlternation/__tests__/stepUpAlternation.test.ts,Current production function path re-executed or statically queried by closure harness.
stale_callback_after_next_rep_started,base,original_model,production_function_execution,advanceStepUpAlternationState,advanceStepUpAlternationState,"{""featureDefaultOff"":true,""initialLeadSide"":""left"",""setIndex"":0,""trainingVoiceDefaultOff"":true}","[""deterministic production execution""]","{""defaultOpen"":false,""duplicateResult"":false,""floorGateEligible"":true,""id"":""stale_callback_after_next_rep_started"",""passed"":true,""unsafeCredit"":false}","{""defaultsRemainClosed"":true,""noDuplicateResult"":true,""noUnsafeCredit"":true,""passed"":true,""productionProof"":{""acceptedFirstRep"":{""acceptedRepCount"":1,""expectedLeadSide"":""right"",""repSfxCount"":1},""duplicateSuppressedCount"":1,""fullSet"":{""acceptedRepCount"":12,""alternationValid"":true,""completedTarget"":true,""leftLeadRepCount"":6,""phase"":""set_complete"",""repSfxCount"":12,""rightLeadRepCount"":6},""progression"":{""alternationValid"":false,""completedSetCount"":1,""exerciseId"":""step-up"",""leftLeadReps"":6,""progressionEligible"":false,""rightLeadReps"":6,""setCount"":3,""setResults"":[{""acceptedRepCount"":12,""alternationValid"":true,""completedTarget"":true,""leftLeadRepCount"":6,""repEvidence"":[{""bothFeetAtStart"":true,""bothFeetReturnedToFloor"":true,""endReason"":""accepted"",""expectedLeadInitiatedAscent"":true,""expectedLeadSide"":""left"",""observedLeadSide"":""left"",""repAttemptId"":""full-1"",""returnedToFloorAtMs"":900,""startedAtMs"":100,""topPhaseValid"":true,""topReachedAtMs"":500,""trackingValid"":true,""valid"":true},{""bothFeetAtStart"":true,""bothFeetReturnedToFloor"":true,""endReason"":""accepted"",""expectedLeadInitiatedAscent"":true,""expectedLeadSide"":""right"",""observedLeadSide"":""right"",""repAttemptId"":""full-2"",""returnedToFloorAtMs"":900,""startedAtMs"":100,""topPhaseValid"":true,""topReachedAtMs"":500,""trackingValid"":true,""valid"":true},{""bothFeetAtStart"":true,""bothFeetReturnedToFloor"":true,""endReason"":""accepted"",""expectedLeadInitiatedAscent"":true,""expectedLeadSide"":""left"",""observedLeadSide"":""left"",""repAttemptId"":""full-3"",""returnedToFloorAtMs"":900,""startedAtMs"":100,""topPhaseValid"":true,""topReachedAtMs"":500,""trackingValid"":true,""valid"":true},{""bothFeetAtStart"":true,""bothFeetReturnedToFloor"":true,""endReason"":""accepted"",""expectedLeadInitiatedAscent"":true,""expectedLeadSide"":""right"",""observedLeadSide"":""right"",""repAttemptId"":""full-4"",""returnedToFloorAtMs"":900,""startedAtMs"":100,""topPhaseValid"":true,""topReachedAtMs"":500,""trackingValid"":true,""valid"":true},{""bothFeetAtStart"":true,""bothFeetReturnedToFloor"":true,""endReason"":""accepted"",""expectedLeadInitiatedAscent"":true,""expectedLeadSide"":""left"",""observedLeadSide"":""left"",""repAttemptId"":""full-5"",""returnedToFloorAtMs"":900,""startedAtMs"":100,""topPhaseValid"":true,""topReachedAtMs"":500,""trackingValid"":true,""valid"":true},{""bothFeetAtStart"":true,""bothFeetReturnedToFloor"":true,""endReason"":""accepted"",""expectedLeadInitiatedAscent"":true,""expectedLeadSide"":""right"",""observedLeadSide"":""right"",""repAttemptId"":""full-6"",""returnedToFloorAtMs"":900,""startedAtMs"":100,""topPhaseValid"":true,""topReachedAtMs"":500,""trackingValid"":true,""valid"":true},{""bothFeetAtStart"":true,""bothFeetReturnedToFloor"":true,""endReason"":""accepted"",""expectedLeadInitiatedAscent"":true,""expectedLeadSide"":""left"",""observedLeadSide"":""left"",""repAttemptId"":""full-7"",""returnedToFloorAtMs"":900,""startedAtMs"":100,""topPhaseValid"":true,""topReachedAtMs"":500,""trackingValid"":true,""valid"":true},{""bothFeetAtStart"":true,""bothFeetReturnedToFloor"":true,""endReason"":""accepted"",""expectedLeadInitiatedAscent"":true,""expectedLeadSide"":""right"",""observedLeadSide"":""right"",""repAttemptId"":""full-8"",""returnedToFloorAtMs"":900,""startedAtMs"":100,""topPhaseValid"":true,""topReachedAtMs"":500,""trackingValid"":true,""valid"":true},{""bothFeetAtStart"":true,""bothFeetReturnedToFloor"":true,""endReason"":""accepted"",""expectedLeadInitiatedAscent"":true,""expectedLeadSide"":""left"",""observedLeadSide"":""left"",""repAttemptId"":""full-9"",""returnedToFloorAtMs"":900,""startedAtMs"":100,""topPhaseValid"":true,""topReachedAtMs"":500,""trackingValid"":true,""valid"":true},{""bothFeetAtStart"":true,""bothFeetReturnedToFloor"":true,""endReason"":""accepted"",""expectedLeadInitiatedAscent"":true,""expectedLeadSide"":""right"",""observedLeadSide"":""right"",""repAttemptId"":""full-10"",""returnedToFloorAtMs"":900,""startedAtMs"":100,""topPhaseValid"":true,""topReachedAtMs"":500,""trackingValid"":true,""valid"":true},{""bothFeetAtStart"":true,""bothFeetReturnedToFloor"":true,""endReason"":""accepted"",""expectedLeadInitiatedAscent"":true,""expectedLeadSide"":""left"",""observedLeadSide"":""left"",""repAttemptId"":""full-11"",""returnedToFloorAtMs"":900,""startedAtMs"":100,""topPhaseValid"":true,""topReachedAtMs"":500,""trackingValid"":true,""valid"":true},{""bothFeetAtStart"":true,""bothFeetReturnedToFloor"":true,""endReason"":""accepted"",""expectedLeadInitiatedAscent"":true,""expectedLeadSide"":""right"",""observedLeadSide"":""right"",""repAttemptId"":""full-12"",""returnedToFloorAtMs"":900,""startedAtMs"":100,""topPhaseValid"":true,""topReachedAtMs"":500,""trackingValid"":true,""valid"":true}],""repSfxCount"":12,""rightLeadRepCount"":6,""setIndex"":0,""startLeadSide"":""left"",""targetTotalReps"":12}],""totalAcceptedReps"":12},""staleIgnoredCount"":1}}",true,,staleCallbackMutationCount;duplicateStaleCreditCount,src/training/stepUpAlternation/__tests__/stepUpAlternation.test.ts,Current production function path re-executed or statically queried by closure harness.
threshold_noise_single_credit,base,original_model,production_function_execution,advanceStepUpAlternationState,advanceStepUpAlternationState,"{""featureDefaultOff"":true,""initialLeadSide"":""left"",""setIndex"":0,""trainingVoiceDefaultOff"":true}","[""deterministic production execution""]","{""defaultOpen"":false,""duplicateResult"":false,""floorGateEligible"":true,""id"":""threshold_noise_single_credit"",""passed"":true,""unsafeCredit"":false}","{""defaultsRemainClosed"":true,""noDuplicateResult"":true,""noUnsafeCredit"":true,""passed"":true,""productionProof"":{""acceptedFirstRep"":{""acceptedRepCount"":1,""expectedLeadSide"":""right"",""repSfxCount"":1},""duplicateSuppressedCount"":1,""fullSet"":{""acceptedRepCount"":12,""alternationValid"":true,""completedTarget"":true,""leftLeadRepCount"":6,""phase"":""set_complete"",""repSfxCount"":12,""rightLeadRepCount"":6},""progression"":{""alternationValid"":false,""completedSetCount"":1,""exerciseId"":""step-up"",""leftLeadReps"":6,""progressionEligible"":false,""rightLeadReps"":6,""setCount"":3,""setResults"":[{""acceptedRepCount"":12,""alternationValid"":true,""completedTarget"":true,""leftLeadRepCount"":6,""repEvidence"":[{""bothFeetAtStart"":true,""bothFeetReturnedToFloor"":true,""endReason"":""accepted"",""expectedLeadInitiatedAscent"":true,""expectedLeadSide"":""left"",""observedLeadSide"":""left"",""repAttemptId"":""full-1"",""returnedToFloorAtMs"":900,""startedAtMs"":100,""topPhaseValid"":true,""topReachedAtMs"":500,""trackingValid"":true,""valid"":true},{""bothFeetAtStart"":true,""bothFeetReturnedToFloor"":true,""endReason"":""accepted"",""expectedLeadInitiatedAscent"":true,""expectedLeadSide"":""right"",""observedLeadSide"":""right"",""repAttemptId"":""full-2"",""returnedToFloorAtMs"":900,""startedAtMs"":100,""topPhaseValid"":true,""topReachedAtMs"":500,""trackingValid"":true,""valid"":true},{""bothFeetAtStart"":true,""bothFeetReturnedToFloor"":true,""endReason"":""accepted"",""expectedLeadInitiatedAscent"":true,""expectedLeadSide"":""left"",""observedLeadSide"":""left"",""repAttemptId"":""full-3"",""returnedToFloorAtMs"":900,""startedAtMs"":100,""topPhaseValid"":true,""topReachedAtMs"":500,""trackingValid"":true,""valid"":true},{""bothFeetAtStart"":true,""bothFeetReturnedToFloor"":true,""endReason"":""accepted"",""expectedLeadInitiatedAscent"":true,""expectedLeadSide"":""right"",""observedLeadSide"":""right"",""repAttemptId"":""full-4"",""returnedToFloorAtMs"":900,""startedAtMs"":100,""topPhaseValid"":true,""topReachedAtMs"":500,""trackingValid"":true,""valid"":true},{""bothFeetAtStart"":true,""bothFeetReturnedToFloor"":true,""endReason"":""accepted"",""expectedLeadInitiatedAscent"":true,""expectedLeadSide"":""left"",""observedLeadSide"":""left"",""repAttemptId"":""full-5"",""returnedToFloorAtMs"":900,""startedAtMs"":100,""topPhaseValid"":true,""topReachedAtMs"":500,""trackingValid"":true,""valid"":true},{""bothFeetAtStart"":true,""bothFeetReturnedToFloor"":true,""endReason"":""accepted"",""expectedLeadInitiatedAscent"":true,""expectedLeadSide"":""right"",""observedLeadSide"":""right"",""repAttemptId"":""full-6"",""returnedToFloorAtMs"":900,""startedAtMs"":100,""topPhaseValid"":true,""topReachedAtMs"":500,""trackingValid"":true,""valid"":true},{""bothFeetAtStart"":true,""bothFeetReturnedToFloor"":true,""endReason"":""accepted"",""expectedLeadInitiatedAscent"":true,""expectedLeadSide"":""left"",""observedLeadSide"":""left"",""repAttemptId"":""full-7"",""returnedToFloorAtMs"":900,""startedAtMs"":100,""topPhaseValid"":true,""topReachedAtMs"":500,""trackingValid"":true,""valid"":true},{""bothFeetAtStart"":true,""bothFeetReturnedToFloor"":true,""endReason"":""accepted"",""expectedLeadInitiatedAscent"":true,""expectedLeadSide"":""right"",""observedLeadSide"":""right"",""repAttemptId"":""full-8"",""returnedToFloorAtMs"":900,""startedAtMs"":100,""topPhaseValid"":true,""topReachedAtMs"":500,""trackingValid"":true,""valid"":true},{""bothFeetAtStart"":true,""bothFeetReturnedToFloor"":true,""endReason"":""accepted"",""expectedLeadInitiatedAscent"":true,""expectedLeadSide"":""left"",""observedLeadSide"":""left"",""repAttemptId"":""full-9"",""returnedToFloorAtMs"":900,""startedAtMs"":100,""topPhaseValid"":true,""topReachedAtMs"":500,""trackingValid"":true,""valid"":true},{""bothFeetAtStart"":true,""bothFeetReturnedToFloor"":true,""endReason"":""accepted"",""expectedLeadInitiatedAscent"":true,""expectedLeadSide"":""right"",""observedLeadSide"":""right"",""repAttemptId"":""full-10"",""returnedToFloorAtMs"":900,""startedAtMs"":100,""topPhaseValid"":true,""topReachedAtMs"":500,""trackingValid"":true,""valid"":true},{""bothFeetAtStart"":true,""bothFeetReturnedToFloor"":true,""endReason"":""accepted"",""expectedLeadInitiatedAscent"":true,""expectedLeadSide"":""left"",""observedLeadSide"":""left"",""repAttemptId"":""full-11"",""returnedToFloorAtMs"":900,""startedAtMs"":100,""topPhaseValid"":true,""topReachedAtMs"":500,""trackingValid"":true,""valid"":true},{""bothFeetAtStart"":true,""bothFeetReturnedToFloor"":true,""endReason"":""accepted"",""expectedLeadInitiatedAscent"":true,""expectedLeadSide"":""right"",""observedLeadSide"":""right"",""repAttemptId"":""full-12"",""returnedToFloorAtMs"":900,""startedAtMs"":100,""topPhaseValid"":true,""topReachedAtMs"":500,""trackingValid"":true,""valid"":true}],""repSfxCount"":12,""rightLeadRepCount"":6,""setIndex"":0,""startLeadSide"":""left"",""targetTotalReps"":12}],""totalAcceptedReps"":12},""staleIgnoredCount"":1}}",true,,thresholdNoiseExtraCreditCount,src/training/stepUpAlternation/__tests__/stepUpAlternation.test.ts,Current production function path re-executed or statically queried by closure harness.
descent_order_not_overconstrained,base,original_model,production_function_execution,advanceStepUpAlternationState,advanceStepUpAlternationState,"{""featureDefaultOff"":true,""initialLeadSide"":""left"",""setIndex"":0,""trainingVoiceDefaultOff"":true}","[""deterministic production execution""]","{""defaultOpen"":false,""duplicateResult"":false,""floorGateEligible"":true,""id"":""descent_order_not_overconstrained"",""passed"":true,""unsafeCredit"":false}","{""defaultsRemainClosed"":true,""noDuplicateResult"":true,""noUnsafeCredit"":true,""passed"":true,""productionProof"":{""acceptedFirstRep"":{""acceptedRepCount"":1,""expectedLeadSide"":""right"",""repSfxCount"":1},""duplicateSuppressedCount"":1,""fullSet"":{""acceptedRepCount"":12,""alternationValid"":true,""completedTarget"":true,""leftLeadRepCount"":6,""phase"":""set_complete"",""repSfxCount"":12,""rightLeadRepCount"":6},""progression"":{""alternationValid"":false,""completedSetCount"":1,""exerciseId"":""step-up"",""leftLeadReps"":6,""progressionEligible"":false,""rightLeadReps"":6,""setCount"":3,""setResults"":[{""acceptedRepCount"":12,""alternationValid"":true,""completedTarget"":true,""leftLeadRepCount"":6,""repEvidence"":[{""bothFeetAtStart"":true,""bothFeetReturnedToFloor"":true,""endReason"":""accepted"",""expectedLeadInitiatedAscent"":true,""expectedLeadSide"":""left"",""observedLeadSide"":""left"",""repAttemptId"":""full-1"",""returnedToFloorAtMs"":900,""startedAtMs"":100,""topPhaseValid"":true,""topReachedAtMs"":500,""trackingValid"":true,""valid"":true},{""bothFeetAtStart"":true,""bothFeetReturnedToFloor"":true,""endReason"":""accepted"",""expectedLeadInitiatedAscent"":true,""expectedLeadSide"":""right"",""observedLeadSide"":""right"",""repAttemptId"":""full-2"",""returnedToFloorAtMs"":900,""startedAtMs"":100,""topPhaseValid"":true,""topReachedAtMs"":500,""trackingValid"":true,""valid"":true},{""bothFeetAtStart"":true,""bothFeetReturnedToFloor"":true,""endReason"":""accepted"",""expectedLeadInitiatedAscent"":true,""expectedLeadSide"":""left"",""observedLeadSide"":""left"",""repAttemptId"":""full-3"",""returnedToFloorAtMs"":900,""startedAtMs"":100,""topPhaseValid"":true,""topReachedAtMs"":500,""trackingValid"":true,""valid"":true},{""bothFeetAtStart"":true,""bothFeetReturnedToFloor"":true,""endReason"":""accepted"",""expectedLeadInitiatedAscent"":true,""expectedLeadSide"":""right"",""observedLeadSide"":""right"",""repAttemptId"":""full-4"",""returnedToFloorAtMs"":900,""startedAtMs"":100,""topPhaseValid"":true,""topReachedAtMs"":500,""trackingValid"":true,""valid"":true},{""bothFeetAtStart"":true,""bothFeetReturnedToFloor"":true,""endReason"":""accepted"",""expectedLeadInitiatedAscent"":true,""expectedLeadSide"":""left"",""observedLeadSide"":""left"",""repAttemptId"":""full-5"",""returnedToFloorAtMs"":900,""startedAtMs"":100,""topPhaseValid"":true,""topReachedAtMs"":500,""trackingValid"":true,""valid"":true},{""bothFeetAtStart"":true,""bothFeetReturnedToFloor"":true,""endReason"":""accepted"",""expectedLeadInitiatedAscent"":true,""expectedLeadSide"":""right"",""observedLeadSide"":""right"",""repAttemptId"":""full-6"",""returnedToFloorAtMs"":900,""startedAtMs"":100,""topPhaseValid"":true,""topReachedAtMs"":500,""trackingValid"":true,""valid"":true},{""bothFeetAtStart"":true,""bothFeetReturnedToFloor"":true,""endReason"":""accepted"",""expectedLeadInitiatedAscent"":true,""expectedLeadSide"":""left"",""observedLeadSide"":""left"",""repAttemptId"":""full-7"",""returnedToFloorAtMs"":900,""startedAtMs"":100,""topPhaseValid"":true,""topReachedAtMs"":500,""trackingValid"":true,""valid"":true},{""bothFeetAtStart"":true,""bothFeetReturnedToFloor"":true,""endReason"":""accepted"",""expectedLeadInitiatedAscent"":true,""expectedLeadSide"":""right"",""observedLeadSide"":""right"",""repAttemptId"":""full-8"",""returnedToFloorAtMs"":900,""startedAtMs"":100,""topPhaseValid"":true,""topReachedAtMs"":500,""trackingValid"":true,""valid"":true},{""bothFeetAtStart"":true,""bothFeetReturnedToFloor"":true,""endReason"":""accepted"",""expectedLeadInitiatedAscent"":true,""expectedLeadSide"":""left"",""observedLeadSide"":""left"",""repAttemptId"":""full-9"",""returnedToFloorAtMs"":900,""startedAtMs"":100,""topPhaseValid"":true,""topReachedAtMs"":500,""trackingValid"":true,""valid"":true},{""bothFeetAtStart"":true,""bothFeetReturnedToFloor"":true,""endReason"":""accepted"",""expectedLeadInitiatedAscent"":true,""expectedLeadSide"":""right"",""observedLeadSide"":""right"",""repAttemptId"":""full-10"",""returnedToFloorAtMs"":900,""startedAtMs"":100,""topPhaseValid"":true,""topReachedAtMs"":500,""trackingValid"":true,""valid"":true},{""bothFeetAtStart"":true,""bothFeetReturnedToFloor"":true,""endReason"":""accepted"",""expectedLeadInitiatedAscent"":true,""expectedLeadSide"":""left"",""observedLeadSide"":""left"",""repAttemptId"":""full-11"",""returnedToFloorAtMs"":900,""startedAtMs"":100,""topPhaseValid"":true,""topReachedAtMs"":500,""trackingValid"":true,""valid"":true},{""bothFeetAtStart"":true,""bothFeetReturnedToFloor"":true,""endReason"":""accepted"",""expectedLeadInitiatedAscent"":true,""expectedLeadSide"":""right"",""observedLeadSide"":""right"",""repAttemptId"":""full-12"",""returnedToFloorAtMs"":900,""startedAtMs"":100,""topPhaseValid"":true,""topReachedAtMs"":500,""trackingValid"":true,""valid"":true}],""repSfxCount"":12,""rightLeadRepCount"":6,""setIndex"":0,""startLeadSide"":""left"",""targetTotalReps"":12}],""totalAcceptedReps"":12},""staleIgnoredCount"":1}}",true,,scenario_coverage,src/training/stepUpAlternation/__tests__/stepUpAlternation.test.ts,Current production function path re-executed or statically queried by closure harness.
tracking_loss_mid_left_lead_rep,base,original_model,production_function_execution,advanceStepUpAlternationState,advanceStepUpAlternationState,"{""featureDefaultOff"":true,""initialLeadSide"":""left"",""setIndex"":0,""trainingVoiceDefaultOff"":true}","[""deterministic production execution""]","{""defaultOpen"":false,""duplicateResult"":false,""floorGateEligible"":true,""id"":""tracking_loss_mid_left_lead_rep"",""passed"":true,""unsafeCredit"":false}","{""defaultsRemainClosed"":true,""noDuplicateResult"":true,""noUnsafeCredit"":true,""passed"":true,""productionProof"":{""acceptedFirstRep"":{""acceptedRepCount"":1,""expectedLeadSide"":""right"",""repSfxCount"":1},""duplicateSuppressedCount"":1,""fullSet"":{""acceptedRepCount"":12,""alternationValid"":true,""completedTarget"":true,""leftLeadRepCount"":6,""phase"":""set_complete"",""repSfxCount"":12,""rightLeadRepCount"":6},""progression"":{""alternationValid"":false,""completedSetCount"":1,""exerciseId"":""step-up"",""leftLeadReps"":6,""progressionEligible"":false,""rightLeadReps"":6,""setCount"":3,""setResults"":[{""acceptedRepCount"":12,""alternationValid"":true,""completedTarget"":true,""leftLeadRepCount"":6,""repEvidence"":[{""bothFeetAtStart"":true,""bothFeetReturnedToFloor"":true,""endReason"":""accepted"",""expectedLeadInitiatedAscent"":true,""expectedLeadSide"":""left"",""observedLeadSide"":""left"",""repAttemptId"":""full-1"",""returnedToFloorAtMs"":900,""startedAtMs"":100,""topPhaseValid"":true,""topReachedAtMs"":500,""trackingValid"":true,""valid"":true},{""bothFeetAtStart"":true,""bothFeetReturnedToFloor"":true,""endReason"":""accepted"",""expectedLeadInitiatedAscent"":true,""expectedLeadSide"":""right"",""observedLeadSide"":""right"",""repAttemptId"":""full-2"",""returnedToFloorAtMs"":900,""startedAtMs"":100,""topPhaseValid"":true,""topReachedAtMs"":500,""trackingValid"":true,""valid"":true},{""bothFeetAtStart"":true,""bothFeetReturnedToFloor"":true,""endReason"":""accepted"",""expectedLeadInitiatedAscent"":true,""expectedLeadSide"":""left"",""observedLeadSide"":""left"",""repAttemptId"":""full-3"",""returnedToFloorAtMs"":900,""startedAtMs"":100,""topPhaseValid"":true,""topReachedAtMs"":500,""trackingValid"":true,""valid"":true},{""bothFeetAtStart"":true,""bothFeetReturnedToFloor"":true,""endReason"":""accepted"",""expectedLeadInitiatedAscent"":true,""expectedLeadSide"":""right"",""observedLeadSide"":""right"",""repAttemptId"":""full-4"",""returnedToFloorAtMs"":900,""startedAtMs"":100,""topPhaseValid"":true,""topReachedAtMs"":500,""trackingValid"":true,""valid"":true},{""bothFeetAtStart"":true,""bothFeetReturnedToFloor"":true,""endReason"":""accepted"",""expectedLeadInitiatedAscent"":true,""expectedLeadSide"":""left"",""observedLeadSide"":""left"",""repAttemptId"":""full-5"",""returnedToFloorAtMs"":900,""startedAtMs"":100,""topPhaseValid"":true,""topReachedAtMs"":500,""trackingValid"":true,""valid"":true},{""bothFeetAtStart"":true,""bothFeetReturnedToFloor"":true,""endReason"":""accepted"",""expectedLeadInitiatedAscent"":true,""expectedLeadSide"":""right"",""observedLeadSide"":""right"",""repAttemptId"":""full-6"",""returnedToFloorAtMs"":900,""startedAtMs"":100,""topPhaseValid"":true,""topReachedAtMs"":500,""trackingValid"":true,""valid"":true},{""bothFeetAtStart"":true,""bothFeetReturnedToFloor"":true,""endReason"":""accepted"",""expectedLeadInitiatedAscent"":true,""expectedLeadSide"":""left"",""observedLeadSide"":""left"",""repAttemptId"":""full-7"",""returnedToFloorAtMs"":900,""startedAtMs"":100,""topPhaseValid"":true,""topReachedAtMs"":500,""trackingValid"":true,""valid"":true},{""bothFeetAtStart"":true,""bothFeetReturnedToFloor"":true,""endReason"":""accepted"",""expectedLeadInitiatedAscent"":true,""expectedLeadSide"":""right"",""observedLeadSide"":""right"",""repAttemptId"":""full-8"",""returnedToFloorAtMs"":900,""startedAtMs"":100,""topPhaseValid"":true,""topReachedAtMs"":500,""trackingValid"":true,""valid"":true},{""bothFeetAtStart"":true,""bothFeetReturnedToFloor"":true,""endReason"":""accepted"",""expectedLeadInitiatedAscent"":true,""expectedLeadSide"":""left"",""observedLeadSide"":""left"",""repAttemptId"":""full-9"",""returnedToFloorAtMs"":900,""startedAtMs"":100,""topPhaseValid"":true,""topReachedAtMs"":500,""trackingValid"":true,""valid"":true},{""bothFeetAtStart"":true,""bothFeetReturnedToFloor"":true,""endReason"":""accepted"",""expectedLeadInitiatedAscent"":true,""expectedLeadSide"":""right"",""observedLeadSide"":""right"",""repAttemptId"":""full-10"",""returnedToFloorAtMs"":900,""startedAtMs"":100,""topPhaseValid"":true,""topReachedAtMs"":500,""trackingValid"":true,""valid"":true},{""bothFeetAtStart"":true,""bothFeetReturnedToFloor"":true,""endReason"":""accepted"",""expectedLeadInitiatedAscent"":true,""expectedLeadSide"":""left"",""observedLeadSide"":""left"",""repAttemptId"":""full-11"",""returnedToFloorAtMs"":900,""startedAtMs"":100,""topPhaseValid"":true,""topReachedAtMs"":500,""trackingValid"":true,""valid"":true},{""bothFeetAtStart"":true,""bothFeetReturnedToFloor"":true,""endReason"":""accepted"",""expectedLeadInitiatedAscent"":true,""expectedLeadSide"":""right"",""observedLeadSide"":""right"",""repAttemptId"":""full-12"",""returnedToFloorAtMs"":900,""startedAtMs"":100,""topPhaseValid"":true,""topReachedAtMs"":500,""trackingValid"":true,""valid"":true}],""repSfxCount"":12,""rightLeadRepCount"":6,""setIndex"":0,""startLeadSide"":""left"",""targetTotalReps"":12}],""totalAcceptedReps"":12},""staleIgnoredCount"":1}}",true,,scenario_coverage,src/training/stepUpAlternation/__tests__/stepUpAlternation.test.ts,Current production function path re-executed or statically queried by closure harness.
tracking_loss_mid_right_lead_rep,base,original_model,production_function_execution,advanceStepUpAlternationState,advanceStepUpAlternationState,"{""featureDefaultOff"":true,""initialLeadSide"":""right"",""setIndex"":0,""trainingVoiceDefaultOff"":true}","[""deterministic production execution""]","{""defaultOpen"":false,""duplicateResult"":false,""floorGateEligible"":true,""id"":""tracking_loss_mid_right_lead_rep"",""passed"":true,""unsafeCredit"":false}","{""defaultsRemainClosed"":true,""noDuplicateResult"":true,""noUnsafeCredit"":true,""passed"":true,""productionProof"":{""blockerReasonCodes"":[""STEP_UP_ALTERNATION_READY""],""exerciseId"":""step-up"",""initialLeadSide"":""right"",""planFingerprint"":""sua1_421bd884"",""runtimeSelectable"":true,""setCount"":3,""setStartLeadSides"":[""right"",""left"",""right""],""targetLeftLeadReps"":6,""targetRightLeadReps"":6,""targetTotalReps"":12}}",true,,scenario_coverage,src/training/stepUpAlternation/__tests__/stepUpAlternation.test.ts,Current production function path re-executed or statically queried by closure harness.
pause_mid_rep,base,original_model,production_function_execution,advanceStepUpAlternationState,advanceStepUpAlternationState,"{""featureDefaultOff"":true,""initialLeadSide"":""left"",""setIndex"":0,""trainingVoiceDefaultOff"":true}","[""deterministic production execution""]","{""defaultOpen"":false,""duplicateResult"":false,""floorGateEligible"":true,""id"":""pause_mid_rep"",""passed"":true,""unsafeCredit"":false}","{""defaultsRemainClosed"":true,""noDuplicateResult"":true,""noUnsafeCredit"":true,""passed"":true,""productionProof"":{""acceptedFirstRep"":{""acceptedRepCount"":1,""expectedLeadSide"":""right"",""repSfxCount"":1},""duplicateSuppressedCount"":1,""fullSet"":{""acceptedRepCount"":12,""alternationValid"":true,""completedTarget"":true,""leftLeadRepCount"":6,""phase"":""set_complete"",""repSfxCount"":12,""rightLeadRepCount"":6},""progression"":{""alternationValid"":false,""completedSetCount"":1,""exerciseId"":""step-up"",""leftLeadReps"":6,""progressionEligible"":false,""rightLeadReps"":6,""setCount"":3,""setResults"":[{""acceptedRepCount"":12,""alternationValid"":true,""completedTarget"":true,""leftLeadRepCount"":6,""repEvidence"":[{""bothFeetAtStart"":true,""bothFeetReturnedToFloor"":true,""endReason"":""accepted"",""expectedLeadInitiatedAscent"":true,""expectedLeadSide"":""left"",""observedLeadSide"":""left"",""repAttemptId"":""full-1"",""returnedToFloorAtMs"":900,""startedAtMs"":100,""topPhaseValid"":true,""topReachedAtMs"":500,""trackingValid"":true,""valid"":true},{""bothFeetAtStart"":true,""bothFeetReturnedToFloor"":true,""endReason"":""accepted"",""expectedLeadInitiatedAscent"":true,""expectedLeadSide"":""right"",""observedLeadSide"":""right"",""repAttemptId"":""full-2"",""returnedToFloorAtMs"":900,""startedAtMs"":100,""topPhaseValid"":true,""topReachedAtMs"":500,""trackingValid"":true,""valid"":true},{""bothFeetAtStart"":true,""bothFeetReturnedToFloor"":true,""endReason"":""accepted"",""expectedLeadInitiatedAscent"":true,""expectedLeadSide"":""left"",""observedLeadSide"":""left"",""repAttemptId"":""full-3"",""returnedToFloorAtMs"":900,""startedAtMs"":100,""topPhaseValid"":true,""topReachedAtMs"":500,""trackingValid"":true,""valid"":true},{""bothFeetAtStart"":true,""bothFeetReturnedToFloor"":true,""endReason"":""accepted"",""expectedLeadInitiatedAscent"":true,""expectedLeadSide"":""right"",""observedLeadSide"":""right"",""repAttemptId"":""full-4"",""returnedToFloorAtMs"":900,""startedAtMs"":100,""topPhaseValid"":true,""topReachedAtMs"":500,""trackingValid"":true,""valid"":true},{""bothFeetAtStart"":true,""bothFeetReturnedToFloor"":true,""endReason"":""accepted"",""expectedLeadInitiatedAscent"":true,""expectedLeadSide"":""left"",""observedLeadSide"":""left"",""repAttemptId"":""full-5"",""returnedToFloorAtMs"":900,""startedAtMs"":100,""topPhaseValid"":true,""topReachedAtMs"":500,""trackingValid"":true,""valid"":true},{""bothFeetAtStart"":true,""bothFeetReturnedToFloor"":true,""endReason"":""accepted"",""expectedLeadInitiatedAscent"":true,""expectedLeadSide"":""right"",""observedLeadSide"":""right"",""repAttemptId"":""full-6"",""returnedToFloorAtMs"":900,""startedAtMs"":100,""topPhaseValid"":true,""topReachedAtMs"":500,""trackingValid"":true,""valid"":true},{""bothFeetAtStart"":true,""bothFeetReturnedToFloor"":true,""endReason"":""accepted"",""expectedLeadInitiatedAscent"":true,""expectedLeadSide"":""left"",""observedLeadSide"":""left"",""repAttemptId"":""full-7"",""returnedToFloorAtMs"":900,""startedAtMs"":100,""topPhaseValid"":true,""topReachedAtMs"":500,""trackingValid"":true,""valid"":true},{""bothFeetAtStart"":true,""bothFeetReturnedToFloor"":true,""endReason"":""accepted"",""expectedLeadInitiatedAscent"":true,""expectedLeadSide"":""right"",""observedLeadSide"":""right"",""repAttemptId"":""full-8"",""returnedToFloorAtMs"":900,""startedAtMs"":100,""topPhaseValid"":true,""topReachedAtMs"":500,""trackingValid"":true,""valid"":true},{""bothFeetAtStart"":true,""bothFeetReturnedToFloor"":true,""endReason"":""accepted"",""expectedLeadInitiatedAscent"":true,""expectedLeadSide"":""left"",""observedLeadSide"":""left"",""repAttemptId"":""full-9"",""returnedToFloorAtMs"":900,""startedAtMs"":100,""topPhaseValid"":true,""topReachedAtMs"":500,""trackingValid"":true,""valid"":true},{""bothFeetAtStart"":true,""bothFeetReturnedToFloor"":true,""endReason"":""accepted"",""expectedLeadInitiatedAscent"":true,""expectedLeadSide"":""right"",""observedLeadSide"":""right"",""repAttemptId"":""full-10"",""returnedToFloorAtMs"":900,""startedAtMs"":100,""topPhaseValid"":true,""topReachedAtMs"":500,""trackingValid"":true,""valid"":true},{""bothFeetAtStart"":true,""bothFeetReturnedToFloor"":true,""endReason"":""accepted"",""expectedLeadInitiatedAscent"":true,""expectedLeadSide"":""left"",""observedLeadSide"":""left"",""repAttemptId"":""full-11"",""returnedToFloorAtMs"":900,""startedAtMs"":100,""topPhaseValid"":true,""topReachedAtMs"":500,""trackingValid"":true,""valid"":true},{""bothFeetAtStart"":true,""bothFeetReturnedToFloor"":true,""endReason"":""accepted"",""expectedLeadInitiatedAscent"":true,""expectedLeadSide"":""right"",""observedLeadSide"":""right"",""repAttemptId"":""full-12"",""returnedToFloorAtMs"":900,""startedAtMs"":100,""topPhaseValid"":true,""topReachedAtMs"":500,""trackingValid"":true,""valid"":true}],""repSfxCount"":12,""rightLeadRepCount"":6,""setIndex"":0,""startLeadSide"":""left"",""targetTotalReps"":12}],""totalAcceptedReps"":12},""staleIgnoredCount"":1}}",true,,scenario_coverage,src/training/stepUpAlternation/__tests__/stepUpAlternation.test.ts,Current production function path re-executed or statically queried by closure harness.
background_mid_rep,base,original_model,production_function_execution,advanceStepUpAlternationState,advanceStepUpAlternationState,"{""featureDefaultOff"":true,""initialLeadSide"":""left"",""setIndex"":0,""trainingVoiceDefaultOff"":true}","[""deterministic production execution""]","{""defaultOpen"":false,""duplicateResult"":false,""floorGateEligible"":true,""id"":""background_mid_rep"",""passed"":true,""unsafeCredit"":false}","{""defaultsRemainClosed"":true,""noDuplicateResult"":true,""noUnsafeCredit"":true,""passed"":true,""productionProof"":{""acceptedFirstRep"":{""acceptedRepCount"":1,""expectedLeadSide"":""right"",""repSfxCount"":1},""duplicateSuppressedCount"":1,""fullSet"":{""acceptedRepCount"":12,""alternationValid"":true,""completedTarget"":true,""leftLeadRepCount"":6,""phase"":""set_complete"",""repSfxCount"":12,""rightLeadRepCount"":6},""progression"":{""alternationValid"":false,""completedSetCount"":1,""exerciseId"":""step-up"",""leftLeadReps"":6,""progressionEligible"":false,""rightLeadReps"":6,""setCount"":3,""setResults"":[{""acceptedRepCount"":12,""alternationValid"":true,""completedTarget"":true,""leftLeadRepCount"":6,""repEvidence"":[{""bothFeetAtStart"":true,""bothFeetReturnedToFloor"":true,""endReason"":""accepted"",""expectedLeadInitiatedAscent"":true,""expectedLeadSide"":""left"",""observedLeadSide"":""left"",""repAttemptId"":""full-1"",""returnedToFloorAtMs"":900,""startedAtMs"":100,""topPhaseValid"":true,""topReachedAtMs"":500,""trackingValid"":true,""valid"":true},{""bothFeetAtStart"":true,""bothFeetReturnedToFloor"":true,""endReason"":""accepted"",""expectedLeadInitiatedAscent"":true,""expectedLeadSide"":""right"",""observedLeadSide"":""right"",""repAttemptId"":""full-2"",""returnedToFloorAtMs"":900,""startedAtMs"":100,""topPhaseValid"":true,""topReachedAtMs"":500,""trackingValid"":true,""valid"":true},{""bothFeetAtStart"":true,""bothFeetReturnedToFloor"":true,""endReason"":""accepted"",""expectedLeadInitiatedAscent"":true,""expectedLeadSide"":""left"",""observedLeadSide"":""left"",""repAttemptId"":""full-3"",""returnedToFloorAtMs"":900,""startedAtMs"":100,""topPhaseValid"":true,""topReachedAtMs"":500,""trackingValid"":true,""valid"":true},{""bothFeetAtStart"":true,""bothFeetReturnedToFloor"":true,""endReason"":""accepted"",""expectedLeadInitiatedAscent"":true,""expectedLeadSide"":""right"",""observedLeadSide"":""right"",""repAttemptId"":""full-4"",""returnedToFloorAtMs"":900,""startedAtMs"":100,""topPhaseValid"":true,""topReachedAtMs"":500,""trackingValid"":true,""valid"":true},{""bothFeetAtStart"":true,""bothFeetReturnedToFloor"":true,""endReason"":""accepted"",""expectedLeadInitiatedAscent"":true,""expectedLeadSide"":""left"",""observedLeadSide"":""left"",""repAttemptId"":""full-5"",""returnedToFloorAtMs"":900,""startedAtMs"":100,""topPhaseValid"":true,""topReachedAtMs"":500,""trackingValid"":true,""valid"":true},{""bothFeetAtStart"":true,""bothFeetReturnedToFloor"":true,""endReason"":""accepted"",""expectedLeadInitiatedAscent"":true,""expectedLeadSide"":""right"",""observedLeadSide"":""right"",""repAttemptId"":""full-6"",""returnedToFloorAtMs"":900,""startedAtMs"":100,""topPhaseValid"":true,""topReachedAtMs"":500,""trackingValid"":true,""valid"":true},{""bothFeetAtStart"":true,""bothFeetReturnedToFloor"":true,""endReason"":""accepted"",""expectedLeadInitiatedAscent"":true,""expectedLeadSide"":""left"",""observedLeadSide"":""left"",""repAttemptId"":""full-7"",""returnedToFloorAtMs"":900,""startedAtMs"":100,""topPhaseValid"":true,""topReachedAtMs"":500,""trackingValid"":true,""valid"":true},{""bothFeetAtStart"":true,""bothFeetReturnedToFloor"":true,""endReason"":""accepted"",""expectedLeadInitiatedAscent"":true,""expectedLeadSide"":""right"",""observedLeadSide"":""right"",""repAttemptId"":""full-8"",""returnedToFloorAtMs"":900,""startedAtMs"":100,""topPhaseValid"":true,""topReachedAtMs"":500,""trackingValid"":true,""valid"":true},{""bothFeetAtStart"":true,""bothFeetReturnedToFloor"":true,""endReason"":""accepted"",""expectedLeadInitiatedAscent"":true,""expectedLeadSide"":""left"",""observedLeadSide"":""left"",""repAttemptId"":""full-9"",""returnedToFloorAtMs"":900,""startedAtMs"":100,""topPhaseValid"":true,""topReachedAtMs"":500,""trackingValid"":true,""valid"":true},{""bothFeetAtStart"":true,""bothFeetReturnedToFloor"":true,""endReason"":""accepted"",""expectedLeadInitiatedAscent"":true,""expectedLeadSide"":""right"",""observedLeadSide"":""right"",""repAttemptId"":""full-10"",""returnedToFloorAtMs"":900,""startedAtMs"":100,""topPhaseValid"":true,""topReachedAtMs"":500,""trackingValid"":true,""valid"":true},{""bothFeetAtStart"":true,""bothFeetReturnedToFloor"":true,""endReason"":""accepted"",""expectedLeadInitiatedAscent"":true,""expectedLeadSide"":""left"",""observedLeadSide"":""left"",""repAttemptId"":""full-11"",""returnedToFloorAtMs"":900,""startedAtMs"":100,""topPhaseValid"":true,""topReachedAtMs"":500,""trackingValid"":true,""valid"":true},{""bothFeetAtStart"":true,""bothFeetReturnedToFloor"":true,""endReason"":""accepted"",""expectedLeadInitiatedAscent"":true,""expectedLeadSide"":""right"",""observedLeadSide"":""right"",""repAttemptId"":""full-12"",""returnedToFloorAtMs"":900,""startedAtMs"":100,""topPhaseValid"":true,""topReachedAtMs"":500,""trackingValid"":true,""valid"":true}],""repSfxCount"":12,""rightLeadRepCount"":6,""setIndex"":0,""startLeadSide"":""left"",""targetTotalReps"":12}],""totalAcceptedReps"":12},""staleIgnoredCount"":1}}",true,,scenario_coverage,src/training/stepUpAlternation/__tests__/stepUpAlternation.test.ts,Current production function path re-executed or statically queried by closure harness.
restore_after_six_reps,base,original_model,production_serializer_roundtrip,serializeTrainingState + deserializeTrainingState,serializeTrainingState;deserializeTrainingState,"{""featureDefaultOff"":true,""initialLeadSide"":""left"",""setIndex"":0,""trainingVoiceDefaultOff"":true}","[""deterministic production execution""]","{""defaultOpen"":false,""duplicateResult"":false,""floorGateEligible"":true,""id"":""restore_after_six_reps"",""passed"":true,""unsafeCredit"":false}","{""defaultsRemainClosed"":true,""noDuplicateResult"":true,""noUnsafeCredit"":true,""passed"":true,""productionProof"":{""activeRuntimeKind"":""step_up_alternation"",""expectedLeadSide"":""right"",""generatedPlanFingerprint"":""sua1_c6eceba6"",""nextSeed"":""right"",""planFingerprint"":""sua1_c6eceba6""}}",true,,localRoundTripFailureCount;localExpectedLeadDriftCount;localPlanFingerprintDriftCount,src/training/stepUpAlternation/__tests__/stepUpAlternation.test.ts,Current production function path re-executed or statically queried by closure harness.
restore_mid_rep,base,original_model,production_serializer_roundtrip,serializeTrainingState + deserializeTrainingState,serializeTrainingState;deserializeTrainingState,"{""featureDefaultOff"":true,""initialLeadSide"":""left"",""setIndex"":0,""trainingVoiceDefaultOff"":true}","[""deterministic production execution""]","{""defaultOpen"":false,""duplicateResult"":false,""floorGateEligible"":true,""id"":""restore_mid_rep"",""passed"":true,""unsafeCredit"":false}","{""defaultsRemainClosed"":true,""noDuplicateResult"":true,""noUnsafeCredit"":true,""passed"":true,""productionProof"":{""activeRuntimeKind"":""step_up_alternation"",""expectedLeadSide"":""right"",""generatedPlanFingerprint"":""sua1_c6eceba6"",""nextSeed"":""right"",""planFingerprint"":""sua1_c6eceba6""}}",true,,localPartialRepRestoreCreditCount,src/training/stepUpAlternation/__tests__/stepUpAlternation.test.ts,Current production function path re-executed or statically queried by closure harness.
cancel_mid_set,base,original_model,production_function_execution,advanceStepUpAlternationState,advanceStepUpAlternationState,"{""featureDefaultOff"":true,""initialLeadSide"":""left"",""setIndex"":0,""trainingVoiceDefaultOff"":true}","[""deterministic production execution""]","{""defaultOpen"":false,""duplicateResult"":false,""floorGateEligible"":true,""id"":""cancel_mid_set"",""passed"":true,""unsafeCredit"":false}","{""defaultsRemainClosed"":true,""noDuplicateResult"":true,""noUnsafeCredit"":true,""passed"":true,""productionProof"":{""acceptedFirstRep"":{""acceptedRepCount"":1,""expectedLeadSide"":""right"",""repSfxCount"":1},""duplicateSuppressedCount"":1,""fullSet"":{""acceptedRepCount"":12,""alternationValid"":true,""completedTarget"":true,""leftLeadRepCount"":6,""phase"":""set_complete"",""repSfxCount"":12,""rightLeadRepCount"":6},""progression"":{""alternationValid"":false,""completedSetCount"":1,""exerciseId"":""step-up"",""leftLeadReps"":6,""progressionEligible"":false,""rightLeadReps"":6,""setCount"":3,""setResults"":[{""acceptedRepCount"":12,""alternationValid"":true,""completedTarget"":true,""leftLeadRepCount"":6,""repEvidence"":[{""bothFeetAtStart"":true,""bothFeetReturnedToFloor"":true,""endReason"":""accepted"",""expectedLeadInitiatedAscent"":true,""expectedLeadSide"":""left"",""observedLeadSide"":""left"",""repAttemptId"":""full-1"",""returnedToFloorAtMs"":900,""startedAtMs"":100,""topPhaseValid"":true,""topReachedAtMs"":500,""trackingValid"":true,""valid"":true},{""bothFeetAtStart"":true,""bothFeetReturnedToFloor"":true,""endReason"":""accepted"",""expectedLeadInitiatedAscent"":true,""expectedLeadSide"":""right"",""observedLeadSide"":""right"",""repAttemptId"":""full-2"",""returnedToFloorAtMs"":900,""startedAtMs"":100,""topPhaseValid"":true,""topReachedAtMs"":500,""trackingValid"":true,""valid"":true},{""bothFeetAtStart"":true,""bothFeetReturnedToFloor"":true,""endReason"":""accepted"",""expectedLeadInitiatedAscent"":true,""expectedLeadSide"":""left"",""observedLeadSide"":""left"",""repAttemptId"":""full-3"",""returnedToFloorAtMs"":900,""startedAtMs"":100,""topPhaseValid"":true,""topReachedAtMs"":500,""trackingValid"":true,""valid"":true},{""bothFeetAtStart"":true,""bothFeetReturnedToFloor"":true,""endReason"":""accepted"",""expectedLeadInitiatedAscent"":true,""expectedLeadSide"":""right"",""observedLeadSide"":""right"",""repAttemptId"":""full-4"",""returnedToFloorAtMs"":900,""startedAtMs"":100,""topPhaseValid"":true,""topReachedAtMs"":500,""trackingValid"":true,""valid"":true},{""bothFeetAtStart"":true,""bothFeetReturnedToFloor"":true,""endReason"":""accepted"",""expectedLeadInitiatedAscent"":true,""expectedLeadSide"":""left"",""observedLeadSide"":""left"",""repAttemptId"":""full-5"",""returnedToFloorAtMs"":900,""startedAtMs"":100,""topPhaseValid"":true,""topReachedAtMs"":500,""trackingValid"":true,""valid"":true},{""bothFeetAtStart"":true,""bothFeetReturnedToFloor"":true,""endReason"":""accepted"",""expectedLeadInitiatedAscent"":true,""expectedLeadSide"":""right"",""observedLeadSide"":""right"",""repAttemptId"":""full-6"",""returnedToFloorAtMs"":900,""startedAtMs"":100,""topPhaseValid"":true,""topReachedAtMs"":500,""trackingValid"":true,""valid"":true},{""bothFeetAtStart"":true,""bothFeetReturnedToFloor"":true,""endReason"":""accepted"",""expectedLeadInitiatedAscent"":true,""expectedLeadSide"":""left"",""observedLeadSide"":""left"",""repAttemptId"":""full-7"",""returnedToFloorAtMs"":900,""startedAtMs"":100,""topPhaseValid"":true,""topReachedAtMs"":500,""trackingValid"":true,""valid"":true},{""bothFeetAtStart"":true,""bothFeetReturnedToFloor"":true,""endReason"":""accepted"",""expectedLeadInitiatedAscent"":true,""expectedLeadSide"":""right"",""observedLeadSide"":""right"",""repAttemptId"":""full-8"",""returnedToFloorAtMs"":900,""startedAtMs"":100,""topPhaseValid"":true,""topReachedAtMs"":500,""trackingValid"":true,""valid"":true},{""bothFeetAtStart"":true,""bothFeetReturnedToFloor"":true,""endReason"":""accepted"",""expectedLeadInitiatedAscent"":true,""expectedLeadSide"":""left"",""observedLeadSide"":""left"",""repAttemptId"":""full-9"",""returnedToFloorAtMs"":900,""startedAtMs"":100,""topPhaseValid"":true,""topReachedAtMs"":500,""trackingValid"":true,""valid"":true},{""bothFeetAtStart"":true,""bothFeetReturnedToFloor"":true,""endReason"":""accepted"",""expectedLeadInitiatedAscent"":true,""expectedLeadSide"":""right"",""observedLeadSide"":""right"",""repAttemptId"":""full-10"",""returnedToFloorAtMs"":900,""startedAtMs"":100,""topPhaseValid"":true,""topReachedAtMs"":500,""trackingValid"":true,""valid"":true},{""bothFeetAtStart"":true,""bothFeetReturnedToFloor"":true,""endReason"":""accepted"",""expectedLeadInitiatedAscent"":true,""expectedLeadSide"":""left"",""observedLeadSide"":""left"",""repAttemptId"":""full-11"",""returnedToFloorAtMs"":900,""startedAtMs"":100,""topPhaseValid"":true,""topReachedAtMs"":500,""trackingValid"":true,""valid"":true},{""bothFeetAtStart"":true,""bothFeetReturnedToFloor"":true,""endReason"":""accepted"",""expectedLeadInitiatedAscent"":true,""expectedLeadSide"":""right"",""observedLeadSide"":""right"",""repAttemptId"":""full-12"",""returnedToFloorAtMs"":900,""startedAtMs"":100,""topPhaseValid"":true,""topReachedAtMs"":500,""trackingValid"":true,""valid"":true}],""repSfxCount"":12,""rightLeadRepCount"":6,""setIndex"":0,""startLeadSide"":""left"",""targetTotalReps"":12}],""totalAcceptedReps"":12},""staleIgnoredCount"":1}}",true,,skipCancelIncompleteSeedFlipCount,src/training/stepUpAlternation/__tests__/stepUpAlternation.test.ts,Current production function path re-executed or statically queried by closure harness.
skip_mid_set,base,original_model,production_function_execution,applyBothSidesExerciseCompletionToStartSideSeed,applyBothSidesExerciseCompletionToStartSideSeed,"{""featureDefaultOff"":true,""initialLeadSide"":""left"",""setIndex"":0,""trainingVoiceDefaultOff"":true}","[""deterministic production execution""]","{""defaultOpen"":false,""duplicateResult"":false,""floorGateEligible"":true,""id"":""skip_mid_set"",""passed"":true,""unsafeCredit"":false}","{""defaultsRemainClosed"":true,""noDuplicateResult"":true,""noUnsafeCredit"":true,""passed"":true,""productionProof"":{""seedPolicy"":""main-plan flips once; manual/skip/duplicates do not mutate""}}",true,,skipCancelIncompleteSeedFlipCount,src/training/stepUpAlternation/__tests__/stepUpAlternation.test.ts,Current production function path re-executed or statically queried by closure harness.
default_target_12,base,original_model,static_default_query,readiness/default exported constants,TRAINING_STEP_UP_ALTERNATION_DEFAULT_ENABLED;TRAINING_VOICE_V2_1_AUDIO_READY;EYES_OPEN_BALANCE_PROTOCOL_V2_SELECTABLE,"{""featureDefaultOff"":true,""initialLeadSide"":""left"",""setIndex"":0,""trainingVoiceDefaultOff"":true}","[""deterministic production execution""]","{""defaultOpen"":false,""duplicateResult"":false,""floorGateEligible"":true,""id"":""default_target_12"",""passed"":true,""unsafeCredit"":false}","{""defaultsRemainClosed"":true,""noDuplicateResult"":true,""noUnsafeCredit"":true,""passed"":true,""productionProof"":{""balanceV2AudioReady"":false,""balanceV2Selectable"":false,""stepUpAlternationDefaultEnabled"":false,""trainingVoiceV21AudioReady"":false,""trainingVoiceV21BehaviorReady"":false,""trainingVoiceV21DefaultEnabled"":false}}",true,,scenario_coverage,src/training/stepUpAlternation/__tests__/stepUpAlternation.test.ts,Current production function path re-executed or statically queried by closure harness.
even_scaled_target_10,base,original_model,production_function_execution,advanceStepUpAlternationState,advanceStepUpAlternationState,"{""featureDefaultOff"":true,""initialLeadSide"":""left"",""setIndex"":0,""trainingVoiceDefaultOff"":true}","[""deterministic production execution""]","{""defaultOpen"":false,""duplicateResult"":false,""floorGateEligible"":true,""id"":""even_scaled_target_10"",""passed"":true,""unsafeCredit"":false}","{""defaultsRemainClosed"":true,""noDuplicateResult"":true,""noUnsafeCredit"":true,""passed"":true,""productionProof"":{""acceptedFirstRep"":{""acceptedRepCount"":1,""expectedLeadSide"":""right"",""repSfxCount"":1},""duplicateSuppressedCount"":1,""fullSet"":{""acceptedRepCount"":12,""alternationValid"":true,""completedTarget"":true,""leftLeadRepCount"":6,""phase"":""set_complete"",""repSfxCount"":12,""rightLeadRepCount"":6},""progression"":{""alternationValid"":false,""completedSetCount"":1,""exerciseId"":""step-up"",""leftLeadReps"":6,""progressionEligible"":false,""rightLeadReps"":6,""setCount"":3,""setResults"":[{""acceptedRepCount"":12,""alternationValid"":true,""completedTarget"":true,""leftLeadRepCount"":6,""repEvidence"":[{""bothFeetAtStart"":true,""bothFeetReturnedToFloor"":true,""endReason"":""accepted"",""expectedLeadInitiatedAscent"":true,""expectedLeadSide"":""left"",""observedLeadSide"":""left"",""repAttemptId"":""full-1"",""returnedToFloorAtMs"":900,""startedAtMs"":100,""topPhaseValid"":true,""topReachedAtMs"":500,""trackingValid"":true,""valid"":true},{""bothFeetAtStart"":true,""bothFeetReturnedToFloor"":true,""endReason"":""accepted"",""expectedLeadInitiatedAscent"":true,""expectedLeadSide"":""right"",""observedLeadSide"":""right"",""repAttemptId"":""full-2"",""returnedToFloorAtMs"":900,""startedAtMs"":100,""topPhaseValid"":true,""topReachedAtMs"":500,""trackingValid"":true,""valid"":true},{""bothFeetAtStart"":true,""bothFeetReturnedToFloor"":true,""endReason"":""accepted"",""expectedLeadInitiatedAscent"":true,""expectedLeadSide"":""left"",""observedLeadSide"":""left"",""repAttemptId"":""full-3"",""returnedToFloorAtMs"":900,""startedAtMs"":100,""topPhaseValid"":true,""topReachedAtMs"":500,""trackingValid"":true,""valid"":true},{""bothFeetAtStart"":true,""bothFeetReturnedToFloor"":true,""endReason"":""accepted"",""expectedLeadInitiatedAscent"":true,""expectedLeadSide"":""right"",""observedLeadSide"":""right"",""repAttemptId"":""full-4"",""returnedToFloorAtMs"":900,""startedAtMs"":100,""topPhaseValid"":true,""topReachedAtMs"":500,""trackingValid"":true,""valid"":true},{""bothFeetAtStart"":true,""bothFeetReturnedToFloor"":true,""endReason"":""accepted"",""expectedLeadInitiatedAscent"":true,""expectedLeadSide"":""left"",""observedLeadSide"":""left"",""repAttemptId"":""full-5"",""returnedToFloorAtMs"":900,""startedAtMs"":100,""topPhaseValid"":true,""topReachedAtMs"":500,""trackingValid"":true,""valid"":true},{""bothFeetAtStart"":true,""bothFeetReturnedToFloor"":true,""endReason"":""accepted"",""expectedLeadInitiatedAscent"":true,""expectedLeadSide"":""right"",""observedLeadSide"":""right"",""repAttemptId"":""full-6"",""returnedToFloorAtMs"":900,""startedAtMs"":100,""topPhaseValid"":true,""topReachedAtMs"":500,""trackingValid"":true,""valid"":true},{""bothFeetAtStart"":true,""bothFeetReturnedToFloor"":true,""endReason"":""accepted"",""expectedLeadInitiatedAscent"":true,""expectedLeadSide"":""left"",""observedLeadSide"":""left"",""repAttemptId"":""full-7"",""returnedToFloorAtMs"":900,""startedAtMs"":100,""topPhaseValid"":true,""topReachedAtMs"":500,""trackingValid"":true,""valid"":true},{""bothFeetAtStart"":true,""bothFeetReturnedToFloor"":true,""endReason"":""accepted"",""expectedLeadInitiatedAscent"":true,""expectedLeadSide"":""right"",""observedLeadSide"":""right"",""repAttemptId"":""full-8"",""returnedToFloorAtMs"":900,""startedAtMs"":100,""topPhaseValid"":true,""topReachedAtMs"":500,""trackingValid"":true,""valid"":true},{""bothFeetAtStart"":true,""bothFeetReturnedToFloor"":true,""endReason"":""accepted"",""expectedLeadInitiatedAscent"":true,""expectedLeadSide"":""left"",""observedLeadSide"":""left"",""repAttemptId"":""full-9"",""returnedToFloorAtMs"":900,""startedAtMs"":100,""topPhaseValid"":true,""topReachedAtMs"":500,""trackingValid"":true,""valid"":true},{""bothFeetAtStart"":true,""bothFeetReturnedToFloor"":true,""endReason"":""accepted"",""expectedLeadInitiatedAscent"":true,""expectedLeadSide"":""right"",""observedLeadSide"":""right"",""repAttemptId"":""full-10"",""returnedToFloorAtMs"":900,""startedAtMs"":100,""topPhaseValid"":true,""topReachedAtMs"":500,""trackingValid"":true,""valid"":true},{""bothFeetAtStart"":true,""bothFeetReturnedToFloor"":true,""endReason"":""accepted"",""expectedLeadInitiatedAscent"":true,""expectedLeadSide"":""left"",""observedLeadSide"":""left"",""repAttemptId"":""full-11"",""returnedToFloorAtMs"":900,""startedAtMs"":100,""topPhaseValid"":true,""topReachedAtMs"":500,""trackingValid"":true,""valid"":true},{""bothFeetAtStart"":true,""bothFeetReturnedToFloor"":true,""endReason"":""accepted"",""expectedLeadInitiatedAscent"":true,""expectedLeadSide"":""right"",""observedLeadSide"":""right"",""repAttemptId"":""full-12"",""returnedToFloorAtMs"":900,""startedAtMs"":100,""topPhaseValid"":true,""topReachedAtMs"":500,""trackingValid"":true,""valid"":true}],""repSfxCount"":12,""rightLeadRepCount"":6,""setIndex"":0,""startLeadSide"":""left"",""targetTotalReps"":12}],""totalAcceptedReps"":12},""staleIgnoredCount"":1}}",true,,scenario_coverage,src/training/stepUpAlternation/__tests__/stepUpAlternation.test.ts,Current production function path re-executed or statically queried by closure harness.
odd_scaled_target_9_blocked,base,original_model,production_function_execution,advanceStepUpAlternationState,advanceStepUpAlternationState,"{""featureDefaultOff"":true,""initialLeadSide"":""left"",""setIndex"":0,""trainingVoiceDefaultOff"":true}","[""deterministic production execution""]","{""defaultOpen"":false,""duplicateResult"":false,""floorGateEligible"":true,""id"":""odd_scaled_target_9_blocked"",""passed"":true,""unsafeCredit"":false}","{""defaultsRemainClosed"":true,""noDuplicateResult"":true,""noUnsafeCredit"":true,""passed"":true,""productionProof"":{""acceptedFirstRep"":{""acceptedRepCount"":1,""expectedLeadSide"":""right"",""repSfxCount"":1},""duplicateSuppressedCount"":1,""fullSet"":{""acceptedRepCount"":12,""alternationValid"":true,""completedTarget"":true,""leftLeadRepCount"":6,""phase"":""set_complete"",""repSfxCount"":12,""rightLeadRepCount"":6},""progression"":{""alternationValid"":false,""completedSetCount"":1,""exerciseId"":""step-up"",""leftLeadReps"":6,""progressionEligible"":false,""rightLeadReps"":6,""setCount"":3,""setResults"":[{""acceptedRepCount"":12,""alternationValid"":true,""completedTarget"":true,""leftLeadRepCount"":6,""repEvidence"":[{""bothFeetAtStart"":true,""bothFeetReturnedToFloor"":true,""endReason"":""accepted"",""expectedLeadInitiatedAscent"":true,""expectedLeadSide"":""left"",""observedLeadSide"":""left"",""repAttemptId"":""full-1"",""returnedToFloorAtMs"":900,""startedAtMs"":100,""topPhaseValid"":true,""topReachedAtMs"":500,""trackingValid"":true,""valid"":true},{""bothFeetAtStart"":true,""bothFeetReturnedToFloor"":true,""endReason"":""accepted"",""expectedLeadInitiatedAscent"":true,""expectedLeadSide"":""right"",""observedLeadSide"":""right"",""repAttemptId"":""full-2"",""returnedToFloorAtMs"":900,""startedAtMs"":100,""topPhaseValid"":true,""topReachedAtMs"":500,""trackingValid"":true,""valid"":true},{""bothFeetAtStart"":true,""bothFeetReturnedToFloor"":true,""endReason"":""accepted"",""expectedLeadInitiatedAscent"":true,""expectedLeadSide"":""left"",""observedLeadSide"":""left"",""repAttemptId"":""full-3"",""returnedToFloorAtMs"":900,""startedAtMs"":100,""topPhaseValid"":true,""topReachedAtMs"":500,""trackingValid"":true,""valid"":true},{""bothFeetAtStart"":true,""bothFeetReturnedToFloor"":true,""endReason"":""accepted"",""expectedLeadInitiatedAscent"":true,""expectedLeadSide"":""right"",""observedLeadSide"":""right"",""repAttemptId"":""full-4"",""returnedToFloorAtMs"":900,""startedAtMs"":100,""topPhaseValid"":true,""topReachedAtMs"":500,""trackingValid"":true,""valid"":true},{""bothFeetAtStart"":true,""bothFeetReturnedToFloor"":true,""endReason"":""accepted"",""expectedLeadInitiatedAscent"":true,""expectedLeadSide"":""left"",""observedLeadSide"":""left"",""repAttemptId"":""full-5"",""returnedToFloorAtMs"":900,""startedAtMs"":100,""topPhaseValid"":true,""topReachedAtMs"":500,""trackingValid"":true,""valid"":true},{""bothFeetAtStart"":true,""bothFeetReturnedToFloor"":true,""endReason"":""accepted"",""expectedLeadInitiatedAscent"":true,""expectedLeadSide"":""right"",""observedLeadSide"":""right"",""repAttemptId"":""full-6"",""returnedToFloorAtMs"":900,""startedAtMs"":100,""topPhaseValid"":true,""topReachedAtMs"":500,""trackingValid"":true,""valid"":true},{""bothFeetAtStart"":true,""bothFeetReturnedToFloor"":true,""endReason"":""accepted"",""expectedLeadInitiatedAscent"":true,""expectedLeadSide"":""left"",""observedLeadSide"":""left"",""repAttemptId"":""full-7"",""returnedToFloorAtMs"":900,""startedAtMs"":100,""topPhaseValid"":true,""topReachedAtMs"":500,""trackingValid"":true,""valid"":true},{""bothFeetAtStart"":true,""bothFeetReturnedToFloor"":true,""endReason"":""accepted"",""expectedLeadInitiatedAscent"":true,""expectedLeadSide"":""right"",""observedLeadSide"":""right"",""repAttemptId"":""full-8"",""returnedToFloorAtMs"":900,""startedAtMs"":100,""topPhaseValid"":true,""topReachedAtMs"":500,""trackingValid"":true,""valid"":true},{""bothFeetAtStart"":true,""bothFeetReturnedToFloor"":true,""endReason"":""accepted"",""expectedLeadInitiatedAscent"":true,""expectedLeadSide"":""left"",""observedLeadSide"":""left"",""repAttemptId"":""full-9"",""returnedToFloorAtMs"":900,""startedAtMs"":100,""topPhaseValid"":true,""topReachedAtMs"":500,""trackingValid"":true,""valid"":true},{""bothFeetAtStart"":true,""bothFeetReturnedToFloor"":true,""endReason"":""accepted"",""expectedLeadInitiatedAscent"":true,""expectedLeadSide"":""right"",""observedLeadSide"":""right"",""repAttemptId"":""full-10"",""returnedToFloorAtMs"":900,""startedAtMs"":100,""topPhaseValid"":true,""topReachedAtMs"":500,""trackingValid"":true,""valid"":true},{""bothFeetAtStart"":true,""bothFeetReturnedToFloor"":true,""endReason"":""accepted"",""expectedLeadInitiatedAscent"":true,""expectedLeadSide"":""left"",""observedLeadSide"":""left"",""repAttemptId"":""full-11"",""returnedToFloorAtMs"":900,""startedAtMs"":100,""topPhaseValid"":true,""topReachedAtMs"":500,""trackingValid"":true,""valid"":true},{""bothFeetAtStart"":true,""bothFeetReturnedToFloor"":true,""endReason"":""accepted"",""expectedLeadInitiatedAscent"":true,""expectedLeadSide"":""right"",""observedLeadSide"":""right"",""repAttemptId"":""full-12"",""returnedToFloorAtMs"":900,""startedAtMs"":100,""topPhaseValid"":true,""topReachedAtMs"":500,""trackingValid"":true,""valid"":true}],""repSfxCount"":12,""rightLeadRepCount"":6,""setIndex"":0,""startLeadSide"":""left"",""targetTotalReps"":12}],""totalAcceptedReps"":12},""staleIgnoredCount"":1}}",true,,scenario_coverage,src/training/stepUpAlternation/__tests__/stepUpAlternation.test.ts,Current production function path re-executed or statically queried by closure harness.
noninteger_target_blocked,base,original_model,production_function_execution,advanceStepUpAlternationState,advanceStepUpAlternationState,"{""featureDefaultOff"":true,""initialLeadSide"":""left"",""setIndex"":0,""trainingVoiceDefaultOff"":true}","[""deterministic production execution""]","{""defaultOpen"":false,""duplicateResult"":false,""floorGateEligible"":true,""id"":""noninteger_target_blocked"",""passed"":true,""unsafeCredit"":false}","{""defaultsRemainClosed"":true,""noDuplicateResult"":true,""noUnsafeCredit"":true,""passed"":true,""productionProof"":{""acceptedFirstRep"":{""acceptedRepCount"":1,""expectedLeadSide"":""right"",""repSfxCount"":1},""duplicateSuppressedCount"":1,""fullSet"":{""acceptedRepCount"":12,""alternationValid"":true,""completedTarget"":true,""leftLeadRepCount"":6,""phase"":""set_complete"",""repSfxCount"":12,""rightLeadRepCount"":6},""progression"":{""alternationValid"":false,""completedSetCount"":1,""exerciseId"":""step-up"",""leftLeadReps"":6,""progressionEligible"":false,""rightLeadReps"":6,""setCount"":3,""setResults"":[{""acceptedRepCount"":12,""alternationValid"":true,""completedTarget"":true,""leftLeadRepCount"":6,""repEvidence"":[{""bothFeetAtStart"":true,""bothFeetReturnedToFloor"":true,""endReason"":""accepted"",""expectedLeadInitiatedAscent"":true,""expectedLeadSide"":""left"",""observedLeadSide"":""left"",""repAttemptId"":""full-1"",""returnedToFloorAtMs"":900,""startedAtMs"":100,""topPhaseValid"":true,""topReachedAtMs"":500,""trackingValid"":true,""valid"":true},{""bothFeetAtStart"":true,""bothFeetReturnedToFloor"":true,""endReason"":""accepted"",""expectedLeadInitiatedAscent"":true,""expectedLeadSide"":""right"",""observedLeadSide"":""right"",""repAttemptId"":""full-2"",""returnedToFloorAtMs"":900,""startedAtMs"":100,""topPhaseValid"":true,""topReachedAtMs"":500,""trackingValid"":true,""valid"":true},{""bothFeetAtStart"":true,""bothFeetReturnedToFloor"":true,""endReason"":""accepted"",""expectedLeadInitiatedAscent"":true,""expectedLeadSide"":""left"",""observedLeadSide"":""left"",""repAttemptId"":""full-3"",""returnedToFloorAtMs"":900,""startedAtMs"":100,""topPhaseValid"":true,""topReachedAtMs"":500,""trackingValid"":true,""valid"":true},{""bothFeetAtStart"":true,""bothFeetReturnedToFloor"":true,""endReason"":""accepted"",""expectedLeadInitiatedAscent"":true,""expectedLeadSide"":""right"",""observedLeadSide"":""right"",""repAttemptId"":""full-4"",""returnedToFloorAtMs"":900,""startedAtMs"":100,""topPhaseValid"":true,""topReachedAtMs"":500,""trackingValid"":true,""valid"":true},{""bothFeetAtStart"":true,""bothFeetReturnedToFloor"":true,""endReason"":""accepted"",""expectedLeadInitiatedAscent"":true,""expectedLeadSide"":""left"",""observedLeadSide"":""left"",""repAttemptId"":""full-5"",""returnedToFloorAtMs"":900,""startedAtMs"":100,""topPhaseValid"":true,""topReachedAtMs"":500,""trackingValid"":true,""valid"":true},{""bothFeetAtStart"":true,""bothFeetReturnedToFloor"":true,""endReason"":""accepted"",""expectedLeadInitiatedAscent"":true,""expectedLeadSide"":""right"",""observedLeadSide"":""right"",""repAttemptId"":""full-6"",""returnedToFloorAtMs"":900,""startedAtMs"":100,""topPhaseValid"":true,""topReachedAtMs"":500,""trackingValid"":true,""valid"":true},{""bothFeetAtStart"":true,""bothFeetReturnedToFloor"":true,""endReason"":""accepted"",""expectedLeadInitiatedAscent"":true,""expectedLeadSide"":""left"",""observedLeadSide"":""left"",""repAttemptId"":""full-7"",""returnedToFloorAtMs"":900,""startedAtMs"":100,""topPhaseValid"":true,""topReachedAtMs"":500,""trackingValid"":true,""valid"":true},{""bothFeetAtStart"":true,""bothFeetReturnedToFloor"":true,""endReason"":""accepted"",""expectedLeadInitiatedAscent"":true,""expectedLeadSide"":""right"",""observedLeadSide"":""right"",""repAttemptId"":""full-8"",""returnedToFloorAtMs"":900,""startedAtMs"":100,""topPhaseValid"":true,""topReachedAtMs"":500,""trackingValid"":true,""valid"":true},{""bothFeetAtStart"":true,""bothFeetReturnedToFloor"":true,""endReason"":""accepted"",""expectedLeadInitiatedAscent"":true,""expectedLeadSide"":""left"",""observedLeadSide"":""left"",""repAttemptId"":""full-9"",""returnedToFloorAtMs"":900,""startedAtMs"":100,""topPhaseValid"":true,""topReachedAtMs"":500,""trackingValid"":true,""valid"":true},{""bothFeetAtStart"":true,""bothFeetReturnedToFloor"":true,""endReason"":""accepted"",""expectedLeadInitiatedAscent"":true,""expectedLeadSide"":""right"",""observedLeadSide"":""right"",""repAttemptId"":""full-10"",""returnedToFloorAtMs"":900,""startedAtMs"":100,""topPhaseValid"":true,""topReachedAtMs"":500,""trackingValid"":true,""valid"":true},{""bothFeetAtStart"":true,""bothFeetReturnedToFloor"":true,""endReason"":""accepted"",""expectedLeadInitiatedAscent"":true,""expectedLeadSide"":""left"",""observedLeadSide"":""left"",""repAttemptId"":""full-11"",""returnedToFloorAtMs"":900,""startedAtMs"":100,""topPhaseValid"":true,""topReachedAtMs"":500,""trackingValid"":true,""valid"":true},{""bothFeetAtStart"":true,""bothFeetReturnedToFloor"":true,""endReason"":""accepted"",""expectedLeadInitiatedAscent"":true,""expectedLeadSide"":""right"",""observedLeadSide"":""right"",""repAttemptId"":""full-12"",""returnedToFloorAtMs"":900,""startedAtMs"":100,""topPhaseValid"":true,""topReachedAtMs"":500,""trackingValid"":true,""valid"":true}],""repSfxCount"":12,""rightLeadRepCount"":6,""setIndex"":0,""startLeadSide"":""left"",""targetTotalReps"":12}],""totalAcceptedReps"":12},""staleIgnoredCount"":1}}",true,,scenario_coverage,src/training/stepUpAlternation/__tests__/stepUpAlternation.test.ts,Current production function path re-executed or statically queried by closure harness.
short_session_final_target,base,original_model,production_function_execution,advanceStepUpAlternationState,advanceStepUpAlternationState,"{""featureDefaultOff"":true,""initialLeadSide"":""left"",""setIndex"":0,""trainingVoiceDefaultOff"":true}","[""deterministic production execution""]","{""defaultOpen"":false,""duplicateResult"":false,""floorGateEligible"":true,""id"":""short_session_final_target"",""passed"":true,""unsafeCredit"":false}","{""defaultsRemainClosed"":true,""noDuplicateResult"":true,""noUnsafeCredit"":true,""passed"":true,""productionProof"":{""acceptedFirstRep"":{""acceptedRepCount"":1,""expectedLeadSide"":""right"",""repSfxCount"":1},""duplicateSuppressedCount"":1,""fullSet"":{""acceptedRepCount"":12,""alternationValid"":true,""completedTarget"":true,""leftLeadRepCount"":6,""phase"":""set_complete"",""repSfxCount"":12,""rightLeadRepCount"":6},""progression"":{""alternationValid"":false,""completedSetCount"":1,""exerciseId"":""step-up"",""leftLeadReps"":6,""progressionEligible"":false,""rightLeadReps"":6,""setCount"":3,""setResults"":[{""acceptedRepCount"":12,""alternationValid"":true,""completedTarget"":true,""leftLeadRepCount"":6,""repEvidence"":[{""bothFeetAtStart"":true,""bothFeetReturnedToFloor"":true,""endReason"":""accepted"",""expectedLeadInitiatedAscent"":true,""expectedLeadSide"":""left"",""observedLeadSide"":""left"",""repAttemptId"":""full-1"",""returnedToFloorAtMs"":900,""startedAtMs"":100,""topPhaseValid"":true,""topReachedAtMs"":500,""trackingValid"":true,""valid"":true},{""bothFeetAtStart"":true,""bothFeetReturnedToFloor"":true,""endReason"":""accepted"",""expectedLeadInitiatedAscent"":true,""expectedLeadSide"":""right"",""observedLeadSide"":""right"",""repAttemptId"":""full-2"",""returnedToFloorAtMs"":900,""startedAtMs"":100,""topPhaseValid"":true,""topReachedAtMs"":500,""trackingValid"":true,""valid"":true},{""bothFeetAtStart"":true,""bothFeetReturnedToFloor"":true,""endReason"":""accepted"",""expectedLeadInitiatedAscent"":true,""expectedLeadSide"":""left"",""observedLeadSide"":""left"",""repAttemptId"":""full-3"",""returnedToFloorAtMs"":900,""startedAtMs"":100,""topPhaseValid"":true,""topReachedAtMs"":500,""trackingValid"":true,""valid"":true},{""bothFeetAtStart"":true,""bothFeetReturnedToFloor"":true,""endReason"":""accepted"",""expectedLeadInitiatedAscent"":true,""expectedLeadSide"":""right"",""observedLeadSide"":""right"",""repAttemptId"":""full-4"",""returnedToFloorAtMs"":900,""startedAtMs"":100,""topPhaseValid"":true,""topReachedAtMs"":500,""trackingValid"":true,""valid"":true},{""bothFeetAtStart"":true,""bothFeetReturnedToFloor"":true,""endReason"":""accepted"",""expectedLeadInitiatedAscent"":true,""expectedLeadSide"":""left"",""observedLeadSide"":""left"",""repAttemptId"":""full-5"",""returnedToFloorAtMs"":900,""startedAtMs"":100,""topPhaseValid"":true,""topReachedAtMs"":500,""trackingValid"":true,""valid"":true},{""bothFeetAtStart"":true,""bothFeetReturnedToFloor"":true,""endReason"":""accepted"",""expectedLeadInitiatedAscent"":true,""expectedLeadSide"":""right"",""observedLeadSide"":""right"",""repAttemptId"":""full-6"",""returnedToFloorAtMs"":900,""startedAtMs"":100,""topPhaseValid"":true,""topReachedAtMs"":500,""trackingValid"":true,""valid"":true},{""bothFeetAtStart"":true,""bothFeetReturnedToFloor"":true,""endReason"":""accepted"",""expectedLeadInitiatedAscent"":true,""expectedLeadSide"":""left"",""observedLeadSide"":""left"",""repAttemptId"":""full-7"",""returnedToFloorAtMs"":900,""startedAtMs"":100,""topPhaseValid"":true,""topReachedAtMs"":500,""trackingValid"":true,""valid"":true},{""bothFeetAtStart"":true,""bothFeetReturnedToFloor"":true,""endReason"":""accepted"",""expectedLeadInitiatedAscent"":true,""expectedLeadSide"":""right"",""observedLeadSide"":""right"",""repAttemptId"":""full-8"",""returnedToFloorAtMs"":900,""startedAtMs"":100,""topPhaseValid"":true,""topReachedAtMs"":500,""trackingValid"":true,""valid"":true},{""bothFeetAtStart"":true,""bothFeetReturnedToFloor"":true,""endReason"":""accepted"",""expectedLeadInitiatedAscent"":true,""expectedLeadSide"":""left"",""observedLeadSide"":""left"",""repAttemptId"":""full-9"",""returnedToFloorAtMs"":900,""startedAtMs"":100,""topPhaseValid"":true,""topReachedAtMs"":500,""trackingValid"":true,""valid"":true},{""bothFeetAtStart"":true,""bothFeetReturnedToFloor"":true,""endReason"":""accepted"",""expectedLeadInitiatedAscent"":true,""expectedLeadSide"":""right"",""observedLeadSide"":""right"",""repAttemptId"":""full-10"",""returnedToFloorAtMs"":900,""startedAtMs"":100,""topPhaseValid"":true,""topReachedAtMs"":500,""trackingValid"":true,""valid"":true},{""bothFeetAtStart"":true,""bothFeetReturnedToFloor"":true,""endReason"":""accepted"",""expectedLeadInitiatedAscent"":true,""expectedLeadSide"":""left"",""observedLeadSide"":""left"",""repAttemptId"":""full-11"",""returnedToFloorAtMs"":900,""startedAtMs"":100,""topPhaseValid"":true,""topReachedAtMs"":500,""trackingValid"":true,""valid"":true},{""bothFeetAtStart"":true,""bothFeetReturnedToFloor"":true,""endReason"":""accepted"",""expectedLeadInitiatedAscent"":true,""expectedLeadSide"":""right"",""observedLeadSide"":""right"",""repAttemptId"":""full-12"",""returnedToFloorAtMs"":900,""startedAtMs"":100,""topPhaseValid"":true,""topReachedAtMs"":500,""trackingValid"":true,""valid"":true}],""repSfxCount"":12,""rightLeadRepCount"":6,""setIndex"":0,""startLeadSide"":""left"",""targetTotalReps"":12}],""totalAcceptedReps"":12},""staleIgnoredCount"":1}}",true,,scenario_coverage,src/training/stepUpAlternation/__tests__/stepUpAlternation.test.ts,Current production function path re-executed or statically queried by closure harness.
visible_voice_runtime_target_match,base,original_model,production_voice_planner_execution,StepUpAlternationSetRuntime.update,StepUpAlternationSetRuntime.update,"{""featureDefaultOff"":true,""initialLeadSide"":""left"",""setIndex"":0,""trainingVoiceDefaultOff"":true}","[""step-up context"",""Training Voice V2.1 sequence planner""]","{""defaultOpen"":false,""duplicateResult"":false,""floorGateEligible"":true,""id"":""visible_voice_runtime_target_match"",""passed"":true,""unsafeCredit"":false}","{""defaultsRemainClosed"":true,""noDuplicateResult"":true,""noUnsafeCredit"":true,""passed"":true,""productionProof"":{""duplicateAcceptedEvents"":1,""duplicateAcceptedRepCount"":1,""leftAcceptedCount"":1,""noReturnAcceptedCount"":0,""partialAttemptId"":""step-up-set-1-rep-1-epoch-2"",""rightAcceptedCount"":1,""serializedRuntime"":{""adapter"":{""floorBaseline"":{""leftFootY"":0.8933333333333334,""rightFootY"":0.8933333333333334},""schemaVersion"":1},""kind"":""step_up_alternation"",""schemaVersion"":1,""state"":{""acceptedRepCount"":1,""currentRepAttemptId"":null,""duplicateSuppressedCount"":0,""expectedLeadSide"":""right"",""ignoredStaleActionCount"":0,""leftLeadRepCount"":1,""phase"":""ready_both_feet_floor"",""plan"":{""blockerReasonCodes"":[""STEP_UP_ALTERNATION_READY""],""exerciseId"":""step-up"",""initialLeadSide"":""left"",""planFingerprint"":""sua1_c6eceba6"",""runtimeSelectable"":true,""setCount"":3,""setStartLeadSides"":[""left"",""right"",""left""],""sourcePrescriptionFingerprint"":""step-up-source_731cf0ad"",""sourceSetCount"":3,""sourceTargetRepsPerSet"":12,""targetLeftLeadReps"":6,""targetRightLeadReps"":6,""targetTotalReps"":12,""version"":1},""repEvidence"":[{""bothFeetAtStart"":true,""bothFeetReturnedToFloor"":true,""endReason"":""accepted"",""expectedLeadInitiatedAscent"":true,""expectedLeadSide"":""left"",""observedLeadSide"":""left"",""repAttemptId"":""step-up-set-1-rep-1-epoch-2"",""returnedToFloorAtMs"":5400,""startedAtMs"":4566,""topPhaseValid"":true,""topReachedAtMs"":5099,""trackingValid"":true,""valid"":true}],""repSfxCount"":1,""retiredRepAttemptIds"":[""step-up-set-1-rep-1-epoch-2""],""rightLeadRepCount"":0,""setIndex"":0,""stageEpoch"":4,""startLeadSide"":""left"",""wrongLeadCount"":0}},""staleTailAcceptedCount"":0,""trackingAcceptedRepCount"":0,""trackingPhaseAfterPause"":""awaiting_expected_lead"",""unknownAcceptedCount"":0,""wrongAcceptedCount"":0,""wrongLeadCount"":1}}",true,,voiceExpectedLeadMismatchCount;voiceTargetMismatchCount;voiceContextMismatchCount,src/training/voiceV21/__tests__/foundation.test.ts;src/training/stepUpAlternation/__tests__/stepUpRuntimeIntegration.test.ts;src/training/stepUpAlternation/__tests__/stepUpAlternation.test.ts,Current production function path re-executed or statically queried by closure harness.
seed_defaults_left,base,original_model,static_default_query,applyBothSidesExerciseCompletionToStartSideSeed,applyBothSidesExerciseCompletionToStartSideSeed,"{""featureDefaultOff"":true,""initialLeadSide"":""left"",""setIndex"":0,""trainingVoiceDefaultOff"":true}","[""deterministic production execution""]","{""defaultOpen"":false,""duplicateResult"":false,""floorGateEligible"":true,""id"":""seed_defaults_left"",""passed"":true,""unsafeCredit"":false}","{""defaultsRemainClosed"":true,""noDuplicateResult"":true,""noUnsafeCredit"":true,""passed"":true,""productionProof"":{""balanceV2AudioReady"":false,""balanceV2Selectable"":false,""stepUpAlternationDefaultEnabled"":false,""trainingVoiceV21AudioReady"":false,""trainingVoiceV21BehaviorReady"":false,""trainingVoiceV21DefaultEnabled"":false}}",true,,scenario_coverage,src/training/stepUpAlternation/__tests__/stepUpAlternation.test.ts,Current production function path re-executed or statically queried by closure harness.
successful_completion_flips_seed,base,original_model,production_function_execution,applyBothSidesExerciseCompletionToStartSideSeed,applyBothSidesExerciseCompletionToStartSideSeed,"{""featureDefaultOff"":true,""initialLeadSide"":""left"",""setIndex"":0,""trainingVoiceDefaultOff"":true}","[""deterministic production execution""]","{""defaultOpen"":false,""duplicateResult"":false,""floorGateEligible"":true,""id"":""successful_completion_flips_seed"",""passed"":true,""unsafeCredit"":false}","{""defaultsRemainClosed"":true,""noDuplicateResult"":true,""noUnsafeCredit"":true,""passed"":true,""productionProof"":{""seedPolicy"":""main-plan flips once; manual/skip/duplicates do not mutate""}}",true,,successfulMainPlanSeedFlipFailureCount;seedMutationFailureCount,src/training/stepUpAlternation/__tests__/stepUpAlternation.test.ts,Current production function path re-executed or statically queried by closure harness.
skip_does_not_flip_seed,base,original_model,production_function_execution,applyBothSidesExerciseCompletionToStartSideSeed,applyBothSidesExerciseCompletionToStartSideSeed,"{""featureDefaultOff"":true,""initialLeadSide"":""left"",""setIndex"":0,""trainingVoiceDefaultOff"":true}","[""deterministic production execution""]","{""defaultOpen"":false,""duplicateResult"":false,""floorGateEligible"":true,""id"":""skip_does_not_flip_seed"",""passed"":true,""unsafeCredit"":false}","{""defaultsRemainClosed"":true,""noDuplicateResult"":true,""noUnsafeCredit"":true,""passed"":true,""productionProof"":{""seedPolicy"":""main-plan flips once; manual/skip/duplicates do not mutate""}}",true,,skipCancelIncompleteSeedFlipCount;seedMutationFailureCount,src/training/stepUpAlternation/__tests__/stepUpAlternation.test.ts,Current production function path re-executed or statically queried by closure harness.
manual_practice_does_not_flip_seed,base,original_model,production_function_execution,applyBothSidesExerciseCompletionToStartSideSeed,applyBothSidesExerciseCompletionToStartSideSeed,"{""featureDefaultOff"":true,""initialLeadSide"":""left"",""setIndex"":0,""trainingVoiceDefaultOff"":true}","[""deterministic production execution""]","{""defaultOpen"":false,""duplicateResult"":false,""floorGateEligible"":true,""id"":""manual_practice_does_not_flip_seed"",""passed"":true,""unsafeCredit"":false}","{""defaultsRemainClosed"":true,""noDuplicateResult"":true,""noUnsafeCredit"":true,""passed"":true,""productionProof"":{""seedPolicy"":""main-plan flips once; manual/skip/duplicates do not mutate""}}",true,,manualExploreSeedMutationCount;seedMutationFailureCount,src/training/stepUpAlternation/__tests__/stepUpAlternation.test.ts,Current production function path re-executed or statically queried by closure harness.
duplicate_completion_idempotent,base,original_model,production_function_execution,applyBothSidesExerciseCompletionToStartSideSeed,applyBothSidesExerciseCompletionToStartSideSeed,"{""featureDefaultOff"":true,""initialLeadSide"":""left"",""setIndex"":0,""trainingVoiceDefaultOff"":true}","[""deterministic production execution""]","{""defaultOpen"":false,""duplicateResult"":false,""floorGateEligible"":true,""id"":""duplicate_completion_idempotent"",""passed"":true,""unsafeCredit"":false}","{""defaultsRemainClosed"":true,""noDuplicateResult"":true,""noUnsafeCredit"":true,""passed"":true,""productionProof"":{""seedPolicy"":""main-plan flips once; manual/skip/duplicates do not mutate""}}",true,,sessionCompletionDuplicationCount;duplicateCompletionSeedFlipCount;seedMutationFailureCount,src/training/stepUpAlternation/__tests__/stepUpAlternation.test.ts,Current production function path re-executed or statically queried by closure harness.
sync_restore_preserves_seed,base,original_model,production_serializer_roundtrip,applyBothSidesExerciseCompletionToStartSideSeed,applyBothSidesExerciseCompletionToStartSideSeed,"{""featureDefaultOff"":true,""initialLeadSide"":""left"",""setIndex"":0,""trainingVoiceDefaultOff"":true}","[""deterministic production execution""]","{""defaultOpen"":false,""duplicateResult"":false,""floorGateEligible"":true,""id"":""sync_restore_preserves_seed"",""passed"":true,""unsafeCredit"":false}","{""defaultsRemainClosed"":true,""noDuplicateResult"":true,""noUnsafeCredit"":true,""passed"":true,""productionProof"":{""activeRuntimeKind"":""step_up_alternation"",""expectedLeadSide"":""right"",""generatedPlanFingerprint"":""sua1_c6eceba6"",""nextSeed"":""right"",""planFingerprint"":""sua1_c6eceba6""}}",true,,scenario_coverage,src/training/stepUpAlternation/__tests__/stepUpAlternation.test.ts,Current production function path re-executed or statically queried by closure harness.
one_set_one_progression_event,base,original_model,production_function_execution,advanceStepUpAlternationState,advanceStepUpAlternationState,"{""featureDefaultOff"":true,""initialLeadSide"":""left"",""setIndex"":0,""trainingVoiceDefaultOff"":true}","[""deterministic production execution""]","{""defaultOpen"":false,""duplicateResult"":false,""floorGateEligible"":true,""id"":""one_set_one_progression_event"",""passed"":true,""unsafeCredit"":false}","{""defaultsRemainClosed"":true,""noDuplicateResult"":true,""noUnsafeCredit"":true,""passed"":true,""productionProof"":{""acceptedFirstRep"":{""acceptedRepCount"":1,""expectedLeadSide"":""right"",""repSfxCount"":1},""duplicateSuppressedCount"":1,""fullSet"":{""acceptedRepCount"":12,""alternationValid"":true,""completedTarget"":true,""leftLeadRepCount"":6,""phase"":""set_complete"",""repSfxCount"":12,""rightLeadRepCount"":6},""progression"":{""alternationValid"":false,""completedSetCount"":1,""exerciseId"":""step-up"",""leftLeadReps"":6,""progressionEligible"":false,""rightLeadReps"":6,""setCount"":3,""setResults"":[{""acceptedRepCount"":12,""alternationValid"":true,""completedTarget"":true,""leftLeadRepCount"":6,""repEvidence"":[{""bothFeetAtStart"":true,""bothFeetReturnedToFloor"":true,""endReason"":""accepted"",""expectedLeadInitiatedAscent"":true,""expectedLeadSide"":""left"",""observedLeadSide"":""left"",""repAttemptId"":""full-1"",""returnedToFloorAtMs"":900,""startedAtMs"":100,""topPhaseValid"":true,""topReachedAtMs"":500,""trackingValid"":true,""valid"":true},{""bothFeetAtStart"":true,""bothFeetReturnedToFloor"":true,""endReason"":""accepted"",""expectedLeadInitiatedAscent"":true,""expectedLeadSide"":""right"",""observedLeadSide"":""right"",""repAttemptId"":""full-2"",""returnedToFloorAtMs"":900,""startedAtMs"":100,""topPhaseValid"":true,""topReachedAtMs"":500,""trackingValid"":true,""valid"":true},{""bothFeetAtStart"":true,""bothFeetReturnedToFloor"":true,""endReason"":""accepted"",""expectedLeadInitiatedAscent"":true,""expectedLeadSide"":""left"",""observedLeadSide"":""left"",""repAttemptId"":""full-3"",""returnedToFloorAtMs"":900,""startedAtMs"":100,""topPhaseValid"":true,""topReachedAtMs"":500,""trackingValid"":true,""valid"":true},{""bothFeetAtStart"":true,""bothFeetReturnedToFloor"":true,""endReason"":""accepted"",""expectedLeadInitiatedAscent"":true,""expectedLeadSide"":""right"",""observedLeadSide"":""right"",""repAttemptId"":""full-4"",""returnedToFloorAtMs"":900,""startedAtMs"":100,""topPhaseValid"":true,""topReachedAtMs"":500,""trackingValid"":true,""valid"":true},{""bothFeetAtStart"":true,""bothFeetReturnedToFloor"":true,""endReason"":""accepted"",""expectedLeadInitiatedAscent"":true,""expectedLeadSide"":""left"",""observedLeadSide"":""left"",""repAttemptId"":""full-5"",""returnedToFloorAtMs"":900,""startedAtMs"":100,""topPhaseValid"":true,""topReachedAtMs"":500,""trackingValid"":true,""valid"":true},{""bothFeetAtStart"":true,""bothFeetReturnedToFloor"":true,""endReason"":""accepted"",""expectedLeadInitiatedAscent"":true,""expectedLeadSide"":""right"",""observedLeadSide"":""right"",""repAttemptId"":""full-6"",""returnedToFloorAtMs"":900,""startedAtMs"":100,""topPhaseValid"":true,""topReachedAtMs"":500,""trackingValid"":true,""valid"":true},{""bothFeetAtStart"":true,""bothFeetReturnedToFloor"":true,""endReason"":""accepted"",""expectedLeadInitiatedAscent"":true,""expectedLeadSide"":""left"",""observedLeadSide"":""left"",""repAttemptId"":""full-7"",""returnedToFloorAtMs"":900,""startedAtMs"":100,""topPhaseValid"":true,""topReachedAtMs"":500,""trackingValid"":true,""valid"":true},{""bothFeetAtStart"":true,""bothFeetReturnedToFloor"":true,""endReason"":""accepted"",""expectedLeadInitiatedAscent"":true,""expectedLeadSide"":""right"",""observedLeadSide"":""right"",""repAttemptId"":""full-8"",""returnedToFloorAtMs"":900,""startedAtMs"":100,""topPhaseValid"":true,""topReachedAtMs"":500,""trackingValid"":true,""valid"":true},{""bothFeetAtStart"":true,""bothFeetReturnedToFloor"":true,""endReason"":""accepted"",""expectedLeadInitiatedAscent"":true,""expectedLeadSide"":""left"",""observedLeadSide"":""left"",""repAttemptId"":""full-9"",""returnedToFloorAtMs"":900,""startedAtMs"":100,""topPhaseValid"":true,""topReachedAtMs"":500,""trackingValid"":true,""valid"":true},{""bothFeetAtStart"":true,""bothFeetReturnedToFloor"":true,""endReason"":""accepted"",""expectedLeadInitiatedAscent"":true,""expectedLeadSide"":""right"",""observedLeadSide"":""right"",""repAttemptId"":""full-10"",""returnedToFloorAtMs"":900,""startedAtMs"":100,""topPhaseValid"":true,""topReachedAtMs"":500,""trackingValid"":true,""valid"":true},{""bothFeetAtStart"":true,""bothFeetReturnedToFloor"":true,""endReason"":""accepted"",""expectedLeadInitiatedAscent"":true,""expectedLeadSide"":""left"",""observedLeadSide"":""left"",""repAttemptId"":""full-11"",""returnedToFloorAtMs"":900,""startedAtMs"":100,""topPhaseValid"":true,""topReachedAtMs"":500,""trackingValid"":true,""valid"":true},{""bothFeetAtStart"":true,""bothFeetReturnedToFloor"":true,""endReason"":""accepted"",""expectedLeadInitiatedAscent"":true,""expectedLeadSide"":""right"",""observedLeadSide"":""right"",""repAttemptId"":""full-12"",""returnedToFloorAtMs"":900,""startedAtMs"":100,""topPhaseValid"":true,""topReachedAtMs"":500,""trackingValid"":true,""valid"":true}],""repSfxCount"":12,""rightLeadRepCount"":6,""setIndex"":0,""startLeadSide"":""left"",""targetTotalReps"":12}],""totalAcceptedReps"":12},""staleIgnoredCount"":1}}",true,,setResultDuplicationCount;progressionDuplicateConsumptionCount,src/training/stepUpAlternation/__tests__/stepUpAlternation.test.ts,Current production function path re-executed or statically queried by closure harness.
lead_counts_do_not_double_set_count,base,original_model,production_function_execution,advanceStepUpAlternationState,advanceStepUpAlternationState,"{""featureDefaultOff"":true,""initialLeadSide"":""left"",""setIndex"":0,""trainingVoiceDefaultOff"":true}","[""deterministic production execution""]","{""defaultOpen"":false,""duplicateResult"":false,""floorGateEligible"":true,""id"":""lead_counts_do_not_double_set_count"",""passed"":true,""unsafeCredit"":false}","{""defaultsRemainClosed"":true,""noDuplicateResult"":true,""noUnsafeCredit"":true,""passed"":true,""productionProof"":{""acceptedFirstRep"":{""acceptedRepCount"":1,""expectedLeadSide"":""right"",""repSfxCount"":1},""duplicateSuppressedCount"":1,""fullSet"":{""acceptedRepCount"":12,""alternationValid"":true,""completedTarget"":true,""leftLeadRepCount"":6,""phase"":""set_complete"",""repSfxCount"":12,""rightLeadRepCount"":6},""progression"":{""alternationValid"":false,""completedSetCount"":1,""exerciseId"":""step-up"",""leftLeadReps"":6,""progressionEligible"":false,""rightLeadReps"":6,""setCount"":3,""setResults"":[{""acceptedRepCount"":12,""alternationValid"":true,""completedTarget"":true,""leftLeadRepCount"":6,""repEvidence"":[{""bothFeetAtStart"":true,""bothFeetReturnedToFloor"":true,""endReason"":""accepted"",""expectedLeadInitiatedAscent"":true,""expectedLeadSide"":""left"",""observedLeadSide"":""left"",""repAttemptId"":""full-1"",""returnedToFloorAtMs"":900,""startedAtMs"":100,""topPhaseValid"":true,""topReachedAtMs"":500,""trackingValid"":true,""valid"":true},{""bothFeetAtStart"":true,""bothFeetReturnedToFloor"":true,""endReason"":""accepted"",""expectedLeadInitiatedAscent"":true,""expectedLeadSide"":""right"",""observedLeadSide"":""right"",""repAttemptId"":""full-2"",""returnedToFloorAtMs"":900,""startedAtMs"":100,""topPhaseValid"":true,""topReachedAtMs"":500,""trackingValid"":true,""valid"":true},{""bothFeetAtStart"":true,""bothFeetReturnedToFloor"":true,""endReason"":""accepted"",""expectedLeadInitiatedAscent"":true,""expectedLeadSide"":""left"",""observedLeadSide"":""left"",""repAttemptId"":""full-3"",""returnedToFloorAtMs"":900,""startedAtMs"":100,""topPhaseValid"":true,""topReachedAtMs"":500,""trackingValid"":true,""valid"":true},{""bothFeetAtStart"":true,""bothFeetReturnedToFloor"":true,""endReason"":""accepted"",""expectedLeadInitiatedAscent"":true,""expectedLeadSide"":""right"",""observedLeadSide"":""right"",""repAttemptId"":""full-4"",""returnedToFloorAtMs"":900,""startedAtMs"":100,""topPhaseValid"":true,""topReachedAtMs"":500,""trackingValid"":true,""valid"":true},{""bothFeetAtStart"":true,""bothFeetReturnedToFloor"":true,""endReason"":""accepted"",""expectedLeadInitiatedAscent"":true,""expectedLeadSide"":""left"",""observedLeadSide"":""left"",""repAttemptId"":""full-5"",""returnedToFloorAtMs"":900,""startedAtMs"":100,""topPhaseValid"":true,""topReachedAtMs"":500,""trackingValid"":true,""valid"":true},{""bothFeetAtStart"":true,""bothFeetReturnedToFloor"":true,""endReason"":""accepted"",""expectedLeadInitiatedAscent"":true,""expectedLeadSide"":""right"",""observedLeadSide"":""right"",""repAttemptId"":""full-6"",""returnedToFloorAtMs"":900,""startedAtMs"":100,""topPhaseValid"":true,""topReachedAtMs"":500,""trackingValid"":true,""valid"":true},{""bothFeetAtStart"":true,""bothFeetReturnedToFloor"":true,""endReason"":""accepted"",""expectedLeadInitiatedAscent"":true,""expectedLeadSide"":""left"",""observedLeadSide"":""left"",""repAttemptId"":""full-7"",""returnedToFloorAtMs"":900,""startedAtMs"":100,""topPhaseValid"":true,""topReachedAtMs"":500,""trackingValid"":true,""valid"":true},{""bothFeetAtStart"":true,""bothFeetReturnedToFloor"":true,""endReason"":""accepted"",""expectedLeadInitiatedAscent"":true,""expectedLeadSide"":""right"",""observedLeadSide"":""right"",""repAttemptId"":""full-8"",""returnedToFloorAtMs"":900,""startedAtMs"":100,""topPhaseValid"":true,""topReachedAtMs"":500,""trackingValid"":true,""valid"":true},{""bothFeetAtStart"":true,""bothFeetReturnedToFloor"":true,""endReason"":""accepted"",""expectedLeadInitiatedAscent"":true,""expectedLeadSide"":""left"",""observedLeadSide"":""left"",""repAttemptId"":""full-9"",""returnedToFloorAtMs"":900,""startedAtMs"":100,""topPhaseValid"":true,""topReachedAtMs"":500,""trackingValid"":true,""valid"":true},{""bothFeetAtStart"":true,""bothFeetReturnedToFloor"":true,""endReason"":""accepted"",""expectedLeadInitiatedAscent"":true,""expectedLeadSide"":""right"",""observedLeadSide"":""right"",""repAttemptId"":""full-10"",""returnedToFloorAtMs"":900,""startedAtMs"":100,""topPhaseValid"":true,""topReachedAtMs"":500,""trackingValid"":true,""valid"":true},{""bothFeetAtStart"":true,""bothFeetReturnedToFloor"":true,""endReason"":""accepted"",""expectedLeadInitiatedAscent"":true,""expectedLeadSide"":""left"",""observedLeadSide"":""left"",""repAttemptId"":""full-11"",""returnedToFloorAtMs"":900,""startedAtMs"":100,""topPhaseValid"":true,""topReachedAtMs"":500,""trackingValid"":true,""valid"":true},{""bothFeetAtStart"":true,""bothFeetReturnedToFloor"":true,""endReason"":""accepted"",""expectedLeadInitiatedAscent"":true,""expectedLeadSide"":""right"",""observedLeadSide"":""right"",""repAttemptId"":""full-12"",""returnedToFloorAtMs"":900,""startedAtMs"":100,""topPhaseValid"":true,""topReachedAtMs"":500,""trackingValid"":true,""valid"":true}],""repSfxCount"":12,""rightLeadRepCount"":6,""setIndex"":0,""startLeadSide"":""left"",""targetTotalReps"":12}],""totalAcceptedReps"":12},""staleIgnoredCount"":1}}",true,,scenario_coverage,src/training/stepUpAlternation/__tests__/stepUpAlternation.test.ts,Current production function path re-executed or statically queried by closure harness.
valid_time_not_doubled,base,original_model,production_function_execution,advanceStepUpAlternationState,advanceStepUpAlternationState,"{""featureDefaultOff"":true,""initialLeadSide"":""left"",""setIndex"":0,""trainingVoiceDefaultOff"":true}","[""deterministic production execution""]","{""defaultOpen"":false,""duplicateResult"":false,""floorGateEligible"":true,""id"":""valid_time_not_doubled"",""passed"":true,""unsafeCredit"":false}","{""defaultsRemainClosed"":true,""noDuplicateResult"":true,""noUnsafeCredit"":true,""passed"":true,""productionProof"":{""acceptedFirstRep"":{""acceptedRepCount"":1,""expectedLeadSide"":""right"",""repSfxCount"":1},""duplicateSuppressedCount"":1,""fullSet"":{""acceptedRepCount"":12,""alternationValid"":true,""completedTarget"":true,""leftLeadRepCount"":6,""phase"":""set_complete"",""repSfxCount"":12,""rightLeadRepCount"":6},""progression"":{""alternationValid"":false,""completedSetCount"":1,""exerciseId"":""step-up"",""leftLeadReps"":6,""progressionEligible"":false,""rightLeadReps"":6,""setCount"":3,""setResults"":[{""acceptedRepCount"":12,""alternationValid"":true,""completedTarget"":true,""leftLeadRepCount"":6,""repEvidence"":[{""bothFeetAtStart"":true,""bothFeetReturnedToFloor"":true,""endReason"":""accepted"",""expectedLeadInitiatedAscent"":true,""expectedLeadSide"":""left"",""observedLeadSide"":""left"",""repAttemptId"":""full-1"",""returnedToFloorAtMs"":900,""startedAtMs"":100,""topPhaseValid"":true,""topReachedAtMs"":500,""trackingValid"":true,""valid"":true},{""bothFeetAtStart"":true,""bothFeetReturnedToFloor"":true,""endReason"":""accepted"",""expectedLeadInitiatedAscent"":true,""expectedLeadSide"":""right"",""observedLeadSide"":""right"",""repAttemptId"":""full-2"",""returnedToFloorAtMs"":900,""startedAtMs"":100,""topPhaseValid"":true,""topReachedAtMs"":500,""trackingValid"":true,""valid"":true},{""bothFeetAtStart"":true,""bothFeetReturnedToFloor"":true,""endReason"":""accepted"",""expectedLeadInitiatedAscent"":true,""expectedLeadSide"":""left"",""observedLeadSide"":""left"",""repAttemptId"":""full-3"",""returnedToFloorAtMs"":900,""startedAtMs"":100,""topPhaseValid"":true,""topReachedAtMs"":500,""trackingValid"":true,""valid"":true},{""bothFeetAtStart"":true,""bothFeetReturnedToFloor"":true,""endReason"":""accepted"",""expectedLeadInitiatedAscent"":true,""expectedLeadSide"":""right"",""observedLeadSide"":""right"",""repAttemptId"":""full-4"",""returnedToFloorAtMs"":900,""startedAtMs"":100,""topPhaseValid"":true,""topReachedAtMs"":500,""trackingValid"":true,""valid"":true},{""bothFeetAtStart"":true,""bothFeetReturnedToFloor"":true,""endReason"":""accepted"",""expectedLeadInitiatedAscent"":true,""expectedLeadSide"":""left"",""observedLeadSide"":""left"",""repAttemptId"":""full-5"",""returnedToFloorAtMs"":900,""startedAtMs"":100,""topPhaseValid"":true,""topReachedAtMs"":500,""trackingValid"":true,""valid"":true},{""bothFeetAtStart"":true,""bothFeetReturnedToFloor"":true,""endReason"":""accepted"",""expectedLeadInitiatedAscent"":true,""expectedLeadSide"":""right"",""observedLeadSide"":""right"",""repAttemptId"":""full-6"",""returnedToFloorAtMs"":900,""startedAtMs"":100,""topPhaseValid"":true,""topReachedAtMs"":500,""trackingValid"":true,""valid"":true},{""bothFeetAtStart"":true,""bothFeetReturnedToFloor"":true,""endReason"":""accepted"",""expectedLeadInitiatedAscent"":true,""expectedLeadSide"":""left"",""observedLeadSide"":""left"",""repAttemptId"":""full-7"",""returnedToFloorAtMs"":900,""startedAtMs"":100,""topPhaseValid"":true,""topReachedAtMs"":500,""trackingValid"":true,""valid"":true},{""bothFeetAtStart"":true,""bothFeetReturnedToFloor"":true,""endReason"":""accepted"",""expectedLeadInitiatedAscent"":true,""expectedLeadSide"":""right"",""observedLeadSide"":""right"",""repAttemptId"":""full-8"",""returnedToFloorAtMs"":900,""startedAtMs"":100,""topPhaseValid"":true,""topReachedAtMs"":500,""trackingValid"":true,""valid"":true},{""bothFeetAtStart"":true,""bothFeetReturnedToFloor"":true,""endReason"":""accepted"",""expectedLeadInitiatedAscent"":true,""expectedLeadSide"":""left"",""observedLeadSide"":""left"",""repAttemptId"":""full-9"",""returnedToFloorAtMs"":900,""startedAtMs"":100,""topPhaseValid"":true,""topReachedAtMs"":500,""trackingValid"":true,""valid"":true},{""bothFeetAtStart"":true,""bothFeetReturnedToFloor"":true,""endReason"":""accepted"",""expectedLeadInitiatedAscent"":true,""expectedLeadSide"":""right"",""observedLeadSide"":""right"",""repAttemptId"":""full-10"",""returnedToFloorAtMs"":900,""startedAtMs"":100,""topPhaseValid"":true,""topReachedAtMs"":500,""trackingValid"":true,""valid"":true},{""bothFeetAtStart"":true,""bothFeetReturnedToFloor"":true,""endReason"":""accepted"",""expectedLeadInitiatedAscent"":true,""expectedLeadSide"":""left"",""observedLeadSide"":""left"",""repAttemptId"":""full-11"",""returnedToFloorAtMs"":900,""startedAtMs"":100,""topPhaseValid"":true,""topReachedAtMs"":500,""trackingValid"":true,""valid"":true},{""bothFeetAtStart"":true,""bothFeetReturnedToFloor"":true,""endReason"":""accepted"",""expectedLeadInitiatedAscent"":true,""expectedLeadSide"":""right"",""observedLeadSide"":""right"",""repAttemptId"":""full-12"",""returnedToFloorAtMs"":900,""startedAtMs"":100,""topPhaseValid"":true,""topReachedAtMs"":500,""trackingValid"":true,""valid"":true}],""repSfxCount"":12,""rightLeadRepCount"":6,""setIndex"":0,""startLeadSide"":""left"",""targetTotalReps"":12}],""totalAcceptedReps"":12},""staleIgnoredCount"":1}}",true,,validTimeDoubleCount,src/training/stepUpAlternation/__tests__/stepUpAlternation.test.ts,Current production function path re-executed or statically queried by closure harness.
twelve_total_unequal_sides_rejected,base,original_model,production_function_execution,advanceStepUpAlternationState,advanceStepUpAlternationState,"{""featureDefaultOff"":true,""initialLeadSide"":""left"",""setIndex"":0,""trainingVoiceDefaultOff"":true}","[""deterministic production execution""]","{""defaultOpen"":false,""duplicateResult"":false,""floorGateEligible"":true,""id"":""twelve_total_unequal_sides_rejected"",""passed"":true,""unsafeCredit"":false}","{""defaultsRemainClosed"":true,""noDuplicateResult"":true,""noUnsafeCredit"":true,""passed"":true,""productionProof"":{""acceptedFirstRep"":{""acceptedRepCount"":1,""expectedLeadSide"":""right"",""repSfxCount"":1},""duplicateSuppressedCount"":1,""fullSet"":{""acceptedRepCount"":12,""alternationValid"":true,""completedTarget"":true,""leftLeadRepCount"":6,""phase"":""set_complete"",""repSfxCount"":12,""rightLeadRepCount"":6},""progression"":{""alternationValid"":false,""completedSetCount"":1,""exerciseId"":""step-up"",""leftLeadReps"":6,""progressionEligible"":false,""rightLeadReps"":6,""setCount"":3,""setResults"":[{""acceptedRepCount"":12,""alternationValid"":true,""completedTarget"":true,""leftLeadRepCount"":6,""repEvidence"":[{""bothFeetAtStart"":true,""bothFeetReturnedToFloor"":true,""endReason"":""accepted"",""expectedLeadInitiatedAscent"":true,""expectedLeadSide"":""left"",""observedLeadSide"":""left"",""repAttemptId"":""full-1"",""returnedToFloorAtMs"":900,""startedAtMs"":100,""topPhaseValid"":true,""topReachedAtMs"":500,""trackingValid"":true,""valid"":true},{""bothFeetAtStart"":true,""bothFeetReturnedToFloor"":true,""endReason"":""accepted"",""expectedLeadInitiatedAscent"":true,""expectedLeadSide"":""right"",""observedLeadSide"":""right"",""repAttemptId"":""full-2"",""returnedToFloorAtMs"":900,""startedAtMs"":100,""topPhaseValid"":true,""topReachedAtMs"":500,""trackingValid"":true,""valid"":true},{""bothFeetAtStart"":true,""bothFeetReturnedToFloor"":true,""endReason"":""accepted"",""expectedLeadInitiatedAscent"":true,""expectedLeadSide"":""left"",""observedLeadSide"":""left"",""repAttemptId"":""full-3"",""returnedToFloorAtMs"":900,""startedAtMs"":100,""topPhaseValid"":true,""topReachedAtMs"":500,""trackingValid"":true,""valid"":true},{""bothFeetAtStart"":true,""bothFeetReturnedToFloor"":true,""endReason"":""accepted"",""expectedLeadInitiatedAscent"":true,""expectedLeadSide"":""right"",""observedLeadSide"":""right"",""repAttemptId"":""full-4"",""returnedToFloorAtMs"":900,""startedAtMs"":100,""topPhaseValid"":true,""topReachedAtMs"":500,""trackingValid"":true,""valid"":true},{""bothFeetAtStart"":true,""bothFeetReturnedToFloor"":true,""endReason"":""accepted"",""expectedLeadInitiatedAscent"":true,""expectedLeadSide"":""left"",""observedLeadSide"":""left"",""repAttemptId"":""full-5"",""returnedToFloorAtMs"":900,""startedAtMs"":100,""topPhaseValid"":true,""topReachedAtMs"":500,""trackingValid"":true,""valid"":true},{""bothFeetAtStart"":true,""bothFeetReturnedToFloor"":true,""endReason"":""accepted"",""expectedLeadInitiatedAscent"":true,""expectedLeadSide"":""right"",""observedLeadSide"":""right"",""repAttemptId"":""full-6"",""returnedToFloorAtMs"":900,""startedAtMs"":100,""topPhaseValid"":true,""topReachedAtMs"":500,""trackingValid"":true,""valid"":true},{""bothFeetAtStart"":true,""bothFeetReturnedToFloor"":true,""endReason"":""accepted"",""expectedLeadInitiatedAscent"":true,""expectedLeadSide"":""left"",""observedLeadSide"":""left"",""repAttemptId"":""full-7"",""returnedToFloorAtMs"":900,""startedAtMs"":100,""topPhaseValid"":true,""topReachedAtMs"":500,""trackingValid"":true,""valid"":true},{""bothFeetAtStart"":true,""bothFeetReturnedToFloor"":true,""endReason"":""accepted"",""expectedLeadInitiatedAscent"":true,""expectedLeadSide"":""right"",""observedLeadSide"":""right"",""repAttemptId"":""full-8"",""returnedToFloorAtMs"":900,""startedAtMs"":100,""topPhaseValid"":true,""topReachedAtMs"":500,""trackingValid"":true,""valid"":true},{""bothFeetAtStart"":true,""bothFeetReturnedToFloor"":true,""endReason"":""accepted"",""expectedLeadInitiatedAscent"":true,""expectedLeadSide"":""left"",""observedLeadSide"":""left"",""repAttemptId"":""full-9"",""returnedToFloorAtMs"":900,""startedAtMs"":100,""topPhaseValid"":true,""topReachedAtMs"":500,""trackingValid"":true,""valid"":true},{""bothFeetAtStart"":true,""bothFeetReturnedToFloor"":true,""endReason"":""accepted"",""expectedLeadInitiatedAscent"":true,""expectedLeadSide"":""right"",""observedLeadSide"":""right"",""repAttemptId"":""full-10"",""returnedToFloorAtMs"":900,""startedAtMs"":100,""topPhaseValid"":true,""topReachedAtMs"":500,""trackingValid"":true,""valid"":true},{""bothFeetAtStart"":true,""bothFeetReturnedToFloor"":true,""endReason"":""accepted"",""expectedLeadInitiatedAscent"":true,""expectedLeadSide"":""left"",""observedLeadSide"":""left"",""repAttemptId"":""full-11"",""returnedToFloorAtMs"":900,""startedAtMs"":100,""topPhaseValid"":true,""topReachedAtMs"":500,""trackingValid"":true,""valid"":true},{""bothFeetAtStart"":true,""bothFeetReturnedToFloor"":true,""endReason"":""accepted"",""expectedLeadInitiatedAscent"":true,""expectedLeadSide"":""right"",""observedLeadSide"":""right"",""repAttemptId"":""full-12"",""returnedToFloorAtMs"":900,""startedAtMs"":100,""topPhaseValid"":true,""topReachedAtMs"":500,""trackingValid"":true,""valid"":true}],""repSfxCount"":12,""rightLeadRepCount"":6,""setIndex"":0,""startLeadSide"":""left"",""targetTotalReps"":12}],""totalAcceptedReps"":12},""staleIgnoredCount"":1}}",true,,sideImbalanceProgressionAcceptanceCount,src/training/stepUpAlternation/__tests__/stepUpAlternation.test.ts,Current production function path re-executed or statically queried by closure harness.
broken_alternation_not_progression_eligible,base,original_model,production_function_execution,advanceStepUpAlternationState,advanceStepUpAlternationState,"{""featureDefaultOff"":true,""initialLeadSide"":""left"",""setIndex"":0,""trainingVoiceDefaultOff"":true}","[""deterministic production execution""]","{""defaultOpen"":false,""duplicateResult"":false,""floorGateEligible"":true,""id"":""broken_alternation_not_progression_eligible"",""passed"":true,""unsafeCredit"":false}","{""defaultsRemainClosed"":true,""noDuplicateResult"":true,""noUnsafeCredit"":true,""passed"":true,""productionProof"":{""acceptedFirstRep"":{""acceptedRepCount"":1,""expectedLeadSide"":""right"",""repSfxCount"":1},""duplicateSuppressedCount"":1,""fullSet"":{""acceptedRepCount"":12,""alternationValid"":true,""completedTarget"":true,""leftLeadRepCount"":6,""phase"":""set_complete"",""repSfxCount"":12,""rightLeadRepCount"":6},""progression"":{""alternationValid"":false,""completedSetCount"":1,""exerciseId"":""step-up"",""leftLeadReps"":6,""progressionEligible"":false,""rightLeadReps"":6,""setCount"":3,""setResults"":[{""acceptedRepCount"":12,""alternationValid"":true,""completedTarget"":true,""leftLeadRepCount"":6,""repEvidence"":[{""bothFeetAtStart"":true,""bothFeetReturnedToFloor"":true,""endReason"":""accepted"",""expectedLeadInitiatedAscent"":true,""expectedLeadSide"":""left"",""observedLeadSide"":""left"",""repAttemptId"":""full-1"",""returnedToFloorAtMs"":900,""startedAtMs"":100,""topPhaseValid"":true,""topReachedAtMs"":500,""trackingValid"":true,""valid"":true},{""bothFeetAtStart"":true,""bothFeetReturnedToFloor"":true,""endReason"":""accepted"",""expectedLeadInitiatedAscent"":true,""expectedLeadSide"":""right"",""observedLeadSide"":""right"",""repAttemptId"":""full-2"",""returnedToFloorAtMs"":900,""startedAtMs"":100,""topPhaseValid"":true,""topReachedAtMs"":500,""trackingValid"":true,""valid"":true},{""bothFeetAtStart"":true,""bothFeetReturnedToFloor"":true,""endReason"":""accepted"",""expectedLeadInitiatedAscent"":true,""expectedLeadSide"":""left"",""observedLeadSide"":""left"",""repAttemptId"":""full-3"",""returnedToFloorAtMs"":900,""startedAtMs"":100,""topPhaseValid"":true,""topReachedAtMs"":500,""trackingValid"":true,""valid"":true},{""bothFeetAtStart"":true,""bothFeetReturnedToFloor"":true,""endReason"":""accepted"",""expectedLeadInitiatedAscent"":true,""expectedLeadSide"":""right"",""observedLeadSide"":""right"",""repAttemptId"":""full-4"",""returnedToFloorAtMs"":900,""startedAtMs"":100,""topPhaseValid"":true,""topReachedAtMs"":500,""trackingValid"":true,""valid"":true},{""bothFeetAtStart"":true,""bothFeetReturnedToFloor"":true,""endReason"":""accepted"",""expectedLeadInitiatedAscent"":true,""expectedLeadSide"":""left"",""observedLeadSide"":""left"",""repAttemptId"":""full-5"",""returnedToFloorAtMs"":900,""startedAtMs"":100,""topPhaseValid"":true,""topReachedAtMs"":500,""trackingValid"":true,""valid"":true},{""bothFeetAtStart"":true,""bothFeetReturnedToFloor"":true,""endReason"":""accepted"",""expectedLeadInitiatedAscent"":true,""expectedLeadSide"":""right"",""observedLeadSide"":""right"",""repAttemptId"":""full-6"",""returnedToFloorAtMs"":900,""startedAtMs"":100,""topPhaseValid"":true,""topReachedAtMs"":500,""trackingValid"":true,""valid"":true},{""bothFeetAtStart"":true,""bothFeetReturnedToFloor"":true,""endReason"":""accepted"",""expectedLeadInitiatedAscent"":true,""expectedLeadSide"":""left"",""observedLeadSide"":""left"",""repAttemptId"":""full-7"",""returnedToFloorAtMs"":900,""startedAtMs"":100,""topPhaseValid"":true,""topReachedAtMs"":500,""trackingValid"":true,""valid"":true},{""bothFeetAtStart"":true,""bothFeetReturnedToFloor"":true,""endReason"":""accepted"",""expectedLeadInitiatedAscent"":true,""expectedLeadSide"":""right"",""observedLeadSide"":""right"",""repAttemptId"":""full-8"",""returnedToFloorAtMs"":900,""startedAtMs"":100,""topPhaseValid"":true,""topReachedAtMs"":500,""trackingValid"":true,""valid"":true},{""bothFeetAtStart"":true,""bothFeetReturnedToFloor"":true,""endReason"":""accepted"",""expectedLeadInitiatedAscent"":true,""expectedLeadSide"":""left"",""observedLeadSide"":""left"",""repAttemptId"":""full-9"",""returnedToFloorAtMs"":900,""startedAtMs"":100,""topPhaseValid"":true,""topReachedAtMs"":500,""trackingValid"":true,""valid"":true},{""bothFeetAtStart"":true,""bothFeetReturnedToFloor"":true,""endReason"":""accepted"",""expectedLeadInitiatedAscent"":true,""expectedLeadSide"":""right"",""observedLeadSide"":""right"",""repAttemptId"":""full-10"",""returnedToFloorAtMs"":900,""startedAtMs"":100,""topPhaseValid"":true,""topReachedAtMs"":500,""trackingValid"":true,""valid"":true},{""bothFeetAtStart"":true,""bothFeetReturnedToFloor"":true,""endReason"":""accepted"",""expectedLeadInitiatedAscent"":true,""expectedLeadSide"":""left"",""observedLeadSide"":""left"",""repAttemptId"":""full-11"",""returnedToFloorAtMs"":900,""startedAtMs"":100,""topPhaseValid"":true,""topReachedAtMs"":500,""trackingValid"":true,""valid"":true},{""bothFeetAtStart"":true,""bothFeetReturnedToFloor"":true,""endReason"":""accepted"",""expectedLeadInitiatedAscent"":true,""expectedLeadSide"":""right"",""observedLeadSide"":""right"",""repAttemptId"":""full-12"",""returnedToFloorAtMs"":900,""startedAtMs"":100,""topPhaseValid"":true,""topReachedAtMs"":500,""trackingValid"":true,""valid"":true}],""repSfxCount"":12,""rightLeadRepCount"":6,""setIndex"":0,""startLeadSide"":""left"",""targetTotalReps"":12}],""totalAcceptedReps"":12},""staleIgnoredCount"":1}}",true,,invalidProgressionAcceptanceCount,src/training/stepUpAlternation/__tests__/stepUpAlternation.test.ts,Current production function path re-executed or statically queried by closure harness.
legacy_result_still_parses,base,original_model,production_function_execution,advanceStepUpAlternationState,advanceStepUpAlternationState,"{""featureDefaultOff"":true,""initialLeadSide"":""left"",""setIndex"":0,""trainingVoiceDefaultOff"":true}","[""deterministic production execution""]","{""defaultOpen"":false,""duplicateResult"":false,""floorGateEligible"":true,""id"":""legacy_result_still_parses"",""passed"":true,""unsafeCredit"":false}","{""defaultsRemainClosed"":true,""noDuplicateResult"":true,""noUnsafeCredit"":true,""passed"":true,""productionProof"":{""acceptedFirstRep"":{""acceptedRepCount"":1,""expectedLeadSide"":""right"",""repSfxCount"":1},""duplicateSuppressedCount"":1,""fullSet"":{""acceptedRepCount"":12,""alternationValid"":true,""completedTarget"":true,""leftLeadRepCount"":6,""phase"":""set_complete"",""repSfxCount"":12,""rightLeadRepCount"":6},""progression"":{""alternationValid"":false,""completedSetCount"":1,""exerciseId"":""step-up"",""leftLeadReps"":6,""progressionEligible"":false,""rightLeadReps"":6,""setCount"":3,""setResults"":[{""acceptedRepCount"":12,""alternationValid"":true,""completedTarget"":true,""leftLeadRepCount"":6,""repEvidence"":[{""bothFeetAtStart"":true,""bothFeetReturnedToFloor"":true,""endReason"":""accepted"",""expectedLeadInitiatedAscent"":true,""expectedLeadSide"":""left"",""observedLeadSide"":""left"",""repAttemptId"":""full-1"",""returnedToFloorAtMs"":900,""startedAtMs"":100,""topPhaseValid"":true,""topReachedAtMs"":500,""trackingValid"":true,""valid"":true},{""bothFeetAtStart"":true,""bothFeetReturnedToFloor"":true,""endReason"":""accepted"",""expectedLeadInitiatedAscent"":true,""expectedLeadSide"":""right"",""observedLeadSide"":""right"",""repAttemptId"":""full-2"",""returnedToFloorAtMs"":900,""startedAtMs"":100,""topPhaseValid"":true,""topReachedAtMs"":500,""trackingValid"":true,""valid"":true},{""bothFeetAtStart"":true,""bothFeetReturnedToFloor"":true,""endReason"":""accepted"",""expectedLeadInitiatedAscent"":true,""expectedLeadSide"":""left"",""observedLeadSide"":""left"",""repAttemptId"":""full-3"",""returnedToFloorAtMs"":900,""startedAtMs"":100,""topPhaseValid"":true,""topReachedAtMs"":500,""trackingValid"":true,""valid"":true},{""bothFeetAtStart"":true,""bothFeetReturnedToFloor"":true,""endReason"":""accepted"",""expectedLeadInitiatedAscent"":true,""expectedLeadSide"":""right"",""observedLeadSide"":""right"",""repAttemptId"":""full-4"",""returnedToFloorAtMs"":900,""startedAtMs"":100,""topPhaseValid"":true,""topReachedAtMs"":500,""trackingValid"":true,""valid"":true},{""bothFeetAtStart"":true,""bothFeetReturnedToFloor"":true,""endReason"":""accepted"",""expectedLeadInitiatedAscent"":true,""expectedLeadSide"":""left"",""observedLeadSide"":""left"",""repAttemptId"":""full-5"",""returnedToFloorAtMs"":900,""startedAtMs"":100,""topPhaseValid"":true,""topReachedAtMs"":500,""trackingValid"":true,""valid"":true},{""bothFeetAtStart"":true,""bothFeetReturnedToFloor"":true,""endReason"":""accepted"",""expectedLeadInitiatedAscent"":true,""expectedLeadSide"":""right"",""observedLeadSide"":""right"",""repAttemptId"":""full-6"",""returnedToFloorAtMs"":900,""startedAtMs"":100,""topPhaseValid"":true,""topReachedAtMs"":500,""trackingValid"":true,""valid"":true},{""bothFeetAtStart"":true,""bothFeetReturnedToFloor"":true,""endReason"":""accepted"",""expectedLeadInitiatedAscent"":true,""expectedLeadSide"":""left"",""observedLeadSide"":""left"",""repAttemptId"":""full-7"",""returnedToFloorAtMs"":900,""startedAtMs"":100,""topPhaseValid"":true,""topReachedAtMs"":500,""trackingValid"":true,""valid"":true},{""bothFeetAtStart"":true,""bothFeetReturnedToFloor"":true,""endReason"":""accepted"",""expectedLeadInitiatedAscent"":true,""expectedLeadSide"":""right"",""observedLeadSide"":""right"",""repAttemptId"":""full-8"",""returnedToFloorAtMs"":900,""startedAtMs"":100,""topPhaseValid"":true,""topReachedAtMs"":500,""trackingValid"":true,""valid"":true},{""bothFeetAtStart"":true,""bothFeetReturnedToFloor"":true,""endReason"":""accepted"",""expectedLeadInitiatedAscent"":true,""expectedLeadSide"":""left"",""observedLeadSide"":""left"",""repAttemptId"":""full-9"",""returnedToFloorAtMs"":900,""startedAtMs"":100,""topPhaseValid"":true,""topReachedAtMs"":500,""trackingValid"":true,""valid"":true},{""bothFeetAtStart"":true,""bothFeetReturnedToFloor"":true,""endReason"":""accepted"",""expectedLeadInitiatedAscent"":true,""expectedLeadSide"":""right"",""observedLeadSide"":""right"",""repAttemptId"":""full-10"",""returnedToFloorAtMs"":900,""startedAtMs"":100,""topPhaseValid"":true,""topReachedAtMs"":500,""trackingValid"":true,""valid"":true},{""bothFeetAtStart"":true,""bothFeetReturnedToFloor"":true,""endReason"":""accepted"",""expectedLeadInitiatedAscent"":true,""expectedLeadSide"":""left"",""observedLeadSide"":""left"",""repAttemptId"":""full-11"",""returnedToFloorAtMs"":900,""startedAtMs"":100,""topPhaseValid"":true,""topReachedAtMs"":500,""trackingValid"":true,""valid"":true},{""bothFeetAtStart"":true,""bothFeetReturnedToFloor"":true,""endReason"":""accepted"",""expectedLeadInitiatedAscent"":true,""expectedLeadSide"":""right"",""observedLeadSide"":""right"",""repAttemptId"":""full-12"",""returnedToFloorAtMs"":900,""startedAtMs"":100,""topPhaseValid"":true,""topReachedAtMs"":500,""trackingValid"":true,""valid"":true}],""repSfxCount"":12,""rightLeadRepCount"":6,""setIndex"":0,""startLeadSide"":""left"",""targetTotalReps"":12}],""totalAcceptedReps"":12},""staleIgnoredCount"":1}}",true,,scenario_coverage,src/training/stepUpAlternation/__tests__/stepUpAlternation.test.ts,Current production function path re-executed or statically queried by closure harness.
step_up_start_left_logical_plan,base,original_model,production_voice_planner_execution,planTrainingVoiceSequenceV21,planTrainingVoiceSequenceV21,"{""featureDefaultOff"":true,""initialLeadSide"":""left"",""setIndex"":0,""trainingVoiceDefaultOff"":true}","[""deterministic production execution""]","{""defaultOpen"":false,""duplicateResult"":false,""floorGateEligible"":true,""id"":""step_up_start_left_logical_plan"",""passed"":true,""unsafeCredit"":false}","{""defaultsRemainClosed"":true,""noDuplicateResult"":true,""noUnsafeCredit"":true,""passed"":true,""productionProof"":{""blockers"":[""behavior_dependency:IR-VOICE-SAFETY-SUBSUMPTION"",""global_behavior_ready_false"",""global_audio_ready_false"",""missing_audio:ex-step-up-first-v21"",""missing_audio:ex-step-up-next-v21"",""missing_audio:step-up-start-left-v21"",""missing_audio:step-up-start-right-v21"",""missing_audio:target-step-up-v21""],""leftCueKeys"":[""ex-step-up-next-v21"",""step-up-start-left-v21"",""final-position-set-v21"",""target-step-up-v21""],""rightCueKeys"":[""ex-step-up-next-v21"",""step-up-start-left-v21"",""final-position-set-v21"",""target-step-up-v21""],""selectable"":false,""targetText"":""Do twelve total reps."",""wrongCueKeys"":[""step-up-wrong-left-v21"",""final-position-set-v21""]}}",true,,scenario_coverage,src/training/stepUpAlternation/__tests__/stepUpAlternation.test.ts,Current production function path re-executed or statically queried by closure harness.
step_up_start_right_logical_plan,base,original_model,production_voice_planner_execution,planTrainingVoiceSequenceV21,planTrainingVoiceSequenceV21,"{""featureDefaultOff"":true,""initialLeadSide"":""right"",""setIndex"":0,""trainingVoiceDefaultOff"":true}","[""deterministic production execution""]","{""defaultOpen"":false,""duplicateResult"":false,""floorGateEligible"":true,""id"":""step_up_start_right_logical_plan"",""passed"":true,""unsafeCredit"":false}","{""defaultsRemainClosed"":true,""noDuplicateResult"":true,""noUnsafeCredit"":true,""passed"":true,""productionProof"":{""blockerReasonCodes"":[""STEP_UP_ALTERNATION_READY""],""exerciseId"":""step-up"",""initialLeadSide"":""right"",""planFingerprint"":""sua1_421bd884"",""runtimeSelectable"":true,""setCount"":3,""setStartLeadSides"":[""right"",""left"",""right""],""targetLeftLeadReps"":6,""targetRightLeadReps"":6,""targetTotalReps"":12}}",true,,scenario_coverage,src/training/stepUpAlternation/__tests__/stepUpAlternation.test.ts,Current production function path re-executed or statically queried by closure harness.
wrong_lead_left_correction_plan,base,original_model,production_voice_planner_execution,planTrainingVoiceSequenceV21,planTrainingVoiceSequenceV21,"{""featureDefaultOff"":true,""initialLeadSide"":""left"",""setIndex"":0,""trainingVoiceDefaultOff"":true}","[""floor ready"",""wrong lead ascent"",""return to floor"",""rejected terminal event""]","{""defaultOpen"":false,""duplicateResult"":false,""floorGateEligible"":true,""id"":""wrong_lead_left_correction_plan"",""passed"":true,""unsafeCredit"":false}","{""defaultsRemainClosed"":true,""noDuplicateResult"":true,""noUnsafeCredit"":true,""passed"":true,""productionProof"":{""blockers"":[""behavior_dependency:IR-VOICE-SAFETY-SUBSUMPTION"",""global_behavior_ready_false"",""global_audio_ready_false"",""missing_audio:ex-step-up-first-v21"",""missing_audio:ex-step-up-next-v21"",""missing_audio:step-up-start-left-v21"",""missing_audio:step-up-start-right-v21"",""missing_audio:target-step-up-v21""],""leftCueKeys"":[""ex-step-up-next-v21"",""step-up-start-left-v21"",""final-position-set-v21"",""target-step-up-v21""],""rightCueKeys"":[""ex-step-up-next-v21"",""step-up-start-left-v21"",""final-position-set-v21"",""target-step-up-v21""],""selectable"":false,""targetText"":""Do twelve total reps."",""wrongCueKeys"":[""step-up-wrong-left-v21"",""final-position-set-v21""]}}",true,,scenario_coverage,src/training/stepUpAlternation/__tests__/stepUpAlternation.test.ts,Current production function path re-executed or statically queried by closure harness.
wrong_lead_right_correction_plan,base,original_model,production_voice_planner_execution,planTrainingVoiceSequenceV21,planTrainingVoiceSequenceV21,"{""featureDefaultOff"":true,""initialLeadSide"":""left"",""setIndex"":0,""trainingVoiceDefaultOff"":true}","[""floor ready"",""wrong lead ascent"",""return to floor"",""rejected terminal event""]","{""defaultOpen"":false,""duplicateResult"":false,""floorGateEligible"":true,""id"":""wrong_lead_right_correction_plan"",""passed"":true,""unsafeCredit"":false}","{""defaultsRemainClosed"":true,""noDuplicateResult"":true,""noUnsafeCredit"":true,""passed"":true,""productionProof"":{""blockerReasonCodes"":[""STEP_UP_ALTERNATION_READY""],""exerciseId"":""step-up"",""initialLeadSide"":""right"",""planFingerprint"":""sua1_421bd884"",""runtimeSelectable"":true,""setCount"":3,""setStartLeadSides"":[""right"",""left"",""right""],""targetLeftLeadReps"":6,""targetRightLeadReps"":6,""targetTotalReps"":12}}",true,,scenario_coverage,src/training/stepUpAlternation/__tests__/stepUpAlternation.test.ts,Current production function path re-executed or statically queried by closure harness.
no_per_rep_spoken_switch,base,original_model,production_voice_planner_execution,planTrainingVoiceSequenceV21,planTrainingVoiceSequenceV21,"{""featureDefaultOff"":true,""initialLeadSide"":""left"",""setIndex"":0,""trainingVoiceDefaultOff"":true}","[""deterministic production execution""]","{""defaultOpen"":false,""duplicateResult"":false,""floorGateEligible"":true,""id"":""no_per_rep_spoken_switch"",""passed"":true,""unsafeCredit"":false}","{""defaultsRemainClosed"":true,""noDuplicateResult"":true,""noUnsafeCredit"":true,""passed"":true,""productionProof"":{""blockers"":[""behavior_dependency:IR-VOICE-SAFETY-SUBSUMPTION"",""global_behavior_ready_false"",""global_audio_ready_false"",""missing_audio:ex-step-up-first-v21"",""missing_audio:ex-step-up-next-v21"",""missing_audio:step-up-start-left-v21"",""missing_audio:step-up-start-right-v21"",""missing_audio:target-step-up-v21""],""leftCueKeys"":[""ex-step-up-next-v21"",""step-up-start-left-v21"",""final-position-set-v21"",""target-step-up-v21""],""rightCueKeys"":[""ex-step-up-next-v21"",""step-up-start-left-v21"",""final-position-set-v21"",""target-step-up-v21""],""selectable"":false,""targetText"":""Do twelve total reps."",""wrongCueKeys"":[""step-up-wrong-left-v21"",""final-position-set-v21""]}}",true,,perRepSpokenSwitchCount;spokenSetCountCueCount,src/training/stepUpAlternation/__tests__/stepUpAlternation.test.ts,Current production function path re-executed or statically queried by closure harness.
feature_off_legacy_unchanged,base,original_model,static_default_query,readiness/default exported constants,TRAINING_STEP_UP_ALTERNATION_DEFAULT_ENABLED;TRAINING_VOICE_V2_1_AUDIO_READY;EYES_OPEN_BALANCE_PROTOCOL_V2_SELECTABLE,"{""featureDefaultOff"":true,""initialLeadSide"":""left"",""setIndex"":0,""trainingVoiceDefaultOff"":true}","[""deterministic production execution""]","{""defaultOpen"":false,""duplicateResult"":false,""floorGateEligible"":true,""id"":""feature_off_legacy_unchanged"",""passed"":true,""unsafeCredit"":false}","{""defaultsRemainClosed"":true,""noDuplicateResult"":true,""noUnsafeCredit"":true,""passed"":true,""productionProof"":{""balanceV2AudioReady"":false,""balanceV2Selectable"":false,""stepUpAlternationDefaultEnabled"":false,""trainingVoiceV21AudioReady"":false,""trainingVoiceV21BehaviorReady"":false,""trainingVoiceV21DefaultEnabled"":false}}",true,,stepUpFeatureDefaultErrorCount,src/training/stepUpAlternation/__tests__/stepUpAlternation.test.ts,Current production function path re-executed or statically queried by closure harness.
alternation_flag_alone_no_half_activation,base,original_model,production_function_execution,advanceStepUpAlternationState,advanceStepUpAlternationState,"{""featureDefaultOff"":true,""initialLeadSide"":""left"",""setIndex"":0,""trainingVoiceDefaultOff"":true}","[""deterministic production execution""]","{""defaultOpen"":false,""duplicateResult"":false,""floorGateEligible"":true,""id"":""alternation_flag_alone_no_half_activation"",""passed"":true,""unsafeCredit"":false}","{""defaultsRemainClosed"":true,""noDuplicateResult"":true,""noUnsafeCredit"":true,""passed"":true,""productionProof"":{""acceptedFirstRep"":{""acceptedRepCount"":1,""expectedLeadSide"":""right"",""repSfxCount"":1},""duplicateSuppressedCount"":1,""fullSet"":{""acceptedRepCount"":12,""alternationValid"":true,""completedTarget"":true,""leftLeadRepCount"":6,""phase"":""set_complete"",""repSfxCount"":12,""rightLeadRepCount"":6},""progression"":{""alternationValid"":false,""completedSetCount"":1,""exerciseId"":""step-up"",""leftLeadReps"":6,""progressionEligible"":false,""rightLeadReps"":6,""setCount"":3,""setResults"":[{""acceptedRepCount"":12,""alternationValid"":true,""completedTarget"":true,""leftLeadRepCount"":6,""repEvidence"":[{""bothFeetAtStart"":true,""bothFeetReturnedToFloor"":true,""endReason"":""accepted"",""expectedLeadInitiatedAscent"":true,""expectedLeadSide"":""left"",""observedLeadSide"":""left"",""repAttemptId"":""full-1"",""returnedToFloorAtMs"":900,""startedAtMs"":100,""topPhaseValid"":true,""topReachedAtMs"":500,""trackingValid"":true,""valid"":true},{""bothFeetAtStart"":true,""bothFeetReturnedToFloor"":true,""endReason"":""accepted"",""expectedLeadInitiatedAscent"":true,""expectedLeadSide"":""right"",""observedLeadSide"":""right"",""repAttemptId"":""full-2"",""returnedToFloorAtMs"":900,""startedAtMs"":100,""topPhaseValid"":true,""topReachedAtMs"":500,""trackingValid"":true,""valid"":true},{""bothFeetAtStart"":true,""bothFeetReturnedToFloor"":true,""endReason"":""accepted"",""expectedLeadInitiatedAscent"":true,""expectedLeadSide"":""left"",""observedLeadSide"":""left"",""repAttemptId"":""full-3"",""returnedToFloorAtMs"":900,""startedAtMs"":100,""topPhaseValid"":true,""topReachedAtMs"":500,""trackingValid"":true,""valid"":true},{""bothFeetAtStart"":true,""bothFeetReturnedToFloor"":true,""endReason"":""accepted"",""expectedLeadInitiatedAscent"":true,""expectedLeadSide"":""right"",""observedLeadSide"":""right"",""repAttemptId"":""full-4"",""returnedToFloorAtMs"":900,""startedAtMs"":100,""topPhaseValid"":true,""topReachedAtMs"":500,""trackingValid"":true,""valid"":true},{""bothFeetAtStart"":true,""bothFeetReturnedToFloor"":true,""endReason"":""accepted"",""expectedLeadInitiatedAscent"":true,""expectedLeadSide"":""left"",""observedLeadSide"":""left"",""repAttemptId"":""full-5"",""returnedToFloorAtMs"":900,""startedAtMs"":100,""topPhaseValid"":true,""topReachedAtMs"":500,""trackingValid"":true,""valid"":true},{""bothFeetAtStart"":true,""bothFeetReturnedToFloor"":true,""endReason"":""accepted"",""expectedLeadInitiatedAscent"":true,""expectedLeadSide"":""right"",""observedLeadSide"":""right"",""repAttemptId"":""full-6"",""returnedToFloorAtMs"":900,""startedAtMs"":100,""topPhaseValid"":true,""topReachedAtMs"":500,""trackingValid"":true,""valid"":true},{""bothFeetAtStart"":true,""bothFeetReturnedToFloor"":true,""endReason"":""accepted"",""expectedLeadInitiatedAscent"":true,""expectedLeadSide"":""left"",""observedLeadSide"":""left"",""repAttemptId"":""full-7"",""returnedToFloorAtMs"":900,""startedAtMs"":100,""topPhaseValid"":true,""topReachedAtMs"":500,""trackingValid"":true,""valid"":true},{""bothFeetAtStart"":true,""bothFeetReturnedToFloor"":true,""endReason"":""accepted"",""expectedLeadInitiatedAscent"":true,""expectedLeadSide"":""right"",""observedLeadSide"":""right"",""repAttemptId"":""full-8"",""returnedToFloorAtMs"":900,""startedAtMs"":100,""topPhaseValid"":true,""topReachedAtMs"":500,""trackingValid"":true,""valid"":true},{""bothFeetAtStart"":true,""bothFeetReturnedToFloor"":true,""endReason"":""accepted"",""expectedLeadInitiatedAscent"":true,""expectedLeadSide"":""left"",""observedLeadSide"":""left"",""repAttemptId"":""full-9"",""returnedToFloorAtMs"":900,""startedAtMs"":100,""topPhaseValid"":true,""topReachedAtMs"":500,""trackingValid"":true,""valid"":true},{""bothFeetAtStart"":true,""bothFeetReturnedToFloor"":true,""endReason"":""accepted"",""expectedLeadInitiatedAscent"":true,""expectedLeadSide"":""right"",""observedLeadSide"":""right"",""repAttemptId"":""full-10"",""returnedToFloorAtMs"":900,""startedAtMs"":100,""topPhaseValid"":true,""topReachedAtMs"":500,""trackingValid"":true,""valid"":true},{""bothFeetAtStart"":true,""bothFeetReturnedToFloor"":true,""endReason"":""accepted"",""expectedLeadInitiatedAscent"":true,""expectedLeadSide"":""left"",""observedLeadSide"":""left"",""repAttemptId"":""full-11"",""returnedToFloorAtMs"":900,""startedAtMs"":100,""topPhaseValid"":true,""topReachedAtMs"":500,""trackingValid"":true,""valid"":true},{""bothFeetAtStart"":true,""bothFeetReturnedToFloor"":true,""endReason"":""accepted"",""expectedLeadInitiatedAscent"":true,""expectedLeadSide"":""right"",""observedLeadSide"":""right"",""repAttemptId"":""full-12"",""returnedToFloorAtMs"":900,""startedAtMs"":100,""topPhaseValid"":true,""topReachedAtMs"":500,""trackingValid"":true,""valid"":true}],""repSfxCount"":12,""rightLeadRepCount"":6,""setIndex"":0,""startLeadSide"":""left"",""targetTotalReps"":12}],""totalAcceptedReps"":12},""staleIgnoredCount"":1}}",true,,scenario_coverage,src/training/stepUpAlternation/__tests__/stepUpAlternation.test.ts,Current production function path re-executed or statically queried by closure harness.
training_voice_remains_default_closed,base,original_model,production_voice_planner_execution,planTrainingVoiceSequenceV21,planTrainingVoiceSequenceV21,"{""featureDefaultOff"":true,""initialLeadSide"":""left"",""setIndex"":0,""trainingVoiceDefaultOff"":true}","[""step-up context"",""Training Voice V2.1 sequence planner""]","{""defaultOpen"":false,""duplicateResult"":false,""floorGateEligible"":true,""id"":""training_voice_remains_default_closed"",""passed"":true,""unsafeCredit"":false}","{""defaultsRemainClosed"":true,""noDuplicateResult"":true,""noUnsafeCredit"":true,""passed"":true,""productionProof"":{""blockers"":[""behavior_dependency:IR-VOICE-SAFETY-SUBSUMPTION"",""global_behavior_ready_false"",""global_audio_ready_false"",""missing_audio:ex-step-up-first-v21"",""missing_audio:ex-step-up-next-v21"",""missing_audio:step-up-start-left-v21"",""missing_audio:step-up-start-right-v21"",""missing_audio:target-step-up-v21""],""leftCueKeys"":[""ex-step-up-next-v21"",""step-up-start-left-v21"",""final-position-set-v21"",""target-step-up-v21""],""rightCueKeys"":[""ex-step-up-next-v21"",""step-up-start-left-v21"",""final-position-set-v21"",""target-step-up-v21""],""selectable"":false,""targetText"":""Do twelve total reps."",""wrongCueKeys"":[""step-up-wrong-left-v21"",""final-position-set-v21""]}}",true,,trainingVoiceDefaultErrorCount;trainingVoiceAudioReadyErrorCount;trainingVoiceBehaviorReadyErrorCount,src/training/voiceV21/__tests__/foundation.test.ts;src/training/stepUpAlternation/__tests__/stepUpAlternation.test.ts,Training Voice V2.1 remains default off with audio and behavior readiness false.
balance_v2_remains_default_closed,base,original_model,static_default_query,readiness/default exported constants,TRAINING_STEP_UP_ALTERNATION_DEFAULT_ENABLED;TRAINING_VOICE_V2_1_AUDIO_READY;EYES_OPEN_BALANCE_PROTOCOL_V2_SELECTABLE,"{""featureDefaultOff"":true,""initialLeadSide"":""left"",""setIndex"":0,""trainingVoiceDefaultOff"":true}","[""deterministic production execution""]","{""defaultOpen"":false,""duplicateResult"":false,""floorGateEligible"":true,""id"":""balance_v2_remains_default_closed"",""passed"":true,""unsafeCredit"":false}","{""defaultsRemainClosed"":true,""noDuplicateResult"":true,""noUnsafeCredit"":true,""passed"":true,""productionProof"":{""balanceV2AudioReady"":false,""balanceV2Selectable"":false,""stepUpAlternationDefaultEnabled"":false,""trainingVoiceV21AudioReady"":false,""trainingVoiceV21BehaviorReady"":false,""trainingVoiceV21DefaultEnabled"":false}}",true,,balanceV2DefaultErrorCount,src/training/stepUpAlternation/__tests__/stepUpAlternation.test.ts,Balance V2 remains default closed and audio pending.
integration_generated_item_selects_runtime,base,runtime_integration,session_runtime_execution,StepUpAlternationSetRuntime.update,StepUpAlternationSetRuntime.update,"{""featureDefaultOff"":true,""initialLeadSide"":""left"",""setIndex"":0,""trainingVoiceDefaultOff"":true}","[""deterministic production execution""]","{""defaultOpen"":false,""duplicateResult"":false,""floorGateEligible"":true,""id"":""integration_generated_item_selects_runtime"",""passed"":true,""unsafeCredit"":false}","{""defaultsRemainClosed"":true,""noDuplicateResult"":true,""noUnsafeCredit"":true,""passed"":true,""productionProof"":{""duplicateAcceptedEvents"":1,""duplicateAcceptedRepCount"":1,""leftAcceptedCount"":1,""noReturnAcceptedCount"":0,""partialAttemptId"":""step-up-set-1-rep-1-epoch-2"",""rightAcceptedCount"":1,""serializedRuntime"":{""adapter"":{""floorBaseline"":{""leftFootY"":0.8933333333333334,""rightFootY"":0.8933333333333334},""schemaVersion"":1},""kind"":""step_up_alternation"",""schemaVersion"":1,""state"":{""acceptedRepCount"":1,""currentRepAttemptId"":null,""duplicateSuppressedCount"":0,""expectedLeadSide"":""right"",""ignoredStaleActionCount"":0,""leftLeadRepCount"":1,""phase"":""ready_both_feet_floor"",""plan"":{""blockerReasonCodes"":[""STEP_UP_ALTERNATION_READY""],""exerciseId"":""step-up"",""initialLeadSide"":""left"",""planFingerprint"":""sua1_c6eceba6"",""runtimeSelectable"":true,""setCount"":3,""setStartLeadSides"":[""left"",""right"",""left""],""sourcePrescriptionFingerprint"":""step-up-source_731cf0ad"",""sourceSetCount"":3,""sourceTargetRepsPerSet"":12,""targetLeftLeadReps"":6,""targetRightLeadReps"":6,""targetTotalReps"":12,""version"":1},""repEvidence"":[{""bothFeetAtStart"":true,""bothFeetReturnedToFloor"":true,""endReason"":""accepted"",""expectedLeadInitiatedAscent"":true,""expectedLeadSide"":""left"",""observedLeadSide"":""left"",""repAttemptId"":""step-up-set-1-rep-1-epoch-2"",""returnedToFloorAtMs"":5400,""startedAtMs"":4566,""topPhaseValid"":true,""topReachedAtMs"":5099,""trackingValid"":true,""valid"":true}],""repSfxCount"":1,""retiredRepAttemptIds"":[""step-up-set-1-rep-1-epoch-2""],""rightLeadRepCount"":0,""setIndex"":0,""stageEpoch"":4,""startLeadSide"":""left"",""wrongLeadCount"":0}},""staleTailAcceptedCount"":0,""trackingAcceptedRepCount"":0,""trackingPhaseAfterPause"":""awaiting_expected_lead"",""unknownAcceptedCount"":0,""wrongAcceptedCount"":0,""wrongLeadCount"":1}}",true,,runtimeIntegrationMissingLinkCount,src/training/stepUpAlternation/__tests__/stepUpRuntimeIntegration.test.ts;src/training/stepUpAlternation/__tests__/stepUpAlternation.test.ts,Current production function path re-executed or statically queried by closure harness.
integration_step_up_flag_alone_stays_legacy,base,runtime_integration,source_runtime_trace_plus_executed_link,advanceStepUpAlternationState,advanceStepUpAlternationState,"{""featureDefaultOff"":true,""initialLeadSide"":""left"",""setIndex"":0,""trainingVoiceDefaultOff"":true}","[""deterministic production execution""]","{""defaultOpen"":false,""duplicateResult"":false,""floorGateEligible"":true,""id"":""integration_step_up_flag_alone_stays_legacy"",""passed"":true,""unsafeCredit"":false}","{""defaultsRemainClosed"":true,""noDuplicateResult"":true,""noUnsafeCredit"":true,""passed"":true,""productionProof"":{""acceptedFirstRep"":{""acceptedRepCount"":1,""expectedLeadSide"":""right"",""repSfxCount"":1},""duplicateSuppressedCount"":1,""fullSet"":{""acceptedRepCount"":12,""alternationValid"":true,""completedTarget"":true,""leftLeadRepCount"":6,""phase"":""set_complete"",""repSfxCount"":12,""rightLeadRepCount"":6},""progression"":{""alternationValid"":false,""completedSetCount"":1,""exerciseId"":""step-up"",""leftLeadReps"":6,""progressionEligible"":false,""rightLeadReps"":6,""setCount"":3,""setResults"":[{""acceptedRepCount"":12,""alternationValid"":true,""completedTarget"":true,""leftLeadRepCount"":6,""repEvidence"":[{""bothFeetAtStart"":true,""bothFeetReturnedToFloor"":true,""endReason"":""accepted"",""expectedLeadInitiatedAscent"":true,""expectedLeadSide"":""left"",""observedLeadSide"":""left"",""repAttemptId"":""full-1"",""returnedToFloorAtMs"":900,""startedAtMs"":100,""topPhaseValid"":true,""topReachedAtMs"":500,""trackingValid"":true,""valid"":true},{""bothFeetAtStart"":true,""bothFeetReturnedToFloor"":true,""endReason"":""accepted"",""expectedLeadInitiatedAscent"":true,""expectedLeadSide"":""right"",""observedLeadSide"":""right"",""repAttemptId"":""full-2"",""returnedToFloorAtMs"":900,""startedAtMs"":100,""topPhaseValid"":true,""topReachedAtMs"":500,""trackingValid"":true,""valid"":true},{""bothFeetAtStart"":true,""bothFeetReturnedToFloor"":true,""endReason"":""accepted"",""expectedLeadInitiatedAscent"":true,""expectedLeadSide"":""left"",""observedLeadSide"":""left"",""repAttemptId"":""full-3"",""returnedToFloorAtMs"":900,""startedAtMs"":100,""topPhaseValid"":true,""topReachedAtMs"":500,""trackingValid"":true,""valid"":true},{""bothFeetAtStart"":true,""bothFeetReturnedToFloor"":true,""endReason"":""accepted"",""expectedLeadInitiatedAscent"":true,""expectedLeadSide"":""right"",""observedLeadSide"":""right"",""repAttemptId"":""full-4"",""returnedToFloorAtMs"":900,""startedAtMs"":100,""topPhaseValid"":true,""topReachedAtMs"":500,""trackingValid"":true,""valid"":true},{""bothFeetAtStart"":true,""bothFeetReturnedToFloor"":true,""endReason"":""accepted"",""expectedLeadInitiatedAscent"":true,""expectedLeadSide"":""left"",""observedLeadSide"":""left"",""repAttemptId"":""full-5"",""returnedToFloorAtMs"":900,""startedAtMs"":100,""topPhaseValid"":true,""topReachedAtMs"":500,""trackingValid"":true,""valid"":true},{""bothFeetAtStart"":true,""bothFeetReturnedToFloor"":true,""endReason"":""accepted"",""expectedLeadInitiatedAscent"":true,""expectedLeadSide"":""right"",""observedLeadSide"":""right"",""repAttemptId"":""full-6"",""returnedToFloorAtMs"":900,""startedAtMs"":100,""topPhaseValid"":true,""topReachedAtMs"":500,""trackingValid"":true,""valid"":true},{""bothFeetAtStart"":true,""bothFeetReturnedToFloor"":true,""endReason"":""accepted"",""expectedLeadInitiatedAscent"":true,""expectedLeadSide"":""left"",""observedLeadSide"":""left"",""repAttemptId"":""full-7"",""returnedToFloorAtMs"":900,""startedAtMs"":100,""topPhaseValid"":true,""topReachedAtMs"":500,""trackingValid"":true,""valid"":true},{""bothFeetAtStart"":true,""bothFeetReturnedToFloor"":true,""endReason"":""accepted"",""expectedLeadInitiatedAscent"":true,""expectedLeadSide"":""right"",""observedLeadSide"":""right"",""repAttemptId"":""full-8"",""returnedToFloorAtMs"":900,""startedAtMs"":100,""topPhaseValid"":true,""topReachedAtMs"":500,""trackingValid"":true,""valid"":true},{""bothFeetAtStart"":true,""bothFeetReturnedToFloor"":true,""endReason"":""accepted"",""expectedLeadInitiatedAscent"":true,""expectedLeadSide"":""left"",""observedLeadSide"":""left"",""repAttemptId"":""full-9"",""returnedToFloorAtMs"":900,""startedAtMs"":100,""topPhaseValid"":true,""topReachedAtMs"":500,""trackingValid"":true,""valid"":true},{""bothFeetAtStart"":true,""bothFeetReturnedToFloor"":true,""endReason"":""accepted"",""expectedLeadInitiatedAscent"":true,""expectedLeadSide"":""right"",""observedLeadSide"":""right"",""repAttemptId"":""full-10"",""returnedToFloorAtMs"":900,""startedAtMs"":100,""topPhaseValid"":true,""topReachedAtMs"":500,""trackingValid"":true,""valid"":true},{""bothFeetAtStart"":true,""bothFeetReturnedToFloor"":true,""endReason"":""accepted"",""expectedLeadInitiatedAscent"":true,""expectedLeadSide"":""left"",""observedLeadSide"":""left"",""repAttemptId"":""full-11"",""returnedToFloorAtMs"":900,""startedAtMs"":100,""topPhaseValid"":true,""topReachedAtMs"":500,""trackingValid"":true,""valid"":true},{""bothFeetAtStart"":true,""bothFeetReturnedToFloor"":true,""endReason"":""accepted"",""expectedLeadInitiatedAscent"":true,""expectedLeadSide"":""right"",""observedLeadSide"":""right"",""repAttemptId"":""full-12"",""returnedToFloorAtMs"":900,""startedAtMs"":100,""topPhaseValid"":true,""topReachedAtMs"":500,""trackingValid"":true,""valid"":true}],""repSfxCount"":12,""rightLeadRepCount"":6,""setIndex"":0,""startLeadSide"":""left"",""targetTotalReps"":12}],""totalAcceptedReps"":12},""staleIgnoredCount"":1}}",true,,runtimeIntegrationLegacyOnlyLinkCount;stepUpFeatureDefaultErrorCount,src/training/stepUpAlternation/__tests__/stepUpAlternation.test.ts,Current production function path re-executed or statically queried by closure harness.
integration_one_runtime_owner,base,runtime_integration,session_runtime_execution,StepUpAlternationSetRuntime.update,StepUpAlternationSetRuntime.update,"{""featureDefaultOff"":true,""initialLeadSide"":""left"",""setIndex"":0,""trainingVoiceDefaultOff"":true}","[""deterministic production execution""]","{""defaultOpen"":false,""duplicateResult"":false,""floorGateEligible"":true,""id"":""integration_one_runtime_owner"",""passed"":true,""unsafeCredit"":false}","{""defaultsRemainClosed"":true,""noDuplicateResult"":true,""noUnsafeCredit"":true,""passed"":true,""productionProof"":{""duplicateAcceptedEvents"":1,""duplicateAcceptedRepCount"":1,""leftAcceptedCount"":1,""noReturnAcceptedCount"":0,""partialAttemptId"":""step-up-set-1-rep-1-epoch-2"",""rightAcceptedCount"":1,""serializedRuntime"":{""adapter"":{""floorBaseline"":{""leftFootY"":0.8933333333333334,""rightFootY"":0.8933333333333334},""schemaVersion"":1},""kind"":""step_up_alternation"",""schemaVersion"":1,""state"":{""acceptedRepCount"":1,""currentRepAttemptId"":null,""duplicateSuppressedCount"":0,""expectedLeadSide"":""right"",""ignoredStaleActionCount"":0,""leftLeadRepCount"":1,""phase"":""ready_both_feet_floor"",""plan"":{""blockerReasonCodes"":[""STEP_UP_ALTERNATION_READY""],""exerciseId"":""step-up"",""initialLeadSide"":""left"",""planFingerprint"":""sua1_c6eceba6"",""runtimeSelectable"":true,""setCount"":3,""setStartLeadSides"":[""left"",""right"",""left""],""sourcePrescriptionFingerprint"":""step-up-source_731cf0ad"",""sourceSetCount"":3,""sourceTargetRepsPerSet"":12,""targetLeftLeadReps"":6,""targetRightLeadReps"":6,""targetTotalReps"":12,""version"":1},""repEvidence"":[{""bothFeetAtStart"":true,""bothFeetReturnedToFloor"":true,""endReason"":""accepted"",""expectedLeadInitiatedAscent"":true,""expectedLeadSide"":""left"",""observedLeadSide"":""left"",""repAttemptId"":""step-up-set-1-rep-1-epoch-2"",""returnedToFloorAtMs"":5400,""startedAtMs"":4566,""topPhaseValid"":true,""topReachedAtMs"":5099,""trackingValid"":true,""valid"":true}],""repSfxCount"":1,""retiredRepAttemptIds"":[""step-up-set-1-rep-1-epoch-2""],""rightLeadRepCount"":0,""setIndex"":0,""stageEpoch"":4,""startLeadSide"":""left"",""wrongLeadCount"":0}},""staleTailAcceptedCount"":0,""trackingAcceptedRepCount"":0,""trackingPhaseAfterPause"":""awaiting_expected_lead"",""unknownAcceptedCount"":0,""wrongAcceptedCount"":0,""wrongLeadCount"":1}}",true,,runtimeOwnershipConflictCount;runtimeIntegrationUncertainLinkCount,src/training/stepUpAlternation/__tests__/stepUpRuntimeIntegration.test.ts;src/training/stepUpAlternation/__tests__/stepUpAlternation.test.ts,Current production function path re-executed or statically queried by closure harness.
integration_existing_legacy_session_stays_legacy,base,runtime_integration,source_runtime_trace_plus_executed_link,advanceStepUpAlternationState,advanceStepUpAlternationState,"{""featureDefaultOff"":true,""initialLeadSide"":""left"",""setIndex"":0,""trainingVoiceDefaultOff"":true}","[""deterministic production execution""]","{""defaultOpen"":false,""duplicateResult"":false,""floorGateEligible"":true,""id"":""integration_existing_legacy_session_stays_legacy"",""passed"":true,""unsafeCredit"":false}","{""defaultsRemainClosed"":true,""noDuplicateResult"":true,""noUnsafeCredit"":true,""passed"":true,""productionProof"":{""acceptedFirstRep"":{""acceptedRepCount"":1,""expectedLeadSide"":""right"",""repSfxCount"":1},""duplicateSuppressedCount"":1,""fullSet"":{""acceptedRepCount"":12,""alternationValid"":true,""completedTarget"":true,""leftLeadRepCount"":6,""phase"":""set_complete"",""repSfxCount"":12,""rightLeadRepCount"":6},""progression"":{""alternationValid"":false,""completedSetCount"":1,""exerciseId"":""step-up"",""leftLeadReps"":6,""progressionEligible"":false,""rightLeadReps"":6,""setCount"":3,""setResults"":[{""acceptedRepCount"":12,""alternationValid"":true,""completedTarget"":true,""leftLeadRepCount"":6,""repEvidence"":[{""bothFeetAtStart"":true,""bothFeetReturnedToFloor"":true,""endReason"":""accepted"",""expectedLeadInitiatedAscent"":true,""expectedLeadSide"":""left"",""observedLeadSide"":""left"",""repAttemptId"":""full-1"",""returnedToFloorAtMs"":900,""startedAtMs"":100,""topPhaseValid"":true,""topReachedAtMs"":500,""trackingValid"":true,""valid"":true},{""bothFeetAtStart"":true,""bothFeetReturnedToFloor"":true,""endReason"":""accepted"",""expectedLeadInitiatedAscent"":true,""expectedLeadSide"":""right"",""observedLeadSide"":""right"",""repAttemptId"":""full-2"",""returnedToFloorAtMs"":900,""startedAtMs"":100,""topPhaseValid"":true,""topReachedAtMs"":500,""trackingValid"":true,""valid"":true},{""bothFeetAtStart"":true,""bothFeetReturnedToFloor"":true,""endReason"":""accepted"",""expectedLeadInitiatedAscent"":true,""expectedLeadSide"":""left"",""observedLeadSide"":""left"",""repAttemptId"":""full-3"",""returnedToFloorAtMs"":900,""startedAtMs"":100,""topPhaseValid"":true,""topReachedAtMs"":500,""trackingValid"":true,""valid"":true},{""bothFeetAtStart"":true,""bothFeetReturnedToFloor"":true,""endReason"":""accepted"",""expectedLeadInitiatedAscent"":true,""expectedLeadSide"":""right"",""observedLeadSide"":""right"",""repAttemptId"":""full-4"",""returnedToFloorAtMs"":900,""startedAtMs"":100,""topPhaseValid"":true,""topReachedAtMs"":500,""trackingValid"":true,""valid"":true},{""bothFeetAtStart"":true,""bothFeetReturnedToFloor"":true,""endReason"":""accepted"",""expectedLeadInitiatedAscent"":true,""expectedLeadSide"":""left"",""observedLeadSide"":""left"",""repAttemptId"":""full-5"",""returnedToFloorAtMs"":900,""startedAtMs"":100,""topPhaseValid"":true,""topReachedAtMs"":500,""trackingValid"":true,""valid"":true},{""bothFeetAtStart"":true,""bothFeetReturnedToFloor"":true,""endReason"":""accepted"",""expectedLeadInitiatedAscent"":true,""expectedLeadSide"":""right"",""observedLeadSide"":""right"",""repAttemptId"":""full-6"",""returnedToFloorAtMs"":900,""startedAtMs"":100,""topPhaseValid"":true,""topReachedAtMs"":500,""trackingValid"":true,""valid"":true},{""bothFeetAtStart"":true,""bothFeetReturnedToFloor"":true,""endReason"":""accepted"",""expectedLeadInitiatedAscent"":true,""expectedLeadSide"":""left"",""observedLeadSide"":""left"",""repAttemptId"":""full-7"",""returnedToFloorAtMs"":900,""startedAtMs"":100,""topPhaseValid"":true,""topReachedAtMs"":500,""trackingValid"":true,""valid"":true},{""bothFeetAtStart"":true,""bothFeetReturnedToFloor"":true,""endReason"":""accepted"",""expectedLeadInitiatedAscent"":true,""expectedLeadSide"":""right"",""observedLeadSide"":""right"",""repAttemptId"":""full-8"",""returnedToFloorAtMs"":900,""startedAtMs"":100,""topPhaseValid"":true,""topReachedAtMs"":500,""trackingValid"":true,""valid"":true},{""bothFeetAtStart"":true,""bothFeetReturnedToFloor"":true,""endReason"":""accepted"",""expectedLeadInitiatedAscent"":true,""expectedLeadSide"":""left"",""observedLeadSide"":""left"",""repAttemptId"":""full-9"",""returnedToFloorAtMs"":900,""startedAtMs"":100,""topPhaseValid"":true,""topReachedAtMs"":500,""trackingValid"":true,""valid"":true},{""bothFeetAtStart"":true,""bothFeetReturnedToFloor"":true,""endReason"":""accepted"",""expectedLeadInitiatedAscent"":true,""expectedLeadSide"":""right"",""observedLeadSide"":""right"",""repAttemptId"":""full-10"",""returnedToFloorAtMs"":900,""startedAtMs"":100,""topPhaseValid"":true,""topReachedAtMs"":500,""trackingValid"":true,""valid"":true},{""bothFeetAtStart"":true,""bothFeetReturnedToFloor"":true,""endReason"":""accepted"",""expectedLeadInitiatedAscent"":true,""expectedLeadSide"":""left"",""observedLeadSide"":""left"",""repAttemptId"":""full-11"",""returnedToFloorAtMs"":900,""startedAtMs"":100,""topPhaseValid"":true,""topReachedAtMs"":500,""trackingValid"":true,""valid"":true},{""bothFeetAtStart"":true,""bothFeetReturnedToFloor"":true,""endReason"":""accepted"",""expectedLeadInitiatedAscent"":true,""expectedLeadSide"":""right"",""observedLeadSide"":""right"",""repAttemptId"":""full-12"",""returnedToFloorAtMs"":900,""startedAtMs"":100,""topPhaseValid"":true,""topReachedAtMs"":500,""trackingValid"":true,""valid"":true}],""repSfxCount"":12,""rightLeadRepCount"":6,""setIndex"":0,""startLeadSide"":""left"",""targetTotalReps"":12}],""totalAcceptedReps"":12},""staleIgnoredCount"":1}}",true,,scenario_coverage,src/training/stepUpAlternation/__tests__/stepUpAlternation.test.ts,Current production function path re-executed or statically queried by closure harness.
integration_frames_left_lead_to_evidence,base,runtime_integration,session_runtime_execution,StepUpAlternationSetRuntime.update,StepUpAlternationSetRuntime.update,"{""featureDefaultOff"":true,""initialLeadSide"":""left"",""setIndex"":0,""trainingVoiceDefaultOff"":true}","[""deterministic production execution""]","{""defaultOpen"":false,""duplicateResult"":false,""floorGateEligible"":true,""id"":""integration_frames_left_lead_to_evidence"",""passed"":true,""unsafeCredit"":false}","{""defaultsRemainClosed"":true,""noDuplicateResult"":true,""noUnsafeCredit"":true,""passed"":true,""productionProof"":{""duplicateAcceptedEvents"":1,""duplicateAcceptedRepCount"":1,""leftAcceptedCount"":1,""noReturnAcceptedCount"":0,""partialAttemptId"":""step-up-set-1-rep-1-epoch-2"",""rightAcceptedCount"":1,""serializedRuntime"":{""adapter"":{""floorBaseline"":{""leftFootY"":0.8933333333333334,""rightFootY"":0.8933333333333334},""schemaVersion"":1},""kind"":""step_up_alternation"",""schemaVersion"":1,""state"":{""acceptedRepCount"":1,""currentRepAttemptId"":null,""duplicateSuppressedCount"":0,""expectedLeadSide"":""right"",""ignoredStaleActionCount"":0,""leftLeadRepCount"":1,""phase"":""ready_both_feet_floor"",""plan"":{""blockerReasonCodes"":[""STEP_UP_ALTERNATION_READY""],""exerciseId"":""step-up"",""initialLeadSide"":""left"",""planFingerprint"":""sua1_c6eceba6"",""runtimeSelectable"":true,""setCount"":3,""setStartLeadSides"":[""left"",""right"",""left""],""sourcePrescriptionFingerprint"":""step-up-source_731cf0ad"",""sourceSetCount"":3,""sourceTargetRepsPerSet"":12,""targetLeftLeadReps"":6,""targetRightLeadReps"":6,""targetTotalReps"":12,""version"":1},""repEvidence"":[{""bothFeetAtStart"":true,""bothFeetReturnedToFloor"":true,""endReason"":""accepted"",""expectedLeadInitiatedAscent"":true,""expectedLeadSide"":""left"",""observedLeadSide"":""left"",""repAttemptId"":""step-up-set-1-rep-1-epoch-2"",""returnedToFloorAtMs"":5400,""startedAtMs"":4566,""topPhaseValid"":true,""topReachedAtMs"":5099,""trackingValid"":true,""valid"":true}],""repSfxCount"":1,""retiredRepAttemptIds"":[""step-up-set-1-rep-1-epoch-2""],""rightLeadRepCount"":0,""setIndex"":0,""stageEpoch"":4,""startLeadSide"":""left"",""wrongLeadCount"":0}},""staleTailAcceptedCount"":0,""trackingAcceptedRepCount"":0,""trackingPhaseAfterPause"":""awaiting_expected_lead"",""unknownAcceptedCount"":0,""wrongAcceptedCount"":0,""wrongLeadCount"":1}}",true,,scenario_coverage,src/training/stepUpAlternation/__tests__/stepUpRuntimeIntegration.test.ts;src/training/stepUpAlternation/__tests__/stepUpAlternation.test.ts,Current production function path re-executed or statically queried by closure harness.
integration_frames_right_lead_to_evidence,base,runtime_integration,session_runtime_execution,StepUpAlternationSetRuntime.update,StepUpAlternationSetRuntime.update,"{""featureDefaultOff"":true,""initialLeadSide"":""right"",""setIndex"":0,""trainingVoiceDefaultOff"":true}","[""deterministic production execution""]","{""defaultOpen"":false,""duplicateResult"":false,""floorGateEligible"":true,""id"":""integration_frames_right_lead_to_evidence"",""passed"":true,""unsafeCredit"":false}","{""defaultsRemainClosed"":true,""noDuplicateResult"":true,""noUnsafeCredit"":true,""passed"":true,""productionProof"":{""blockerReasonCodes"":[""STEP_UP_ALTERNATION_READY""],""exerciseId"":""step-up"",""initialLeadSide"":""right"",""planFingerprint"":""sua1_421bd884"",""runtimeSelectable"":true,""setCount"":3,""setStartLeadSides"":[""right"",""left"",""right""],""targetLeftLeadReps"":6,""targetRightLeadReps"":6,""targetTotalReps"":12}}",true,,scenario_coverage,src/training/stepUpAlternation/__tests__/stepUpRuntimeIntegration.test.ts;src/training/stepUpAlternation/__tests__/stepUpAlternation.test.ts,Current production function path re-executed or statically queried by closure harness.
integration_frames_wrong_lead_rejected,base,runtime_integration,session_runtime_execution,StepUpAlternationSetRuntime.update,StepUpAlternationSetRuntime.update,"{""featureDefaultOff"":true,""initialLeadSide"":""left"",""setIndex"":0,""trainingVoiceDefaultOff"":true}","[""floor ready"",""wrong lead ascent"",""return to floor"",""rejected terminal event""]","{""defaultOpen"":false,""duplicateResult"":false,""floorGateEligible"":true,""id"":""integration_frames_wrong_lead_rejected"",""passed"":true,""unsafeCredit"":false}","{""defaultsRemainClosed"":true,""noDuplicateResult"":true,""noUnsafeCredit"":true,""passed"":true,""productionProof"":{""duplicateAcceptedEvents"":1,""duplicateAcceptedRepCount"":1,""leftAcceptedCount"":1,""noReturnAcceptedCount"":0,""partialAttemptId"":""step-up-set-1-rep-1-epoch-2"",""rightAcceptedCount"":1,""serializedRuntime"":{""adapter"":{""floorBaseline"":{""leftFootY"":0.8933333333333334,""rightFootY"":0.8933333333333334},""schemaVersion"":1},""kind"":""step_up_alternation"",""schemaVersion"":1,""state"":{""acceptedRepCount"":1,""currentRepAttemptId"":null,""duplicateSuppressedCount"":0,""expectedLeadSide"":""right"",""ignoredStaleActionCount"":0,""leftLeadRepCount"":1,""phase"":""ready_both_feet_floor"",""plan"":{""blockerReasonCodes"":[""STEP_UP_ALTERNATION_READY""],""exerciseId"":""step-up"",""initialLeadSide"":""left"",""planFingerprint"":""sua1_c6eceba6"",""runtimeSelectable"":true,""setCount"":3,""setStartLeadSides"":[""left"",""right"",""left""],""sourcePrescriptionFingerprint"":""step-up-source_731cf0ad"",""sourceSetCount"":3,""sourceTargetRepsPerSet"":12,""targetLeftLeadReps"":6,""targetRightLeadReps"":6,""targetTotalReps"":12,""version"":1},""repEvidence"":[{""bothFeetAtStart"":true,""bothFeetReturnedToFloor"":true,""endReason"":""accepted"",""expectedLeadInitiatedAscent"":true,""expectedLeadSide"":""left"",""observedLeadSide"":""left"",""repAttemptId"":""step-up-set-1-rep-1-epoch-2"",""returnedToFloorAtMs"":5400,""startedAtMs"":4566,""topPhaseValid"":true,""topReachedAtMs"":5099,""trackingValid"":true,""valid"":true}],""repSfxCount"":1,""retiredRepAttemptIds"":[""step-up-set-1-rep-1-epoch-2""],""rightLeadRepCount"":0,""setIndex"":0,""stageEpoch"":4,""startLeadSide"":""left"",""wrongLeadCount"":0}},""staleTailAcceptedCount"":0,""trackingAcceptedRepCount"":0,""trackingPhaseAfterPause"":""awaiting_expected_lead"",""unknownAcceptedCount"":0,""wrongAcceptedCount"":0,""wrongLeadCount"":1}}",true,,wrongLeadLiveCreditCount;wrongOrUnknownLeadSfxCount,src/training/stepUpAlternation/__tests__/stepUpRuntimeIntegration.test.ts;src/training/stepUpAlternation/__tests__/stepUpAlternation.test.ts,Current production function path re-executed or statically queried by closure harness.
integration_frames_unknown_lead_rejected,base,runtime_integration,session_runtime_execution,StepUpAlternationSetRuntime.update,StepUpAlternationSetRuntime.update,"{""featureDefaultOff"":true,""initialLeadSide"":""left"",""setIndex"":0,""trainingVoiceDefaultOff"":true}","[""floor ready"",""ambiguous lead"",""return to floor"",""rejected terminal event""]","{""defaultOpen"":false,""duplicateResult"":false,""floorGateEligible"":true,""id"":""integration_frames_unknown_lead_rejected"",""passed"":true,""unsafeCredit"":false}","{""defaultsRemainClosed"":true,""noDuplicateResult"":true,""noUnsafeCredit"":true,""passed"":true,""productionProof"":{""duplicateAcceptedEvents"":1,""duplicateAcceptedRepCount"":1,""leftAcceptedCount"":1,""noReturnAcceptedCount"":0,""partialAttemptId"":""step-up-set-1-rep-1-epoch-2"",""rightAcceptedCount"":1,""serializedRuntime"":{""adapter"":{""floorBaseline"":{""leftFootY"":0.8933333333333334,""rightFootY"":0.8933333333333334},""schemaVersion"":1},""kind"":""step_up_alternation"",""schemaVersion"":1,""state"":{""acceptedRepCount"":1,""currentRepAttemptId"":null,""duplicateSuppressedCount"":0,""expectedLeadSide"":""right"",""ignoredStaleActionCount"":0,""leftLeadRepCount"":1,""phase"":""ready_both_feet_floor"",""plan"":{""blockerReasonCodes"":[""STEP_UP_ALTERNATION_READY""],""exerciseId"":""step-up"",""initialLeadSide"":""left"",""planFingerprint"":""sua1_c6eceba6"",""runtimeSelectable"":true,""setCount"":3,""setStartLeadSides"":[""left"",""right"",""left""],""sourcePrescriptionFingerprint"":""step-up-source_731cf0ad"",""sourceSetCount"":3,""sourceTargetRepsPerSet"":12,""targetLeftLeadReps"":6,""targetRightLeadReps"":6,""targetTotalReps"":12,""version"":1},""repEvidence"":[{""bothFeetAtStart"":true,""bothFeetReturnedToFloor"":true,""endReason"":""accepted"",""expectedLeadInitiatedAscent"":true,""expectedLeadSide"":""left"",""observedLeadSide"":""left"",""repAttemptId"":""step-up-set-1-rep-1-epoch-2"",""returnedToFloorAtMs"":5400,""startedAtMs"":4566,""topPhaseValid"":true,""topReachedAtMs"":5099,""trackingValid"":true,""valid"":true}],""repSfxCount"":1,""retiredRepAttemptIds"":[""step-up-set-1-rep-1-epoch-2""],""rightLeadRepCount"":0,""setIndex"":0,""stageEpoch"":4,""startLeadSide"":""left"",""wrongLeadCount"":0}},""staleTailAcceptedCount"":0,""trackingAcceptedRepCount"":0,""trackingPhaseAfterPause"":""awaiting_expected_lead"",""unknownAcceptedCount"":0,""wrongAcceptedCount"":0,""wrongLeadCount"":1}}",true,,unknownLeadLiveCreditCount;wrongOrUnknownLeadSfxCount,src/training/stepUpAlternation/__tests__/stepUpRuntimeIntegration.test.ts;src/training/stepUpAlternation/__tests__/stepUpAlternation.test.ts,Current production function path re-executed or statically queried by closure harness.
integration_frames_top_without_return_rejected,base,runtime_integration,session_runtime_execution,StepUpAlternationSetRuntime.update,StepUpAlternationSetRuntime.update,"{""featureDefaultOff"":true,""initialLeadSide"":""left"",""setIndex"":0,""trainingVoiceDefaultOff"":true}","[""deterministic production execution""]","{""defaultOpen"":false,""duplicateResult"":false,""floorGateEligible"":true,""id"":""integration_frames_top_without_return_rejected"",""passed"":true,""unsafeCredit"":false}","{""defaultsRemainClosed"":true,""noDuplicateResult"":true,""noUnsafeCredit"":true,""passed"":true,""productionProof"":{""duplicateAcceptedEvents"":1,""duplicateAcceptedRepCount"":1,""leftAcceptedCount"":1,""noReturnAcceptedCount"":0,""partialAttemptId"":""step-up-set-1-rep-1-epoch-2"",""rightAcceptedCount"":1,""serializedRuntime"":{""adapter"":{""floorBaseline"":{""leftFootY"":0.8933333333333334,""rightFootY"":0.8933333333333334},""schemaVersion"":1},""kind"":""step_up_alternation"",""schemaVersion"":1,""state"":{""acceptedRepCount"":1,""currentRepAttemptId"":null,""duplicateSuppressedCount"":0,""expectedLeadSide"":""right"",""ignoredStaleActionCount"":0,""leftLeadRepCount"":1,""phase"":""ready_both_feet_floor"",""plan"":{""blockerReasonCodes"":[""STEP_UP_ALTERNATION_READY""],""exerciseId"":""step-up"",""initialLeadSide"":""left"",""planFingerprint"":""sua1_c6eceba6"",""runtimeSelectable"":true,""setCount"":3,""setStartLeadSides"":[""left"",""right"",""left""],""sourcePrescriptionFingerprint"":""step-up-source_731cf0ad"",""sourceSetCount"":3,""sourceTargetRepsPerSet"":12,""targetLeftLeadReps"":6,""targetRightLeadReps"":6,""targetTotalReps"":12,""version"":1},""repEvidence"":[{""bothFeetAtStart"":true,""bothFeetReturnedToFloor"":true,""endReason"":""accepted"",""expectedLeadInitiatedAscent"":true,""expectedLeadSide"":""left"",""observedLeadSide"":""left"",""repAttemptId"":""step-up-set-1-rep-1-epoch-2"",""returnedToFloorAtMs"":5400,""startedAtMs"":4566,""topPhaseValid"":true,""topReachedAtMs"":5099,""trackingValid"":true,""valid"":true}],""repSfxCount"":1,""retiredRepAttemptIds"":[""step-up-set-1-rep-1-epoch-2""],""rightLeadRepCount"":0,""setIndex"":0,""stageEpoch"":4,""startLeadSide"":""left"",""wrongLeadCount"":0}},""staleTailAcceptedCount"":0,""trackingAcceptedRepCount"":0,""trackingPhaseAfterPause"":""awaiting_expected_lead"",""unknownAcceptedCount"":0,""wrongAcceptedCount"":0,""wrongLeadCount"":1}}",true,,preFloorReturnCreditCount,src/training/stepUpAlternation/__tests__/stepUpRuntimeIntegration.test.ts;src/training/stepUpAlternation/__tests__/stepUpAlternation.test.ts,Current production function path re-executed or statically queried by closure harness.
integration_frames_one_foot_on_step_rejected,base,runtime_integration,session_runtime_execution,StepUpAlternationSetRuntime.update,StepUpAlternationSetRuntime.update,"{""featureDefaultOff"":true,""initialLeadSide"":""left"",""setIndex"":0,""trainingVoiceDefaultOff"":true}","[""deterministic production execution""]","{""defaultOpen"":false,""duplicateResult"":false,""floorGateEligible"":true,""id"":""integration_frames_one_foot_on_step_rejected"",""passed"":true,""unsafeCredit"":false}","{""defaultsRemainClosed"":true,""noDuplicateResult"":true,""noUnsafeCredit"":true,""passed"":true,""productionProof"":{""duplicateAcceptedEvents"":1,""duplicateAcceptedRepCount"":1,""leftAcceptedCount"":1,""noReturnAcceptedCount"":0,""partialAttemptId"":""step-up-set-1-rep-1-epoch-2"",""rightAcceptedCount"":1,""serializedRuntime"":{""adapter"":{""floorBaseline"":{""leftFootY"":0.8933333333333334,""rightFootY"":0.8933333333333334},""schemaVersion"":1},""kind"":""step_up_alternation"",""schemaVersion"":1,""state"":{""acceptedRepCount"":1,""currentRepAttemptId"":null,""duplicateSuppressedCount"":0,""expectedLeadSide"":""right"",""ignoredStaleActionCount"":0,""leftLeadRepCount"":1,""phase"":""ready_both_feet_floor"",""plan"":{""blockerReasonCodes"":[""STEP_UP_ALTERNATION_READY""],""exerciseId"":""step-up"",""initialLeadSide"":""left"",""planFingerprint"":""sua1_c6eceba6"",""runtimeSelectable"":true,""setCount"":3,""setStartLeadSides"":[""left"",""right"",""left""],""sourcePrescriptionFingerprint"":""step-up-source_731cf0ad"",""sourceSetCount"":3,""sourceTargetRepsPerSet"":12,""targetLeftLeadReps"":6,""targetRightLeadReps"":6,""targetTotalReps"":12,""version"":1},""repEvidence"":[{""bothFeetAtStart"":true,""bothFeetReturnedToFloor"":true,""endReason"":""accepted"",""expectedLeadInitiatedAscent"":true,""expectedLeadSide"":""left"",""observedLeadSide"":""left"",""repAttemptId"":""step-up-set-1-rep-1-epoch-2"",""returnedToFloorAtMs"":5400,""startedAtMs"":4566,""topPhaseValid"":true,""topReachedAtMs"":5099,""trackingValid"":true,""valid"":true}],""repSfxCount"":1,""retiredRepAttemptIds"":[""step-up-set-1-rep-1-epoch-2""],""rightLeadRepCount"":0,""setIndex"":0,""stageEpoch"":4,""startLeadSide"":""left"",""wrongLeadCount"":0}},""staleTailAcceptedCount"":0,""trackingAcceptedRepCount"":0,""trackingPhaseAfterPause"":""awaiting_expected_lead"",""unknownAcceptedCount"":0,""wrongAcceptedCount"":0,""wrongLeadCount"":1}}",true,,scenario_coverage,src/training/stepUpAlternation/__tests__/stepUpRuntimeIntegration.test.ts;src/training/stepUpAlternation/__tests__/stepUpAlternation.test.ts,Current production function path re-executed or statically queried by closure harness.
integration_frames_threshold_noise_single_credit,base,runtime_integration,session_runtime_execution,StepUpAlternationSetRuntime.update,StepUpAlternationSetRuntime.update,"{""featureDefaultOff"":true,""initialLeadSide"":""left"",""setIndex"":0,""trainingVoiceDefaultOff"":true}","[""deterministic production execution""]","{""defaultOpen"":false,""duplicateResult"":false,""floorGateEligible"":true,""id"":""integration_frames_threshold_noise_single_credit"",""passed"":true,""unsafeCredit"":false}","{""defaultsRemainClosed"":true,""noDuplicateResult"":true,""noUnsafeCredit"":true,""passed"":true,""productionProof"":{""duplicateAcceptedEvents"":1,""duplicateAcceptedRepCount"":1,""leftAcceptedCount"":1,""noReturnAcceptedCount"":0,""partialAttemptId"":""step-up-set-1-rep-1-epoch-2"",""rightAcceptedCount"":1,""serializedRuntime"":{""adapter"":{""floorBaseline"":{""leftFootY"":0.8933333333333334,""rightFootY"":0.8933333333333334},""schemaVersion"":1},""kind"":""step_up_alternation"",""schemaVersion"":1,""state"":{""acceptedRepCount"":1,""currentRepAttemptId"":null,""duplicateSuppressedCount"":0,""expectedLeadSide"":""right"",""ignoredStaleActionCount"":0,""leftLeadRepCount"":1,""phase"":""ready_both_feet_floor"",""plan"":{""blockerReasonCodes"":[""STEP_UP_ALTERNATION_READY""],""exerciseId"":""step-up"",""initialLeadSide"":""left"",""planFingerprint"":""sua1_c6eceba6"",""runtimeSelectable"":true,""setCount"":3,""setStartLeadSides"":[""left"",""right"",""left""],""sourcePrescriptionFingerprint"":""step-up-source_731cf0ad"",""sourceSetCount"":3,""sourceTargetRepsPerSet"":12,""targetLeftLeadReps"":6,""targetRightLeadReps"":6,""targetTotalReps"":12,""version"":1},""repEvidence"":[{""bothFeetAtStart"":true,""bothFeetReturnedToFloor"":true,""endReason"":""accepted"",""expectedLeadInitiatedAscent"":true,""expectedLeadSide"":""left"",""observedLeadSide"":""left"",""repAttemptId"":""step-up-set-1-rep-1-epoch-2"",""returnedToFloorAtMs"":5400,""startedAtMs"":4566,""topPhaseValid"":true,""topReachedAtMs"":5099,""trackingValid"":true,""valid"":true}],""repSfxCount"":1,""retiredRepAttemptIds"":[""step-up-set-1-rep-1-epoch-2""],""rightLeadRepCount"":0,""setIndex"":0,""stageEpoch"":4,""startLeadSide"":""left"",""wrongLeadCount"":0}},""staleTailAcceptedCount"":0,""trackingAcceptedRepCount"":0,""trackingPhaseAfterPause"":""awaiting_expected_lead"",""unknownAcceptedCount"":0,""wrongAcceptedCount"":0,""wrongLeadCount"":1}}",true,,thresholdNoiseExtraCreditCount,src/training/stepUpAlternation/__tests__/stepUpRuntimeIntegration.test.ts;src/training/stepUpAlternation/__tests__/stepUpAlternation.test.ts,Current production function path re-executed or statically queried by closure harness.
integration_tracking_interrupt_retires_rep,base,runtime_integration,source_runtime_trace_plus_executed_link,advanceStepUpAlternationState,advanceStepUpAlternationState,"{""featureDefaultOff"":true,""initialLeadSide"":""left"",""setIndex"":0,""trainingVoiceDefaultOff"":true}","[""deterministic production execution""]","{""defaultOpen"":false,""duplicateResult"":false,""floorGateEligible"":true,""id"":""integration_tracking_interrupt_retires_rep"",""passed"":true,""unsafeCredit"":false}","{""defaultsRemainClosed"":true,""noDuplicateResult"":true,""noUnsafeCredit"":true,""passed"":true,""productionProof"":{""acceptedFirstRep"":{""acceptedRepCount"":1,""expectedLeadSide"":""right"",""repSfxCount"":1},""duplicateSuppressedCount"":1,""fullSet"":{""acceptedRepCount"":12,""alternationValid"":true,""completedTarget"":true,""leftLeadRepCount"":6,""phase"":""set_complete"",""repSfxCount"":12,""rightLeadRepCount"":6},""progression"":{""alternationValid"":false,""completedSetCount"":1,""exerciseId"":""step-up"",""leftLeadReps"":6,""progressionEligible"":false,""rightLeadReps"":6,""setCount"":3,""setResults"":[{""acceptedRepCount"":12,""alternationValid"":true,""completedTarget"":true,""leftLeadRepCount"":6,""repEvidence"":[{""bothFeetAtStart"":true,""bothFeetReturnedToFloor"":true,""endReason"":""accepted"",""expectedLeadInitiatedAscent"":true,""expectedLeadSide"":""left"",""observedLeadSide"":""left"",""repAttemptId"":""full-1"",""returnedToFloorAtMs"":900,""startedAtMs"":100,""topPhaseValid"":true,""topReachedAtMs"":500,""trackingValid"":true,""valid"":true},{""bothFeetAtStart"":true,""bothFeetReturnedToFloor"":true,""endReason"":""accepted"",""expectedLeadInitiatedAscent"":true,""expectedLeadSide"":""right"",""observedLeadSide"":""right"",""repAttemptId"":""full-2"",""returnedToFloorAtMs"":900,""startedAtMs"":100,""topPhaseValid"":true,""topReachedAtMs"":500,""trackingValid"":true,""valid"":true},{""bothFeetAtStart"":true,""bothFeetReturnedToFloor"":true,""endReason"":""accepted"",""expectedLeadInitiatedAscent"":true,""expectedLeadSide"":""left"",""observedLeadSide"":""left"",""repAttemptId"":""full-3"",""returnedToFloorAtMs"":900,""startedAtMs"":100,""topPhaseValid"":true,""topReachedAtMs"":500,""trackingValid"":true,""valid"":true},{""bothFeetAtStart"":true,""bothFeetReturnedToFloor"":true,""endReason"":""accepted"",""expectedLeadInitiatedAscent"":true,""expectedLeadSide"":""right"",""observedLeadSide"":""right"",""repAttemptId"":""full-4"",""returnedToFloorAtMs"":900,""startedAtMs"":100,""topPhaseValid"":true,""topReachedAtMs"":500,""trackingValid"":true,""valid"":true},{""bothFeetAtStart"":true,""bothFeetReturnedToFloor"":true,""endReason"":""accepted"",""expectedLeadInitiatedAscent"":true,""expectedLeadSide"":""left"",""observedLeadSide"":""left"",""repAttemptId"":""full-5"",""returnedToFloorAtMs"":900,""startedAtMs"":100,""topPhaseValid"":true,""topReachedAtMs"":500,""trackingValid"":true,""valid"":true},{""bothFeetAtStart"":true,""bothFeetReturnedToFloor"":true,""endReason"":""accepted"",""expectedLeadInitiatedAscent"":true,""expectedLeadSide"":""right"",""observedLeadSide"":""right"",""repAttemptId"":""full-6"",""returnedToFloorAtMs"":900,""startedAtMs"":100,""topPhaseValid"":true,""topReachedAtMs"":500,""trackingValid"":true,""valid"":true},{""bothFeetAtStart"":true,""bothFeetReturnedToFloor"":true,""endReason"":""accepted"",""expectedLeadInitiatedAscent"":true,""expectedLeadSide"":""left"",""observedLeadSide"":""left"",""repAttemptId"":""full-7"",""returnedToFloorAtMs"":900,""startedAtMs"":100,""topPhaseValid"":true,""topReachedAtMs"":500,""trackingValid"":true,""valid"":true},{""bothFeetAtStart"":true,""bothFeetReturnedToFloor"":true,""endReason"":""accepted"",""expectedLeadInitiatedAscent"":true,""expectedLeadSide"":""right"",""observedLeadSide"":""right"",""repAttemptId"":""full-8"",""returnedToFloorAtMs"":900,""startedAtMs"":100,""topPhaseValid"":true,""topReachedAtMs"":500,""trackingValid"":true,""valid"":true},{""bothFeetAtStart"":true,""bothFeetReturnedToFloor"":true,""endReason"":""accepted"",""expectedLeadInitiatedAscent"":true,""expectedLeadSide"":""left"",""observedLeadSide"":""left"",""repAttemptId"":""full-9"",""returnedToFloorAtMs"":900,""startedAtMs"":100,""topPhaseValid"":true,""topReachedAtMs"":500,""trackingValid"":true,""valid"":true},{""bothFeetAtStart"":true,""bothFeetReturnedToFloor"":true,""endReason"":""accepted"",""expectedLeadInitiatedAscent"":true,""expectedLeadSide"":""right"",""observedLeadSide"":""right"",""repAttemptId"":""full-10"",""returnedToFloorAtMs"":900,""startedAtMs"":100,""topPhaseValid"":true,""topReachedAtMs"":500,""trackingValid"":true,""valid"":true},{""bothFeetAtStart"":true,""bothFeetReturnedToFloor"":true,""endReason"":""accepted"",""expectedLeadInitiatedAscent"":true,""expectedLeadSide"":""left"",""observedLeadSide"":""left"",""repAttemptId"":""full-11"",""returnedToFloorAtMs"":900,""startedAtMs"":100,""topPhaseValid"":true,""topReachedAtMs"":500,""trackingValid"":true,""valid"":true},{""bothFeetAtStart"":true,""bothFeetReturnedToFloor"":true,""endReason"":""accepted"",""expectedLeadInitiatedAscent"":true,""expectedLeadSide"":""right"",""observedLeadSide"":""right"",""repAttemptId"":""full-12"",""returnedToFloorAtMs"":900,""startedAtMs"":100,""topPhaseValid"":true,""topReachedAtMs"":500,""trackingValid"":true,""valid"":true}],""repSfxCount"":12,""rightLeadRepCount"":6,""setIndex"":0,""startLeadSide"":""left"",""targetTotalReps"":12}],""totalAcceptedReps"":12},""staleIgnoredCount"":1}}",true,,scenario_coverage,src/training/stepUpAlternation/__tests__/stepUpAlternation.test.ts,Current production function path re-executed or statically queried by closure harness.
integration_evidence_dispatches_state_machine,base,runtime_integration,source_runtime_trace_plus_executed_link,advanceStepUpAlternationState,advanceStepUpAlternationState,"{""featureDefaultOff"":true,""initialLeadSide"":""left"",""setIndex"":0,""trainingVoiceDefaultOff"":true}","[""deterministic production execution""]","{""defaultOpen"":false,""duplicateResult"":false,""floorGateEligible"":true,""id"":""integration_evidence_dispatches_state_machine"",""passed"":true,""unsafeCredit"":false}","{""defaultsRemainClosed"":true,""noDuplicateResult"":true,""noUnsafeCredit"":true,""passed"":true,""productionProof"":{""acceptedFirstRep"":{""acceptedRepCount"":1,""expectedLeadSide"":""right"",""repSfxCount"":1},""duplicateSuppressedCount"":1,""fullSet"":{""acceptedRepCount"":12,""alternationValid"":true,""completedTarget"":true,""leftLeadRepCount"":6,""phase"":""set_complete"",""repSfxCount"":12,""rightLeadRepCount"":6},""progression"":{""alternationValid"":false,""completedSetCount"":1,""exerciseId"":""step-up"",""leftLeadReps"":6,""progressionEligible"":false,""rightLeadReps"":6,""setCount"":3,""setResults"":[{""acceptedRepCount"":12,""alternationValid"":true,""completedTarget"":true,""leftLeadRepCount"":6,""repEvidence"":[{""bothFeetAtStart"":true,""bothFeetReturnedToFloor"":true,""endReason"":""accepted"",""expectedLeadInitiatedAscent"":true,""expectedLeadSide"":""left"",""observedLeadSide"":""left"",""repAttemptId"":""full-1"",""returnedToFloorAtMs"":900,""startedAtMs"":100,""topPhaseValid"":true,""topReachedAtMs"":500,""trackingValid"":true,""valid"":true},{""bothFeetAtStart"":true,""bothFeetReturnedToFloor"":true,""endReason"":""accepted"",""expectedLeadInitiatedAscent"":true,""expectedLeadSide"":""right"",""observedLeadSide"":""right"",""repAttemptId"":""full-2"",""returnedToFloorAtMs"":900,""startedAtMs"":100,""topPhaseValid"":true,""topReachedAtMs"":500,""trackingValid"":true,""valid"":true},{""bothFeetAtStart"":true,""bothFeetReturnedToFloor"":true,""endReason"":""accepted"",""expectedLeadInitiatedAscent"":true,""expectedLeadSide"":""left"",""observedLeadSide"":""left"",""repAttemptId"":""full-3"",""returnedToFloorAtMs"":900,""startedAtMs"":100,""topPhaseValid"":true,""topReachedAtMs"":500,""trackingValid"":true,""valid"":true},{""bothFeetAtStart"":true,""bothFeetReturnedToFloor"":true,""endReason"":""accepted"",""expectedLeadInitiatedAscent"":true,""expectedLeadSide"":""right"",""observedLeadSide"":""right"",""repAttemptId"":""full-4"",""returnedToFloorAtMs"":900,""startedAtMs"":100,""topPhaseValid"":true,""topReachedAtMs"":500,""trackingValid"":true,""valid"":true},{""bothFeetAtStart"":true,""bothFeetReturnedToFloor"":true,""endReason"":""accepted"",""expectedLeadInitiatedAscent"":true,""expectedLeadSide"":""left"",""observedLeadSide"":""left"",""repAttemptId"":""full-5"",""returnedToFloorAtMs"":900,""startedAtMs"":100,""topPhaseValid"":true,""topReachedAtMs"":500,""trackingValid"":true,""valid"":true},{""bothFeetAtStart"":true,""bothFeetReturnedToFloor"":true,""endReason"":""accepted"",""expectedLeadInitiatedAscent"":true,""expectedLeadSide"":""right"",""observedLeadSide"":""right"",""repAttemptId"":""full-6"",""returnedToFloorAtMs"":900,""startedAtMs"":100,""topPhaseValid"":true,""topReachedAtMs"":500,""trackingValid"":true,""valid"":true},{""bothFeetAtStart"":true,""bothFeetReturnedToFloor"":true,""endReason"":""accepted"",""expectedLeadInitiatedAscent"":true,""expectedLeadSide"":""left"",""observedLeadSide"":""left"",""repAttemptId"":""full-7"",""returnedToFloorAtMs"":900,""startedAtMs"":100,""topPhaseValid"":true,""topReachedAtMs"":500,""trackingValid"":true,""valid"":true},{""bothFeetAtStart"":true,""bothFeetReturnedToFloor"":true,""endReason"":""accepted"",""expectedLeadInitiatedAscent"":true,""expectedLeadSide"":""right"",""observedLeadSide"":""right"",""repAttemptId"":""full-8"",""returnedToFloorAtMs"":900,""startedAtMs"":100,""topPhaseValid"":true,""topReachedAtMs"":500,""trackingValid"":true,""valid"":true},{""bothFeetAtStart"":true,""bothFeetReturnedToFloor"":true,""endReason"":""accepted"",""expectedLeadInitiatedAscent"":true,""expectedLeadSide"":""left"",""observedLeadSide"":""left"",""repAttemptId"":""full-9"",""returnedToFloorAtMs"":900,""startedAtMs"":100,""topPhaseValid"":true,""topReachedAtMs"":500,""trackingValid"":true,""valid"":true},{""bothFeetAtStart"":true,""bothFeetReturnedToFloor"":true,""endReason"":""accepted"",""expectedLeadInitiatedAscent"":true,""expectedLeadSide"":""right"",""observedLeadSide"":""right"",""repAttemptId"":""full-10"",""returnedToFloorAtMs"":900,""startedAtMs"":100,""topPhaseValid"":true,""topReachedAtMs"":500,""trackingValid"":true,""valid"":true},{""bothFeetAtStart"":true,""bothFeetReturnedToFloor"":true,""endReason"":""accepted"",""expectedLeadInitiatedAscent"":true,""expectedLeadSide"":""left"",""observedLeadSide"":""left"",""repAttemptId"":""full-11"",""returnedToFloorAtMs"":900,""startedAtMs"":100,""topPhaseValid"":true,""topReachedAtMs"":500,""trackingValid"":true,""valid"":true},{""bothFeetAtStart"":true,""bothFeetReturnedToFloor"":true,""endReason"":""accepted"",""expectedLeadInitiatedAscent"":true,""expectedLeadSide"":""right"",""observedLeadSide"":""right"",""repAttemptId"":""full-12"",""returnedToFloorAtMs"":900,""startedAtMs"":100,""topPhaseValid"":true,""topReachedAtMs"":500,""trackingValid"":true,""valid"":true}],""repSfxCount"":12,""rightLeadRepCount"":6,""setIndex"":0,""startLeadSide"":""left"",""targetTotalReps"":12}],""totalAcceptedReps"":12},""staleIgnoredCount"":1}}",true,,runtimeIntegrationPartialLinkCount,src/training/stepUpAlternation/__tests__/stepUpAlternation.test.ts,Current production function path re-executed or statically queried by closure harness.
integration_accepted_rep_is_only_sfx_source,base,runtime_integration,session_runtime_execution,StepUpAlternationSetRuntime.update,StepUpAlternationSetRuntime.update,"{""featureDefaultOff"":true,""initialLeadSide"":""left"",""setIndex"":0,""trainingVoiceDefaultOff"":true}","[""deterministic production execution""]","{""defaultOpen"":false,""duplicateResult"":false,""floorGateEligible"":true,""id"":""integration_accepted_rep_is_only_sfx_source"",""passed"":true,""unsafeCredit"":false}","{""defaultsRemainClosed"":true,""noDuplicateResult"":true,""noUnsafeCredit"":true,""passed"":true,""productionProof"":{""duplicateAcceptedEvents"":1,""duplicateAcceptedRepCount"":1,""leftAcceptedCount"":1,""noReturnAcceptedCount"":0,""partialAttemptId"":""step-up-set-1-rep-1-epoch-2"",""rightAcceptedCount"":1,""serializedRuntime"":{""adapter"":{""floorBaseline"":{""leftFootY"":0.8933333333333334,""rightFootY"":0.8933333333333334},""schemaVersion"":1},""kind"":""step_up_alternation"",""schemaVersion"":1,""state"":{""acceptedRepCount"":1,""currentRepAttemptId"":null,""duplicateSuppressedCount"":0,""expectedLeadSide"":""right"",""ignoredStaleActionCount"":0,""leftLeadRepCount"":1,""phase"":""ready_both_feet_floor"",""plan"":{""blockerReasonCodes"":[""STEP_UP_ALTERNATION_READY""],""exerciseId"":""step-up"",""initialLeadSide"":""left"",""planFingerprint"":""sua1_c6eceba6"",""runtimeSelectable"":true,""setCount"":3,""setStartLeadSides"":[""left"",""right"",""left""],""sourcePrescriptionFingerprint"":""step-up-source_731cf0ad"",""sourceSetCount"":3,""sourceTargetRepsPerSet"":12,""targetLeftLeadReps"":6,""targetRightLeadReps"":6,""targetTotalReps"":12,""version"":1},""repEvidence"":[{""bothFeetAtStart"":true,""bothFeetReturnedToFloor"":true,""endReason"":""accepted"",""expectedLeadInitiatedAscent"":true,""expectedLeadSide"":""left"",""observedLeadSide"":""left"",""repAttemptId"":""step-up-set-1-rep-1-epoch-2"",""returnedToFloorAtMs"":5400,""startedAtMs"":4566,""topPhaseValid"":true,""topReachedAtMs"":5099,""trackingValid"":true,""valid"":true}],""repSfxCount"":1,""retiredRepAttemptIds"":[""step-up-set-1-rep-1-epoch-2""],""rightLeadRepCount"":0,""setIndex"":0,""stageEpoch"":4,""startLeadSide"":""left"",""wrongLeadCount"":0}},""staleTailAcceptedCount"":0,""trackingAcceptedRepCount"":0,""trackingPhaseAfterPause"":""awaiting_expected_lead"",""unknownAcceptedCount"":0,""wrongAcceptedCount"":0,""wrongLeadCount"":1}}",true,,acceptedRepSfxMismatchCount,src/training/stepUpAlternation/__tests__/stepUpRuntimeIntegration.test.ts;src/training/stepUpAlternation/__tests__/stepUpAlternation.test.ts,Current production function path re-executed or statically queried by closure harness.
integration_generic_rep_sfx_suppressed,base,runtime_integration,session_runtime_execution,StepUpAlternationSetRuntime.update,StepUpAlternationSetRuntime.update,"{""featureDefaultOff"":true,""initialLeadSide"":""left"",""setIndex"":0,""trainingVoiceDefaultOff"":true}","[""floor ready"",""ambiguous lead"",""return to floor"",""rejected terminal event""]","{""defaultOpen"":false,""duplicateResult"":false,""floorGateEligible"":true,""id"":""integration_generic_rep_sfx_suppressed"",""passed"":true,""unsafeCredit"":false}","{""defaultsRemainClosed"":true,""noDuplicateResult"":true,""noUnsafeCredit"":true,""passed"":true,""productionProof"":{""duplicateAcceptedEvents"":1,""duplicateAcceptedRepCount"":1,""leftAcceptedCount"":1,""noReturnAcceptedCount"":0,""partialAttemptId"":""step-up-set-1-rep-1-epoch-2"",""rightAcceptedCount"":1,""serializedRuntime"":{""adapter"":{""floorBaseline"":{""leftFootY"":0.8933333333333334,""rightFootY"":0.8933333333333334},""schemaVersion"":1},""kind"":""step_up_alternation"",""schemaVersion"":1,""state"":{""acceptedRepCount"":1,""currentRepAttemptId"":null,""duplicateSuppressedCount"":0,""expectedLeadSide"":""right"",""ignoredStaleActionCount"":0,""leftLeadRepCount"":1,""phase"":""ready_both_feet_floor"",""plan"":{""blockerReasonCodes"":[""STEP_UP_ALTERNATION_READY""],""exerciseId"":""step-up"",""initialLeadSide"":""left"",""planFingerprint"":""sua1_c6eceba6"",""runtimeSelectable"":true,""setCount"":3,""setStartLeadSides"":[""left"",""right"",""left""],""sourcePrescriptionFingerprint"":""step-up-source_731cf0ad"",""sourceSetCount"":3,""sourceTargetRepsPerSet"":12,""targetLeftLeadReps"":6,""targetRightLeadReps"":6,""targetTotalReps"":12,""version"":1},""repEvidence"":[{""bothFeetAtStart"":true,""bothFeetReturnedToFloor"":true,""endReason"":""accepted"",""expectedLeadInitiatedAscent"":true,""expectedLeadSide"":""left"",""observedLeadSide"":""left"",""repAttemptId"":""step-up-set-1-rep-1-epoch-2"",""returnedToFloorAtMs"":5400,""startedAtMs"":4566,""topPhaseValid"":true,""topReachedAtMs"":5099,""trackingValid"":true,""valid"":true}],""repSfxCount"":1,""retiredRepAttemptIds"":[""step-up-set-1-rep-1-epoch-2""],""rightLeadRepCount"":0,""setIndex"":0,""stageEpoch"":4,""startLeadSide"":""left"",""wrongLeadCount"":0}},""staleTailAcceptedCount"":0,""trackingAcceptedRepCount"":0,""trackingPhaseAfterPause"":""awaiting_expected_lead"",""unknownAcceptedCount"":0,""wrongAcceptedCount"":0,""wrongLeadCount"":1}}",true,,genericAlternationDoubleCreditCount,src/training/stepUpAlternation/__tests__/stepUpRuntimeIntegration.test.ts;src/training/stepUpAlternation/__tests__/stepUpAlternation.test.ts,Current production function path re-executed or statically queried by closure harness.
integration_twelve_reps_complete_one_set,base,runtime_integration,source_runtime_trace_plus_executed_link,advanceStepUpAlternationState,advanceStepUpAlternationState,"{""featureDefaultOff"":true,""initialLeadSide"":""left"",""setIndex"":0,""trainingVoiceDefaultOff"":true}","[""deterministic production execution""]","{""defaultOpen"":false,""duplicateResult"":false,""floorGateEligible"":true,""id"":""integration_twelve_reps_complete_one_set"",""passed"":true,""unsafeCredit"":false}","{""defaultsRemainClosed"":true,""noDuplicateResult"":true,""noUnsafeCredit"":true,""passed"":true,""productionProof"":{""acceptedFirstRep"":{""acceptedRepCount"":1,""expectedLeadSide"":""right"",""repSfxCount"":1},""duplicateSuppressedCount"":1,""fullSet"":{""acceptedRepCount"":12,""alternationValid"":true,""completedTarget"":true,""leftLeadRepCount"":6,""phase"":""set_complete"",""repSfxCount"":12,""rightLeadRepCount"":6},""progression"":{""alternationValid"":false,""completedSetCount"":1,""exerciseId"":""step-up"",""leftLeadReps"":6,""progressionEligible"":false,""rightLeadReps"":6,""setCount"":3,""setResults"":[{""acceptedRepCount"":12,""alternationValid"":true,""completedTarget"":true,""leftLeadRepCount"":6,""repEvidence"":[{""bothFeetAtStart"":true,""bothFeetReturnedToFloor"":true,""endReason"":""accepted"",""expectedLeadInitiatedAscent"":true,""expectedLeadSide"":""left"",""observedLeadSide"":""left"",""repAttemptId"":""full-1"",""returnedToFloorAtMs"":900,""startedAtMs"":100,""topPhaseValid"":true,""topReachedAtMs"":500,""trackingValid"":true,""valid"":true},{""bothFeetAtStart"":true,""bothFeetReturnedToFloor"":true,""endReason"":""accepted"",""expectedLeadInitiatedAscent"":true,""expectedLeadSide"":""right"",""observedLeadSide"":""right"",""repAttemptId"":""full-2"",""returnedToFloorAtMs"":900,""startedAtMs"":100,""topPhaseValid"":true,""topReachedAtMs"":500,""trackingValid"":true,""valid"":true},{""bothFeetAtStart"":true,""bothFeetReturnedToFloor"":true,""endReason"":""accepted"",""expectedLeadInitiatedAscent"":true,""expectedLeadSide"":""left"",""observedLeadSide"":""left"",""repAttemptId"":""full-3"",""returnedToFloorAtMs"":900,""startedAtMs"":100,""topPhaseValid"":true,""topReachedAtMs"":500,""trackingValid"":true,""valid"":true},{""bothFeetAtStart"":true,""bothFeetReturnedToFloor"":true,""endReason"":""accepted"",""expectedLeadInitiatedAscent"":true,""expectedLeadSide"":""right"",""observedLeadSide"":""right"",""repAttemptId"":""full-4"",""returnedToFloorAtMs"":900,""startedAtMs"":100,""topPhaseValid"":true,""topReachedAtMs"":500,""trackingValid"":true,""valid"":true},{""bothFeetAtStart"":true,""bothFeetReturnedToFloor"":true,""endReason"":""accepted"",""expectedLeadInitiatedAscent"":true,""expectedLeadSide"":""left"",""observedLeadSide"":""left"",""repAttemptId"":""full-5"",""returnedToFloorAtMs"":900,""startedAtMs"":100,""topPhaseValid"":true,""topReachedAtMs"":500,""trackingValid"":true,""valid"":true},{""bothFeetAtStart"":true,""bothFeetReturnedToFloor"":true,""endReason"":""accepted"",""expectedLeadInitiatedAscent"":true,""expectedLeadSide"":""right"",""observedLeadSide"":""right"",""repAttemptId"":""full-6"",""returnedToFloorAtMs"":900,""startedAtMs"":100,""topPhaseValid"":true,""topReachedAtMs"":500,""trackingValid"":true,""valid"":true},{""bothFeetAtStart"":true,""bothFeetReturnedToFloor"":true,""endReason"":""accepted"",""expectedLeadInitiatedAscent"":true,""expectedLeadSide"":""left"",""observedLeadSide"":""left"",""repAttemptId"":""full-7"",""returnedToFloorAtMs"":900,""startedAtMs"":100,""topPhaseValid"":true,""topReachedAtMs"":500,""trackingValid"":true,""valid"":true},{""bothFeetAtStart"":true,""bothFeetReturnedToFloor"":true,""endReason"":""accepted"",""expectedLeadInitiatedAscent"":true,""expectedLeadSide"":""right"",""observedLeadSide"":""right"",""repAttemptId"":""full-8"",""returnedToFloorAtMs"":900,""startedAtMs"":100,""topPhaseValid"":true,""topReachedAtMs"":500,""trackingValid"":true,""valid"":true},{""bothFeetAtStart"":true,""bothFeetReturnedToFloor"":true,""endReason"":""accepted"",""expectedLeadInitiatedAscent"":true,""expectedLeadSide"":""left"",""observedLeadSide"":""left"",""repAttemptId"":""full-9"",""returnedToFloorAtMs"":900,""startedAtMs"":100,""topPhaseValid"":true,""topReachedAtMs"":500,""trackingValid"":true,""valid"":true},{""bothFeetAtStart"":true,""bothFeetReturnedToFloor"":true,""endReason"":""accepted"",""expectedLeadInitiatedAscent"":true,""expectedLeadSide"":""right"",""observedLeadSide"":""right"",""repAttemptId"":""full-10"",""returnedToFloorAtMs"":900,""startedAtMs"":100,""topPhaseValid"":true,""topReachedAtMs"":500,""trackingValid"":true,""valid"":true},{""bothFeetAtStart"":true,""bothFeetReturnedToFloor"":true,""endReason"":""accepted"",""expectedLeadInitiatedAscent"":true,""expectedLeadSide"":""left"",""observedLeadSide"":""left"",""repAttemptId"":""full-11"",""returnedToFloorAtMs"":900,""startedAtMs"":100,""topPhaseValid"":true,""topReachedAtMs"":500,""trackingValid"":true,""valid"":true},{""bothFeetAtStart"":true,""bothFeetReturnedToFloor"":true,""endReason"":""accepted"",""expectedLeadInitiatedAscent"":true,""expectedLeadSide"":""right"",""observedLeadSide"":""right"",""repAttemptId"":""full-12"",""returnedToFloorAtMs"":900,""startedAtMs"":100,""topPhaseValid"":true,""topReachedAtMs"":500,""trackingValid"":true,""valid"":true}],""repSfxCount"":12,""rightLeadRepCount"":6,""setIndex"":0,""startLeadSide"":""left"",""targetTotalReps"":12}],""totalAcceptedReps"":12},""staleIgnoredCount"":1}}",true,,scenario_coverage,src/training/stepUpAlternation/__tests__/stepUpAlternation.test.ts,Current production function path re-executed or statically queried by closure harness.
integration_three_sets_preserve_start_order,base,runtime_integration,source_runtime_trace_plus_executed_link,advanceStepUpAlternationState,advanceStepUpAlternationState,"{""featureDefaultOff"":true,""initialLeadSide"":""left"",""setIndex"":0,""trainingVoiceDefaultOff"":true}","[""deterministic production execution""]","{""defaultOpen"":false,""duplicateResult"":false,""floorGateEligible"":true,""id"":""integration_three_sets_preserve_start_order"",""passed"":true,""unsafeCredit"":false}","{""defaultsRemainClosed"":true,""noDuplicateResult"":true,""noUnsafeCredit"":true,""passed"":true,""productionProof"":{""acceptedFirstRep"":{""acceptedRepCount"":1,""expectedLeadSide"":""right"",""repSfxCount"":1},""duplicateSuppressedCount"":1,""fullSet"":{""acceptedRepCount"":12,""alternationValid"":true,""completedTarget"":true,""leftLeadRepCount"":6,""phase"":""set_complete"",""repSfxCount"":12,""rightLeadRepCount"":6},""progression"":{""alternationValid"":false,""completedSetCount"":1,""exerciseId"":""step-up"",""leftLeadReps"":6,""progressionEligible"":false,""rightLeadReps"":6,""setCount"":3,""setResults"":[{""acceptedRepCount"":12,""alternationValid"":true,""completedTarget"":true,""leftLeadRepCount"":6,""repEvidence"":[{""bothFeetAtStart"":true,""bothFeetReturnedToFloor"":true,""endReason"":""accepted"",""expectedLeadInitiatedAscent"":true,""expectedLeadSide"":""left"",""observedLeadSide"":""left"",""repAttemptId"":""full-1"",""returnedToFloorAtMs"":900,""startedAtMs"":100,""topPhaseValid"":true,""topReachedAtMs"":500,""trackingValid"":true,""valid"":true},{""bothFeetAtStart"":true,""bothFeetReturnedToFloor"":true,""endReason"":""accepted"",""expectedLeadInitiatedAscent"":true,""expectedLeadSide"":""right"",""observedLeadSide"":""right"",""repAttemptId"":""full-2"",""returnedToFloorAtMs"":900,""startedAtMs"":100,""topPhaseValid"":true,""topReachedAtMs"":500,""trackingValid"":true,""valid"":true},{""bothFeetAtStart"":true,""bothFeetReturnedToFloor"":true,""endReason"":""accepted"",""expectedLeadInitiatedAscent"":true,""expectedLeadSide"":""left"",""observedLeadSide"":""left"",""repAttemptId"":""full-3"",""returnedToFloorAtMs"":900,""startedAtMs"":100,""topPhaseValid"":true,""topReachedAtMs"":500,""trackingValid"":true,""valid"":true},{""bothFeetAtStart"":true,""bothFeetReturnedToFloor"":true,""endReason"":""accepted"",""expectedLeadInitiatedAscent"":true,""expectedLeadSide"":""right"",""observedLeadSide"":""right"",""repAttemptId"":""full-4"",""returnedToFloorAtMs"":900,""startedAtMs"":100,""topPhaseValid"":true,""topReachedAtMs"":500,""trackingValid"":true,""valid"":true},{""bothFeetAtStart"":true,""bothFeetReturnedToFloor"":true,""endReason"":""accepted"",""expectedLeadInitiatedAscent"":true,""expectedLeadSide"":""left"",""observedLeadSide"":""left"",""repAttemptId"":""full-5"",""returnedToFloorAtMs"":900,""startedAtMs"":100,""topPhaseValid"":true,""topReachedAtMs"":500,""trackingValid"":true,""valid"":true},{""bothFeetAtStart"":true,""bothFeetReturnedToFloor"":true,""endReason"":""accepted"",""expectedLeadInitiatedAscent"":true,""expectedLeadSide"":""right"",""observedLeadSide"":""right"",""repAttemptId"":""full-6"",""returnedToFloorAtMs"":900,""startedAtMs"":100,""topPhaseValid"":true,""topReachedAtMs"":500,""trackingValid"":true,""valid"":true},{""bothFeetAtStart"":true,""bothFeetReturnedToFloor"":true,""endReason"":""accepted"",""expectedLeadInitiatedAscent"":true,""expectedLeadSide"":""left"",""observedLeadSide"":""left"",""repAttemptId"":""full-7"",""returnedToFloorAtMs"":900,""startedAtMs"":100,""topPhaseValid"":true,""topReachedAtMs"":500,""trackingValid"":true,""valid"":true},{""bothFeetAtStart"":true,""bothFeetReturnedToFloor"":true,""endReason"":""accepted"",""expectedLeadInitiatedAscent"":true,""expectedLeadSide"":""right"",""observedLeadSide"":""right"",""repAttemptId"":""full-8"",""returnedToFloorAtMs"":900,""startedAtMs"":100,""topPhaseValid"":true,""topReachedAtMs"":500,""trackingValid"":true,""valid"":true},{""bothFeetAtStart"":true,""bothFeetReturnedToFloor"":true,""endReason"":""accepted"",""expectedLeadInitiatedAscent"":true,""expectedLeadSide"":""left"",""observedLeadSide"":""left"",""repAttemptId"":""full-9"",""returnedToFloorAtMs"":900,""startedAtMs"":100,""topPhaseValid"":true,""topReachedAtMs"":500,""trackingValid"":true,""valid"":true},{""bothFeetAtStart"":true,""bothFeetReturnedToFloor"":true,""endReason"":""accepted"",""expectedLeadInitiatedAscent"":true,""expectedLeadSide"":""right"",""observedLeadSide"":""right"",""repAttemptId"":""full-10"",""returnedToFloorAtMs"":900,""startedAtMs"":100,""topPhaseValid"":true,""topReachedAtMs"":500,""trackingValid"":true,""valid"":true},{""bothFeetAtStart"":true,""bothFeetReturnedToFloor"":true,""endReason"":""accepted"",""expectedLeadInitiatedAscent"":true,""expectedLeadSide"":""left"",""observedLeadSide"":""left"",""repAttemptId"":""full-11"",""returnedToFloorAtMs"":900,""startedAtMs"":100,""topPhaseValid"":true,""topReachedAtMs"":500,""trackingValid"":true,""valid"":true},{""bothFeetAtStart"":true,""bothFeetReturnedToFloor"":true,""endReason"":""accepted"",""expectedLeadInitiatedAscent"":true,""expectedLeadSide"":""right"",""observedLeadSide"":""right"",""repAttemptId"":""full-12"",""returnedToFloorAtMs"":900,""startedAtMs"":100,""topPhaseValid"":true,""topReachedAtMs"":500,""trackingValid"":true,""valid"":true}],""repSfxCount"":12,""rightLeadRepCount"":6,""setIndex"":0,""startLeadSide"":""left"",""targetTotalReps"":12}],""totalAcceptedReps"":12},""staleIgnoredCount"":1}}",true,,scenario_coverage,src/training/stepUpAlternation/__tests__/stepUpAlternation.test.ts,Current production function path re-executed or statically queried by closure harness.
integration_state_machine_emits_set_result,base,runtime_integration,source_runtime_trace_plus_executed_link,advanceStepUpAlternationState,advanceStepUpAlternationState,"{""featureDefaultOff"":true,""initialLeadSide"":""left"",""setIndex"":0,""trainingVoiceDefaultOff"":true}","[""deterministic production execution""]","{""defaultOpen"":false,""duplicateResult"":false,""floorGateEligible"":true,""id"":""integration_state_machine_emits_set_result"",""passed"":true,""unsafeCredit"":false}","{""defaultsRemainClosed"":true,""noDuplicateResult"":true,""noUnsafeCredit"":true,""passed"":true,""productionProof"":{""acceptedFirstRep"":{""acceptedRepCount"":1,""expectedLeadSide"":""right"",""repSfxCount"":1},""duplicateSuppressedCount"":1,""fullSet"":{""acceptedRepCount"":12,""alternationValid"":true,""completedTarget"":true,""leftLeadRepCount"":6,""phase"":""set_complete"",""repSfxCount"":12,""rightLeadRepCount"":6},""progression"":{""alternationValid"":false,""completedSetCount"":1,""exerciseId"":""step-up"",""leftLeadReps"":6,""progressionEligible"":false,""rightLeadReps"":6,""setCount"":3,""setResults"":[{""acceptedRepCount"":12,""alternationValid"":true,""completedTarget"":true,""leftLeadRepCount"":6,""repEvidence"":[{""bothFeetAtStart"":true,""bothFeetReturnedToFloor"":true,""endReason"":""accepted"",""expectedLeadInitiatedAscent"":true,""expectedLeadSide"":""left"",""observedLeadSide"":""left"",""repAttemptId"":""full-1"",""returnedToFloorAtMs"":900,""startedAtMs"":100,""topPhaseValid"":true,""topReachedAtMs"":500,""trackingValid"":true,""valid"":true},{""bothFeetAtStart"":true,""bothFeetReturnedToFloor"":true,""endReason"":""accepted"",""expectedLeadInitiatedAscent"":true,""expectedLeadSide"":""right"",""observedLeadSide"":""right"",""repAttemptId"":""full-2"",""returnedToFloorAtMs"":900,""startedAtMs"":100,""topPhaseValid"":true,""topReachedAtMs"":500,""trackingValid"":true,""valid"":true},{""bothFeetAtStart"":true,""bothFeetReturnedToFloor"":true,""endReason"":""accepted"",""expectedLeadInitiatedAscent"":true,""expectedLeadSide"":""left"",""observedLeadSide"":""left"",""repAttemptId"":""full-3"",""returnedToFloorAtMs"":900,""startedAtMs"":100,""topPhaseValid"":true,""topReachedAtMs"":500,""trackingValid"":true,""valid"":true},{""bothFeetAtStart"":true,""bothFeetReturnedToFloor"":true,""endReason"":""accepted"",""expectedLeadInitiatedAscent"":true,""expectedLeadSide"":""right"",""observedLeadSide"":""right"",""repAttemptId"":""full-4"",""returnedToFloorAtMs"":900,""startedAtMs"":100,""topPhaseValid"":true,""topReachedAtMs"":500,""trackingValid"":true,""valid"":true},{""bothFeetAtStart"":true,""bothFeetReturnedToFloor"":true,""endReason"":""accepted"",""expectedLeadInitiatedAscent"":true,""expectedLeadSide"":""left"",""observedLeadSide"":""left"",""repAttemptId"":""full-5"",""returnedToFloorAtMs"":900,""startedAtMs"":100,""topPhaseValid"":true,""topReachedAtMs"":500,""trackingValid"":true,""valid"":true},{""bothFeetAtStart"":true,""bothFeetReturnedToFloor"":true,""endReason"":""accepted"",""expectedLeadInitiatedAscent"":true,""expectedLeadSide"":""right"",""observedLeadSide"":""right"",""repAttemptId"":""full-6"",""returnedToFloorAtMs"":900,""startedAtMs"":100,""topPhaseValid"":true,""topReachedAtMs"":500,""trackingValid"":true,""valid"":true},{""bothFeetAtStart"":true,""bothFeetReturnedToFloor"":true,""endReason"":""accepted"",""expectedLeadInitiatedAscent"":true,""expectedLeadSide"":""left"",""observedLeadSide"":""left"",""repAttemptId"":""full-7"",""returnedToFloorAtMs"":900,""startedAtMs"":100,""topPhaseValid"":true,""topReachedAtMs"":500,""trackingValid"":true,""valid"":true},{""bothFeetAtStart"":true,""bothFeetReturnedToFloor"":true,""endReason"":""accepted"",""expectedLeadInitiatedAscent"":true,""expectedLeadSide"":""right"",""observedLeadSide"":""right"",""repAttemptId"":""full-8"",""returnedToFloorAtMs"":900,""startedAtMs"":100,""topPhaseValid"":true,""topReachedAtMs"":500,""trackingValid"":true,""valid"":true},{""bothFeetAtStart"":true,""bothFeetReturnedToFloor"":true,""endReason"":""accepted"",""expectedLeadInitiatedAscent"":true,""expectedLeadSide"":""left"",""observedLeadSide"":""left"",""repAttemptId"":""full-9"",""returnedToFloorAtMs"":900,""startedAtMs"":100,""topPhaseValid"":true,""topReachedAtMs"":500,""trackingValid"":true,""valid"":true},{""bothFeetAtStart"":true,""bothFeetReturnedToFloor"":true,""endReason"":""accepted"",""expectedLeadInitiatedAscent"":true,""expectedLeadSide"":""right"",""observedLeadSide"":""right"",""repAttemptId"":""full-10"",""returnedToFloorAtMs"":900,""startedAtMs"":100,""topPhaseValid"":true,""topReachedAtMs"":500,""trackingValid"":true,""valid"":true},{""bothFeetAtStart"":true,""bothFeetReturnedToFloor"":true,""endReason"":""accepted"",""expectedLeadInitiatedAscent"":true,""expectedLeadSide"":""left"",""observedLeadSide"":""left"",""repAttemptId"":""full-11"",""returnedToFloorAtMs"":900,""startedAtMs"":100,""topPhaseValid"":true,""topReachedAtMs"":500,""trackingValid"":true,""valid"":true},{""bothFeetAtStart"":true,""bothFeetReturnedToFloor"":true,""endReason"":""accepted"",""expectedLeadInitiatedAscent"":true,""expectedLeadSide"":""right"",""observedLeadSide"":""right"",""repAttemptId"":""full-12"",""returnedToFloorAtMs"":900,""startedAtMs"":100,""topPhaseValid"":true,""topReachedAtMs"":500,""trackingValid"":true,""valid"":true}],""repSfxCount"":12,""rightLeadRepCount"":6,""setIndex"":0,""startLeadSide"":""left"",""targetTotalReps"":12}],""totalAcceptedReps"":12},""staleIgnoredCount"":1}}",true,,setResultDuplicationCount,src/training/stepUpAlternation/__tests__/stepUpAlternation.test.ts,Current production function path re-executed or statically queried by closure harness.
integration_set_result_reaches_progression,base,runtime_integration,source_runtime_trace_plus_executed_link,advanceStepUpAlternationState,advanceStepUpAlternationState,"{""featureDefaultOff"":true,""initialLeadSide"":""left"",""setIndex"":0,""trainingVoiceDefaultOff"":true}","[""deterministic production execution""]","{""defaultOpen"":false,""duplicateResult"":false,""floorGateEligible"":true,""id"":""integration_set_result_reaches_progression"",""passed"":true,""unsafeCredit"":false}","{""defaultsRemainClosed"":true,""noDuplicateResult"":true,""noUnsafeCredit"":true,""passed"":true,""productionProof"":{""acceptedFirstRep"":{""acceptedRepCount"":1,""expectedLeadSide"":""right"",""repSfxCount"":1},""duplicateSuppressedCount"":1,""fullSet"":{""acceptedRepCount"":12,""alternationValid"":true,""completedTarget"":true,""leftLeadRepCount"":6,""phase"":""set_complete"",""repSfxCount"":12,""rightLeadRepCount"":6},""progression"":{""alternationValid"":false,""completedSetCount"":1,""exerciseId"":""step-up"",""leftLeadReps"":6,""progressionEligible"":false,""rightLeadReps"":6,""setCount"":3,""setResults"":[{""acceptedRepCount"":12,""alternationValid"":true,""completedTarget"":true,""leftLeadRepCount"":6,""repEvidence"":[{""bothFeetAtStart"":true,""bothFeetReturnedToFloor"":true,""endReason"":""accepted"",""expectedLeadInitiatedAscent"":true,""expectedLeadSide"":""left"",""observedLeadSide"":""left"",""repAttemptId"":""full-1"",""returnedToFloorAtMs"":900,""startedAtMs"":100,""topPhaseValid"":true,""topReachedAtMs"":500,""trackingValid"":true,""valid"":true},{""bothFeetAtStart"":true,""bothFeetReturnedToFloor"":true,""endReason"":""accepted"",""expectedLeadInitiatedAscent"":true,""expectedLeadSide"":""right"",""observedLeadSide"":""right"",""repAttemptId"":""full-2"",""returnedToFloorAtMs"":900,""startedAtMs"":100,""topPhaseValid"":true,""topReachedAtMs"":500,""trackingValid"":true,""valid"":true},{""bothFeetAtStart"":true,""bothFeetReturnedToFloor"":true,""endReason"":""accepted"",""expectedLeadInitiatedAscent"":true,""expectedLeadSide"":""left"",""observedLeadSide"":""left"",""repAttemptId"":""full-3"",""returnedToFloorAtMs"":900,""startedAtMs"":100,""topPhaseValid"":true,""topReachedAtMs"":500,""trackingValid"":true,""valid"":true},{""bothFeetAtStart"":true,""bothFeetReturnedToFloor"":true,""endReason"":""accepted"",""expectedLeadInitiatedAscent"":true,""expectedLeadSide"":""right"",""observedLeadSide"":""right"",""repAttemptId"":""full-4"",""returnedToFloorAtMs"":900,""startedAtMs"":100,""topPhaseValid"":true,""topReachedAtMs"":500,""trackingValid"":true,""valid"":true},{""bothFeetAtStart"":true,""bothFeetReturnedToFloor"":true,""endReason"":""accepted"",""expectedLeadInitiatedAscent"":true,""expectedLeadSide"":""left"",""observedLeadSide"":""left"",""repAttemptId"":""full-5"",""returnedToFloorAtMs"":900,""startedAtMs"":100,""topPhaseValid"":true,""topReachedAtMs"":500,""trackingValid"":true,""valid"":true},{""bothFeetAtStart"":true,""bothFeetReturnedToFloor"":true,""endReason"":""accepted"",""expectedLeadInitiatedAscent"":true,""expectedLeadSide"":""right"",""observedLeadSide"":""right"",""repAttemptId"":""full-6"",""returnedToFloorAtMs"":900,""startedAtMs"":100,""topPhaseValid"":true,""topReachedAtMs"":500,""trackingValid"":true,""valid"":true},{""bothFeetAtStart"":true,""bothFeetReturnedToFloor"":true,""endReason"":""accepted"",""expectedLeadInitiatedAscent"":true,""expectedLeadSide"":""left"",""observedLeadSide"":""left"",""repAttemptId"":""full-7"",""returnedToFloorAtMs"":900,""startedAtMs"":100,""topPhaseValid"":true,""topReachedAtMs"":500,""trackingValid"":true,""valid"":true},{""bothFeetAtStart"":true,""bothFeetReturnedToFloor"":true,""endReason"":""accepted"",""expectedLeadInitiatedAscent"":true,""expectedLeadSide"":""right"",""observedLeadSide"":""right"",""repAttemptId"":""full-8"",""returnedToFloorAtMs"":900,""startedAtMs"":100,""topPhaseValid"":true,""topReachedAtMs"":500,""trackingValid"":true,""valid"":true},{""bothFeetAtStart"":true,""bothFeetReturnedToFloor"":true,""endReason"":""accepted"",""expectedLeadInitiatedAscent"":true,""expectedLeadSide"":""left"",""observedLeadSide"":""left"",""repAttemptId"":""full-9"",""returnedToFloorAtMs"":900,""startedAtMs"":100,""topPhaseValid"":true,""topReachedAtMs"":500,""trackingValid"":true,""valid"":true},{""bothFeetAtStart"":true,""bothFeetReturnedToFloor"":true,""endReason"":""accepted"",""expectedLeadInitiatedAscent"":true,""expectedLeadSide"":""right"",""observedLeadSide"":""right"",""repAttemptId"":""full-10"",""returnedToFloorAtMs"":900,""startedAtMs"":100,""topPhaseValid"":true,""topReachedAtMs"":500,""trackingValid"":true,""valid"":true},{""bothFeetAtStart"":true,""bothFeetReturnedToFloor"":true,""endReason"":""accepted"",""expectedLeadInitiatedAscent"":true,""expectedLeadSide"":""left"",""observedLeadSide"":""left"",""repAttemptId"":""full-11"",""returnedToFloorAtMs"":900,""startedAtMs"":100,""topPhaseValid"":true,""topReachedAtMs"":500,""trackingValid"":true,""valid"":true},{""bothFeetAtStart"":true,""bothFeetReturnedToFloor"":true,""endReason"":""accepted"",""expectedLeadInitiatedAscent"":true,""expectedLeadSide"":""right"",""observedLeadSide"":""right"",""repAttemptId"":""full-12"",""returnedToFloorAtMs"":900,""startedAtMs"":100,""topPhaseValid"":true,""topReachedAtMs"":500,""trackingValid"":true,""valid"":true}],""repSfxCount"":12,""rightLeadRepCount"":6,""setIndex"":0,""startLeadSide"":""left"",""targetTotalReps"":12}],""totalAcceptedReps"":12},""staleIgnoredCount"":1}}",true,,progressionDuplicateConsumptionCount,src/training/stepUpAlternation/__tests__/stepUpAlternation.test.ts,Current production function path re-executed or statically queried by closure harness.
integration_invalid_alternation_blocks_progression,base,runtime_integration,source_runtime_trace_plus_executed_link,advanceStepUpAlternationState,advanceStepUpAlternationState,"{""featureDefaultOff"":true,""initialLeadSide"":""left"",""setIndex"":0,""trainingVoiceDefaultOff"":true}","[""deterministic production execution""]","{""defaultOpen"":false,""duplicateResult"":false,""floorGateEligible"":true,""id"":""integration_invalid_alternation_blocks_progression"",""passed"":true,""unsafeCredit"":false}","{""defaultsRemainClosed"":true,""noDuplicateResult"":true,""noUnsafeCredit"":true,""passed"":true,""productionProof"":{""acceptedFirstRep"":{""acceptedRepCount"":1,""expectedLeadSide"":""right"",""repSfxCount"":1},""duplicateSuppressedCount"":1,""fullSet"":{""acceptedRepCount"":12,""alternationValid"":true,""completedTarget"":true,""leftLeadRepCount"":6,""phase"":""set_complete"",""repSfxCount"":12,""rightLeadRepCount"":6},""progression"":{""alternationValid"":false,""completedSetCount"":1,""exerciseId"":""step-up"",""leftLeadReps"":6,""progressionEligible"":false,""rightLeadReps"":6,""setCount"":3,""setResults"":[{""acceptedRepCount"":12,""alternationValid"":true,""completedTarget"":true,""leftLeadRepCount"":6,""repEvidence"":[{""bothFeetAtStart"":true,""bothFeetReturnedToFloor"":true,""endReason"":""accepted"",""expectedLeadInitiatedAscent"":true,""expectedLeadSide"":""left"",""observedLeadSide"":""left"",""repAttemptId"":""full-1"",""returnedToFloorAtMs"":900,""startedAtMs"":100,""topPhaseValid"":true,""topReachedAtMs"":500,""trackingValid"":true,""valid"":true},{""bothFeetAtStart"":true,""bothFeetReturnedToFloor"":true,""endReason"":""accepted"",""expectedLeadInitiatedAscent"":true,""expectedLeadSide"":""right"",""observedLeadSide"":""right"",""repAttemptId"":""full-2"",""returnedToFloorAtMs"":900,""startedAtMs"":100,""topPhaseValid"":true,""topReachedAtMs"":500,""trackingValid"":true,""valid"":true},{""bothFeetAtStart"":true,""bothFeetReturnedToFloor"":true,""endReason"":""accepted"",""expectedLeadInitiatedAscent"":true,""expectedLeadSide"":""left"",""observedLeadSide"":""left"",""repAttemptId"":""full-3"",""returnedToFloorAtMs"":900,""startedAtMs"":100,""topPhaseValid"":true,""topReachedAtMs"":500,""trackingValid"":true,""valid"":true},{""bothFeetAtStart"":true,""bothFeetReturnedToFloor"":true,""endReason"":""accepted"",""expectedLeadInitiatedAscent"":true,""expectedLeadSide"":""right"",""observedLeadSide"":""right"",""repAttemptId"":""full-4"",""returnedToFloorAtMs"":900,""startedAtMs"":100,""topPhaseValid"":true,""topReachedAtMs"":500,""trackingValid"":true,""valid"":true},{""bothFeetAtStart"":true,""bothFeetReturnedToFloor"":true,""endReason"":""accepted"",""expectedLeadInitiatedAscent"":true,""expectedLeadSide"":""left"",""observedLeadSide"":""left"",""repAttemptId"":""full-5"",""returnedToFloorAtMs"":900,""startedAtMs"":100,""topPhaseValid"":true,""topReachedAtMs"":500,""trackingValid"":true,""valid"":true},{""bothFeetAtStart"":true,""bothFeetReturnedToFloor"":true,""endReason"":""accepted"",""expectedLeadInitiatedAscent"":true,""expectedLeadSide"":""right"",""observedLeadSide"":""right"",""repAttemptId"":""full-6"",""returnedToFloorAtMs"":900,""startedAtMs"":100,""topPhaseValid"":true,""topReachedAtMs"":500,""trackingValid"":true,""valid"":true},{""bothFeetAtStart"":true,""bothFeetReturnedToFloor"":true,""endReason"":""accepted"",""expectedLeadInitiatedAscent"":true,""expectedLeadSide"":""left"",""observedLeadSide"":""left"",""repAttemptId"":""full-7"",""returnedToFloorAtMs"":900,""startedAtMs"":100,""topPhaseValid"":true,""topReachedAtMs"":500,""trackingValid"":true,""valid"":true},{""bothFeetAtStart"":true,""bothFeetReturnedToFloor"":true,""endReason"":""accepted"",""expectedLeadInitiatedAscent"":true,""expectedLeadSide"":""right"",""observedLeadSide"":""right"",""repAttemptId"":""full-8"",""returnedToFloorAtMs"":900,""startedAtMs"":100,""topPhaseValid"":true,""topReachedAtMs"":500,""trackingValid"":true,""valid"":true},{""bothFeetAtStart"":true,""bothFeetReturnedToFloor"":true,""endReason"":""accepted"",""expectedLeadInitiatedAscent"":true,""expectedLeadSide"":""left"",""observedLeadSide"":""left"",""repAttemptId"":""full-9"",""returnedToFloorAtMs"":900,""startedAtMs"":100,""topPhaseValid"":true,""topReachedAtMs"":500,""trackingValid"":true,""valid"":true},{""bothFeetAtStart"":true,""bothFeetReturnedToFloor"":true,""endReason"":""accepted"",""expectedLeadInitiatedAscent"":true,""expectedLeadSide"":""right"",""observedLeadSide"":""right"",""repAttemptId"":""full-10"",""returnedToFloorAtMs"":900,""startedAtMs"":100,""topPhaseValid"":true,""topReachedAtMs"":500,""trackingValid"":true,""valid"":true},{""bothFeetAtStart"":true,""bothFeetReturnedToFloor"":true,""endReason"":""accepted"",""expectedLeadInitiatedAscent"":true,""expectedLeadSide"":""left"",""observedLeadSide"":""left"",""repAttemptId"":""full-11"",""returnedToFloorAtMs"":900,""startedAtMs"":100,""topPhaseValid"":true,""topReachedAtMs"":500,""trackingValid"":true,""valid"":true},{""bothFeetAtStart"":true,""bothFeetReturnedToFloor"":true,""endReason"":""accepted"",""expectedLeadInitiatedAscent"":true,""expectedLeadSide"":""right"",""observedLeadSide"":""right"",""repAttemptId"":""full-12"",""returnedToFloorAtMs"":900,""startedAtMs"":100,""topPhaseValid"":true,""topReachedAtMs"":500,""trackingValid"":true,""valid"":true}],""repSfxCount"":12,""rightLeadRepCount"":6,""setIndex"":0,""startLeadSide"":""left"",""targetTotalReps"":12}],""totalAcceptedReps"":12},""staleIgnoredCount"":1}}",true,,invalidProgressionAcceptanceCount,src/training/stepUpAlternation/__tests__/stepUpAlternation.test.ts,Current production function path re-executed or statically queried by closure harness.
integration_no_valid_time_double_count,base,runtime_integration,source_runtime_trace_plus_executed_link,advanceStepUpAlternationState,advanceStepUpAlternationState,"{""featureDefaultOff"":true,""initialLeadSide"":""left"",""setIndex"":0,""trainingVoiceDefaultOff"":true}","[""deterministic production execution""]","{""defaultOpen"":false,""duplicateResult"":false,""floorGateEligible"":true,""id"":""integration_no_valid_time_double_count"",""passed"":true,""unsafeCredit"":false}","{""defaultsRemainClosed"":true,""noDuplicateResult"":true,""noUnsafeCredit"":true,""passed"":true,""productionProof"":{""acceptedFirstRep"":{""acceptedRepCount"":1,""expectedLeadSide"":""right"",""repSfxCount"":1},""duplicateSuppressedCount"":1,""fullSet"":{""acceptedRepCount"":12,""alternationValid"":true,""completedTarget"":true,""leftLeadRepCount"":6,""phase"":""set_complete"",""repSfxCount"":12,""rightLeadRepCount"":6},""progression"":{""alternationValid"":false,""completedSetCount"":1,""exerciseId"":""step-up"",""leftLeadReps"":6,""progressionEligible"":false,""rightLeadReps"":6,""setCount"":3,""setResults"":[{""acceptedRepCount"":12,""alternationValid"":true,""completedTarget"":true,""leftLeadRepCount"":6,""repEvidence"":[{""bothFeetAtStart"":true,""bothFeetReturnedToFloor"":true,""endReason"":""accepted"",""expectedLeadInitiatedAscent"":true,""expectedLeadSide"":""left"",""observedLeadSide"":""left"",""repAttemptId"":""full-1"",""returnedToFloorAtMs"":900,""startedAtMs"":100,""topPhaseValid"":true,""topReachedAtMs"":500,""trackingValid"":true,""valid"":true},{""bothFeetAtStart"":true,""bothFeetReturnedToFloor"":true,""endReason"":""accepted"",""expectedLeadInitiatedAscent"":true,""expectedLeadSide"":""right"",""observedLeadSide"":""right"",""repAttemptId"":""full-2"",""returnedToFloorAtMs"":900,""startedAtMs"":100,""topPhaseValid"":true,""topReachedAtMs"":500,""trackingValid"":true,""valid"":true},{""bothFeetAtStart"":true,""bothFeetReturnedToFloor"":true,""endReason"":""accepted"",""expectedLeadInitiatedAscent"":true,""expectedLeadSide"":""left"",""observedLeadSide"":""left"",""repAttemptId"":""full-3"",""returnedToFloorAtMs"":900,""startedAtMs"":100,""topPhaseValid"":true,""topReachedAtMs"":500,""trackingValid"":true,""valid"":true},{""bothFeetAtStart"":true,""bothFeetReturnedToFloor"":true,""endReason"":""accepted"",""expectedLeadInitiatedAscent"":true,""expectedLeadSide"":""right"",""observedLeadSide"":""right"",""repAttemptId"":""full-4"",""returnedToFloorAtMs"":900,""startedAtMs"":100,""topPhaseValid"":true,""topReachedAtMs"":500,""trackingValid"":true,""valid"":true},{""bothFeetAtStart"":true,""bothFeetReturnedToFloor"":true,""endReason"":""accepted"",""expectedLeadInitiatedAscent"":true,""expectedLeadSide"":""left"",""observedLeadSide"":""left"",""repAttemptId"":""full-5"",""returnedToFloorAtMs"":900,""startedAtMs"":100,""topPhaseValid"":true,""topReachedAtMs"":500,""trackingValid"":true,""valid"":true},{""bothFeetAtStart"":true,""bothFeetReturnedToFloor"":true,""endReason"":""accepted"",""expectedLeadInitiatedAscent"":true,""expectedLeadSide"":""right"",""observedLeadSide"":""right"",""repAttemptId"":""full-6"",""returnedToFloorAtMs"":900,""startedAtMs"":100,""topPhaseValid"":true,""topReachedAtMs"":500,""trackingValid"":true,""valid"":true},{""bothFeetAtStart"":true,""bothFeetReturnedToFloor"":true,""endReason"":""accepted"",""expectedLeadInitiatedAscent"":true,""expectedLeadSide"":""left"",""observedLeadSide"":""left"",""repAttemptId"":""full-7"",""returnedToFloorAtMs"":900,""startedAtMs"":100,""topPhaseValid"":true,""topReachedAtMs"":500,""trackingValid"":true,""valid"":true},{""bothFeetAtStart"":true,""bothFeetReturnedToFloor"":true,""endReason"":""accepted"",""expectedLeadInitiatedAscent"":true,""expectedLeadSide"":""right"",""observedLeadSide"":""right"",""repAttemptId"":""full-8"",""returnedToFloorAtMs"":900,""startedAtMs"":100,""topPhaseValid"":true,""topReachedAtMs"":500,""trackingValid"":true,""valid"":true},{""bothFeetAtStart"":true,""bothFeetReturnedToFloor"":true,""endReason"":""accepted"",""expectedLeadInitiatedAscent"":true,""expectedLeadSide"":""left"",""observedLeadSide"":""left"",""repAttemptId"":""full-9"",""returnedToFloorAtMs"":900,""startedAtMs"":100,""topPhaseValid"":true,""topReachedAtMs"":500,""trackingValid"":true,""valid"":true},{""bothFeetAtStart"":true,""bothFeetReturnedToFloor"":true,""endReason"":""accepted"",""expectedLeadInitiatedAscent"":true,""expectedLeadSide"":""right"",""observedLeadSide"":""right"",""repAttemptId"":""full-10"",""returnedToFloorAtMs"":900,""startedAtMs"":100,""topPhaseValid"":true,""topReachedAtMs"":500,""trackingValid"":true,""valid"":true},{""bothFeetAtStart"":true,""bothFeetReturnedToFloor"":true,""endReason"":""accepted"",""expectedLeadInitiatedAscent"":true,""expectedLeadSide"":""left"",""observedLeadSide"":""left"",""repAttemptId"":""full-11"",""returnedToFloorAtMs"":900,""startedAtMs"":100,""topPhaseValid"":true,""topReachedAtMs"":500,""trackingValid"":true,""valid"":true},{""bothFeetAtStart"":true,""bothFeetReturnedToFloor"":true,""endReason"":""accepted"",""expectedLeadInitiatedAscent"":true,""expectedLeadSide"":""right"",""observedLeadSide"":""right"",""repAttemptId"":""full-12"",""returnedToFloorAtMs"":900,""startedAtMs"":100,""topPhaseValid"":true,""topReachedAtMs"":500,""trackingValid"":true,""valid"":true}],""repSfxCount"":12,""rightLeadRepCount"":6,""setIndex"":0,""startLeadSide"":""left"",""targetTotalReps"":12}],""totalAcceptedReps"":12},""staleIgnoredCount"":1}}",true,,validTimeDoubleCount,src/training/stepUpAlternation/__tests__/stepUpAlternation.test.ts,Current production function path re-executed or statically queried by closure harness.
integration_session_completion_once,base,runtime_integration,source_runtime_trace_plus_executed_link,applyBothSidesExerciseCompletionToStartSideSeed,applyBothSidesExerciseCompletionToStartSideSeed,"{""featureDefaultOff"":true,""initialLeadSide"":""left"",""setIndex"":0,""trainingVoiceDefaultOff"":true}","[""deterministic production execution""]","{""defaultOpen"":false,""duplicateResult"":false,""floorGateEligible"":true,""id"":""integration_session_completion_once"",""passed"":true,""unsafeCredit"":false}","{""defaultsRemainClosed"":true,""noDuplicateResult"":true,""noUnsafeCredit"":true,""passed"":true,""productionProof"":{""seedPolicy"":""main-plan flips once; manual/skip/duplicates do not mutate""}}",true,,sessionCompletionDuplicationCount,src/training/stepUpAlternation/__tests__/stepUpAlternation.test.ts,Current production function path re-executed or statically queried by closure harness.
integration_local_restore_after_six_reps,base,runtime_integration,production_serializer_roundtrip,serializeTrainingState + deserializeTrainingState,serializeTrainingState;deserializeTrainingState,"{""featureDefaultOff"":true,""initialLeadSide"":""left"",""setIndex"":0,""trainingVoiceDefaultOff"":true}","[""deterministic production execution""]","{""defaultOpen"":false,""duplicateResult"":false,""floorGateEligible"":true,""id"":""integration_local_restore_after_six_reps"",""passed"":true,""unsafeCredit"":false}","{""defaultsRemainClosed"":true,""noDuplicateResult"":true,""noUnsafeCredit"":true,""passed"":true,""productionProof"":{""activeRuntimeKind"":""step_up_alternation"",""expectedLeadSide"":""right"",""generatedPlanFingerprint"":""sua1_c6eceba6"",""nextSeed"":""right"",""planFingerprint"":""sua1_c6eceba6""}}",true,,localRoundTripFailureCount,src/training/stepUpAlternation/__tests__/stepUpAlternation.test.ts,Current production function path re-executed or statically queried by closure harness.
integration_local_restore_mid_rep,base,runtime_integration,production_serializer_roundtrip,serializeTrainingState + deserializeTrainingState,serializeTrainingState;deserializeTrainingState,"{""featureDefaultOff"":true,""initialLeadSide"":""left"",""setIndex"":0,""trainingVoiceDefaultOff"":true}","[""deterministic production execution""]","{""defaultOpen"":false,""duplicateResult"":false,""floorGateEligible"":true,""id"":""integration_local_restore_mid_rep"",""passed"":true,""unsafeCredit"":false}","{""defaultsRemainClosed"":true,""noDuplicateResult"":true,""noUnsafeCredit"":true,""passed"":true,""productionProof"":{""activeRuntimeKind"":""step_up_alternation"",""expectedLeadSide"":""right"",""generatedPlanFingerprint"":""sua1_c6eceba6"",""nextSeed"":""right"",""planFingerprint"":""sua1_c6eceba6""}}",true,,localPartialRepRestoreCreditCount,src/training/stepUpAlternation/__tests__/stepUpAlternation.test.ts,Current production function path re-executed or statically queried by closure harness.
integration_backend_generated_plan_roundtrip,base,runtime_integration,production_backend_roundtrip,mapLocalTrainingStateToRemotePayload + mapRemoteTrainingStateToLocal,mapLocalTrainingStateToRemotePayload;mapRemoteTrainingStateToLocal,"{""featureDefaultOff"":true,""initialLeadSide"":""left"",""setIndex"":0,""trainingVoiceDefaultOff"":true}","[""local training state"",""production backend payload"",""production restore mapper""]","{""defaultOpen"":false,""duplicateResult"":false,""floorGateEligible"":true,""id"":""integration_backend_generated_plan_roundtrip"",""passed"":true,""unsafeCredit"":false}","{""defaultsRemainClosed"":true,""noDuplicateResult"":true,""noUnsafeCredit"":true,""passed"":true,""productionProof"":{""activeRuntimeKind"":""step_up_alternation"",""generatedPlanFingerprint"":""sua1_c6eceba6"",""nextSeed"":""right"",""payloadHasGeneratedPlan"":true,""stepUpInitialLeadSide"":""left""}}",true,,backendGeneratedPlanLossCount,src/services/backend/__tests__/trainingStateSyncService.test.ts;src/services/backend/__tests__/restoreService.test.ts;src/training/stepUpAlternation/__tests__/stepUpAlternation.test.ts,Production backend mapper executed; restored plan sua1_c6eceba6.
integration_backend_active_state_roundtrip,base,runtime_integration,production_backend_roundtrip,mapLocalTrainingStateToRemotePayload + mapRemoteTrainingStateToLocal,mapLocalTrainingStateToRemotePayload;mapRemoteTrainingStateToLocal,"{""featureDefaultOff"":true,""initialLeadSide"":""left"",""setIndex"":0,""trainingVoiceDefaultOff"":true}","[""local training state"",""production backend payload"",""production restore mapper""]","{""defaultOpen"":false,""duplicateResult"":false,""floorGateEligible"":true,""id"":""integration_backend_active_state_roundtrip"",""passed"":true,""unsafeCredit"":false}","{""defaultsRemainClosed"":true,""noDuplicateResult"":true,""noUnsafeCredit"":true,""passed"":true,""productionProof"":{""activeRuntimeKind"":""step_up_alternation"",""generatedPlanFingerprint"":""sua1_c6eceba6"",""nextSeed"":""right"",""payloadHasGeneratedPlan"":true,""stepUpInitialLeadSide"":""left""}}",true,,backendActiveStateLossCount,src/services/backend/__tests__/trainingStateSyncService.test.ts;src/services/backend/__tests__/restoreService.test.ts;src/training/stepUpAlternation/__tests__/stepUpAlternation.test.ts,Production backend mapper executed; restored plan sua1_c6eceba6.
integration_backend_seed_roundtrip,base,runtime_integration,production_backend_roundtrip,mapLocalTrainingStateToRemotePayload + mapRemoteTrainingStateToLocal,mapLocalTrainingStateToRemotePayload;mapRemoteTrainingStateToLocal,"{""featureDefaultOff"":true,""initialLeadSide"":""left"",""setIndex"":0,""trainingVoiceDefaultOff"":true}","[""local training state"",""production backend payload"",""production restore mapper""]","{""defaultOpen"":false,""duplicateResult"":false,""floorGateEligible"":true,""id"":""integration_backend_seed_roundtrip"",""passed"":true,""unsafeCredit"":false}","{""defaultsRemainClosed"":true,""noDuplicateResult"":true,""noUnsafeCredit"":true,""passed"":true,""productionProof"":{""activeRuntimeKind"":""step_up_alternation"",""generatedPlanFingerprint"":""sua1_c6eceba6"",""nextSeed"":""right"",""payloadHasGeneratedPlan"":true,""stepUpInitialLeadSide"":""left""}}",true,,backendSeedDriftCount,src/services/backend/__tests__/trainingStateSyncService.test.ts;src/services/backend/__tests__/restoreService.test.ts;src/training/stepUpAlternation/__tests__/stepUpAlternation.test.ts,Production backend mapper executed; restored plan sua1_c6eceba6.
integration_richer_metadata_merge,base,runtime_integration,source_runtime_trace_plus_executed_link,advanceStepUpAlternationState,advanceStepUpAlternationState,"{""featureDefaultOff"":true,""initialLeadSide"":""left"",""setIndex"":0,""trainingVoiceDefaultOff"":true}","[""deterministic production execution""]","{""defaultOpen"":false,""duplicateResult"":false,""floorGateEligible"":true,""id"":""integration_richer_metadata_merge"",""passed"":true,""unsafeCredit"":false}","{""defaultsRemainClosed"":true,""noDuplicateResult"":true,""noUnsafeCredit"":true,""passed"":true,""productionProof"":{""acceptedFirstRep"":{""acceptedRepCount"":1,""expectedLeadSide"":""right"",""repSfxCount"":1},""duplicateSuppressedCount"":1,""fullSet"":{""acceptedRepCount"":12,""alternationValid"":true,""completedTarget"":true,""leftLeadRepCount"":6,""phase"":""set_complete"",""repSfxCount"":12,""rightLeadRepCount"":6},""progression"":{""alternationValid"":false,""completedSetCount"":1,""exerciseId"":""step-up"",""leftLeadReps"":6,""progressionEligible"":false,""rightLeadReps"":6,""setCount"":3,""setResults"":[{""acceptedRepCount"":12,""alternationValid"":true,""completedTarget"":true,""leftLeadRepCount"":6,""repEvidence"":[{""bothFeetAtStart"":true,""bothFeetReturnedToFloor"":true,""endReason"":""accepted"",""expectedLeadInitiatedAscent"":true,""expectedLeadSide"":""left"",""observedLeadSide"":""left"",""repAttemptId"":""full-1"",""returnedToFloorAtMs"":900,""startedAtMs"":100,""topPhaseValid"":true,""topReachedAtMs"":500,""trackingValid"":true,""valid"":true},{""bothFeetAtStart"":true,""bothFeetReturnedToFloor"":true,""endReason"":""accepted"",""expectedLeadInitiatedAscent"":true,""expectedLeadSide"":""right"",""observedLeadSide"":""right"",""repAttemptId"":""full-2"",""returnedToFloorAtMs"":900,""startedAtMs"":100,""topPhaseValid"":true,""topReachedAtMs"":500,""trackingValid"":true,""valid"":true},{""bothFeetAtStart"":true,""bothFeetReturnedToFloor"":true,""endReason"":""accepted"",""expectedLeadInitiatedAscent"":true,""expectedLeadSide"":""left"",""observedLeadSide"":""left"",""repAttemptId"":""full-3"",""returnedToFloorAtMs"":900,""startedAtMs"":100,""topPhaseValid"":true,""topReachedAtMs"":500,""trackingValid"":true,""valid"":true},{""bothFeetAtStart"":true,""bothFeetReturnedToFloor"":true,""endReason"":""accepted"",""expectedLeadInitiatedAscent"":true,""expectedLeadSide"":""right"",""observedLeadSide"":""right"",""repAttemptId"":""full-4"",""returnedToFloorAtMs"":900,""startedAtMs"":100,""topPhaseValid"":true,""topReachedAtMs"":500,""trackingValid"":true,""valid"":true},{""bothFeetAtStart"":true,""bothFeetReturnedToFloor"":true,""endReason"":""accepted"",""expectedLeadInitiatedAscent"":true,""expectedLeadSide"":""left"",""observedLeadSide"":""left"",""repAttemptId"":""full-5"",""returnedToFloorAtMs"":900,""startedAtMs"":100,""topPhaseValid"":true,""topReachedAtMs"":500,""trackingValid"":true,""valid"":true},{""bothFeetAtStart"":true,""bothFeetReturnedToFloor"":true,""endReason"":""accepted"",""expectedLeadInitiatedAscent"":true,""expectedLeadSide"":""right"",""observedLeadSide"":""right"",""repAttemptId"":""full-6"",""returnedToFloorAtMs"":900,""startedAtMs"":100,""topPhaseValid"":true,""topReachedAtMs"":500,""trackingValid"":true,""valid"":true},{""bothFeetAtStart"":true,""bothFeetReturnedToFloor"":true,""endReason"":""accepted"",""expectedLeadInitiatedAscent"":true,""expectedLeadSide"":""left"",""observedLeadSide"":""left"",""repAttemptId"":""full-7"",""returnedToFloorAtMs"":900,""startedAtMs"":100,""topPhaseValid"":true,""topReachedAtMs"":500,""trackingValid"":true,""valid"":true},{""bothFeetAtStart"":true,""bothFeetReturnedToFloor"":true,""endReason"":""accepted"",""expectedLeadInitiatedAscent"":true,""expectedLeadSide"":""right"",""observedLeadSide"":""right"",""repAttemptId"":""full-8"",""returnedToFloorAtMs"":900,""startedAtMs"":100,""topPhaseValid"":true,""topReachedAtMs"":500,""trackingValid"":true,""valid"":true},{""bothFeetAtStart"":true,""bothFeetReturnedToFloor"":true,""endReason"":""accepted"",""expectedLeadInitiatedAscent"":true,""expectedLeadSide"":""left"",""observedLeadSide"":""left"",""repAttemptId"":""full-9"",""returnedToFloorAtMs"":900,""startedAtMs"":100,""topPhaseValid"":true,""topReachedAtMs"":500,""trackingValid"":true,""valid"":true},{""bothFeetAtStart"":true,""bothFeetReturnedToFloor"":true,""endReason"":""accepted"",""expectedLeadInitiatedAscent"":true,""expectedLeadSide"":""right"",""observedLeadSide"":""right"",""repAttemptId"":""full-10"",""returnedToFloorAtMs"":900,""startedAtMs"":100,""topPhaseValid"":true,""topReachedAtMs"":500,""trackingValid"":true,""valid"":true},{""bothFeetAtStart"":true,""bothFeetReturnedToFloor"":true,""endReason"":""accepted"",""expectedLeadInitiatedAscent"":true,""expectedLeadSide"":""left"",""observedLeadSide"":""left"",""repAttemptId"":""full-11"",""returnedToFloorAtMs"":900,""startedAtMs"":100,""topPhaseValid"":true,""topReachedAtMs"":500,""trackingValid"":true,""valid"":true},{""bothFeetAtStart"":true,""bothFeetReturnedToFloor"":true,""endReason"":""accepted"",""expectedLeadInitiatedAscent"":true,""expectedLeadSide"":""right"",""observedLeadSide"":""right"",""repAttemptId"":""full-12"",""returnedToFloorAtMs"":900,""startedAtMs"":100,""topPhaseValid"":true,""topReachedAtMs"":500,""trackingValid"":true,""valid"":true}],""repSfxCount"":12,""rightLeadRepCount"":6,""setIndex"":0,""startLeadSide"":""left"",""targetTotalReps"":12}],""totalAcceptedReps"":12},""staleIgnoredCount"":1}}",true,,backendRicherMetadataLossCount,src/training/stepUpAlternation/__tests__/stepUpAlternation.test.ts,Current production function path re-executed or statically queried by closure harness.
integration_main_plan_completion_flips_seed_once,base,runtime_integration,source_runtime_trace_plus_executed_link,applyBothSidesExerciseCompletionToStartSideSeed,applyBothSidesExerciseCompletionToStartSideSeed,"{""featureDefaultOff"":true,""initialLeadSide"":""left"",""setIndex"":0,""trainingVoiceDefaultOff"":true}","[""deterministic production execution""]","{""defaultOpen"":false,""duplicateResult"":false,""floorGateEligible"":true,""id"":""integration_main_plan_completion_flips_seed_once"",""passed"":true,""unsafeCredit"":false}","{""defaultsRemainClosed"":true,""noDuplicateResult"":true,""noUnsafeCredit"":true,""passed"":true,""productionProof"":{""seedPolicy"":""main-plan flips once; manual/skip/duplicates do not mutate""}}",true,,successfulMainPlanSeedFlipFailureCount,src/training/stepUpAlternation/__tests__/stepUpAlternation.test.ts,Current production function path re-executed or statically queried by closure harness.
integration_duplicate_completion_seed_idempotent,base,runtime_integration,source_runtime_trace_plus_executed_link,applyBothSidesExerciseCompletionToStartSideSeed,applyBothSidesExerciseCompletionToStartSideSeed,"{""featureDefaultOff"":true,""initialLeadSide"":""left"",""setIndex"":0,""trainingVoiceDefaultOff"":true}","[""deterministic production execution""]","{""defaultOpen"":false,""duplicateResult"":false,""floorGateEligible"":true,""id"":""integration_duplicate_completion_seed_idempotent"",""passed"":true,""unsafeCredit"":false}","{""defaultsRemainClosed"":true,""noDuplicateResult"":true,""noUnsafeCredit"":true,""passed"":true,""productionProof"":{""seedPolicy"":""main-plan flips once; manual/skip/duplicates do not mutate""}}",true,,duplicateCompletionSeedFlipCount,src/training/stepUpAlternation/__tests__/stepUpAlternation.test.ts,Current production function path re-executed or statically queried by closure harness.
integration_manual_completion_does_not_flip_seed,base,runtime_integration,source_runtime_trace_plus_executed_link,applyBothSidesExerciseCompletionToStartSideSeed,applyBothSidesExerciseCompletionToStartSideSeed,"{""featureDefaultOff"":true,""initialLeadSide"":""left"",""setIndex"":0,""trainingVoiceDefaultOff"":true}","[""deterministic production execution""]","{""defaultOpen"":false,""duplicateResult"":false,""floorGateEligible"":true,""id"":""integration_manual_completion_does_not_flip_seed"",""passed"":true,""unsafeCredit"":false}","{""defaultsRemainClosed"":true,""noDuplicateResult"":true,""noUnsafeCredit"":true,""passed"":true,""productionProof"":{""seedPolicy"":""main-plan flips once; manual/skip/duplicates do not mutate""}}",true,,manualExploreSeedMutationCount,src/training/stepUpAlternation/__tests__/stepUpAlternation.test.ts,Current production function path re-executed or statically queried by closure harness.
integration_explore_completion_does_not_flip_seed,base,runtime_integration,source_runtime_trace_plus_executed_link,applyBothSidesExerciseCompletionToStartSideSeed,applyBothSidesExerciseCompletionToStartSideSeed,"{""featureDefaultOff"":true,""initialLeadSide"":""left"",""setIndex"":0,""trainingVoiceDefaultOff"":true}","[""deterministic production execution""]","{""defaultOpen"":false,""duplicateResult"":false,""floorGateEligible"":true,""id"":""integration_explore_completion_does_not_flip_seed"",""passed"":true,""unsafeCredit"":false}","{""defaultsRemainClosed"":true,""noDuplicateResult"":true,""noUnsafeCredit"":true,""passed"":true,""productionProof"":{""seedPolicy"":""main-plan flips once; manual/skip/duplicates do not mutate""}}",true,,manualExploreSeedMutationCount,src/training/stepUpAlternation/__tests__/stepUpAlternation.test.ts,Current production function path re-executed or statically queried by closure harness.
integration_live_expected_lead_reaches_voice_planner,base,runtime_integration,production_voice_planner_execution,planTrainingVoiceSequenceV21,planTrainingVoiceSequenceV21,"{""featureDefaultOff"":true,""initialLeadSide"":""left"",""setIndex"":0,""trainingVoiceDefaultOff"":true}","[""step-up context"",""Training Voice V2.1 sequence planner""]","{""defaultOpen"":false,""duplicateResult"":false,""floorGateEligible"":true,""id"":""integration_live_expected_lead_reaches_voice_planner"",""passed"":true,""unsafeCredit"":false}","{""defaultsRemainClosed"":true,""noDuplicateResult"":true,""noUnsafeCredit"":true,""passed"":true,""productionProof"":{""blockers"":[""behavior_dependency:IR-VOICE-SAFETY-SUBSUMPTION"",""global_behavior_ready_false"",""global_audio_ready_false"",""missing_audio:ex-step-up-first-v21"",""missing_audio:ex-step-up-next-v21"",""missing_audio:step-up-start-left-v21"",""missing_audio:step-up-start-right-v21"",""missing_audio:target-step-up-v21""],""leftCueKeys"":[""ex-step-up-next-v21"",""step-up-start-left-v21"",""final-position-set-v21"",""target-step-up-v21""],""rightCueKeys"":[""ex-step-up-next-v21"",""step-up-start-left-v21"",""final-position-set-v21"",""target-step-up-v21""],""selectable"":false,""targetText"":""Do twelve total reps."",""wrongCueKeys"":[""step-up-wrong-left-v21"",""final-position-set-v21""]}}",true,,voiceExpectedLeadMismatchCount;voiceContextMismatchCount,src/training/voiceV21/__tests__/foundation.test.ts;src/training/stepUpAlternation/__tests__/stepUpAlternation.test.ts,Current production function path re-executed or statically queried by closure harness.
integration_wrong_lead_context_reaches_voice_planner,base,runtime_integration,production_voice_planner_execution,planTrainingVoiceSequenceV21,planTrainingVoiceSequenceV21,"{""featureDefaultOff"":true,""initialLeadSide"":""left"",""setIndex"":0,""trainingVoiceDefaultOff"":true}","[""floor ready"",""wrong lead ascent"",""return to floor"",""rejected terminal event""]","{""defaultOpen"":false,""duplicateResult"":false,""floorGateEligible"":true,""id"":""integration_wrong_lead_context_reaches_voice_planner"",""passed"":true,""unsafeCredit"":false}","{""defaultsRemainClosed"":true,""noDuplicateResult"":true,""noUnsafeCredit"":true,""passed"":true,""productionProof"":{""blockers"":[""behavior_dependency:IR-VOICE-SAFETY-SUBSUMPTION"",""global_behavior_ready_false"",""global_audio_ready_false"",""missing_audio:ex-step-up-first-v21"",""missing_audio:ex-step-up-next-v21"",""missing_audio:step-up-start-left-v21"",""missing_audio:step-up-start-right-v21"",""missing_audio:target-step-up-v21""],""leftCueKeys"":[""ex-step-up-next-v21"",""step-up-start-left-v21"",""final-position-set-v21"",""target-step-up-v21""],""rightCueKeys"":[""ex-step-up-next-v21"",""step-up-start-left-v21"",""final-position-set-v21"",""target-step-up-v21""],""selectable"":false,""targetText"":""Do twelve total reps."",""wrongCueKeys"":[""step-up-wrong-left-v21"",""final-position-set-v21""]}}",true,,scenario_coverage,src/training/voiceV21/__tests__/foundation.test.ts;src/training/stepUpAlternation/__tests__/stepUpAlternation.test.ts,Current production function path re-executed or statically queried by closure harness.
integration_training_voice_remains_closed,base,runtime_integration,production_voice_planner_execution,planTrainingVoiceSequenceV21,planTrainingVoiceSequenceV21,"{""featureDefaultOff"":true,""initialLeadSide"":""left"",""setIndex"":0,""trainingVoiceDefaultOff"":true}","[""step-up context"",""Training Voice V2.1 sequence planner""]","{""defaultOpen"":false,""duplicateResult"":false,""floorGateEligible"":true,""id"":""integration_training_voice_remains_closed"",""passed"":true,""unsafeCredit"":false}","{""defaultsRemainClosed"":true,""noDuplicateResult"":true,""noUnsafeCredit"":true,""passed"":true,""productionProof"":{""blockers"":[""behavior_dependency:IR-VOICE-SAFETY-SUBSUMPTION"",""global_behavior_ready_false"",""global_audio_ready_false"",""missing_audio:ex-step-up-first-v21"",""missing_audio:ex-step-up-next-v21"",""missing_audio:step-up-start-left-v21"",""missing_audio:step-up-start-right-v21"",""missing_audio:target-step-up-v21""],""leftCueKeys"":[""ex-step-up-next-v21"",""step-up-start-left-v21"",""final-position-set-v21"",""target-step-up-v21""],""rightCueKeys"":[""ex-step-up-next-v21"",""step-up-start-left-v21"",""final-position-set-v21"",""target-step-up-v21""],""selectable"":false,""targetText"":""Do twelve total reps."",""wrongCueKeys"":[""step-up-wrong-left-v21"",""final-position-set-v21""]}}",true,,trainingVoiceDefaultErrorCount;trainingVoiceAudioReadyErrorCount;trainingVoiceBehaviorReadyErrorCount,src/training/voiceV21/__tests__/foundation.test.ts;src/training/stepUpAlternation/__tests__/stepUpAlternation.test.ts,Training Voice V2.1 remains default off with audio and behavior readiness false.
integration_balance_v2_remains_closed,base,runtime_integration,static_default_query,readiness/default exported constants,TRAINING_STEP_UP_ALTERNATION_DEFAULT_ENABLED;TRAINING_VOICE_V2_1_AUDIO_READY;EYES_OPEN_BALANCE_PROTOCOL_V2_SELECTABLE,"{""featureDefaultOff"":true,""initialLeadSide"":""left"",""setIndex"":0,""trainingVoiceDefaultOff"":true}","[""deterministic production execution""]","{""defaultOpen"":false,""duplicateResult"":false,""floorGateEligible"":true,""id"":""integration_balance_v2_remains_closed"",""passed"":true,""unsafeCredit"":false}","{""defaultsRemainClosed"":true,""noDuplicateResult"":true,""noUnsafeCredit"":true,""passed"":true,""productionProof"":{""balanceV2AudioReady"":false,""balanceV2Selectable"":false,""stepUpAlternationDefaultEnabled"":false,""trainingVoiceV21AudioReady"":false,""trainingVoiceV21BehaviorReady"":false,""trainingVoiceV21DefaultEnabled"":false}}",true,,balanceV2DefaultErrorCount,src/training/stepUpAlternation/__tests__/stepUpAlternation.test.ts,Balance V2 remains default closed and audio pending.
integration_audio_manifest_unchanged,base,runtime_integration,static_default_query,advanceStepUpAlternationState,advanceStepUpAlternationState,"{""featureDefaultOff"":true,""initialLeadSide"":""left"",""setIndex"":0,""trainingVoiceDefaultOff"":true}","[""deterministic production execution""]","{""defaultOpen"":false,""duplicateResult"":false,""floorGateEligible"":true,""id"":""integration_audio_manifest_unchanged"",""passed"":true,""unsafeCredit"":false}","{""defaultsRemainClosed"":true,""noDuplicateResult"":true,""noUnsafeCredit"":true,""passed"":true,""productionProof"":{""acceptedFirstRep"":{""acceptedRepCount"":1,""expectedLeadSide"":""right"",""repSfxCount"":1},""duplicateSuppressedCount"":1,""fullSet"":{""acceptedRepCount"":12,""alternationValid"":true,""completedTarget"":true,""leftLeadRepCount"":6,""phase"":""set_complete"",""repSfxCount"":12,""rightLeadRepCount"":6},""progression"":{""alternationValid"":false,""completedSetCount"":1,""exerciseId"":""step-up"",""leftLeadReps"":6,""progressionEligible"":false,""rightLeadReps"":6,""setCount"":3,""setResults"":[{""acceptedRepCount"":12,""alternationValid"":true,""completedTarget"":true,""leftLeadRepCount"":6,""repEvidence"":[{""bothFeetAtStart"":true,""bothFeetReturnedToFloor"":true,""endReason"":""accepted"",""expectedLeadInitiatedAscent"":true,""expectedLeadSide"":""left"",""observedLeadSide"":""left"",""repAttemptId"":""full-1"",""returnedToFloorAtMs"":900,""startedAtMs"":100,""topPhaseValid"":true,""topReachedAtMs"":500,""trackingValid"":true,""valid"":true},{""bothFeetAtStart"":true,""bothFeetReturnedToFloor"":true,""endReason"":""accepted"",""expectedLeadInitiatedAscent"":true,""expectedLeadSide"":""right"",""observedLeadSide"":""right"",""repAttemptId"":""full-2"",""returnedToFloorAtMs"":900,""startedAtMs"":100,""topPhaseValid"":true,""topReachedAtMs"":500,""trackingValid"":true,""valid"":true},{""bothFeetAtStart"":true,""bothFeetReturnedToFloor"":true,""endReason"":""accepted"",""expectedLeadInitiatedAscent"":true,""expectedLeadSide"":""left"",""observedLeadSide"":""left"",""repAttemptId"":""full-3"",""returnedToFloorAtMs"":900,""startedAtMs"":100,""topPhaseValid"":true,""topReachedAtMs"":500,""trackingValid"":true,""valid"":true},{""bothFeetAtStart"":true,""bothFeetReturnedToFloor"":true,""endReason"":""accepted"",""expectedLeadInitiatedAscent"":true,""expectedLeadSide"":""right"",""observedLeadSide"":""right"",""repAttemptId"":""full-4"",""returnedToFloorAtMs"":900,""startedAtMs"":100,""topPhaseValid"":true,""topReachedAtMs"":500,""trackingValid"":true,""valid"":true},{""bothFeetAtStart"":true,""bothFeetReturnedToFloor"":true,""endReason"":""accepted"",""expectedLeadInitiatedAscent"":true,""expectedLeadSide"":""left"",""observedLeadSide"":""left"",""repAttemptId"":""full-5"",""returnedToFloorAtMs"":900,""startedAtMs"":100,""topPhaseValid"":true,""topReachedAtMs"":500,""trackingValid"":true,""valid"":true},{""bothFeetAtStart"":true,""bothFeetReturnedToFloor"":true,""endReason"":""accepted"",""expectedLeadInitiatedAscent"":true,""expectedLeadSide"":""right"",""observedLeadSide"":""right"",""repAttemptId"":""full-6"",""returnedToFloorAtMs"":900,""startedAtMs"":100,""topPhaseValid"":true,""topReachedAtMs"":500,""trackingValid"":true,""valid"":true},{""bothFeetAtStart"":true,""bothFeetReturnedToFloor"":true,""endReason"":""accepted"",""expectedLeadInitiatedAscent"":true,""expectedLeadSide"":""left"",""observedLeadSide"":""left"",""repAttemptId"":""full-7"",""returnedToFloorAtMs"":900,""startedAtMs"":100,""topPhaseValid"":true,""topReachedAtMs"":500,""trackingValid"":true,""valid"":true},{""bothFeetAtStart"":true,""bothFeetReturnedToFloor"":true,""endReason"":""accepted"",""expectedLeadInitiatedAscent"":true,""expectedLeadSide"":""right"",""observedLeadSide"":""right"",""repAttemptId"":""full-8"",""returnedToFloorAtMs"":900,""startedAtMs"":100,""topPhaseValid"":true,""topReachedAtMs"":500,""trackingValid"":true,""valid"":true},{""bothFeetAtStart"":true,""bothFeetReturnedToFloor"":true,""endReason"":""accepted"",""expectedLeadInitiatedAscent"":true,""expectedLeadSide"":""left"",""observedLeadSide"":""left"",""repAttemptId"":""full-9"",""returnedToFloorAtMs"":900,""startedAtMs"":100,""topPhaseValid"":true,""topReachedAtMs"":500,""trackingValid"":true,""valid"":true},{""bothFeetAtStart"":true,""bothFeetReturnedToFloor"":true,""endReason"":""accepted"",""expectedLeadInitiatedAscent"":true,""expectedLeadSide"":""right"",""observedLeadSide"":""right"",""repAttemptId"":""full-10"",""returnedToFloorAtMs"":900,""startedAtMs"":100,""topPhaseValid"":true,""topReachedAtMs"":500,""trackingValid"":true,""valid"":true},{""bothFeetAtStart"":true,""bothFeetReturnedToFloor"":true,""endReason"":""accepted"",""expectedLeadInitiatedAscent"":true,""expectedLeadSide"":""left"",""observedLeadSide"":""left"",""repAttemptId"":""full-11"",""returnedToFloorAtMs"":900,""startedAtMs"":100,""topPhaseValid"":true,""topReachedAtMs"":500,""trackingValid"":true,""valid"":true},{""bothFeetAtStart"":true,""bothFeetReturnedToFloor"":true,""endReason"":""accepted"",""expectedLeadInitiatedAscent"":true,""expectedLeadSide"":""right"",""observedLeadSide"":""right"",""repAttemptId"":""full-12"",""returnedToFloorAtMs"":900,""startedAtMs"":100,""topPhaseValid"":true,""topReachedAtMs"":500,""trackingValid"":true,""valid"":true}],""repSfxCount"":12,""rightLeadRepCount"":6,""setIndex"":0,""startLeadSide"":""left"",""targetTotalReps"":12}],""totalAcceptedReps"":12},""staleIgnoredCount"":1}}",true,,physicalManifestChangeCount;audioAssetChangeCount,src/training/stepUpAlternation/__tests__/stepUpAlternation.test.ts,"No audio files generated, moved, renamed, or altered."
verify_duplicate_same_attempt_terminal_evidence,base,targeted_evidence_verification,production_function_execution,advanceStepUpAlternationState,advanceStepUpAlternationState,"{""featureDefaultOff"":true,""initialLeadSide"":""left"",""setIndex"":0,""trainingVoiceDefaultOff"":true}","[""deterministic production execution""]","{""defaultOpen"":false,""duplicateResult"":false,""floorGateEligible"":true,""id"":""verify_duplicate_same_attempt_terminal_evidence"",""passed"":true,""unsafeCredit"":false}","{""defaultsRemainClosed"":true,""noDuplicateResult"":true,""noUnsafeCredit"":true,""passed"":true,""productionProof"":{""acceptedFirstRep"":{""acceptedRepCount"":1,""expectedLeadSide"":""right"",""repSfxCount"":1},""duplicateSuppressedCount"":1,""fullSet"":{""acceptedRepCount"":12,""alternationValid"":true,""completedTarget"":true,""leftLeadRepCount"":6,""phase"":""set_complete"",""repSfxCount"":12,""rightLeadRepCount"":6},""progression"":{""alternationValid"":false,""completedSetCount"":1,""exerciseId"":""step-up"",""leftLeadReps"":6,""progressionEligible"":false,""rightLeadReps"":6,""setCount"":3,""setResults"":[{""acceptedRepCount"":12,""alternationValid"":true,""completedTarget"":true,""leftLeadRepCount"":6,""repEvidence"":[{""bothFeetAtStart"":true,""bothFeetReturnedToFloor"":true,""endReason"":""accepted"",""expectedLeadInitiatedAscent"":true,""expectedLeadSide"":""left"",""observedLeadSide"":""left"",""repAttemptId"":""full-1"",""returnedToFloorAtMs"":900,""startedAtMs"":100,""topPhaseValid"":true,""topReachedAtMs"":500,""trackingValid"":true,""valid"":true},{""bothFeetAtStart"":true,""bothFeetReturnedToFloor"":true,""endReason"":""accepted"",""expectedLeadInitiatedAscent"":true,""expectedLeadSide"":""right"",""observedLeadSide"":""right"",""repAttemptId"":""full-2"",""returnedToFloorAtMs"":900,""startedAtMs"":100,""topPhaseValid"":true,""topReachedAtMs"":500,""trackingValid"":true,""valid"":true},{""bothFeetAtStart"":true,""bothFeetReturnedToFloor"":true,""endReason"":""accepted"",""expectedLeadInitiatedAscent"":true,""expectedLeadSide"":""left"",""observedLeadSide"":""left"",""repAttemptId"":""full-3"",""returnedToFloorAtMs"":900,""startedAtMs"":100,""topPhaseValid"":true,""topReachedAtMs"":500,""trackingValid"":true,""valid"":true},{""bothFeetAtStart"":true,""bothFeetReturnedToFloor"":true,""endReason"":""accepted"",""expectedLeadInitiatedAscent"":true,""expectedLeadSide"":""right"",""observedLeadSide"":""right"",""repAttemptId"":""full-4"",""returnedToFloorAtMs"":900,""startedAtMs"":100,""topPhaseValid"":true,""topReachedAtMs"":500,""trackingValid"":true,""valid"":true},{""bothFeetAtStart"":true,""bothFeetReturnedToFloor"":true,""endReason"":""accepted"",""expectedLeadInitiatedAscent"":true,""expectedLeadSide"":""left"",""observedLeadSide"":""left"",""repAttemptId"":""full-5"",""returnedToFloorAtMs"":900,""startedAtMs"":100,""topPhaseValid"":true,""topReachedAtMs"":500,""trackingValid"":true,""valid"":true},{""bothFeetAtStart"":true,""bothFeetReturnedToFloor"":true,""endReason"":""accepted"",""expectedLeadInitiatedAscent"":true,""expectedLeadSide"":""right"",""observedLeadSide"":""right"",""repAttemptId"":""full-6"",""returnedToFloorAtMs"":900,""startedAtMs"":100,""topPhaseValid"":true,""topReachedAtMs"":500,""trackingValid"":true,""valid"":true},{""bothFeetAtStart"":true,""bothFeetReturnedToFloor"":true,""endReason"":""accepted"",""expectedLeadInitiatedAscent"":true,""expectedLeadSide"":""left"",""observedLeadSide"":""left"",""repAttemptId"":""full-7"",""returnedToFloorAtMs"":900,""startedAtMs"":100,""topPhaseValid"":true,""topReachedAtMs"":500,""trackingValid"":true,""valid"":true},{""bothFeetAtStart"":true,""bothFeetReturnedToFloor"":true,""endReason"":""accepted"",""expectedLeadInitiatedAscent"":true,""expectedLeadSide"":""right"",""observedLeadSide"":""right"",""repAttemptId"":""full-8"",""returnedToFloorAtMs"":900,""startedAtMs"":100,""topPhaseValid"":true,""topReachedAtMs"":500,""trackingValid"":true,""valid"":true},{""bothFeetAtStart"":true,""bothFeetReturnedToFloor"":true,""endReason"":""accepted"",""expectedLeadInitiatedAscent"":true,""expectedLeadSide"":""left"",""observedLeadSide"":""left"",""repAttemptId"":""full-9"",""returnedToFloorAtMs"":900,""startedAtMs"":100,""topPhaseValid"":true,""topReachedAtMs"":500,""trackingValid"":true,""valid"":true},{""bothFeetAtStart"":true,""bothFeetReturnedToFloor"":true,""endReason"":""accepted"",""expectedLeadInitiatedAscent"":true,""expectedLeadSide"":""right"",""observedLeadSide"":""right"",""repAttemptId"":""full-10"",""returnedToFloorAtMs"":900,""startedAtMs"":100,""topPhaseValid"":true,""topReachedAtMs"":500,""trackingValid"":true,""valid"":true},{""bothFeetAtStart"":true,""bothFeetReturnedToFloor"":true,""endReason"":""accepted"",""expectedLeadInitiatedAscent"":true,""expectedLeadSide"":""left"",""observedLeadSide"":""left"",""repAttemptId"":""full-11"",""returnedToFloorAtMs"":900,""startedAtMs"":100,""topPhaseValid"":true,""topReachedAtMs"":500,""trackingValid"":true,""valid"":true},{""bothFeetAtStart"":true,""bothFeetReturnedToFloor"":true,""endReason"":""accepted"",""expectedLeadInitiatedAscent"":true,""expectedLeadSide"":""right"",""observedLeadSide"":""right"",""repAttemptId"":""full-12"",""returnedToFloorAtMs"":900,""startedAtMs"":100,""topPhaseValid"":true,""topReachedAtMs"":500,""trackingValid"":true,""valid"":true}],""repSfxCount"":12,""rightLeadRepCount"":6,""setIndex"":0,""startLeadSide"":""left"",""targetTotalReps"":12}],""totalAcceptedReps"":12},""staleIgnoredCount"":1}}",true,,preFloorReturnCreditCount;duplicateRepCreditCount,src/training/stepUpAlternation/__tests__/stepUpAlternation.test.ts,Current production function path re-executed or statically queried by closure harness.
verify_duplicate_replayed_accepted_event,base,targeted_evidence_verification,production_function_execution,advanceStepUpAlternationState,advanceStepUpAlternationState,"{""featureDefaultOff"":true,""initialLeadSide"":""left"",""setIndex"":0,""trainingVoiceDefaultOff"":true}","[""deterministic production execution""]","{""defaultOpen"":false,""duplicateResult"":false,""floorGateEligible"":true,""id"":""verify_duplicate_replayed_accepted_event"",""passed"":true,""unsafeCredit"":false}","{""defaultsRemainClosed"":true,""noDuplicateResult"":true,""noUnsafeCredit"":true,""passed"":true,""productionProof"":{""acceptedFirstRep"":{""acceptedRepCount"":1,""expectedLeadSide"":""right"",""repSfxCount"":1},""duplicateSuppressedCount"":1,""fullSet"":{""acceptedRepCount"":12,""alternationValid"":true,""completedTarget"":true,""leftLeadRepCount"":6,""phase"":""set_complete"",""repSfxCount"":12,""rightLeadRepCount"":6},""progression"":{""alternationValid"":false,""completedSetCount"":1,""exerciseId"":""step-up"",""leftLeadReps"":6,""progressionEligible"":false,""rightLeadReps"":6,""setCount"":3,""setResults"":[{""acceptedRepCount"":12,""alternationValid"":true,""completedTarget"":true,""leftLeadRepCount"":6,""repEvidence"":[{""bothFeetAtStart"":true,""bothFeetReturnedToFloor"":true,""endReason"":""accepted"",""expectedLeadInitiatedAscent"":true,""expectedLeadSide"":""left"",""observedLeadSide"":""left"",""repAttemptId"":""full-1"",""returnedToFloorAtMs"":900,""startedAtMs"":100,""topPhaseValid"":true,""topReachedAtMs"":500,""trackingValid"":true,""valid"":true},{""bothFeetAtStart"":true,""bothFeetReturnedToFloor"":true,""endReason"":""accepted"",""expectedLeadInitiatedAscent"":true,""expectedLeadSide"":""right"",""observedLeadSide"":""right"",""repAttemptId"":""full-2"",""returnedToFloorAtMs"":900,""startedAtMs"":100,""topPhaseValid"":true,""topReachedAtMs"":500,""trackingValid"":true,""valid"":true},{""bothFeetAtStart"":true,""bothFeetReturnedToFloor"":true,""endReason"":""accepted"",""expectedLeadInitiatedAscent"":true,""expectedLeadSide"":""left"",""observedLeadSide"":""left"",""repAttemptId"":""full-3"",""returnedToFloorAtMs"":900,""startedAtMs"":100,""topPhaseValid"":true,""topReachedAtMs"":500,""trackingValid"":true,""valid"":true},{""bothFeetAtStart"":true,""bothFeetReturnedToFloor"":true,""endReason"":""accepted"",""expectedLeadInitiatedAscent"":true,""expectedLeadSide"":""right"",""observedLeadSide"":""right"",""repAttemptId"":""full-4"",""returnedToFloorAtMs"":900,""startedAtMs"":100,""topPhaseValid"":true,""topReachedAtMs"":500,""trackingValid"":true,""valid"":true},{""bothFeetAtStart"":true,""bothFeetReturnedToFloor"":true,""endReason"":""accepted"",""expectedLeadInitiatedAscent"":true,""expectedLeadSide"":""left"",""observedLeadSide"":""left"",""repAttemptId"":""full-5"",""returnedToFloorAtMs"":900,""startedAtMs"":100,""topPhaseValid"":true,""topReachedAtMs"":500,""trackingValid"":true,""valid"":true},{""bothFeetAtStart"":true,""bothFeetReturnedToFloor"":true,""endReason"":""accepted"",""expectedLeadInitiatedAscent"":true,""expectedLeadSide"":""right"",""observedLeadSide"":""right"",""repAttemptId"":""full-6"",""returnedToFloorAtMs"":900,""startedAtMs"":100,""topPhaseValid"":true,""topReachedAtMs"":500,""trackingValid"":true,""valid"":true},{""bothFeetAtStart"":true,""bothFeetReturnedToFloor"":true,""endReason"":""accepted"",""expectedLeadInitiatedAscent"":true,""expectedLeadSide"":""left"",""observedLeadSide"":""left"",""repAttemptId"":""full-7"",""returnedToFloorAtMs"":900,""startedAtMs"":100,""topPhaseValid"":true,""topReachedAtMs"":500,""trackingValid"":true,""valid"":true},{""bothFeetAtStart"":true,""bothFeetReturnedToFloor"":true,""endReason"":""accepted"",""expectedLeadInitiatedAscent"":true,""expectedLeadSide"":""right"",""observedLeadSide"":""right"",""repAttemptId"":""full-8"",""returnedToFloorAtMs"":900,""startedAtMs"":100,""topPhaseValid"":true,""topReachedAtMs"":500,""trackingValid"":true,""valid"":true},{""bothFeetAtStart"":true,""bothFeetReturnedToFloor"":true,""endReason"":""accepted"",""expectedLeadInitiatedAscent"":true,""expectedLeadSide"":""left"",""observedLeadSide"":""left"",""repAttemptId"":""full-9"",""returnedToFloorAtMs"":900,""startedAtMs"":100,""topPhaseValid"":true,""topReachedAtMs"":500,""trackingValid"":true,""valid"":true},{""bothFeetAtStart"":true,""bothFeetReturnedToFloor"":true,""endReason"":""accepted"",""expectedLeadInitiatedAscent"":true,""expectedLeadSide"":""right"",""observedLeadSide"":""right"",""repAttemptId"":""full-10"",""returnedToFloorAtMs"":900,""startedAtMs"":100,""topPhaseValid"":true,""topReachedAtMs"":500,""trackingValid"":true,""valid"":true},{""bothFeetAtStart"":true,""bothFeetReturnedToFloor"":true,""endReason"":""accepted"",""expectedLeadInitiatedAscent"":true,""expectedLeadSide"":""left"",""observedLeadSide"":""left"",""repAttemptId"":""full-11"",""returnedToFloorAtMs"":900,""startedAtMs"":100,""topPhaseValid"":true,""topReachedAtMs"":500,""trackingValid"":true,""valid"":true},{""bothFeetAtStart"":true,""bothFeetReturnedToFloor"":true,""endReason"":""accepted"",""expectedLeadInitiatedAscent"":true,""expectedLeadSide"":""right"",""observedLeadSide"":""right"",""repAttemptId"":""full-12"",""returnedToFloorAtMs"":900,""startedAtMs"":100,""topPhaseValid"":true,""topReachedAtMs"":500,""trackingValid"":true,""valid"":true}],""repSfxCount"":12,""rightLeadRepCount"":6,""setIndex"":0,""startLeadSide"":""left"",""targetTotalReps"":12}],""totalAcceptedReps"":12},""staleIgnoredCount"":1}}",true,,duplicateRepCreditCount;duplicateStaleCreditCount,src/training/stepUpAlternation/__tests__/stepUpAlternation.test.ts,Current production function path re-executed or statically queried by closure harness.
verify_stale_attempt_after_new_attempt_started,base,targeted_evidence_verification,production_function_execution,advanceStepUpAlternationState,advanceStepUpAlternationState,"{""featureDefaultOff"":true,""initialLeadSide"":""left"",""setIndex"":0,""trainingVoiceDefaultOff"":true}","[""deterministic production execution""]","{""defaultOpen"":false,""duplicateResult"":false,""floorGateEligible"":true,""id"":""verify_stale_attempt_after_new_attempt_started"",""passed"":true,""unsafeCredit"":false}","{""defaultsRemainClosed"":true,""noDuplicateResult"":true,""noUnsafeCredit"":true,""passed"":true,""productionProof"":{""acceptedFirstRep"":{""acceptedRepCount"":1,""expectedLeadSide"":""right"",""repSfxCount"":1},""duplicateSuppressedCount"":1,""fullSet"":{""acceptedRepCount"":12,""alternationValid"":true,""completedTarget"":true,""leftLeadRepCount"":6,""phase"":""set_complete"",""repSfxCount"":12,""rightLeadRepCount"":6},""progression"":{""alternationValid"":false,""completedSetCount"":1,""exerciseId"":""step-up"",""leftLeadReps"":6,""progressionEligible"":false,""rightLeadReps"":6,""setCount"":3,""setResults"":[{""acceptedRepCount"":12,""alternationValid"":true,""completedTarget"":true,""leftLeadRepCount"":6,""repEvidence"":[{""bothFeetAtStart"":true,""bothFeetReturnedToFloor"":true,""endReason"":""accepted"",""expectedLeadInitiatedAscent"":true,""expectedLeadSide"":""left"",""observedLeadSide"":""left"",""repAttemptId"":""full-1"",""returnedToFloorAtMs"":900,""startedAtMs"":100,""topPhaseValid"":true,""topReachedAtMs"":500,""trackingValid"":true,""valid"":true},{""bothFeetAtStart"":true,""bothFeetReturnedToFloor"":true,""endReason"":""accepted"",""expectedLeadInitiatedAscent"":true,""expectedLeadSide"":""right"",""observedLeadSide"":""right"",""repAttemptId"":""full-2"",""returnedToFloorAtMs"":900,""startedAtMs"":100,""topPhaseValid"":true,""topReachedAtMs"":500,""trackingValid"":true,""valid"":true},{""bothFeetAtStart"":true,""bothFeetReturnedToFloor"":true,""endReason"":""accepted"",""expectedLeadInitiatedAscent"":true,""expectedLeadSide"":""left"",""observedLeadSide"":""left"",""repAttemptId"":""full-3"",""returnedToFloorAtMs"":900,""startedAtMs"":100,""topPhaseValid"":true,""topReachedAtMs"":500,""trackingValid"":true,""valid"":true},{""bothFeetAtStart"":true,""bothFeetReturnedToFloor"":true,""endReason"":""accepted"",""expectedLeadInitiatedAscent"":true,""expectedLeadSide"":""right"",""observedLeadSide"":""right"",""repAttemptId"":""full-4"",""returnedToFloorAtMs"":900,""startedAtMs"":100,""topPhaseValid"":true,""topReachedAtMs"":500,""trackingValid"":true,""valid"":true},{""bothFeetAtStart"":true,""bothFeetReturnedToFloor"":true,""endReason"":""accepted"",""expectedLeadInitiatedAscent"":true,""expectedLeadSide"":""left"",""observedLeadSide"":""left"",""repAttemptId"":""full-5"",""returnedToFloorAtMs"":900,""startedAtMs"":100,""topPhaseValid"":true,""topReachedAtMs"":500,""trackingValid"":true,""valid"":true},{""bothFeetAtStart"":true,""bothFeetReturnedToFloor"":true,""endReason"":""accepted"",""expectedLeadInitiatedAscent"":true,""expectedLeadSide"":""right"",""observedLeadSide"":""right"",""repAttemptId"":""full-6"",""returnedToFloorAtMs"":900,""startedAtMs"":100,""topPhaseValid"":true,""topReachedAtMs"":500,""trackingValid"":true,""valid"":true},{""bothFeetAtStart"":true,""bothFeetReturnedToFloor"":true,""endReason"":""accepted"",""expectedLeadInitiatedAscent"":true,""expectedLeadSide"":""left"",""observedLeadSide"":""left"",""repAttemptId"":""full-7"",""returnedToFloorAtMs"":900,""startedAtMs"":100,""topPhaseValid"":true,""topReachedAtMs"":500,""trackingValid"":true,""valid"":true},{""bothFeetAtStart"":true,""bothFeetReturnedToFloor"":true,""endReason"":""accepted"",""expectedLeadInitiatedAscent"":true,""expectedLeadSide"":""right"",""observedLeadSide"":""right"",""repAttemptId"":""full-8"",""returnedToFloorAtMs"":900,""startedAtMs"":100,""topPhaseValid"":true,""topReachedAtMs"":500,""trackingValid"":true,""valid"":true},{""bothFeetAtStart"":true,""bothFeetReturnedToFloor"":true,""endReason"":""accepted"",""expectedLeadInitiatedAscent"":true,""expectedLeadSide"":""left"",""observedLeadSide"":""left"",""repAttemptId"":""full-9"",""returnedToFloorAtMs"":900,""startedAtMs"":100,""topPhaseValid"":true,""topReachedAtMs"":500,""trackingValid"":true,""valid"":true},{""bothFeetAtStart"":true,""bothFeetReturnedToFloor"":true,""endReason"":""accepted"",""expectedLeadInitiatedAscent"":true,""expectedLeadSide"":""right"",""observedLeadSide"":""right"",""repAttemptId"":""full-10"",""returnedToFloorAtMs"":900,""startedAtMs"":100,""topPhaseValid"":true,""topReachedAtMs"":500,""trackingValid"":true,""valid"":true},{""bothFeetAtStart"":true,""bothFeetReturnedToFloor"":true,""endReason"":""accepted"",""expectedLeadInitiatedAscent"":true,""expectedLeadSide"":""left"",""observedLeadSide"":""left"",""repAttemptId"":""full-11"",""returnedToFloorAtMs"":900,""startedAtMs"":100,""topPhaseValid"":true,""topReachedAtMs"":500,""trackingValid"":true,""valid"":true},{""bothFeetAtStart"":true,""bothFeetReturnedToFloor"":true,""endReason"":""accepted"",""expectedLeadInitiatedAscent"":true,""expectedLeadSide"":""right"",""observedLeadSide"":""right"",""repAttemptId"":""full-12"",""returnedToFloorAtMs"":900,""startedAtMs"":100,""topPhaseValid"":true,""topReachedAtMs"":500,""trackingValid"":true,""valid"":true}],""repSfxCount"":12,""rightLeadRepCount"":6,""setIndex"":0,""startLeadSide"":""left"",""targetTotalReps"":12}],""totalAcceptedReps"":12},""staleIgnoredCount"":1}}",true,,staleCallbackMutationCount,src/training/stepUpAlternation/__tests__/stepUpAlternation.test.ts,Current production function path re-executed or statically queried by closure harness.
verify_stale_attempt_after_set_completed,base,targeted_evidence_verification,production_function_execution,advanceStepUpAlternationState,advanceStepUpAlternationState,"{""featureDefaultOff"":true,""initialLeadSide"":""left"",""setIndex"":0,""trainingVoiceDefaultOff"":true}","[""deterministic production execution""]","{""defaultOpen"":false,""duplicateResult"":false,""floorGateEligible"":true,""id"":""verify_stale_attempt_after_set_completed"",""passed"":true,""unsafeCredit"":false}","{""defaultsRemainClosed"":true,""noDuplicateResult"":true,""noUnsafeCredit"":true,""passed"":true,""productionProof"":{""acceptedFirstRep"":{""acceptedRepCount"":1,""expectedLeadSide"":""right"",""repSfxCount"":1},""duplicateSuppressedCount"":1,""fullSet"":{""acceptedRepCount"":12,""alternationValid"":true,""completedTarget"":true,""leftLeadRepCount"":6,""phase"":""set_complete"",""repSfxCount"":12,""rightLeadRepCount"":6},""progression"":{""alternationValid"":false,""completedSetCount"":1,""exerciseId"":""step-up"",""leftLeadReps"":6,""progressionEligible"":false,""rightLeadReps"":6,""setCount"":3,""setResults"":[{""acceptedRepCount"":12,""alternationValid"":true,""completedTarget"":true,""leftLeadRepCount"":6,""repEvidence"":[{""bothFeetAtStart"":true,""bothFeetReturnedToFloor"":true,""endReason"":""accepted"",""expectedLeadInitiatedAscent"":true,""expectedLeadSide"":""left"",""observedLeadSide"":""left"",""repAttemptId"":""full-1"",""returnedToFloorAtMs"":900,""startedAtMs"":100,""topPhaseValid"":true,""topReachedAtMs"":500,""trackingValid"":true,""valid"":true},{""bothFeetAtStart"":true,""bothFeetReturnedToFloor"":true,""endReason"":""accepted"",""expectedLeadInitiatedAscent"":true,""expectedLeadSide"":""right"",""observedLeadSide"":""right"",""repAttemptId"":""full-2"",""returnedToFloorAtMs"":900,""startedAtMs"":100,""topPhaseValid"":true,""topReachedAtMs"":500,""trackingValid"":true,""valid"":true},{""bothFeetAtStart"":true,""bothFeetReturnedToFloor"":true,""endReason"":""accepted"",""expectedLeadInitiatedAscent"":true,""expectedLeadSide"":""left"",""observedLeadSide"":""left"",""repAttemptId"":""full-3"",""returnedToFloorAtMs"":900,""startedAtMs"":100,""topPhaseValid"":true,""topReachedAtMs"":500,""trackingValid"":true,""valid"":true},{""bothFeetAtStart"":true,""bothFeetReturnedToFloor"":true,""endReason"":""accepted"",""expectedLeadInitiatedAscent"":true,""expectedLeadSide"":""right"",""observedLeadSide"":""right"",""repAttemptId"":""full-4"",""returnedToFloorAtMs"":900,""startedAtMs"":100,""topPhaseValid"":true,""topReachedAtMs"":500,""trackingValid"":true,""valid"":true},{""bothFeetAtStart"":true,""bothFeetReturnedToFloor"":true,""endReason"":""accepted"",""expectedLeadInitiatedAscent"":true,""expectedLeadSide"":""left"",""observedLeadSide"":""left"",""repAttemptId"":""full-5"",""returnedToFloorAtMs"":900,""startedAtMs"":100,""topPhaseValid"":true,""topReachedAtMs"":500,""trackingValid"":true,""valid"":true},{""bothFeetAtStart"":true,""bothFeetReturnedToFloor"":true,""endReason"":""accepted"",""expectedLeadInitiatedAscent"":true,""expectedLeadSide"":""right"",""observedLeadSide"":""right"",""repAttemptId"":""full-6"",""returnedToFloorAtMs"":900,""startedAtMs"":100,""topPhaseValid"":true,""topReachedAtMs"":500,""trackingValid"":true,""valid"":true},{""bothFeetAtStart"":true,""bothFeetReturnedToFloor"":true,""endReason"":""accepted"",""expectedLeadInitiatedAscent"":true,""expectedLeadSide"":""left"",""observedLeadSide"":""left"",""repAttemptId"":""full-7"",""returnedToFloorAtMs"":900,""startedAtMs"":100,""topPhaseValid"":true,""topReachedAtMs"":500,""trackingValid"":true,""valid"":true},{""bothFeetAtStart"":true,""bothFeetReturnedToFloor"":true,""endReason"":""accepted"",""expectedLeadInitiatedAscent"":true,""expectedLeadSide"":""right"",""observedLeadSide"":""right"",""repAttemptId"":""full-8"",""returnedToFloorAtMs"":900,""startedAtMs"":100,""topPhaseValid"":true,""topReachedAtMs"":500,""trackingValid"":true,""valid"":true},{""bothFeetAtStart"":true,""bothFeetReturnedToFloor"":true,""endReason"":""accepted"",""expectedLeadInitiatedAscent"":true,""expectedLeadSide"":""left"",""observedLeadSide"":""left"",""repAttemptId"":""full-9"",""returnedToFloorAtMs"":900,""startedAtMs"":100,""topPhaseValid"":true,""topReachedAtMs"":500,""trackingValid"":true,""valid"":true},{""bothFeetAtStart"":true,""bothFeetReturnedToFloor"":true,""endReason"":""accepted"",""expectedLeadInitiatedAscent"":true,""expectedLeadSide"":""right"",""observedLeadSide"":""right"",""repAttemptId"":""full-10"",""returnedToFloorAtMs"":900,""startedAtMs"":100,""topPhaseValid"":true,""topReachedAtMs"":500,""trackingValid"":true,""valid"":true},{""bothFeetAtStart"":true,""bothFeetReturnedToFloor"":true,""endReason"":""accepted"",""expectedLeadInitiatedAscent"":true,""expectedLeadSide"":""left"",""observedLeadSide"":""left"",""repAttemptId"":""full-11"",""returnedToFloorAtMs"":900,""startedAtMs"":100,""topPhaseValid"":true,""topReachedAtMs"":500,""trackingValid"":true,""valid"":true},{""bothFeetAtStart"":true,""bothFeetReturnedToFloor"":true,""endReason"":""accepted"",""expectedLeadInitiatedAscent"":true,""expectedLeadSide"":""right"",""observedLeadSide"":""right"",""repAttemptId"":""full-12"",""returnedToFloorAtMs"":900,""startedAtMs"":100,""topPhaseValid"":true,""topReachedAtMs"":500,""trackingValid"":true,""valid"":true}],""repSfxCount"":12,""rightLeadRepCount"":6,""setIndex"":0,""startLeadSide"":""left"",""targetTotalReps"":12}],""totalAcceptedReps"":12},""staleIgnoredCount"":1}}",true,,scenario_coverage,src/training/stepUpAlternation/__tests__/stepUpAlternation.test.ts,Current production function path re-executed or statically queried by closure harness.
verify_stale_callback_after_restore,base,targeted_evidence_verification,production_serializer_roundtrip,serializeTrainingState + deserializeTrainingState,serializeTrainingState;deserializeTrainingState,"{""featureDefaultOff"":true,""initialLeadSide"":""left"",""setIndex"":0,""trainingVoiceDefaultOff"":true}","[""deterministic production execution""]","{""defaultOpen"":false,""duplicateResult"":false,""floorGateEligible"":true,""id"":""verify_stale_callback_after_restore"",""passed"":true,""unsafeCredit"":false}","{""defaultsRemainClosed"":true,""noDuplicateResult"":true,""noUnsafeCredit"":true,""passed"":true,""productionProof"":{""activeRuntimeKind"":""step_up_alternation"",""expectedLeadSide"":""right"",""generatedPlanFingerprint"":""sua1_c6eceba6"",""nextSeed"":""right"",""planFingerprint"":""sua1_c6eceba6""}}",true,,staleCallbackMutationCount;duplicateStaleCreditCount,src/training/stepUpAlternation/__tests__/stepUpAlternation.test.ts,Current production function path re-executed or statically queried by closure harness.
verify_threshold_noise_multiple_terminal_frames,base,targeted_evidence_verification,session_runtime_execution,StepUpAlternationSetRuntime.update,StepUpAlternationSetRuntime.update,"{""featureDefaultOff"":true,""initialLeadSide"":""left"",""setIndex"":0,""trainingVoiceDefaultOff"":true}","[""deterministic production execution""]","{""defaultOpen"":false,""duplicateResult"":false,""floorGateEligible"":true,""id"":""verify_threshold_noise_multiple_terminal_frames"",""passed"":true,""unsafeCredit"":false}","{""defaultsRemainClosed"":true,""noDuplicateResult"":true,""noUnsafeCredit"":true,""passed"":true,""productionProof"":{""duplicateAcceptedEvents"":1,""duplicateAcceptedRepCount"":1,""leftAcceptedCount"":1,""noReturnAcceptedCount"":0,""partialAttemptId"":""step-up-set-1-rep-1-epoch-2"",""rightAcceptedCount"":1,""serializedRuntime"":{""adapter"":{""floorBaseline"":{""leftFootY"":0.8933333333333334,""rightFootY"":0.8933333333333334},""schemaVersion"":1},""kind"":""step_up_alternation"",""schemaVersion"":1,""state"":{""acceptedRepCount"":1,""currentRepAttemptId"":null,""duplicateSuppressedCount"":0,""expectedLeadSide"":""right"",""ignoredStaleActionCount"":0,""leftLeadRepCount"":1,""phase"":""ready_both_feet_floor"",""plan"":{""blockerReasonCodes"":[""STEP_UP_ALTERNATION_READY""],""exerciseId"":""step-up"",""initialLeadSide"":""left"",""planFingerprint"":""sua1_c6eceba6"",""runtimeSelectable"":true,""setCount"":3,""setStartLeadSides"":[""left"",""right"",""left""],""sourcePrescriptionFingerprint"":""step-up-source_731cf0ad"",""sourceSetCount"":3,""sourceTargetRepsPerSet"":12,""targetLeftLeadReps"":6,""targetRightLeadReps"":6,""targetTotalReps"":12,""version"":1},""repEvidence"":[{""bothFeetAtStart"":true,""bothFeetReturnedToFloor"":true,""endReason"":""accepted"",""expectedLeadInitiatedAscent"":true,""expectedLeadSide"":""left"",""observedLeadSide"":""left"",""repAttemptId"":""step-up-set-1-rep-1-epoch-2"",""returnedToFloorAtMs"":5400,""startedAtMs"":4566,""topPhaseValid"":true,""topReachedAtMs"":5099,""trackingValid"":true,""valid"":true}],""repSfxCount"":1,""retiredRepAttemptIds"":[""step-up-set-1-rep-1-epoch-2""],""rightLeadRepCount"":0,""setIndex"":0,""stageEpoch"":4,""startLeadSide"":""left"",""wrongLeadCount"":0}},""staleTailAcceptedCount"":0,""trackingAcceptedRepCount"":0,""trackingPhaseAfterPause"":""awaiting_expected_lead"",""unknownAcceptedCount"":0,""wrongAcceptedCount"":0,""wrongLeadCount"":1}}",true,,thresholdNoiseExtraCreditCount,src/training/stepUpAlternation/__tests__/stepUpRuntimeIntegration.test.ts;src/training/stepUpAlternation/__tests__/stepUpAlternation.test.ts,Current production function path re-executed or statically queried by closure harness.
verify_same_rep_generic_and_alternation_authorities,base,targeted_evidence_verification,production_function_execution,advanceStepUpAlternationState,advanceStepUpAlternationState,"{""featureDefaultOff"":true,""initialLeadSide"":""left"",""setIndex"":0,""trainingVoiceDefaultOff"":true}","[""floor ready"",""ambiguous lead"",""return to floor"",""rejected terminal event""]","{""defaultOpen"":false,""duplicateResult"":false,""floorGateEligible"":true,""id"":""verify_same_rep_generic_and_alternation_authorities"",""passed"":true,""unsafeCredit"":false}","{""defaultsRemainClosed"":true,""noDuplicateResult"":true,""noUnsafeCredit"":true,""passed"":true,""productionProof"":{""acceptedFirstRep"":{""acceptedRepCount"":1,""expectedLeadSide"":""right"",""repSfxCount"":1},""duplicateSuppressedCount"":1,""fullSet"":{""acceptedRepCount"":12,""alternationValid"":true,""completedTarget"":true,""leftLeadRepCount"":6,""phase"":""set_complete"",""repSfxCount"":12,""rightLeadRepCount"":6},""progression"":{""alternationValid"":false,""completedSetCount"":1,""exerciseId"":""step-up"",""leftLeadReps"":6,""progressionEligible"":false,""rightLeadReps"":6,""setCount"":3,""setResults"":[{""acceptedRepCount"":12,""alternationValid"":true,""completedTarget"":true,""leftLeadRepCount"":6,""repEvidence"":[{""bothFeetAtStart"":true,""bothFeetReturnedToFloor"":true,""endReason"":""accepted"",""expectedLeadInitiatedAscent"":true,""expectedLeadSide"":""left"",""observedLeadSide"":""left"",""repAttemptId"":""full-1"",""returnedToFloorAtMs"":900,""startedAtMs"":100,""topPhaseValid"":true,""topReachedAtMs"":500,""trackingValid"":true,""valid"":true},{""bothFeetAtStart"":true,""bothFeetReturnedToFloor"":true,""endReason"":""accepted"",""expectedLeadInitiatedAscent"":true,""expectedLeadSide"":""right"",""observedLeadSide"":""right"",""repAttemptId"":""full-2"",""returnedToFloorAtMs"":900,""startedAtMs"":100,""topPhaseValid"":true,""topReachedAtMs"":500,""trackingValid"":true,""valid"":true},{""bothFeetAtStart"":true,""bothFeetReturnedToFloor"":true,""endReason"":""accepted"",""expectedLeadInitiatedAscent"":true,""expectedLeadSide"":""left"",""observedLeadSide"":""left"",""repAttemptId"":""full-3"",""returnedToFloorAtMs"":900,""startedAtMs"":100,""topPhaseValid"":true,""topReachedAtMs"":500,""trackingValid"":true,""valid"":true},{""bothFeetAtStart"":true,""bothFeetReturnedToFloor"":true,""endReason"":""accepted"",""expectedLeadInitiatedAscent"":true,""expectedLeadSide"":""right"",""observedLeadSide"":""right"",""repAttemptId"":""full-4"",""returnedToFloorAtMs"":900,""startedAtMs"":100,""topPhaseValid"":true,""topReachedAtMs"":500,""trackingValid"":true,""valid"":true},{""bothFeetAtStart"":true,""bothFeetReturnedToFloor"":true,""endReason"":""accepted"",""expectedLeadInitiatedAscent"":true,""expectedLeadSide"":""left"",""observedLeadSide"":""left"",""repAttemptId"":""full-5"",""returnedToFloorAtMs"":900,""startedAtMs"":100,""topPhaseValid"":true,""topReachedAtMs"":500,""trackingValid"":true,""valid"":true},{""bothFeetAtStart"":true,""bothFeetReturnedToFloor"":true,""endReason"":""accepted"",""expectedLeadInitiatedAscent"":true,""expectedLeadSide"":""right"",""observedLeadSide"":""right"",""repAttemptId"":""full-6"",""returnedToFloorAtMs"":900,""startedAtMs"":100,""topPhaseValid"":true,""topReachedAtMs"":500,""trackingValid"":true,""valid"":true},{""bothFeetAtStart"":true,""bothFeetReturnedToFloor"":true,""endReason"":""accepted"",""expectedLeadInitiatedAscent"":true,""expectedLeadSide"":""left"",""observedLeadSide"":""left"",""repAttemptId"":""full-7"",""returnedToFloorAtMs"":900,""startedAtMs"":100,""topPhaseValid"":true,""topReachedAtMs"":500,""trackingValid"":true,""valid"":true},{""bothFeetAtStart"":true,""bothFeetReturnedToFloor"":true,""endReason"":""accepted"",""expectedLeadInitiatedAscent"":true,""expectedLeadSide"":""right"",""observedLeadSide"":""right"",""repAttemptId"":""full-8"",""returnedToFloorAtMs"":900,""startedAtMs"":100,""topPhaseValid"":true,""topReachedAtMs"":500,""trackingValid"":true,""valid"":true},{""bothFeetAtStart"":true,""bothFeetReturnedToFloor"":true,""endReason"":""accepted"",""expectedLeadInitiatedAscent"":true,""expectedLeadSide"":""left"",""observedLeadSide"":""left"",""repAttemptId"":""full-9"",""returnedToFloorAtMs"":900,""startedAtMs"":100,""topPhaseValid"":true,""topReachedAtMs"":500,""trackingValid"":true,""valid"":true},{""bothFeetAtStart"":true,""bothFeetReturnedToFloor"":true,""endReason"":""accepted"",""expectedLeadInitiatedAscent"":true,""expectedLeadSide"":""right"",""observedLeadSide"":""right"",""repAttemptId"":""full-10"",""returnedToFloorAtMs"":900,""startedAtMs"":100,""topPhaseValid"":true,""topReachedAtMs"":500,""trackingValid"":true,""valid"":true},{""bothFeetAtStart"":true,""bothFeetReturnedToFloor"":true,""endReason"":""accepted"",""expectedLeadInitiatedAscent"":true,""expectedLeadSide"":""left"",""observedLeadSide"":""left"",""repAttemptId"":""full-11"",""returnedToFloorAtMs"":900,""startedAtMs"":100,""topPhaseValid"":true,""topReachedAtMs"":500,""trackingValid"":true,""valid"":true},{""bothFeetAtStart"":true,""bothFeetReturnedToFloor"":true,""endReason"":""accepted"",""expectedLeadInitiatedAscent"":true,""expectedLeadSide"":""right"",""observedLeadSide"":""right"",""repAttemptId"":""full-12"",""returnedToFloorAtMs"":900,""startedAtMs"":100,""topPhaseValid"":true,""topReachedAtMs"":500,""trackingValid"":true,""valid"":true}],""repSfxCount"":12,""rightLeadRepCount"":6,""setIndex"":0,""startLeadSide"":""left"",""targetTotalReps"":12}],""totalAcceptedReps"":12},""staleIgnoredCount"":1}}",true,,genericAlternationDoubleCreditCount,src/training/stepUpAlternation/__tests__/stepUpAlternation.test.ts,Current production function path re-executed or statically queried by closure harness.
verify_generic_rep_event_suppressed_internal_runtime,base,targeted_evidence_verification,session_runtime_execution,StepUpAlternationSetRuntime.update,StepUpAlternationSetRuntime.update,"{""featureDefaultOff"":true,""initialLeadSide"":""left"",""setIndex"":0,""trainingVoiceDefaultOff"":true}","[""floor ready"",""ambiguous lead"",""return to floor"",""rejected terminal event""]","{""defaultOpen"":false,""duplicateResult"":false,""floorGateEligible"":true,""id"":""verify_generic_rep_event_suppressed_internal_runtime"",""passed"":true,""unsafeCredit"":false}","{""defaultsRemainClosed"":true,""noDuplicateResult"":true,""noUnsafeCredit"":true,""passed"":true,""productionProof"":{""duplicateAcceptedEvents"":1,""duplicateAcceptedRepCount"":1,""leftAcceptedCount"":1,""noReturnAcceptedCount"":0,""partialAttemptId"":""step-up-set-1-rep-1-epoch-2"",""rightAcceptedCount"":1,""serializedRuntime"":{""adapter"":{""floorBaseline"":{""leftFootY"":0.8933333333333334,""rightFootY"":0.8933333333333334},""schemaVersion"":1},""kind"":""step_up_alternation"",""schemaVersion"":1,""state"":{""acceptedRepCount"":1,""currentRepAttemptId"":null,""duplicateSuppressedCount"":0,""expectedLeadSide"":""right"",""ignoredStaleActionCount"":0,""leftLeadRepCount"":1,""phase"":""ready_both_feet_floor"",""plan"":{""blockerReasonCodes"":[""STEP_UP_ALTERNATION_READY""],""exerciseId"":""step-up"",""initialLeadSide"":""left"",""planFingerprint"":""sua1_c6eceba6"",""runtimeSelectable"":true,""setCount"":3,""setStartLeadSides"":[""left"",""right"",""left""],""sourcePrescriptionFingerprint"":""step-up-source_731cf0ad"",""sourceSetCount"":3,""sourceTargetRepsPerSet"":12,""targetLeftLeadReps"":6,""targetRightLeadReps"":6,""targetTotalReps"":12,""version"":1},""repEvidence"":[{""bothFeetAtStart"":true,""bothFeetReturnedToFloor"":true,""endReason"":""accepted"",""expectedLeadInitiatedAscent"":true,""expectedLeadSide"":""left"",""observedLeadSide"":""left"",""repAttemptId"":""step-up-set-1-rep-1-epoch-2"",""returnedToFloorAtMs"":5400,""startedAtMs"":4566,""topPhaseValid"":true,""topReachedAtMs"":5099,""trackingValid"":true,""valid"":true}],""repSfxCount"":1,""retiredRepAttemptIds"":[""step-up-set-1-rep-1-epoch-2""],""rightLeadRepCount"":0,""setIndex"":0,""stageEpoch"":4,""startLeadSide"":""left"",""wrongLeadCount"":0}},""staleTailAcceptedCount"":0,""trackingAcceptedRepCount"":0,""trackingPhaseAfterPause"":""awaiting_expected_lead"",""unknownAcceptedCount"":0,""wrongAcceptedCount"":0,""wrongLeadCount"":1}}",true,,scenario_coverage,src/training/stepUpAlternation/__tests__/stepUpRuntimeIntegration.test.ts;src/training/stepUpAlternation/__tests__/stepUpAlternation.test.ts,Current production function path re-executed or statically queried by closure harness.
verify_accepted_event_single_sfx,base,targeted_evidence_verification,session_runtime_execution,StepUpAlternationSetRuntime.update,StepUpAlternationSetRuntime.update,"{""featureDefaultOff"":true,""initialLeadSide"":""left"",""setIndex"":0,""trainingVoiceDefaultOff"":true}","[""deterministic production execution""]","{""defaultOpen"":false,""duplicateResult"":false,""floorGateEligible"":true,""id"":""verify_accepted_event_single_sfx"",""passed"":true,""unsafeCredit"":false}","{""defaultsRemainClosed"":true,""noDuplicateResult"":true,""noUnsafeCredit"":true,""passed"":true,""productionProof"":{""duplicateAcceptedEvents"":1,""duplicateAcceptedRepCount"":1,""leftAcceptedCount"":1,""noReturnAcceptedCount"":0,""partialAttemptId"":""step-up-set-1-rep-1-epoch-2"",""rightAcceptedCount"":1,""serializedRuntime"":{""adapter"":{""floorBaseline"":{""leftFootY"":0.8933333333333334,""rightFootY"":0.8933333333333334},""schemaVersion"":1},""kind"":""step_up_alternation"",""schemaVersion"":1,""state"":{""acceptedRepCount"":1,""currentRepAttemptId"":null,""duplicateSuppressedCount"":0,""expectedLeadSide"":""right"",""ignoredStaleActionCount"":0,""leftLeadRepCount"":1,""phase"":""ready_both_feet_floor"",""plan"":{""blockerReasonCodes"":[""STEP_UP_ALTERNATION_READY""],""exerciseId"":""step-up"",""initialLeadSide"":""left"",""planFingerprint"":""sua1_c6eceba6"",""runtimeSelectable"":true,""setCount"":3,""setStartLeadSides"":[""left"",""right"",""left""],""sourcePrescriptionFingerprint"":""step-up-source_731cf0ad"",""sourceSetCount"":3,""sourceTargetRepsPerSet"":12,""targetLeftLeadReps"":6,""targetRightLeadReps"":6,""targetTotalReps"":12,""version"":1},""repEvidence"":[{""bothFeetAtStart"":true,""bothFeetReturnedToFloor"":true,""endReason"":""accepted"",""expectedLeadInitiatedAscent"":true,""expectedLeadSide"":""left"",""observedLeadSide"":""left"",""repAttemptId"":""step-up-set-1-rep-1-epoch-2"",""returnedToFloorAtMs"":5400,""startedAtMs"":4566,""topPhaseValid"":true,""topReachedAtMs"":5099,""trackingValid"":true,""valid"":true}],""repSfxCount"":1,""retiredRepAttemptIds"":[""step-up-set-1-rep-1-epoch-2""],""rightLeadRepCount"":0,""setIndex"":0,""stageEpoch"":4,""startLeadSide"":""left"",""wrongLeadCount"":0}},""staleTailAcceptedCount"":0,""trackingAcceptedRepCount"":0,""trackingPhaseAfterPause"":""awaiting_expected_lead"",""unknownAcceptedCount"":0,""wrongAcceptedCount"":0,""wrongLeadCount"":1}}",true,,acceptedRepSfxMismatchCount,src/training/stepUpAlternation/__tests__/stepUpRuntimeIntegration.test.ts;src/training/stepUpAlternation/__tests__/stepUpAlternation.test.ts,Current production function path re-executed or statically queried by closure harness.
verify_duplicate_accepted_event_no_second_sfx,base,targeted_evidence_verification,session_runtime_execution,StepUpAlternationSetRuntime.update,StepUpAlternationSetRuntime.update,"{""featureDefaultOff"":true,""initialLeadSide"":""left"",""setIndex"":0,""trainingVoiceDefaultOff"":true}","[""deterministic production execution""]","{""defaultOpen"":false,""duplicateResult"":false,""floorGateEligible"":true,""id"":""verify_duplicate_accepted_event_no_second_sfx"",""passed"":true,""unsafeCredit"":false}","{""defaultsRemainClosed"":true,""noDuplicateResult"":true,""noUnsafeCredit"":true,""passed"":true,""productionProof"":{""duplicateAcceptedEvents"":1,""duplicateAcceptedRepCount"":1,""leftAcceptedCount"":1,""noReturnAcceptedCount"":0,""partialAttemptId"":""step-up-set-1-rep-1-epoch-2"",""rightAcceptedCount"":1,""serializedRuntime"":{""adapter"":{""floorBaseline"":{""leftFootY"":0.8933333333333334,""rightFootY"":0.8933333333333334},""schemaVersion"":1},""kind"":""step_up_alternation"",""schemaVersion"":1,""state"":{""acceptedRepCount"":1,""currentRepAttemptId"":null,""duplicateSuppressedCount"":0,""expectedLeadSide"":""right"",""ignoredStaleActionCount"":0,""leftLeadRepCount"":1,""phase"":""ready_both_feet_floor"",""plan"":{""blockerReasonCodes"":[""STEP_UP_ALTERNATION_READY""],""exerciseId"":""step-up"",""initialLeadSide"":""left"",""planFingerprint"":""sua1_c6eceba6"",""runtimeSelectable"":true,""setCount"":3,""setStartLeadSides"":[""left"",""right"",""left""],""sourcePrescriptionFingerprint"":""step-up-source_731cf0ad"",""sourceSetCount"":3,""sourceTargetRepsPerSet"":12,""targetLeftLeadReps"":6,""targetRightLeadReps"":6,""targetTotalReps"":12,""version"":1},""repEvidence"":[{""bothFeetAtStart"":true,""bothFeetReturnedToFloor"":true,""endReason"":""accepted"",""expectedLeadInitiatedAscent"":true,""expectedLeadSide"":""left"",""observedLeadSide"":""left"",""repAttemptId"":""step-up-set-1-rep-1-epoch-2"",""returnedToFloorAtMs"":5400,""startedAtMs"":4566,""topPhaseValid"":true,""topReachedAtMs"":5099,""trackingValid"":true,""valid"":true}],""repSfxCount"":1,""retiredRepAttemptIds"":[""step-up-set-1-rep-1-epoch-2""],""rightLeadRepCount"":0,""setIndex"":0,""stageEpoch"":4,""startLeadSide"":""left"",""wrongLeadCount"":0}},""staleTailAcceptedCount"":0,""trackingAcceptedRepCount"":0,""trackingPhaseAfterPause"":""awaiting_expected_lead"",""unknownAcceptedCount"":0,""wrongAcceptedCount"":0,""wrongLeadCount"":1}}",true,,acceptedRepSfxMismatchCount,src/training/stepUpAlternation/__tests__/stepUpRuntimeIntegration.test.ts;src/training/stepUpAlternation/__tests__/stepUpAlternation.test.ts,Current production function path re-executed or statically queried by closure harness.
verify_wrong_lead_no_sfx,base,targeted_evidence_verification,session_runtime_execution,StepUpAlternationSetRuntime.update,StepUpAlternationSetRuntime.update,"{""featureDefaultOff"":true,""initialLeadSide"":""left"",""setIndex"":0,""trainingVoiceDefaultOff"":true}","[""floor ready"",""wrong lead ascent"",""return to floor"",""rejected terminal event""]","{""defaultOpen"":false,""duplicateResult"":false,""floorGateEligible"":true,""id"":""verify_wrong_lead_no_sfx"",""passed"":true,""unsafeCredit"":false}","{""defaultsRemainClosed"":true,""noDuplicateResult"":true,""noUnsafeCredit"":true,""passed"":true,""productionProof"":{""duplicateAcceptedEvents"":1,""duplicateAcceptedRepCount"":1,""leftAcceptedCount"":1,""noReturnAcceptedCount"":0,""partialAttemptId"":""step-up-set-1-rep-1-epoch-2"",""rightAcceptedCount"":1,""serializedRuntime"":{""adapter"":{""floorBaseline"":{""leftFootY"":0.8933333333333334,""rightFootY"":0.8933333333333334},""schemaVersion"":1},""kind"":""step_up_alternation"",""schemaVersion"":1,""state"":{""acceptedRepCount"":1,""currentRepAttemptId"":null,""duplicateSuppressedCount"":0,""expectedLeadSide"":""right"",""ignoredStaleActionCount"":0,""leftLeadRepCount"":1,""phase"":""ready_both_feet_floor"",""plan"":{""blockerReasonCodes"":[""STEP_UP_ALTERNATION_READY""],""exerciseId"":""step-up"",""initialLeadSide"":""left"",""planFingerprint"":""sua1_c6eceba6"",""runtimeSelectable"":true,""setCount"":3,""setStartLeadSides"":[""left"",""right"",""left""],""sourcePrescriptionFingerprint"":""step-up-source_731cf0ad"",""sourceSetCount"":3,""sourceTargetRepsPerSet"":12,""targetLeftLeadReps"":6,""targetRightLeadReps"":6,""targetTotalReps"":12,""version"":1},""repEvidence"":[{""bothFeetAtStart"":true,""bothFeetReturnedToFloor"":true,""endReason"":""accepted"",""expectedLeadInitiatedAscent"":true,""expectedLeadSide"":""left"",""observedLeadSide"":""left"",""repAttemptId"":""step-up-set-1-rep-1-epoch-2"",""returnedToFloorAtMs"":5400,""startedAtMs"":4566,""topPhaseValid"":true,""topReachedAtMs"":5099,""trackingValid"":true,""valid"":true}],""repSfxCount"":1,""retiredRepAttemptIds"":[""step-up-set-1-rep-1-epoch-2""],""rightLeadRepCount"":0,""setIndex"":0,""stageEpoch"":4,""startLeadSide"":""left"",""wrongLeadCount"":0}},""staleTailAcceptedCount"":0,""trackingAcceptedRepCount"":0,""trackingPhaseAfterPause"":""awaiting_expected_lead"",""unknownAcceptedCount"":0,""wrongAcceptedCount"":0,""wrongLeadCount"":1}}",true,,wrongLeadLiveCreditCount;wrongOrUnknownLeadSfxCount,src/training/stepUpAlternation/__tests__/stepUpRuntimeIntegration.test.ts;src/training/stepUpAlternation/__tests__/stepUpAlternation.test.ts,Current production function path re-executed or statically queried by closure harness.
verify_unknown_lead_no_sfx,base,targeted_evidence_verification,session_runtime_execution,StepUpAlternationSetRuntime.update,StepUpAlternationSetRuntime.update,"{""featureDefaultOff"":true,""initialLeadSide"":""left"",""setIndex"":0,""trainingVoiceDefaultOff"":true}","[""floor ready"",""ambiguous lead"",""return to floor"",""rejected terminal event""]","{""defaultOpen"":false,""duplicateResult"":false,""floorGateEligible"":true,""id"":""verify_unknown_lead_no_sfx"",""passed"":true,""unsafeCredit"":false}","{""defaultsRemainClosed"":true,""noDuplicateResult"":true,""noUnsafeCredit"":true,""passed"":true,""productionProof"":{""duplicateAcceptedEvents"":1,""duplicateAcceptedRepCount"":1,""leftAcceptedCount"":1,""noReturnAcceptedCount"":0,""partialAttemptId"":""step-up-set-1-rep-1-epoch-2"",""rightAcceptedCount"":1,""serializedRuntime"":{""adapter"":{""floorBaseline"":{""leftFootY"":0.8933333333333334,""rightFootY"":0.8933333333333334},""schemaVersion"":1},""kind"":""step_up_alternation"",""schemaVersion"":1,""state"":{""acceptedRepCount"":1,""currentRepAttemptId"":null,""duplicateSuppressedCount"":0,""expectedLeadSide"":""right"",""ignoredStaleActionCount"":0,""leftLeadRepCount"":1,""phase"":""ready_both_feet_floor"",""plan"":{""blockerReasonCodes"":[""STEP_UP_ALTERNATION_READY""],""exerciseId"":""step-up"",""initialLeadSide"":""left"",""planFingerprint"":""sua1_c6eceba6"",""runtimeSelectable"":true,""setCount"":3,""setStartLeadSides"":[""left"",""right"",""left""],""sourcePrescriptionFingerprint"":""step-up-source_731cf0ad"",""sourceSetCount"":3,""sourceTargetRepsPerSet"":12,""targetLeftLeadReps"":6,""targetRightLeadReps"":6,""targetTotalReps"":12,""version"":1},""repEvidence"":[{""bothFeetAtStart"":true,""bothFeetReturnedToFloor"":true,""endReason"":""accepted"",""expectedLeadInitiatedAscent"":true,""expectedLeadSide"":""left"",""observedLeadSide"":""left"",""repAttemptId"":""step-up-set-1-rep-1-epoch-2"",""returnedToFloorAtMs"":5400,""startedAtMs"":4566,""topPhaseValid"":true,""topReachedAtMs"":5099,""trackingValid"":true,""valid"":true}],""repSfxCount"":1,""retiredRepAttemptIds"":[""step-up-set-1-rep-1-epoch-2""],""rightLeadRepCount"":0,""setIndex"":0,""stageEpoch"":4,""startLeadSide"":""left"",""wrongLeadCount"":0}},""staleTailAcceptedCount"":0,""trackingAcceptedRepCount"":0,""trackingPhaseAfterPause"":""awaiting_expected_lead"",""unknownAcceptedCount"":0,""wrongAcceptedCount"":0,""wrongLeadCount"":1}}",true,,unknownLeadLiveCreditCount,src/training/stepUpAlternation/__tests__/stepUpRuntimeIntegration.test.ts;src/training/stepUpAlternation/__tests__/stepUpAlternation.test.ts,Current production function path re-executed or statically queried by closure harness.
verify_single_set_single_setresult,base,targeted_evidence_verification,production_function_execution,advanceStepUpAlternationState,advanceStepUpAlternationState,"{""featureDefaultOff"":true,""initialLeadSide"":""left"",""setIndex"":0,""trainingVoiceDefaultOff"":true}","[""deterministic production execution""]","{""defaultOpen"":false,""duplicateResult"":false,""floorGateEligible"":true,""id"":""verify_single_set_single_setresult"",""passed"":true,""unsafeCredit"":false}","{""defaultsRemainClosed"":true,""noDuplicateResult"":true,""noUnsafeCredit"":true,""passed"":true,""productionProof"":{""acceptedFirstRep"":{""acceptedRepCount"":1,""expectedLeadSide"":""right"",""repSfxCount"":1},""duplicateSuppressedCount"":1,""fullSet"":{""acceptedRepCount"":12,""alternationValid"":true,""completedTarget"":true,""leftLeadRepCount"":6,""phase"":""set_complete"",""repSfxCount"":12,""rightLeadRepCount"":6},""progression"":{""alternationValid"":false,""completedSetCount"":1,""exerciseId"":""step-up"",""leftLeadReps"":6,""progressionEligible"":false,""rightLeadReps"":6,""setCount"":3,""setResults"":[{""acceptedRepCount"":12,""alternationValid"":true,""completedTarget"":true,""leftLeadRepCount"":6,""repEvidence"":[{""bothFeetAtStart"":true,""bothFeetReturnedToFloor"":true,""endReason"":""accepted"",""expectedLeadInitiatedAscent"":true,""expectedLeadSide"":""left"",""observedLeadSide"":""left"",""repAttemptId"":""full-1"",""returnedToFloorAtMs"":900,""startedAtMs"":100,""topPhaseValid"":true,""topReachedAtMs"":500,""trackingValid"":true,""valid"":true},{""bothFeetAtStart"":true,""bothFeetReturnedToFloor"":true,""endReason"":""accepted"",""expectedLeadInitiatedAscent"":true,""expectedLeadSide"":""right"",""observedLeadSide"":""right"",""repAttemptId"":""full-2"",""returnedToFloorAtMs"":900,""startedAtMs"":100,""topPhaseValid"":true,""topReachedAtMs"":500,""trackingValid"":true,""valid"":true},{""bothFeetAtStart"":true,""bothFeetReturnedToFloor"":true,""endReason"":""accepted"",""expectedLeadInitiatedAscent"":true,""expectedLeadSide"":""left"",""observedLeadSide"":""left"",""repAttemptId"":""full-3"",""returnedToFloorAtMs"":900,""startedAtMs"":100,""topPhaseValid"":true,""topReachedAtMs"":500,""trackingValid"":true,""valid"":true},{""bothFeetAtStart"":true,""bothFeetReturnedToFloor"":true,""endReason"":""accepted"",""expectedLeadInitiatedAscent"":true,""expectedLeadSide"":""right"",""observedLeadSide"":""right"",""repAttemptId"":""full-4"",""returnedToFloorAtMs"":900,""startedAtMs"":100,""topPhaseValid"":true,""topReachedAtMs"":500,""trackingValid"":true,""valid"":true},{""bothFeetAtStart"":true,""bothFeetReturnedToFloor"":true,""endReason"":""accepted"",""expectedLeadInitiatedAscent"":true,""expectedLeadSide"":""left"",""observedLeadSide"":""left"",""repAttemptId"":""full-5"",""returnedToFloorAtMs"":900,""startedAtMs"":100,""topPhaseValid"":true,""topReachedAtMs"":500,""trackingValid"":true,""valid"":true},{""bothFeetAtStart"":true,""bothFeetReturnedToFloor"":true,""endReason"":""accepted"",""expectedLeadInitiatedAscent"":true,""expectedLeadSide"":""right"",""observedLeadSide"":""right"",""repAttemptId"":""full-6"",""returnedToFloorAtMs"":900,""startedAtMs"":100,""topPhaseValid"":true,""topReachedAtMs"":500,""trackingValid"":true,""valid"":true},{""bothFeetAtStart"":true,""bothFeetReturnedToFloor"":true,""endReason"":""accepted"",""expectedLeadInitiatedAscent"":true,""expectedLeadSide"":""left"",""observedLeadSide"":""left"",""repAttemptId"":""full-7"",""returnedToFloorAtMs"":900,""startedAtMs"":100,""topPhaseValid"":true,""topReachedAtMs"":500,""trackingValid"":true,""valid"":true},{""bothFeetAtStart"":true,""bothFeetReturnedToFloor"":true,""endReason"":""accepted"",""expectedLeadInitiatedAscent"":true,""expectedLeadSide"":""right"",""observedLeadSide"":""right"",""repAttemptId"":""full-8"",""returnedToFloorAtMs"":900,""startedAtMs"":100,""topPhaseValid"":true,""topReachedAtMs"":500,""trackingValid"":true,""valid"":true},{""bothFeetAtStart"":true,""bothFeetReturnedToFloor"":true,""endReason"":""accepted"",""expectedLeadInitiatedAscent"":true,""expectedLeadSide"":""left"",""observedLeadSide"":""left"",""repAttemptId"":""full-9"",""returnedToFloorAtMs"":900,""startedAtMs"":100,""topPhaseValid"":true,""topReachedAtMs"":500,""trackingValid"":true,""valid"":true},{""bothFeetAtStart"":true,""bothFeetReturnedToFloor"":true,""endReason"":""accepted"",""expectedLeadInitiatedAscent"":true,""expectedLeadSide"":""right"",""observedLeadSide"":""right"",""repAttemptId"":""full-10"",""returnedToFloorAtMs"":900,""startedAtMs"":100,""topPhaseValid"":true,""topReachedAtMs"":500,""trackingValid"":true,""valid"":true},{""bothFeetAtStart"":true,""bothFeetReturnedToFloor"":true,""endReason"":""accepted"",""expectedLeadInitiatedAscent"":true,""expectedLeadSide"":""left"",""observedLeadSide"":""left"",""repAttemptId"":""full-11"",""returnedToFloorAtMs"":900,""startedAtMs"":100,""topPhaseValid"":true,""topReachedAtMs"":500,""trackingValid"":true,""valid"":true},{""bothFeetAtStart"":true,""bothFeetReturnedToFloor"":true,""endReason"":""accepted"",""expectedLeadInitiatedAscent"":true,""expectedLeadSide"":""right"",""observedLeadSide"":""right"",""repAttemptId"":""full-12"",""returnedToFloorAtMs"":900,""startedAtMs"":100,""topPhaseValid"":true,""topReachedAtMs"":500,""trackingValid"":true,""valid"":true}],""repSfxCount"":12,""rightLeadRepCount"":6,""setIndex"":0,""startLeadSide"":""left"",""targetTotalReps"":12}],""totalAcceptedReps"":12},""staleIgnoredCount"":1}}",true,,scenario_coverage,src/training/stepUpAlternation/__tests__/stepUpAlternation.test.ts,Current production function path re-executed or statically queried by closure harness.
verify_duplicate_finish_single_setresult,base,targeted_evidence_verification,production_function_execution,advanceStepUpAlternationState,advanceStepUpAlternationState,"{""featureDefaultOff"":true,""initialLeadSide"":""left"",""setIndex"":0,""trainingVoiceDefaultOff"":true}","[""deterministic production execution""]","{""defaultOpen"":false,""duplicateResult"":false,""floorGateEligible"":true,""id"":""verify_duplicate_finish_single_setresult"",""passed"":true,""unsafeCredit"":false}","{""defaultsRemainClosed"":true,""noDuplicateResult"":true,""noUnsafeCredit"":true,""passed"":true,""productionProof"":{""acceptedFirstRep"":{""acceptedRepCount"":1,""expectedLeadSide"":""right"",""repSfxCount"":1},""duplicateSuppressedCount"":1,""fullSet"":{""acceptedRepCount"":12,""alternationValid"":true,""completedTarget"":true,""leftLeadRepCount"":6,""phase"":""set_complete"",""repSfxCount"":12,""rightLeadRepCount"":6},""progression"":{""alternationValid"":false,""completedSetCount"":1,""exerciseId"":""step-up"",""leftLeadReps"":6,""progressionEligible"":false,""rightLeadReps"":6,""setCount"":3,""setResults"":[{""acceptedRepCount"":12,""alternationValid"":true,""completedTarget"":true,""leftLeadRepCount"":6,""repEvidence"":[{""bothFeetAtStart"":true,""bothFeetReturnedToFloor"":true,""endReason"":""accepted"",""expectedLeadInitiatedAscent"":true,""expectedLeadSide"":""left"",""observedLeadSide"":""left"",""repAttemptId"":""full-1"",""returnedToFloorAtMs"":900,""startedAtMs"":100,""topPhaseValid"":true,""topReachedAtMs"":500,""trackingValid"":true,""valid"":true},{""bothFeetAtStart"":true,""bothFeetReturnedToFloor"":true,""endReason"":""accepted"",""expectedLeadInitiatedAscent"":true,""expectedLeadSide"":""right"",""observedLeadSide"":""right"",""repAttemptId"":""full-2"",""returnedToFloorAtMs"":900,""startedAtMs"":100,""topPhaseValid"":true,""topReachedAtMs"":500,""trackingValid"":true,""valid"":true},{""bothFeetAtStart"":true,""bothFeetReturnedToFloor"":true,""endReason"":""accepted"",""expectedLeadInitiatedAscent"":true,""expectedLeadSide"":""left"",""observedLeadSide"":""left"",""repAttemptId"":""full-3"",""returnedToFloorAtMs"":900,""startedAtMs"":100,""topPhaseValid"":true,""topReachedAtMs"":500,""trackingValid"":true,""valid"":true},{""bothFeetAtStart"":true,""bothFeetReturnedToFloor"":true,""endReason"":""accepted"",""expectedLeadInitiatedAscent"":true,""expectedLeadSide"":""right"",""observedLeadSide"":""right"",""repAttemptId"":""full-4"",""returnedToFloorAtMs"":900,""startedAtMs"":100,""topPhaseValid"":true,""topReachedAtMs"":500,""trackingValid"":true,""valid"":true},{""bothFeetAtStart"":true,""bothFeetReturnedToFloor"":true,""endReason"":""accepted"",""expectedLeadInitiatedAscent"":true,""expectedLeadSide"":""left"",""observedLeadSide"":""left"",""repAttemptId"":""full-5"",""returnedToFloorAtMs"":900,""startedAtMs"":100,""topPhaseValid"":true,""topReachedAtMs"":500,""trackingValid"":true,""valid"":true},{""bothFeetAtStart"":true,""bothFeetReturnedToFloor"":true,""endReason"":""accepted"",""expectedLeadInitiatedAscent"":true,""expectedLeadSide"":""right"",""observedLeadSide"":""right"",""repAttemptId"":""full-6"",""returnedToFloorAtMs"":900,""startedAtMs"":100,""topPhaseValid"":true,""topReachedAtMs"":500,""trackingValid"":true,""valid"":true},{""bothFeetAtStart"":true,""bothFeetReturnedToFloor"":true,""endReason"":""accepted"",""expectedLeadInitiatedAscent"":true,""expectedLeadSide"":""left"",""observedLeadSide"":""left"",""repAttemptId"":""full-7"",""returnedToFloorAtMs"":900,""startedAtMs"":100,""topPhaseValid"":true,""topReachedAtMs"":500,""trackingValid"":true,""valid"":true},{""bothFeetAtStart"":true,""bothFeetReturnedToFloor"":true,""endReason"":""accepted"",""expectedLeadInitiatedAscent"":true,""expectedLeadSide"":""right"",""observedLeadSide"":""right"",""repAttemptId"":""full-8"",""returnedToFloorAtMs"":900,""startedAtMs"":100,""topPhaseValid"":true,""topReachedAtMs"":500,""trackingValid"":true,""valid"":true},{""bothFeetAtStart"":true,""bothFeetReturnedToFloor"":true,""endReason"":""accepted"",""expectedLeadInitiatedAscent"":true,""expectedLeadSide"":""left"",""observedLeadSide"":""left"",""repAttemptId"":""full-9"",""returnedToFloorAtMs"":900,""startedAtMs"":100,""topPhaseValid"":true,""topReachedAtMs"":500,""trackingValid"":true,""valid"":true},{""bothFeetAtStart"":true,""bothFeetReturnedToFloor"":true,""endReason"":""accepted"",""expectedLeadInitiatedAscent"":true,""expectedLeadSide"":""right"",""observedLeadSide"":""right"",""repAttemptId"":""full-10"",""returnedToFloorAtMs"":900,""startedAtMs"":100,""topPhaseValid"":true,""topReachedAtMs"":500,""trackingValid"":true,""valid"":true},{""bothFeetAtStart"":true,""bothFeetReturnedToFloor"":true,""endReason"":""accepted"",""expectedLeadInitiatedAscent"":true,""expectedLeadSide"":""left"",""observedLeadSide"":""left"",""repAttemptId"":""full-11"",""returnedToFloorAtMs"":900,""startedAtMs"":100,""topPhaseValid"":true,""topReachedAtMs"":500,""trackingValid"":true,""valid"":true},{""bothFeetAtStart"":true,""bothFeetReturnedToFloor"":true,""endReason"":""accepted"",""expectedLeadInitiatedAscent"":true,""expectedLeadSide"":""right"",""observedLeadSide"":""right"",""repAttemptId"":""full-12"",""returnedToFloorAtMs"":900,""startedAtMs"":100,""topPhaseValid"":true,""topReachedAtMs"":500,""trackingValid"":true,""valid"":true}],""repSfxCount"":12,""rightLeadRepCount"":6,""setIndex"":0,""startLeadSide"":""left"",""targetTotalReps"":12}],""totalAcceptedReps"":12},""staleIgnoredCount"":1}}",true,,setResultDuplicationCount,src/training/stepUpAlternation/__tests__/stepUpAlternation.test.ts,Current production function path re-executed or statically queried by closure harness.
verify_setresult_replayed_progression_once,base,targeted_evidence_verification,production_function_execution,advanceStepUpAlternationState,advanceStepUpAlternationState,"{""featureDefaultOff"":true,""initialLeadSide"":""left"",""setIndex"":0,""trainingVoiceDefaultOff"":true}","[""deterministic production execution""]","{""defaultOpen"":false,""duplicateResult"":false,""floorGateEligible"":true,""id"":""verify_setresult_replayed_progression_once"",""passed"":true,""unsafeCredit"":false}","{""defaultsRemainClosed"":true,""noDuplicateResult"":true,""noUnsafeCredit"":true,""passed"":true,""productionProof"":{""acceptedFirstRep"":{""acceptedRepCount"":1,""expectedLeadSide"":""right"",""repSfxCount"":1},""duplicateSuppressedCount"":1,""fullSet"":{""acceptedRepCount"":12,""alternationValid"":true,""completedTarget"":true,""leftLeadRepCount"":6,""phase"":""set_complete"",""repSfxCount"":12,""rightLeadRepCount"":6},""progression"":{""alternationValid"":false,""completedSetCount"":1,""exerciseId"":""step-up"",""leftLeadReps"":6,""progressionEligible"":false,""rightLeadReps"":6,""setCount"":3,""setResults"":[{""acceptedRepCount"":12,""alternationValid"":true,""completedTarget"":true,""leftLeadRepCount"":6,""repEvidence"":[{""bothFeetAtStart"":true,""bothFeetReturnedToFloor"":true,""endReason"":""accepted"",""expectedLeadInitiatedAscent"":true,""expectedLeadSide"":""left"",""observedLeadSide"":""left"",""repAttemptId"":""full-1"",""returnedToFloorAtMs"":900,""startedAtMs"":100,""topPhaseValid"":true,""topReachedAtMs"":500,""trackingValid"":true,""valid"":true},{""bothFeetAtStart"":true,""bothFeetReturnedToFloor"":true,""endReason"":""accepted"",""expectedLeadInitiatedAscent"":true,""expectedLeadSide"":""right"",""observedLeadSide"":""right"",""repAttemptId"":""full-2"",""returnedToFloorAtMs"":900,""startedAtMs"":100,""topPhaseValid"":true,""topReachedAtMs"":500,""trackingValid"":true,""valid"":true},{""bothFeetAtStart"":true,""bothFeetReturnedToFloor"":true,""endReason"":""accepted"",""expectedLeadInitiatedAscent"":true,""expectedLeadSide"":""left"",""observedLeadSide"":""left"",""repAttemptId"":""full-3"",""returnedToFloorAtMs"":900,""startedAtMs"":100,""topPhaseValid"":true,""topReachedAtMs"":500,""trackingValid"":true,""valid"":true},{""bothFeetAtStart"":true,""bothFeetReturnedToFloor"":true,""endReason"":""accepted"",""expectedLeadInitiatedAscent"":true,""expectedLeadSide"":""right"",""observedLeadSide"":""right"",""repAttemptId"":""full-4"",""returnedToFloorAtMs"":900,""startedAtMs"":100,""topPhaseValid"":true,""topReachedAtMs"":500,""trackingValid"":true,""valid"":true},{""bothFeetAtStart"":true,""bothFeetReturnedToFloor"":true,""endReason"":""accepted"",""expectedLeadInitiatedAscent"":true,""expectedLeadSide"":""left"",""observedLeadSide"":""left"",""repAttemptId"":""full-5"",""returnedToFloorAtMs"":900,""startedAtMs"":100,""topPhaseValid"":true,""topReachedAtMs"":500,""trackingValid"":true,""valid"":true},{""bothFeetAtStart"":true,""bothFeetReturnedToFloor"":true,""endReason"":""accepted"",""expectedLeadInitiatedAscent"":true,""expectedLeadSide"":""right"",""observedLeadSide"":""right"",""repAttemptId"":""full-6"",""returnedToFloorAtMs"":900,""startedAtMs"":100,""topPhaseValid"":true,""topReachedAtMs"":500,""trackingValid"":true,""valid"":true},{""bothFeetAtStart"":true,""bothFeetReturnedToFloor"":true,""endReason"":""accepted"",""expectedLeadInitiatedAscent"":true,""expectedLeadSide"":""left"",""observedLeadSide"":""left"",""repAttemptId"":""full-7"",""returnedToFloorAtMs"":900,""startedAtMs"":100,""topPhaseValid"":true,""topReachedAtMs"":500,""trackingValid"":true,""valid"":true},{""bothFeetAtStart"":true,""bothFeetReturnedToFloor"":true,""endReason"":""accepted"",""expectedLeadInitiatedAscent"":true,""expectedLeadSide"":""right"",""observedLeadSide"":""right"",""repAttemptId"":""full-8"",""returnedToFloorAtMs"":900,""startedAtMs"":100,""topPhaseValid"":true,""topReachedAtMs"":500,""trackingValid"":true,""valid"":true},{""bothFeetAtStart"":true,""bothFeetReturnedToFloor"":true,""endReason"":""accepted"",""expectedLeadInitiatedAscent"":true,""expectedLeadSide"":""left"",""observedLeadSide"":""left"",""repAttemptId"":""full-9"",""returnedToFloorAtMs"":900,""startedAtMs"":100,""topPhaseValid"":true,""topReachedAtMs"":500,""trackingValid"":true,""valid"":true},{""bothFeetAtStart"":true,""bothFeetReturnedToFloor"":true,""endReason"":""accepted"",""expectedLeadInitiatedAscent"":true,""expectedLeadSide"":""right"",""observedLeadSide"":""right"",""repAttemptId"":""full-10"",""returnedToFloorAtMs"":900,""startedAtMs"":100,""topPhaseValid"":true,""topReachedAtMs"":500,""trackingValid"":true,""valid"":true},{""bothFeetAtStart"":true,""bothFeetReturnedToFloor"":true,""endReason"":""accepted"",""expectedLeadInitiatedAscent"":true,""expectedLeadSide"":""left"",""observedLeadSide"":""left"",""repAttemptId"":""full-11"",""returnedToFloorAtMs"":900,""startedAtMs"":100,""topPhaseValid"":true,""topReachedAtMs"":500,""trackingValid"":true,""valid"":true},{""bothFeetAtStart"":true,""bothFeetReturnedToFloor"":true,""endReason"":""accepted"",""expectedLeadInitiatedAscent"":true,""expectedLeadSide"":""right"",""observedLeadSide"":""right"",""repAttemptId"":""full-12"",""returnedToFloorAtMs"":900,""startedAtMs"":100,""topPhaseValid"":true,""topReachedAtMs"":500,""trackingValid"":true,""valid"":true}],""repSfxCount"":12,""rightLeadRepCount"":6,""setIndex"":0,""startLeadSide"":""left"",""targetTotalReps"":12}],""totalAcceptedReps"":12},""staleIgnoredCount"":1}}",true,,progressionDuplicateConsumptionCount,src/training/stepUpAlternation/__tests__/stepUpAlternation.test.ts,Current production function path re-executed or statically queried by closure harness.
verify_broken_alternation_progression_rejected,base,targeted_evidence_verification,production_function_execution,advanceStepUpAlternationState,advanceStepUpAlternationState,"{""featureDefaultOff"":true,""initialLeadSide"":""left"",""setIndex"":0,""trainingVoiceDefaultOff"":true}","[""deterministic production execution""]","{""defaultOpen"":false,""duplicateResult"":false,""floorGateEligible"":true,""id"":""verify_broken_alternation_progression_rejected"",""passed"":true,""unsafeCredit"":false}","{""defaultsRemainClosed"":true,""noDuplicateResult"":true,""noUnsafeCredit"":true,""passed"":true,""productionProof"":{""acceptedFirstRep"":{""acceptedRepCount"":1,""expectedLeadSide"":""right"",""repSfxCount"":1},""duplicateSuppressedCount"":1,""fullSet"":{""acceptedRepCount"":12,""alternationValid"":true,""completedTarget"":true,""leftLeadRepCount"":6,""phase"":""set_complete"",""repSfxCount"":12,""rightLeadRepCount"":6},""progression"":{""alternationValid"":false,""completedSetCount"":1,""exerciseId"":""step-up"",""leftLeadReps"":6,""progressionEligible"":false,""rightLeadReps"":6,""setCount"":3,""setResults"":[{""acceptedRepCount"":12,""alternationValid"":true,""completedTarget"":true,""leftLeadRepCount"":6,""repEvidence"":[{""bothFeetAtStart"":true,""bothFeetReturnedToFloor"":true,""endReason"":""accepted"",""expectedLeadInitiatedAscent"":true,""expectedLeadSide"":""left"",""observedLeadSide"":""left"",""repAttemptId"":""full-1"",""returnedToFloorAtMs"":900,""startedAtMs"":100,""topPhaseValid"":true,""topReachedAtMs"":500,""trackingValid"":true,""valid"":true},{""bothFeetAtStart"":true,""bothFeetReturnedToFloor"":true,""endReason"":""accepted"",""expectedLeadInitiatedAscent"":true,""expectedLeadSide"":""right"",""observedLeadSide"":""right"",""repAttemptId"":""full-2"",""returnedToFloorAtMs"":900,""startedAtMs"":100,""topPhaseValid"":true,""topReachedAtMs"":500,""trackingValid"":true,""valid"":true},{""bothFeetAtStart"":true,""bothFeetReturnedToFloor"":true,""endReason"":""accepted"",""expectedLeadInitiatedAscent"":true,""expectedLeadSide"":""left"",""observedLeadSide"":""left"",""repAttemptId"":""full-3"",""returnedToFloorAtMs"":900,""startedAtMs"":100,""topPhaseValid"":true,""topReachedAtMs"":500,""trackingValid"":true,""valid"":true},{""bothFeetAtStart"":true,""bothFeetReturnedToFloor"":true,""endReason"":""accepted"",""expectedLeadInitiatedAscent"":true,""expectedLeadSide"":""right"",""observedLeadSide"":""right"",""repAttemptId"":""full-4"",""returnedToFloorAtMs"":900,""startedAtMs"":100,""topPhaseValid"":true,""topReachedAtMs"":500,""trackingValid"":true,""valid"":true},{""bothFeetAtStart"":true,""bothFeetReturnedToFloor"":true,""endReason"":""accepted"",""expectedLeadInitiatedAscent"":true,""expectedLeadSide"":""left"",""observedLeadSide"":""left"",""repAttemptId"":""full-5"",""returnedToFloorAtMs"":900,""startedAtMs"":100,""topPhaseValid"":true,""topReachedAtMs"":500,""trackingValid"":true,""valid"":true},{""bothFeetAtStart"":true,""bothFeetReturnedToFloor"":true,""endReason"":""accepted"",""expectedLeadInitiatedAscent"":true,""expectedLeadSide"":""right"",""observedLeadSide"":""right"",""repAttemptId"":""full-6"",""returnedToFloorAtMs"":900,""startedAtMs"":100,""topPhaseValid"":true,""topReachedAtMs"":500,""trackingValid"":true,""valid"":true},{""bothFeetAtStart"":true,""bothFeetReturnedToFloor"":true,""endReason"":""accepted"",""expectedLeadInitiatedAscent"":true,""expectedLeadSide"":""left"",""observedLeadSide"":""left"",""repAttemptId"":""full-7"",""returnedToFloorAtMs"":900,""startedAtMs"":100,""topPhaseValid"":true,""topReachedAtMs"":500,""trackingValid"":true,""valid"":true},{""bothFeetAtStart"":true,""bothFeetReturnedToFloor"":true,""endReason"":""accepted"",""expectedLeadInitiatedAscent"":true,""expectedLeadSide"":""right"",""observedLeadSide"":""right"",""repAttemptId"":""full-8"",""returnedToFloorAtMs"":900,""startedAtMs"":100,""topPhaseValid"":true,""topReachedAtMs"":500,""trackingValid"":true,""valid"":true},{""bothFeetAtStart"":true,""bothFeetReturnedToFloor"":true,""endReason"":""accepted"",""expectedLeadInitiatedAscent"":true,""expectedLeadSide"":""left"",""observedLeadSide"":""left"",""repAttemptId"":""full-9"",""returnedToFloorAtMs"":900,""startedAtMs"":100,""topPhaseValid"":true,""topReachedAtMs"":500,""trackingValid"":true,""valid"":true},{""bothFeetAtStart"":true,""bothFeetReturnedToFloor"":true,""endReason"":""accepted"",""expectedLeadInitiatedAscent"":true,""expectedLeadSide"":""right"",""observedLeadSide"":""right"",""repAttemptId"":""full-10"",""returnedToFloorAtMs"":900,""startedAtMs"":100,""topPhaseValid"":true,""topReachedAtMs"":500,""trackingValid"":true,""valid"":true},{""bothFeetAtStart"":true,""bothFeetReturnedToFloor"":true,""endReason"":""accepted"",""expectedLeadInitiatedAscent"":true,""expectedLeadSide"":""left"",""observedLeadSide"":""left"",""repAttemptId"":""full-11"",""returnedToFloorAtMs"":900,""startedAtMs"":100,""topPhaseValid"":true,""topReachedAtMs"":500,""trackingValid"":true,""valid"":true},{""bothFeetAtStart"":true,""bothFeetReturnedToFloor"":true,""endReason"":""accepted"",""expectedLeadInitiatedAscent"":true,""expectedLeadSide"":""right"",""observedLeadSide"":""right"",""repAttemptId"":""full-12"",""returnedToFloorAtMs"":900,""startedAtMs"":100,""topPhaseValid"":true,""topReachedAtMs"":500,""trackingValid"":true,""valid"":true}],""repSfxCount"":12,""rightLeadRepCount"":6,""setIndex"":0,""startLeadSide"":""left"",""targetTotalReps"":12}],""totalAcceptedReps"":12},""staleIgnoredCount"":1}}",true,,invalidProgressionAcceptanceCount,src/training/stepUpAlternation/__tests__/stepUpAlternation.test.ts,Current production function path re-executed or statically queried by closure harness.
verify_side_imbalance_progression_rejected,base,targeted_evidence_verification,production_function_execution,advanceStepUpAlternationState,advanceStepUpAlternationState,"{""featureDefaultOff"":true,""initialLeadSide"":""left"",""setIndex"":0,""trainingVoiceDefaultOff"":true}","[""deterministic production execution""]","{""defaultOpen"":false,""duplicateResult"":false,""floorGateEligible"":true,""id"":""verify_side_imbalance_progression_rejected"",""passed"":true,""unsafeCredit"":false}","{""defaultsRemainClosed"":true,""noDuplicateResult"":true,""noUnsafeCredit"":true,""passed"":true,""productionProof"":{""acceptedFirstRep"":{""acceptedRepCount"":1,""expectedLeadSide"":""right"",""repSfxCount"":1},""duplicateSuppressedCount"":1,""fullSet"":{""acceptedRepCount"":12,""alternationValid"":true,""completedTarget"":true,""leftLeadRepCount"":6,""phase"":""set_complete"",""repSfxCount"":12,""rightLeadRepCount"":6},""progression"":{""alternationValid"":false,""completedSetCount"":1,""exerciseId"":""step-up"",""leftLeadReps"":6,""progressionEligible"":false,""rightLeadReps"":6,""setCount"":3,""setResults"":[{""acceptedRepCount"":12,""alternationValid"":true,""completedTarget"":true,""leftLeadRepCount"":6,""repEvidence"":[{""bothFeetAtStart"":true,""bothFeetReturnedToFloor"":true,""endReason"":""accepted"",""expectedLeadInitiatedAscent"":true,""expectedLeadSide"":""left"",""observedLeadSide"":""left"",""repAttemptId"":""full-1"",""returnedToFloorAtMs"":900,""startedAtMs"":100,""topPhaseValid"":true,""topReachedAtMs"":500,""trackingValid"":true,""valid"":true},{""bothFeetAtStart"":true,""bothFeetReturnedToFloor"":true,""endReason"":""accepted"",""expectedLeadInitiatedAscent"":true,""expectedLeadSide"":""right"",""observedLeadSide"":""right"",""repAttemptId"":""full-2"",""returnedToFloorAtMs"":900,""startedAtMs"":100,""topPhaseValid"":true,""topReachedAtMs"":500,""trackingValid"":true,""valid"":true},{""bothFeetAtStart"":true,""bothFeetReturnedToFloor"":true,""endReason"":""accepted"",""expectedLeadInitiatedAscent"":true,""expectedLeadSide"":""left"",""observedLeadSide"":""left"",""repAttemptId"":""full-3"",""returnedToFloorAtMs"":900,""startedAtMs"":100,""topPhaseValid"":true,""topReachedAtMs"":500,""trackingValid"":true,""valid"":true},{""bothFeetAtStart"":true,""bothFeetReturnedToFloor"":true,""endReason"":""accepted"",""expectedLeadInitiatedAscent"":true,""expectedLeadSide"":""right"",""observedLeadSide"":""right"",""repAttemptId"":""full-4"",""returnedToFloorAtMs"":900,""startedAtMs"":100,""topPhaseValid"":true,""topReachedAtMs"":500,""trackingValid"":true,""valid"":true},{""bothFeetAtStart"":true,""bothFeetReturnedToFloor"":true,""endReason"":""accepted"",""expectedLeadInitiatedAscent"":true,""expectedLeadSide"":""left"",""observedLeadSide"":""left"",""repAttemptId"":""full-5"",""returnedToFloorAtMs"":900,""startedAtMs"":100,""topPhaseValid"":true,""topReachedAtMs"":500,""trackingValid"":true,""valid"":true},{""bothFeetAtStart"":true,""bothFeetReturnedToFloor"":true,""endReason"":""accepted"",""expectedLeadInitiatedAscent"":true,""expectedLeadSide"":""right"",""observedLeadSide"":""right"",""repAttemptId"":""full-6"",""returnedToFloorAtMs"":900,""startedAtMs"":100,""topPhaseValid"":true,""topReachedAtMs"":500,""trackingValid"":true,""valid"":true},{""bothFeetAtStart"":true,""bothFeetReturnedToFloor"":true,""endReason"":""accepted"",""expectedLeadInitiatedAscent"":true,""expectedLeadSide"":""left"",""observedLeadSide"":""left"",""repAttemptId"":""full-7"",""returnedToFloorAtMs"":900,""startedAtMs"":100,""topPhaseValid"":true,""topReachedAtMs"":500,""trackingValid"":true,""valid"":true},{""bothFeetAtStart"":true,""bothFeetReturnedToFloor"":true,""endReason"":""accepted"",""expectedLeadInitiatedAscent"":true,""expectedLeadSide"":""right"",""observedLeadSide"":""right"",""repAttemptId"":""full-8"",""returnedToFloorAtMs"":900,""startedAtMs"":100,""topPhaseValid"":true,""topReachedAtMs"":500,""trackingValid"":true,""valid"":true},{""bothFeetAtStart"":true,""bothFeetReturnedToFloor"":true,""endReason"":""accepted"",""expectedLeadInitiatedAscent"":true,""expectedLeadSide"":""left"",""observedLeadSide"":""left"",""repAttemptId"":""full-9"",""returnedToFloorAtMs"":900,""startedAtMs"":100,""topPhaseValid"":true,""topReachedAtMs"":500,""trackingValid"":true,""valid"":true},{""bothFeetAtStart"":true,""bothFeetReturnedToFloor"":true,""endReason"":""accepted"",""expectedLeadInitiatedAscent"":true,""expectedLeadSide"":""right"",""observedLeadSide"":""right"",""repAttemptId"":""full-10"",""returnedToFloorAtMs"":900,""startedAtMs"":100,""topPhaseValid"":true,""topReachedAtMs"":500,""trackingValid"":true,""valid"":true},{""bothFeetAtStart"":true,""bothFeetReturnedToFloor"":true,""endReason"":""accepted"",""expectedLeadInitiatedAscent"":true,""expectedLeadSide"":""left"",""observedLeadSide"":""left"",""repAttemptId"":""full-11"",""returnedToFloorAtMs"":900,""startedAtMs"":100,""topPhaseValid"":true,""topReachedAtMs"":500,""trackingValid"":true,""valid"":true},{""bothFeetAtStart"":true,""bothFeetReturnedToFloor"":true,""endReason"":""accepted"",""expectedLeadInitiatedAscent"":true,""expectedLeadSide"":""right"",""observedLeadSide"":""right"",""repAttemptId"":""full-12"",""returnedToFloorAtMs"":900,""startedAtMs"":100,""topPhaseValid"":true,""topReachedAtMs"":500,""trackingValid"":true,""valid"":true}],""repSfxCount"":12,""rightLeadRepCount"":6,""setIndex"":0,""startLeadSide"":""left"",""targetTotalReps"":12}],""totalAcceptedReps"":12},""staleIgnoredCount"":1}}",true,,sideImbalanceProgressionAcceptanceCount,src/training/stepUpAlternation/__tests__/stepUpAlternation.test.ts,Current production function path re-executed or statically queried by closure harness.
verify_valid_6_6_progression_accepted_once,base,targeted_evidence_verification,production_function_execution,advanceStepUpAlternationState,advanceStepUpAlternationState,"{""featureDefaultOff"":true,""initialLeadSide"":""left"",""setIndex"":0,""trainingVoiceDefaultOff"":true}","[""12 alternating accepted terminal events""]","{""defaultOpen"":false,""duplicateResult"":false,""floorGateEligible"":true,""id"":""verify_valid_6_6_progression_accepted_once"",""passed"":true,""unsafeCredit"":false}","{""defaultsRemainClosed"":true,""noDuplicateResult"":true,""noUnsafeCredit"":true,""passed"":true,""productionProof"":{""acceptedFirstRep"":{""acceptedRepCount"":1,""expectedLeadSide"":""right"",""repSfxCount"":1},""duplicateSuppressedCount"":1,""fullSet"":{""acceptedRepCount"":12,""alternationValid"":true,""completedTarget"":true,""leftLeadRepCount"":6,""phase"":""set_complete"",""repSfxCount"":12,""rightLeadRepCount"":6},""progression"":{""alternationValid"":false,""completedSetCount"":1,""exerciseId"":""step-up"",""leftLeadReps"":6,""progressionEligible"":false,""rightLeadReps"":6,""setCount"":3,""setResults"":[{""acceptedRepCount"":12,""alternationValid"":true,""completedTarget"":true,""leftLeadRepCount"":6,""repEvidence"":[{""bothFeetAtStart"":true,""bothFeetReturnedToFloor"":true,""endReason"":""accepted"",""expectedLeadInitiatedAscent"":true,""expectedLeadSide"":""left"",""observedLeadSide"":""left"",""repAttemptId"":""full-1"",""returnedToFloorAtMs"":900,""startedAtMs"":100,""topPhaseValid"":true,""topReachedAtMs"":500,""trackingValid"":true,""valid"":true},{""bothFeetAtStart"":true,""bothFeetReturnedToFloor"":true,""endReason"":""accepted"",""expectedLeadInitiatedAscent"":true,""expectedLeadSide"":""right"",""observedLeadSide"":""right"",""repAttemptId"":""full-2"",""returnedToFloorAtMs"":900,""startedAtMs"":100,""topPhaseValid"":true,""topReachedAtMs"":500,""trackingValid"":true,""valid"":true},{""bothFeetAtStart"":true,""bothFeetReturnedToFloor"":true,""endReason"":""accepted"",""expectedLeadInitiatedAscent"":true,""expectedLeadSide"":""left"",""observedLeadSide"":""left"",""repAttemptId"":""full-3"",""returnedToFloorAtMs"":900,""startedAtMs"":100,""topPhaseValid"":true,""topReachedAtMs"":500,""trackingValid"":true,""valid"":true},{""bothFeetAtStart"":true,""bothFeetReturnedToFloor"":true,""endReason"":""accepted"",""expectedLeadInitiatedAscent"":true,""expectedLeadSide"":""right"",""observedLeadSide"":""right"",""repAttemptId"":""full-4"",""returnedToFloorAtMs"":900,""startedAtMs"":100,""topPhaseValid"":true,""topReachedAtMs"":500,""trackingValid"":true,""valid"":true},{""bothFeetAtStart"":true,""bothFeetReturnedToFloor"":true,""endReason"":""accepted"",""expectedLeadInitiatedAscent"":true,""expectedLeadSide"":""left"",""observedLeadSide"":""left"",""repAttemptId"":""full-5"",""returnedToFloorAtMs"":900,""startedAtMs"":100,""topPhaseValid"":true,""topReachedAtMs"":500,""trackingValid"":true,""valid"":true},{""bothFeetAtStart"":true,""bothFeetReturnedToFloor"":true,""endReason"":""accepted"",""expectedLeadInitiatedAscent"":true,""expectedLeadSide"":""right"",""observedLeadSide"":""right"",""repAttemptId"":""full-6"",""returnedToFloorAtMs"":900,""startedAtMs"":100,""topPhaseValid"":true,""topReachedAtMs"":500,""trackingValid"":true,""valid"":true},{""bothFeetAtStart"":true,""bothFeetReturnedToFloor"":true,""endReason"":""accepted"",""expectedLeadInitiatedAscent"":true,""expectedLeadSide"":""left"",""observedLeadSide"":""left"",""repAttemptId"":""full-7"",""returnedToFloorAtMs"":900,""startedAtMs"":100,""topPhaseValid"":true,""topReachedAtMs"":500,""trackingValid"":true,""valid"":true},{""bothFeetAtStart"":true,""bothFeetReturnedToFloor"":true,""endReason"":""accepted"",""expectedLeadInitiatedAscent"":true,""expectedLeadSide"":""right"",""observedLeadSide"":""right"",""repAttemptId"":""full-8"",""returnedToFloorAtMs"":900,""startedAtMs"":100,""topPhaseValid"":true,""topReachedAtMs"":500,""trackingValid"":true,""valid"":true},{""bothFeetAtStart"":true,""bothFeetReturnedToFloor"":true,""endReason"":""accepted"",""expectedLeadInitiatedAscent"":true,""expectedLeadSide"":""left"",""observedLeadSide"":""left"",""repAttemptId"":""full-9"",""returnedToFloorAtMs"":900,""startedAtMs"":100,""topPhaseValid"":true,""topReachedAtMs"":500,""trackingValid"":true,""valid"":true},{""bothFeetAtStart"":true,""bothFeetReturnedToFloor"":true,""endReason"":""accepted"",""expectedLeadInitiatedAscent"":true,""expectedLeadSide"":""right"",""observedLeadSide"":""right"",""repAttemptId"":""full-10"",""returnedToFloorAtMs"":900,""startedAtMs"":100,""topPhaseValid"":true,""topReachedAtMs"":500,""trackingValid"":true,""valid"":true},{""bothFeetAtStart"":true,""bothFeetReturnedToFloor"":true,""endReason"":""accepted"",""expectedLeadInitiatedAscent"":true,""expectedLeadSide"":""left"",""observedLeadSide"":""left"",""repAttemptId"":""full-11"",""returnedToFloorAtMs"":900,""startedAtMs"":100,""topPhaseValid"":true,""topReachedAtMs"":500,""trackingValid"":true,""valid"":true},{""bothFeetAtStart"":true,""bothFeetReturnedToFloor"":true,""endReason"":""accepted"",""expectedLeadInitiatedAscent"":true,""expectedLeadSide"":""right"",""observedLeadSide"":""right"",""repAttemptId"":""full-12"",""returnedToFloorAtMs"":900,""startedAtMs"":100,""topPhaseValid"":true,""topReachedAtMs"":500,""trackingValid"":true,""valid"":true}],""repSfxCount"":12,""rightLeadRepCount"":6,""setIndex"":0,""startLeadSide"":""left"",""targetTotalReps"":12}],""totalAcceptedReps"":12},""staleIgnoredCount"":1}}",true,,scenario_coverage,src/training/stepUpAlternation/__tests__/stepUpAlternation.test.ts,Current production function path re-executed or statically queried by closure harness.
verify_valid_time_not_doubled_end_to_end,base,targeted_evidence_verification,production_function_execution,advanceStepUpAlternationState,advanceStepUpAlternationState,"{""featureDefaultOff"":true,""initialLeadSide"":""left"",""setIndex"":0,""trainingVoiceDefaultOff"":true}","[""deterministic production execution""]","{""defaultOpen"":false,""duplicateResult"":false,""floorGateEligible"":true,""id"":""verify_valid_time_not_doubled_end_to_end"",""passed"":true,""unsafeCredit"":false}","{""defaultsRemainClosed"":true,""noDuplicateResult"":true,""noUnsafeCredit"":true,""passed"":true,""productionProof"":{""acceptedFirstRep"":{""acceptedRepCount"":1,""expectedLeadSide"":""right"",""repSfxCount"":1},""duplicateSuppressedCount"":1,""fullSet"":{""acceptedRepCount"":12,""alternationValid"":true,""completedTarget"":true,""leftLeadRepCount"":6,""phase"":""set_complete"",""repSfxCount"":12,""rightLeadRepCount"":6},""progression"":{""alternationValid"":false,""completedSetCount"":1,""exerciseId"":""step-up"",""leftLeadReps"":6,""progressionEligible"":false,""rightLeadReps"":6,""setCount"":3,""setResults"":[{""acceptedRepCount"":12,""alternationValid"":true,""completedTarget"":true,""leftLeadRepCount"":6,""repEvidence"":[{""bothFeetAtStart"":true,""bothFeetReturnedToFloor"":true,""endReason"":""accepted"",""expectedLeadInitiatedAscent"":true,""expectedLeadSide"":""left"",""observedLeadSide"":""left"",""repAttemptId"":""full-1"",""returnedToFloorAtMs"":900,""startedAtMs"":100,""topPhaseValid"":true,""topReachedAtMs"":500,""trackingValid"":true,""valid"":true},{""bothFeetAtStart"":true,""bothFeetReturnedToFloor"":true,""endReason"":""accepted"",""expectedLeadInitiatedAscent"":true,""expectedLeadSide"":""right"",""observedLeadSide"":""right"",""repAttemptId"":""full-2"",""returnedToFloorAtMs"":900,""startedAtMs"":100,""topPhaseValid"":true,""topReachedAtMs"":500,""trackingValid"":true,""valid"":true},{""bothFeetAtStart"":true,""bothFeetReturnedToFloor"":true,""endReason"":""accepted"",""expectedLeadInitiatedAscent"":true,""expectedLeadSide"":""left"",""observedLeadSide"":""left"",""repAttemptId"":""full-3"",""returnedToFloorAtMs"":900,""startedAtMs"":100,""topPhaseValid"":true,""topReachedAtMs"":500,""trackingValid"":true,""valid"":true},{""bothFeetAtStart"":true,""bothFeetReturnedToFloor"":true,""endReason"":""accepted"",""expectedLeadInitiatedAscent"":true,""expectedLeadSide"":""right"",""observedLeadSide"":""right"",""repAttemptId"":""full-4"",""returnedToFloorAtMs"":900,""startedAtMs"":100,""topPhaseValid"":true,""topReachedAtMs"":500,""trackingValid"":true,""valid"":true},{""bothFeetAtStart"":true,""bothFeetReturnedToFloor"":true,""endReason"":""accepted"",""expectedLeadInitiatedAscent"":true,""expectedLeadSide"":""left"",""observedLeadSide"":""left"",""repAttemptId"":""full-5"",""returnedToFloorAtMs"":900,""startedAtMs"":100,""topPhaseValid"":true,""topReachedAtMs"":500,""trackingValid"":true,""valid"":true},{""bothFeetAtStart"":true,""bothFeetReturnedToFloor"":true,""endReason"":""accepted"",""expectedLeadInitiatedAscent"":true,""expectedLeadSide"":""right"",""observedLeadSide"":""right"",""repAttemptId"":""full-6"",""returnedToFloorAtMs"":900,""startedAtMs"":100,""topPhaseValid"":true,""topReachedAtMs"":500,""trackingValid"":true,""valid"":true},{""bothFeetAtStart"":true,""bothFeetReturnedToFloor"":true,""endReason"":""accepted"",""expectedLeadInitiatedAscent"":true,""expectedLeadSide"":""left"",""observedLeadSide"":""left"",""repAttemptId"":""full-7"",""returnedToFloorAtMs"":900,""startedAtMs"":100,""topPhaseValid"":true,""topReachedAtMs"":500,""trackingValid"":true,""valid"":true},{""bothFeetAtStart"":true,""bothFeetReturnedToFloor"":true,""endReason"":""accepted"",""expectedLeadInitiatedAscent"":true,""expectedLeadSide"":""right"",""observedLeadSide"":""right"",""repAttemptId"":""full-8"",""returnedToFloorAtMs"":900,""startedAtMs"":100,""topPhaseValid"":true,""topReachedAtMs"":500,""trackingValid"":true,""valid"":true},{""bothFeetAtStart"":true,""bothFeetReturnedToFloor"":true,""endReason"":""accepted"",""expectedLeadInitiatedAscent"":true,""expectedLeadSide"":""left"",""observedLeadSide"":""left"",""repAttemptId"":""full-9"",""returnedToFloorAtMs"":900,""startedAtMs"":100,""topPhaseValid"":true,""topReachedAtMs"":500,""trackingValid"":true,""valid"":true},{""bothFeetAtStart"":true,""bothFeetReturnedToFloor"":true,""endReason"":""accepted"",""expectedLeadInitiatedAscent"":true,""expectedLeadSide"":""right"",""observedLeadSide"":""right"",""repAttemptId"":""full-10"",""returnedToFloorAtMs"":900,""startedAtMs"":100,""topPhaseValid"":true,""topReachedAtMs"":500,""trackingValid"":true,""valid"":true},{""bothFeetAtStart"":true,""bothFeetReturnedToFloor"":true,""endReason"":""accepted"",""expectedLeadInitiatedAscent"":true,""expectedLeadSide"":""left"",""observedLeadSide"":""left"",""repAttemptId"":""full-11"",""returnedToFloorAtMs"":900,""startedAtMs"":100,""topPhaseValid"":true,""topReachedAtMs"":500,""trackingValid"":true,""valid"":true},{""bothFeetAtStart"":true,""bothFeetReturnedToFloor"":true,""endReason"":""accepted"",""expectedLeadInitiatedAscent"":true,""expectedLeadSide"":""right"",""observedLeadSide"":""right"",""repAttemptId"":""full-12"",""returnedToFloorAtMs"":900,""startedAtMs"":100,""topPhaseValid"":true,""topReachedAtMs"":500,""trackingValid"":true,""valid"":true}],""repSfxCount"":12,""rightLeadRepCount"":6,""setIndex"":0,""startLeadSide"":""left"",""targetTotalReps"":12}],""totalAcceptedReps"":12},""staleIgnoredCount"":1}}",true,,validTimeDoubleCount,src/training/stepUpAlternation/__tests__/stepUpAlternation.test.ts,Current production function path re-executed or statically queried by closure harness.
verify_local_roundtrip_safe_boundary,base,targeted_evidence_verification,production_serializer_roundtrip,serializeTrainingState + deserializeTrainingState,serializeTrainingState;deserializeTrainingState,"{""featureDefaultOff"":true,""initialLeadSide"":""left"",""setIndex"":0,""trainingVoiceDefaultOff"":true}","[""deterministic production execution""]","{""defaultOpen"":false,""duplicateResult"":false,""floorGateEligible"":true,""id"":""verify_local_roundtrip_safe_boundary"",""passed"":true,""unsafeCredit"":false}","{""defaultsRemainClosed"":true,""noDuplicateResult"":true,""noUnsafeCredit"":true,""passed"":true,""productionProof"":{""activeRuntimeKind"":""step_up_alternation"",""expectedLeadSide"":""right"",""generatedPlanFingerprint"":""sua1_c6eceba6"",""nextSeed"":""right"",""planFingerprint"":""sua1_c6eceba6""}}",true,,localRoundTripFailureCount;localExpectedLeadDriftCount;localPlanFingerprintDriftCount,src/training/stepUpAlternation/__tests__/stepUpAlternation.test.ts,Current production function path re-executed or statically queried by closure harness.
verify_local_roundtrip_mid_rep_retires_partial,base,targeted_evidence_verification,production_serializer_roundtrip,serializeTrainingState + deserializeTrainingState,serializeTrainingState;deserializeTrainingState,"{""featureDefaultOff"":true,""initialLeadSide"":""left"",""setIndex"":0,""trainingVoiceDefaultOff"":true}","[""deterministic production execution""]","{""defaultOpen"":false,""duplicateResult"":false,""floorGateEligible"":true,""id"":""verify_local_roundtrip_mid_rep_retires_partial"",""passed"":true,""unsafeCredit"":false}","{""defaultsRemainClosed"":true,""noDuplicateResult"":true,""noUnsafeCredit"":true,""passed"":true,""productionProof"":{""activeRuntimeKind"":""step_up_alternation"",""expectedLeadSide"":""right"",""generatedPlanFingerprint"":""sua1_c6eceba6"",""nextSeed"":""right"",""planFingerprint"":""sua1_c6eceba6""}}",true,,localPartialRepRestoreCreditCount,src/training/stepUpAlternation/__tests__/stepUpAlternation.test.ts,Current production function path re-executed or statically queried by closure harness.
verify_backend_roundtrip_generated_plan,base,targeted_evidence_verification,production_backend_roundtrip,mapLocalTrainingStateToRemotePayload + mapRemoteTrainingStateToLocal,mapLocalTrainingStateToRemotePayload;mapRemoteTrainingStateToLocal,"{""featureDefaultOff"":true,""initialLeadSide"":""left"",""setIndex"":0,""trainingVoiceDefaultOff"":true}","[""local training state"",""production backend payload"",""production restore mapper""]","{""defaultOpen"":false,""duplicateResult"":false,""floorGateEligible"":true,""id"":""verify_backend_roundtrip_generated_plan"",""passed"":true,""unsafeCredit"":false}","{""defaultsRemainClosed"":true,""noDuplicateResult"":true,""noUnsafeCredit"":true,""passed"":true,""productionProof"":{""activeRuntimeKind"":""step_up_alternation"",""generatedPlanFingerprint"":""sua1_c6eceba6"",""nextSeed"":""right"",""payloadHasGeneratedPlan"":true,""stepUpInitialLeadSide"":""left""}}",true,,backendGeneratedPlanLossCount;backendRoundTripFailureCount,src/services/backend/__tests__/trainingStateSyncService.test.ts;src/services/backend/__tests__/restoreService.test.ts;src/training/stepUpAlternation/__tests__/stepUpAlternation.test.ts,Production backend mapper executed; restored plan sua1_c6eceba6.
verify_backend_roundtrip_active_state,base,targeted_evidence_verification,production_backend_roundtrip,mapLocalTrainingStateToRemotePayload + mapRemoteTrainingStateToLocal,mapLocalTrainingStateToRemotePayload;mapRemoteTrainingStateToLocal,"{""featureDefaultOff"":true,""initialLeadSide"":""left"",""setIndex"":0,""trainingVoiceDefaultOff"":true}","[""local training state"",""production backend payload"",""production restore mapper""]","{""defaultOpen"":false,""duplicateResult"":false,""floorGateEligible"":true,""id"":""verify_backend_roundtrip_active_state"",""passed"":true,""unsafeCredit"":false}","{""defaultsRemainClosed"":true,""noDuplicateResult"":true,""noUnsafeCredit"":true,""passed"":true,""productionProof"":{""activeRuntimeKind"":""step_up_alternation"",""generatedPlanFingerprint"":""sua1_c6eceba6"",""nextSeed"":""right"",""payloadHasGeneratedPlan"":true,""stepUpInitialLeadSide"":""left""}}",true,,backendActiveStateLossCount;backendRoundTripFailureCount,src/services/backend/__tests__/trainingStateSyncService.test.ts;src/services/backend/__tests__/restoreService.test.ts;src/training/stepUpAlternation/__tests__/stepUpAlternation.test.ts,Production backend mapper executed; restored plan sua1_c6eceba6.
verify_backend_roundtrip_side_seed,base,targeted_evidence_verification,production_backend_roundtrip,mapLocalTrainingStateToRemotePayload + mapRemoteTrainingStateToLocal,mapLocalTrainingStateToRemotePayload;mapRemoteTrainingStateToLocal,"{""featureDefaultOff"":true,""initialLeadSide"":""left"",""setIndex"":0,""trainingVoiceDefaultOff"":true}","[""local training state"",""production backend payload"",""production restore mapper""]","{""defaultOpen"":false,""duplicateResult"":false,""floorGateEligible"":true,""id"":""verify_backend_roundtrip_side_seed"",""passed"":true,""unsafeCredit"":false}","{""defaultsRemainClosed"":true,""noDuplicateResult"":true,""noUnsafeCredit"":true,""passed"":true,""productionProof"":{""activeRuntimeKind"":""step_up_alternation"",""generatedPlanFingerprint"":""sua1_c6eceba6"",""nextSeed"":""right"",""payloadHasGeneratedPlan"":true,""stepUpInitialLeadSide"":""left""}}",true,,backendSeedDriftCount;backendRoundTripFailureCount,src/services/backend/__tests__/trainingStateSyncService.test.ts;src/services/backend/__tests__/restoreService.test.ts;src/training/stepUpAlternation/__tests__/stepUpAlternation.test.ts,Production backend mapper executed; restored plan sua1_c6eceba6.
verify_backend_richer_metadata_merge,base,targeted_evidence_verification,production_backend_roundtrip,mapLocalTrainingStateToRemotePayload + mapRemoteTrainingStateToLocal,mapLocalTrainingStateToRemotePayload;mapRemoteTrainingStateToLocal,"{""featureDefaultOff"":true,""initialLeadSide"":""left"",""setIndex"":0,""trainingVoiceDefaultOff"":true}","[""local training state"",""production backend payload"",""production restore mapper""]","{""defaultOpen"":false,""duplicateResult"":false,""floorGateEligible"":true,""id"":""verify_backend_richer_metadata_merge"",""passed"":true,""unsafeCredit"":false}","{""defaultsRemainClosed"":true,""noDuplicateResult"":true,""noUnsafeCredit"":true,""passed"":true,""productionProof"":{""activeRuntimeKind"":""step_up_alternation"",""generatedPlanFingerprint"":""sua1_c6eceba6"",""nextSeed"":""right"",""payloadHasGeneratedPlan"":true,""stepUpInitialLeadSide"":""left""}}",true,,backendRicherMetadataLossCount;backendRoundTripFailureCount,src/services/backend/__tests__/trainingStateSyncService.test.ts;src/services/backend/__tests__/restoreService.test.ts;src/training/stepUpAlternation/__tests__/stepUpAlternation.test.ts,Production backend mapper executed; restored plan sua1_c6eceba6.
verify_seed_all_completion_paths,base,targeted_evidence_verification,production_function_execution,applyBothSidesExerciseCompletionToStartSideSeed,applyBothSidesExerciseCompletionToStartSideSeed,"{""featureDefaultOff"":true,""initialLeadSide"":""left"",""setIndex"":0,""trainingVoiceDefaultOff"":true}","[""deterministic production execution""]","{""defaultOpen"":false,""duplicateResult"":false,""floorGateEligible"":true,""id"":""verify_seed_all_completion_paths"",""passed"":true,""unsafeCredit"":false}","{""defaultsRemainClosed"":true,""noDuplicateResult"":true,""noUnsafeCredit"":true,""passed"":true,""productionProof"":{""seedPolicy"":""main-plan flips once; manual/skip/duplicates do not mutate""}}",true,,successfulMainPlanSeedFlipFailureCount;duplicateCompletionSeedFlipCount;skipCancelIncompleteSeedFlipCount,src/training/stepUpAlternation/__tests__/stepUpAlternation.test.ts,Current production function path re-executed or statically queried by closure harness.
verify_voice_context_left_right_wrong_lead_and_target,base,targeted_evidence_verification,production_voice_planner_execution,planTrainingVoiceSequenceV21,planTrainingVoiceSequenceV21,"{""featureDefaultOff"":true,""initialLeadSide"":""right"",""setIndex"":0,""trainingVoiceDefaultOff"":true}","[""floor ready"",""wrong lead ascent"",""return to floor"",""rejected terminal event""]","{""defaultOpen"":false,""duplicateResult"":false,""floorGateEligible"":true,""id"":""verify_voice_context_left_right_wrong_lead_and_target"",""passed"":true,""unsafeCredit"":false}","{""defaultsRemainClosed"":true,""noDuplicateResult"":true,""noUnsafeCredit"":true,""passed"":true,""productionProof"":{""blockerReasonCodes"":[""STEP_UP_ALTERNATION_READY""],""exerciseId"":""step-up"",""initialLeadSide"":""right"",""planFingerprint"":""sua1_421bd884"",""runtimeSelectable"":true,""setCount"":3,""setStartLeadSides"":[""right"",""left"",""right""],""targetLeftLeadReps"":6,""targetRightLeadReps"":6,""targetTotalReps"":12}}",true,,voiceExpectedLeadMismatchCount;voiceTargetMismatchCount;voiceContextMismatchCount;perRepSpokenSwitchCount;spokenSetCountCueCount,src/training/voiceV21/__tests__/foundation.test.ts;src/training/stepUpAlternation/__tests__/stepUpAlternation.test.ts,Current production function path re-executed or statically queried by closure harness.
verify_feature_defaults_and_runtime_ownership,base,targeted_evidence_verification,session_runtime_execution,StepUpAlternationSetRuntime.update,StepUpAlternationSetRuntime.update,"{""featureDefaultOff"":true,""initialLeadSide"":""left"",""setIndex"":0,""trainingVoiceDefaultOff"":true}","[""deterministic production execution""]","{""defaultOpen"":false,""duplicateResult"":false,""floorGateEligible"":true,""id"":""verify_feature_defaults_and_runtime_ownership"",""passed"":true,""unsafeCredit"":false}","{""defaultsRemainClosed"":true,""noDuplicateResult"":true,""noUnsafeCredit"":true,""passed"":true,""productionProof"":{""duplicateAcceptedEvents"":1,""duplicateAcceptedRepCount"":1,""leftAcceptedCount"":1,""noReturnAcceptedCount"":0,""partialAttemptId"":""step-up-set-1-rep-1-epoch-2"",""rightAcceptedCount"":1,""serializedRuntime"":{""adapter"":{""floorBaseline"":{""leftFootY"":0.8933333333333334,""rightFootY"":0.8933333333333334},""schemaVersion"":1},""kind"":""step_up_alternation"",""schemaVersion"":1,""state"":{""acceptedRepCount"":1,""currentRepAttemptId"":null,""duplicateSuppressedCount"":0,""expectedLeadSide"":""right"",""ignoredStaleActionCount"":0,""leftLeadRepCount"":1,""phase"":""ready_both_feet_floor"",""plan"":{""blockerReasonCodes"":[""STEP_UP_ALTERNATION_READY""],""exerciseId"":""step-up"",""initialLeadSide"":""left"",""planFingerprint"":""sua1_c6eceba6"",""runtimeSelectable"":true,""setCount"":3,""setStartLeadSides"":[""left"",""right"",""left""],""sourcePrescriptionFingerprint"":""step-up-source_731cf0ad"",""sourceSetCount"":3,""sourceTargetRepsPerSet"":12,""targetLeftLeadReps"":6,""targetRightLeadReps"":6,""targetTotalReps"":12,""version"":1},""repEvidence"":[{""bothFeetAtStart"":true,""bothFeetReturnedToFloor"":true,""endReason"":""accepted"",""expectedLeadInitiatedAscent"":true,""expectedLeadSide"":""left"",""observedLeadSide"":""left"",""repAttemptId"":""step-up-set-1-rep-1-epoch-2"",""returnedToFloorAtMs"":5400,""startedAtMs"":4566,""topPhaseValid"":true,""topReachedAtMs"":5099,""trackingValid"":true,""valid"":true}],""repSfxCount"":1,""retiredRepAttemptIds"":[""step-up-set-1-rep-1-epoch-2""],""rightLeadRepCount"":0,""setIndex"":0,""stageEpoch"":4,""startLeadSide"":""left"",""wrongLeadCount"":0}},""staleTailAcceptedCount"":0,""trackingAcceptedRepCount"":0,""trackingPhaseAfterPause"":""awaiting_expected_lead"",""unknownAcceptedCount"":0,""wrongAcceptedCount"":0,""wrongLeadCount"":1}}",true,,runtimeOwnershipConflictCount;stepUpFeatureDefaultErrorCount;productionFileChangeCount;productionTestChangeCount;manifestChangeCount;packageFileChangeCount,src/training/stepUpAlternation/__tests__/stepUpRuntimeIntegration.test.ts;src/training/stepUpAlternation/__tests__/stepUpAlternation.test.ts,Current production function path re-executed or statically queried by closure harness.
