physicalCueKey,logicalCueKey,voiceId,path,exists,sha256,durationMs,fileSizeBytes,sampleRateHz,channels,script,sourceBacklogRow,reuseDecision,generationStatus,manifestRegistered,fingerprintStatus,notes
checkup-balance-feet-together-v21,checkup-balance-feet-together-v21,clara,assets/audio/voice/clara/checkup-balance-feet-together-v21.mp3,true,b2103b1787d5de75cc452872458e61afcd1737024d94051ce85950b83eade387,3947,64409,44100,1,Feet together. Keep your eyes open and support within reach.,1,existing_pair_script_mismatch,generated,true,current,Existing generic cue omits eyes-open/support language.
checkup-balance-feet-together-v21,checkup-balance-feet-together-v21,marcus,assets/audio/voice/marcus/checkup-balance-feet-together-v21.mp3,true,654fc80a0f009df7ccc9285270891d2095841b8d385c76725c8da52eca3cf46d,3576,58140,44100,1,Feet together. Keep your eyes open and support within reach.,1,existing_pair_script_mismatch,generated,true,current,Existing generic cue omits eyes-open/support language.
checkup-balance-next-stance-v21,checkup-balance-next-stance-v21,clara,assets/audio/voice/clara/checkup-balance-next-stance-v21.mp3,true,7532724d38a3d39dbe6cd34d3d3404fc5e0414369dc76decec9a410bd7cfeb29,2601,42675,44100,1,Nicely done. I will guide the next stance.,2,existing_pair_script_mismatch,generated,true,current,Generic completion lacks next-stance meaning.
checkup-balance-next-stance-v21,checkup-balance-next-stance-v21,marcus,assets/audio/voice/marcus/checkup-balance-next-stance-v21.mp3,true,35cbd9579ebb38f1bb83f6739fb565e9b88bf52e8521425dde6fbfc0d008596b,2136,35152,44100,1,Nicely done. I will guide the next stance.,2,existing_pair_script_mismatch,generated,true,current,Generic completion lacks next-stance meaning.
checkup-balance-semi-tandem-left-v21,checkup-balance-semi-tandem-left-v21,clara,assets/audio/voice/clara/checkup-balance-semi-tandem-left-v21.mp3,true,cb6370269f6b068721d87ca79d61d595859be823b05052ddad38161f065b70f1,3622,58976,44100,1,Place your left foot half a step forward. Keep your eyes open.,3,existing_pair_script_mismatch,generated,true,current,Existing cue has no selected lead-foot side.
checkup-balance-semi-tandem-left-v21,checkup-balance-semi-tandem-left-v21,marcus,assets/audio/voice/marcus/checkup-balance-semi-tandem-left-v21.mp3,true,4707132a81145c44c1f9f835f5352849cf595cffcd680900540dbef32415e00e,3390,55214,44100,1,Place your left foot half a step forward. Keep your eyes open.,3,existing_pair_script_mismatch,generated,true,current,Existing cue has no selected lead-foot side.
checkup-balance-semi-tandem-right-v21,checkup-balance-semi-tandem-right-v21,clara,assets/audio/voice/clara/checkup-balance-semi-tandem-right-v21.mp3,true,fb005e152e9694285a61ff2466e243ad2bf7755ef23e8a4391860c3b75930ed5,3715,60648,44100,1,Place your right foot half a step forward. Keep your eyes open.,4,existing_pair_script_mismatch,generated,true,current,Existing cue has no selected lead-foot side.
checkup-balance-semi-tandem-right-v21,checkup-balance-semi-tandem-right-v21,marcus,assets/audio/voice/marcus/checkup-balance-semi-tandem-right-v21.mp3,true,002eca6c0ffa2a24b220afff921c4d9f6343a100befb91230583ecfdbf24024e,3251,53124,44100,1,Place your right foot half a step forward. Keep your eyes open.,4,existing_pair_script_mismatch,generated,true,current,Existing cue has no selected lead-foot side.
checkup-balance-single-leg-left-v21,checkup-balance-single-leg-left-v21,clara,assets/audio/voice/clara/checkup-balance-single-leg-left-v21.mp3,true,75634ec2d05e9588821d1c1c362abe6019cca226e38c801c79bcad564f450bb9,3251,53124,44100,1,Stand on your left leg and lift your right foot slightly.,5,existing_pair_script_mismatch,generated,true,current,Existing cue uses placeholder selected leg.
checkup-balance-single-leg-left-v21,checkup-balance-single-leg-left-v21,marcus,assets/audio/voice/marcus/checkup-balance-single-leg-left-v21.mp3,true,9145f2ee060444eb941c328422efa927f28dfc7005903764bc4c4ceffbf6af31,3019,49363,44100,1,Stand on your left leg and lift your right foot slightly.,5,existing_pair_script_mismatch,generated,true,current,Existing cue uses placeholder selected leg.
checkup-balance-single-leg-right-v21,checkup-balance-single-leg-right-v21,clara,assets/audio/voice/clara/checkup-balance-single-leg-right-v21.mp3,true,649572e625e9d68d766fd33c3e8ad2f99b0fe3efe767449ec6a729d03b54ce39,3251,53124,44100,1,Stand on your right leg and lift your left foot slightly.,6,existing_pair_script_mismatch,generated,true,current,Existing cue uses placeholder selected leg.
checkup-balance-single-leg-right-v21,checkup-balance-single-leg-right-v21,marcus,assets/audio/voice/marcus/checkup-balance-single-leg-right-v21.mp3,true,3aec40ef658e0e828d60f4358eae4cdbbe036ce7f5676fbb4b528f28b1c84325,2786,45601,44100,1,Stand on your right leg and lift your left foot slightly.,6,existing_pair_script_mismatch,generated,true,current,Existing cue uses placeholder selected leg.
checkup-balance-support-touch-v21,checkup-balance-support-touch-v21,clara,assets/audio/voice/clara/checkup-balance-support-touch-v21.mp3,true,181c9dd518db7114c4d6219d23519144783041c970711d53e06f4c92fcc51fe2,3111,51035,44100,1,Support touch noted. Balance check complete.,7,new_pair_required,generated,true,current,Needed if explicit support-touch action should be acknowledged by voice.
checkup-balance-support-touch-v21,checkup-balance-support-touch-v21,marcus,assets/audio/voice/marcus/checkup-balance-support-touch-v21.mp3,true,f9e057228923740d31efcca2b1508d2dccfcecd8d94e9b34c04fc6c522d00a24,2647,43511,44100,1,Support touch noted. Balance check complete.,7,new_pair_required,generated,true,current,Needed if explicit support-touch action should be acknowledged by voice.
checkup-balance-tandem-left-v21,checkup-balance-tandem-left-v21,clara,assets/audio/voice/clara/checkup-balance-tandem-left-v21.mp3,true,c49b4390dd0c5bf66a5e41421565aa3f2e40d08fbafc320d747793aeaddbcd1e,4505,73186,44100,1,Place your left foot directly in front heel to toe. Keep your eyes open.,8,existing_pair_script_mismatch,generated,true,current,Existing cue has no selected lead-foot side.
checkup-balance-tandem-left-v21,checkup-balance-tandem-left-v21,marcus,assets/audio/voice/marcus/checkup-balance-tandem-left-v21.mp3,true,d280307722213687bbfaed1702abbefc3b9358ae9a73ff30f5c2d343d1a9e228,4598,74440,44100,1,Place your left foot directly in front heel to toe. Keep your eyes open.,8,existing_pair_script_mismatch,generated,true,current,Existing cue has no selected lead-foot side.
checkup-balance-tandem-right-v21,checkup-balance-tandem-right-v21,clara,assets/audio/voice/clara/checkup-balance-tandem-right-v21.mp3,true,66433fd3b84029a1fb0e0d459810b2aeb4aad201a89925b7ec9f320be85fcea1,4737,76948,44100,1,Place your right foot directly in front heel to toe. Keep your eyes open.,9,existing_pair_script_mismatch,generated,true,current,Existing cue has no selected lead-foot side.
checkup-balance-tandem-right-v21,checkup-balance-tandem-right-v21,marcus,assets/audio/voice/marcus/checkup-balance-tandem-right-v21.mp3,true,eed918c98b64127ec47a59792f1c392da291592d163de8aba37828726ceccb00,4412,71515,44100,1,Place your right foot directly in front heel to toe. Keep your eyes open.,9,existing_pair_script_mismatch,generated,true,current,Existing cue has no selected lead-foot side.
equip-balance-support-v21,equip-balance-support-v21,clara,assets/audio/voice/clara/equip-balance-support-v21.mp3,true,13c9f0ff04f94fe4a99d8255148bf937d2c62437d0dbca9f3603bd0c990a0285,2043,33898,44100,1,Keep support within easy reach.,10,existing_pair_script_mismatch,generated,true,current,"A physical candidate exists, but V2.1 requires a separate exact logical cue."
equip-balance-support-v21,equip-balance-support-v21,marcus,assets/audio/voice/marcus/equip-balance-support-v21.mp3,true,c23120bfd12536a2b6d952fb60cbee6812039903c5f94789ec6704b63a1558d4,1765,29301,44100,1,Keep support within easy reach.,10,existing_pair_script_mismatch,generated,true,current,"A physical candidate exists, but V2.1 requires a separate exact logical cue."
equip-chair-stable-v21,equip-chair-stable-v21,clara,assets/audio/voice/clara/equip-chair-stable-v21.mp3,true,18a902ce08f14f2bb0b9072224203aa93be9a2e095b880578e688c404fb92dcf,2461,40586,44100,1,Use a sturdy chair that will not slide.,11,existing_pair_script_mismatch,generated,true,current,"A physical candidate exists, but V2.1 requires a separate exact logical cue."
equip-chair-stable-v21,equip-chair-stable-v21,marcus,assets/audio/voice/marcus/equip-chair-stable-v21.mp3,true,61978c8143a6f6032eeeae07faacd5b0e4d1a0053075963300b148bba7f24d1e,2276,37660,44100,1,Use a sturdy chair that will not slide.,11,existing_pair_script_mismatch,generated,true,current,"A physical candidate exists, but V2.1 requires a separate exact logical cue."
equip-door-anchor-v21,equip-door-anchor-v21,clara,assets/audio/voice/clara/equip-door-anchor-v21.mp3,true,d54a3a900ca8e7dfd510191264d085cef6a413fb98f1e6f5fc69bac782a8353e,3994,64827,44100,1,Use a secure closed door anchor and test light tension first.,12,existing_pair_script_mismatch,generated,true,current,"A physical candidate exists, but V2.1 requires a separate exact logical cue."
equip-door-anchor-v21,equip-door-anchor-v21,marcus,assets/audio/voice/marcus/equip-door-anchor-v21.mp3,true,7200193040d480fc3f2fcec018f429b52d5363c726a7ec8319226e87a48d28cf,3344,54378,44100,1,Use a secure closed door anchor and test light tension first.,12,existing_pair_script_mismatch,generated,true,current,"A physical candidate exists, but V2.1 requires a separate exact logical cue."
equip-floor-transition-v21,equip-floor-transition-v21,clara,assets/audio/voice/clara/equip-floor-transition-v21.mp3,true,9ebe95f23a8a91a862f1b729bd77687ffa90b2b804162ed3d3e74c4d881167f1,3019,49363,44100,1,Move down to the floor and settle into the start position.,13,existing_pair_script_mismatch,generated,true,current,"A physical candidate exists, but V2.1 requires a separate exact logical cue."
equip-floor-transition-v21,equip-floor-transition-v21,marcus,assets/audio/voice/marcus/equip-floor-transition-v21.mp3,true,262476a630bb383414f913ae1a5d89bde26e536dcd98cc7baba0403f3acd5678,3111,51035,44100,1,Move down to the floor and settle into the start position.,13,existing_pair_script_mismatch,generated,true,current,"A physical candidate exists, but V2.1 requires a separate exact logical cue."
equip-long-band-v21,equip-long-band-v21,clara,assets/audio/voice/clara/equip-long-band-v21.mp3,true,deff1493c316176370a3a59191ed0e06d30d8d4aecb15b8a2acde9520912911b,3111,51035,44100,1,Check the band first and keep it away from your face.,14,existing_pair_script_mismatch,generated,true,current,"A physical candidate exists, but V2.1 requires a separate exact logical cue."
equip-long-band-v21,equip-long-band-v21,marcus,assets/audio/voice/marcus/equip-long-band-v21.mp3,true,15c581e3a8beb7506fdb02e9b9452dcb125f43965b4d8cd8eb701cd3d22ae60e,2926,47691,44100,1,Check the band first and keep it away from your face.,14,existing_pair_script_mismatch,generated,true,current,"A physical candidate exists, but V2.1 requires a separate exact logical cue."
equip-step-stable-v21,equip-step-stable-v21,clara,assets/audio/voice/clara/equip-step-stable-v21.mp3,true,cefbc5ce6f222e3072f4b5ae590fc679b585db91cb1dfc76f07521fdfc9e0034,2926,47691,44100,1,"Use the lowest stable step, with support nearby.",15,existing_pair_script_mismatch,generated,true,current,"A physical candidate exists, but V2.1 requires a separate exact logical cue."
equip-step-stable-v21,equip-step-stable-v21,marcus,assets/audio/voice/marcus/equip-step-stable-v21.mp3,true,74b9117a50220f24cbdc195938d18910840114060321b3e6dc77b75dfe973175,3019,49363,44100,1,"Use the lowest stable step, with support nearby.",15,existing_pair_script_mismatch,generated,true,current,"A physical candidate exists, but V2.1 requires a separate exact logical cue."
equip-support-close-v21,equip-support-close-v21,clara,assets/audio/voice/clara/equip-support-close-v21.mp3,true,075fae70b8d82a6c84fb96b6d1dc3a6d8e740b8d2dae04024d28ce186c8bbb72,2322,38078,44100,1,Keep sturdy support within easy reach.,16,existing_pair_script_mismatch,generated,true,current,"A physical candidate exists, but V2.1 requires a separate exact logical cue."
equip-support-close-v21,equip-support-close-v21,marcus,assets/audio/voice/marcus/equip-support-close-v21.mp3,true,bc5fcfef2cdd434e4e32721ba83a3d0ce3faa9eb8fe6f42727888d569b17183c,2183,35988,44100,1,Keep sturdy support within easy reach.,16,existing_pair_script_mismatch,generated,true,current,"A physical candidate exists, but V2.1 requires a separate exact logical cue."
ex-balance-feet-together-hold-first-v21,ex-balance-feet-together-hold-first-v21,clara,assets/audio/voice/clara/ex-balance-feet-together-hold-first-v21.mp3,true,c3737f7224b6b1ab92e8104cafa909aee430ff6fedaedf30d37e42291cf4c1fa,5480,88651,44100,1,"Feet-together hold. Stand with feet together, fingertips near support, eyes open.",17,new_pair_required,generated,true,current,No current physical pair exists for this logical Training Voice V2.1 cue.
ex-balance-feet-together-hold-first-v21,ex-balance-feet-together-hold-first-v21,marcus,assets/audio/voice/marcus/ex-balance-feet-together-hold-first-v21.mp3,true,df60d7c52991c0aa11055786af8d415b31a3c44f20205d6befa7e28526f8b654,5108,82799,44100,1,"Feet-together hold. Stand with feet together, fingertips near support, eyes open.",17,new_pair_required,generated,true,current,No current physical pair exists for this logical Training Voice V2.1 cue.
ex-balance-feet-together-hold-next-v21,ex-balance-feet-together-hold-next-v21,clara,assets/audio/voice/clara/ex-balance-feet-together-hold-next-v21.mp3,true,3eb15fed29d81da7c7b083c91b34643156136df0caf41d786629f2f7d74233e9,1440,24285,44100,1,Feet-together hold.,18,new_pair_required,generated,true,current,No current physical pair exists for this logical Training Voice V2.1 cue.
ex-balance-feet-together-hold-next-v21,ex-balance-feet-together-hold-next-v21,marcus,assets/audio/voice/marcus/ex-balance-feet-together-hold-next-v21.mp3,true,7fd5826420d44772fffc7c40fb60f555e9b9ea5606db2cbe9942dc5f40498a5b,1393,23449,44100,1,Feet-together hold.,18,new_pair_required,generated,true,current,No current physical pair exists for this logical Training Voice V2.1 cue.
ex-balance-single-leg-hold-first-v21,ex-balance-single-leg-hold-first-v21,clara,assets/audio/voice/clara/ex-balance-single-leg-hold-first-v21.mp3,true,c2dabe27288d3ec9d22ad3941cb74ab4f2b4fcafa013af80fddca1db9939f5db,2647,43511,44100,1,Single-leg hold. Keep support close.,19,new_pair_required,generated,true,current,No current physical pair exists for this logical Training Voice V2.1 cue.
ex-balance-single-leg-hold-first-v21,ex-balance-single-leg-hold-first-v21,marcus,assets/audio/voice/marcus/ex-balance-single-leg-hold-first-v21.mp3,true,0170c7cfddaab014d990be92c084c174c0b6b3cdf64e1c3e777e6a61df29d955,2183,35988,44100,1,Single-leg hold. Keep support close.,19,new_pair_required,generated,true,current,No current physical pair exists for this logical Training Voice V2.1 cue.
ex-balance-single-leg-hold-next-v21,ex-balance-single-leg-hold-next-v21,clara,assets/audio/voice/clara/ex-balance-single-leg-hold-next-v21.mp3,true,17d6658a1fc096865c56056f08df85775c3b1b8d5d3307dc17bfa58fb7960e84,1393,23449,44100,1,Single-leg hold.,20,new_pair_required,generated,true,current,No current physical pair exists for this logical Training Voice V2.1 cue.
ex-balance-single-leg-hold-next-v21,ex-balance-single-leg-hold-next-v21,marcus,assets/audio/voice/marcus/ex-balance-single-leg-hold-next-v21.mp3,true,41b8c74511d813d779459794a99e528327f7080d7cc927b0c6c30bc1f4cc5fc4,1254,20942,44100,1,Single-leg hold.,20,new_pair_required,generated,true,current,No current physical pair exists for this logical Training Voice V2.1 cue.
ex-balance-tandem-hold-first-v21,ex-balance-tandem-hold-first-v21,clara,assets/audio/voice/clara/ex-balance-tandem-hold-first-v21.mp3,true,2e913c0f0755d3a287699484b1a1f4e0d8102b729046b3342ac825750348a8a7,2322,38078,44100,1,Tandem hold. Keep support close.,21,new_pair_required,generated,true,current,No current physical pair exists for this logical Training Voice V2.1 cue.
ex-balance-tandem-hold-first-v21,ex-balance-tandem-hold-first-v21,marcus,assets/audio/voice/marcus/ex-balance-tandem-hold-first-v21.mp3,true,cf76d10f462d879c50b2d6104c158421b02f438bf03b57e0b7ea75cc0752ddde,2229,36824,44100,1,Tandem hold. Keep support close.,21,new_pair_required,generated,true,current,No current physical pair exists for this logical Training Voice V2.1 cue.
ex-balance-tandem-hold-next-v21,ex-balance-tandem-hold-next-v21,clara,assets/audio/voice/clara/ex-balance-tandem-hold-next-v21.mp3,true,c0b16998f9d05e96ed4f7f22ef2b67b8790cc3e34e721d9d4c910ef79aaf521e,1161,19688,44100,1,Tandem hold.,22,new_pair_required,generated,true,current,No current physical pair exists for this logical Training Voice V2.1 cue.
ex-balance-tandem-hold-next-v21,ex-balance-tandem-hold-next-v21,marcus,assets/audio/voice/marcus/ex-balance-tandem-hold-next-v21.mp3,true,7d189ed99a7569dc535ac45f8db4bfa92d305925b8ea181fd5e5f141c6b11fef,975,16762,44100,1,Tandem hold.,22,new_pair_required,generated,true,current,No current physical pair exists for this logical Training Voice V2.1 cue.
ex-band-pull-apart-first-v21,ex-band-pull-apart-first-v21,clara,assets/audio/voice/clara/ex-band-pull-apart-first-v21.mp3,true,b7c0a6920f8f16f370c7f3a9e8cc7aa555cefbb179162328fab9e86d9d3d89b5,6594,106623,44100,1,"Band pull-apart. Hold a light band at chest height. Pull your hands wide, then return slowly.",23,new_pair_required,generated,true,current,No current physical pair exists for this logical Training Voice V2.1 cue.
ex-band-pull-apart-first-v21,ex-band-pull-apart-first-v21,marcus,assets/audio/voice/marcus/ex-band-pull-apart-first-v21.mp3,true,c6563158cf1146fe3d00780a08f1d2f11dc05cf1fba7f05b5fda95d24cdd6379,6548,105787,44100,1,"Band pull-apart. Hold a light band at chest height. Pull your hands wide, then return slowly.",23,new_pair_required,generated,true,current,No current physical pair exists for this logical Training Voice V2.1 cue.
ex-band-pull-apart-next-v21,ex-band-pull-apart-next-v21,clara,assets/audio/voice/clara/ex-band-pull-apart-next-v21.mp3,true,1f71b4f2b893c7451a3ecffd594bfd8e21d043bfed82395dfb1cb73511cabf37,1486,24703,44100,1,Band pull-apart.,24,new_pair_required,generated,true,current,No current physical pair exists for this logical Training Voice V2.1 cue.
ex-band-pull-apart-next-v21,ex-band-pull-apart-next-v21,marcus,assets/audio/voice/marcus/ex-band-pull-apart-next-v21.mp3,true,b2686d808214fc5487f2c13c6e9ccefd061d3f1987b2a12fc9336bdb8b39b34d,1393,23449,44100,1,Band pull-apart.,24,new_pair_required,generated,true,current,No current physical pair exists for this logical Training Voice V2.1 cue.
ex-chair-supported-split-squat-first-v21,ex-chair-supported-split-squat-first-v21,clara,assets/audio/voice/clara/ex-chair-supported-split-squat-first-v21.mp3,true,611c8e0c1ca26d42dfaa6166455905ed044dfff74abffc63c83bfcf47059560b,3669,59812,44100,1,Supported split squat. Keep fingertips near sturdy support.,25,new_pair_required,generated,true,current,No current physical pair exists for this logical Training Voice V2.1 cue.
ex-chair-supported-split-squat-first-v21,ex-chair-supported-split-squat-first-v21,marcus,assets/audio/voice/marcus/ex-chair-supported-split-squat-first-v21.mp3,true,66838c3bb7d76452450a4b8156102c92aac1a7a12fc61efba638d7e09d2360bd,3576,58140,44100,1,Supported split squat. Keep fingertips near sturdy support.,25,new_pair_required,generated,true,current,No current physical pair exists for this logical Training Voice V2.1 cue.
ex-chair-supported-split-squat-next-v21,ex-chair-supported-split-squat-next-v21,clara,assets/audio/voice/clara/ex-chair-supported-split-squat-next-v21.mp3,true,41f14ac6f92cccca0684f615409004fa18fe12bb0920602cafa35d0bacf480e6,1393,23449,44100,1,Supported split squat.,26,new_pair_required,generated,true,current,No current physical pair exists for this logical Training Voice V2.1 cue.
ex-chair-supported-split-squat-next-v21,ex-chair-supported-split-squat-next-v21,marcus,assets/audio/voice/marcus/ex-chair-supported-split-squat-next-v21.mp3,true,6d3af7bbff1d438049a666c0e6aa4eb3e3917f6d6d8f4fb68b99a3746cdbe8ba,1486,24703,44100,1,Supported split squat.,26,new_pair_required,generated,true,current,No current physical pair exists for this logical Training Voice V2.1 cue.
ex-glute-bridge-hold-first-v21,ex-glute-bridge-hold-first-v21,clara,assets/audio/voice/clara/ex-glute-bridge-hold-first-v21.mp3,true,b723ae8d4f442b80af2703009ca5dc66f24384d468b667c6c3988e9a57e716ed,5480,88651,44100,1,"Bridge hold. Lie on your back, knees bent, feet flat. Lift your hips and hold.",27,new_pair_required,generated,true,current,No current physical pair exists for this logical Training Voice V2.1 cue.
ex-glute-bridge-hold-first-v21,ex-glute-bridge-hold-first-v21,marcus,assets/audio/voice/marcus/ex-glute-bridge-hold-first-v21.mp3,true,936deb7b51609b20b0d1d5803999e5457da0465246ad36265b6662baf6baabdb,5062,81964,44100,1,"Bridge hold. Lie on your back, knees bent, feet flat. Lift your hips and hold.",27,new_pair_required,generated,true,current,No current physical pair exists for this logical Training Voice V2.1 cue.
ex-glute-bridge-hold-next-v21,ex-glute-bridge-hold-next-v21,clara,assets/audio/voice/clara/ex-glute-bridge-hold-next-v21.mp3,true,fda5cbd2cab31882f9d15c4de722ea62814bf0bcfecae66331f37168e02e171e,1068,18016,44100,1,Bridge hold.,28,new_pair_required,generated,true,current,No current physical pair exists for this logical Training Voice V2.1 cue.
ex-glute-bridge-hold-next-v21,ex-glute-bridge-hold-next-v21,marcus,assets/audio/voice/marcus/ex-glute-bridge-hold-next-v21.mp3,true,d4204106a951e541369e01b394b6c3ee680b522f8152fbfe5d4de3ad1a7b6db2,975,16762,44100,1,Bridge hold.,28,new_pair_required,generated,true,current,No current physical pair exists for this logical Training Voice V2.1 cue.
ex-glute-bridge-reps-first-v21,ex-glute-bridge-reps-first-v21,clara,assets/audio/voice/clara/ex-glute-bridge-reps-first-v21.mp3,true,cc3ee235fd1fe93ab4927721c706dc22360254c730e4913fc9fe96dd69f043aa,8034,129611,44100,1,"Glute bridge. Lie on your back, knees bent, feet flat. Lift your hips, then lower with control.",29,new_pair_required,generated,true,current,No current physical pair exists for this logical Training Voice V2.1 cue.
ex-glute-bridge-reps-first-v21,ex-glute-bridge-reps-first-v21,marcus,assets/audio/voice/marcus/ex-glute-bridge-reps-first-v21.mp3,true,045fcee4fe690203615081a48f942f6c21376c7da589e459e3e24adab8d7d6cb,6780,109549,44100,1,"Glute bridge. Lie on your back, knees bent, feet flat. Lift your hips, then lower with control.",29,new_pair_required,generated,true,current,No current physical pair exists for this logical Training Voice V2.1 cue.
ex-glute-bridge-reps-next-v21,ex-glute-bridge-reps-next-v21,clara,assets/audio/voice/clara/ex-glute-bridge-reps-next-v21.mp3,true,309d1b2b5bba0c3fd0f440417aedd7fb465a05cac90a983438670d6d48d9cb11,1161,19688,44100,1,Glute bridge.,30,new_pair_required,generated,true,current,No current physical pair exists for this logical Training Voice V2.1 cue.
ex-glute-bridge-reps-next-v21,ex-glute-bridge-reps-next-v21,marcus,assets/audio/voice/marcus/ex-glute-bridge-reps-next-v21.mp3,true,048ec9a6668cfe5bfa8c0904bb804edf73cde6f657cca6bbd4466880311218ca,1068,18016,44100,1,Glute bridge.,30,new_pair_required,generated,true,current,No current physical pair exists for this logical Training Voice V2.1 cue.
ex-heel-raise-free-first-v21,ex-heel-raise-free-first-v21,clara,assets/audio/voice/clara/ex-heel-raise-free-first-v21.mp3,true,643b3f8f7631aacff2b2967233e7bef648a219668a7548c539ec216605aeaa43,5805,94084,44100,1,"Heel raise. Stand tall. Rise onto the balls of your feet, then lower slowly.",31,new_pair_required,generated,true,current,No current physical pair exists for this logical Training Voice V2.1 cue.
ex-heel-raise-free-first-v21,ex-heel-raise-free-first-v21,marcus,assets/audio/voice/marcus/ex-heel-raise-free-first-v21.mp3,true,c64316f008e0a4dfc62f79062041e7803460eb735104f582e350f91e2f6771ee,5387,87397,44100,1,"Heel raise. Stand tall. Rise onto the balls of your feet, then lower slowly.",31,new_pair_required,generated,true,current,No current physical pair exists for this logical Training Voice V2.1 cue.
ex-heel-raise-free-next-v21,ex-heel-raise-free-next-v21,clara,assets/audio/voice/clara/ex-heel-raise-free-next-v21.mp3,true,ffee03f0647e7d4ea2f6170bd0b4009f6e32683a309929fe1f2f702fdf57cbb2,1207,20524,44100,1,Heel raise.,32,new_pair_required,generated,true,current,No current physical pair exists for this logical Training Voice V2.1 cue.
ex-heel-raise-free-next-v21,ex-heel-raise-free-next-v21,marcus,assets/audio/voice/marcus/ex-heel-raise-free-next-v21.mp3,true,7b2aab28796461180884ec44a513f50e0760794d0bdadf389f00989865867a15,1068,18016,44100,1,Heel raise.,32,new_pair_required,generated,true,current,No current physical pair exists for this logical Training Voice V2.1 cue.
ex-heel-raise-supported-first-v21,ex-heel-raise-supported-first-v21,clara,assets/audio/voice/clara/ex-heel-raise-supported-first-v21.mp3,true,db79e2723bf24df8937e648d35fbd375d5a0bf52148baf1471d830ba3c3e72eb,7384,119162,44100,1,"Supported heel raise. Fingertips near support. Rise onto the balls of your feet, then lower slowly.",33,new_pair_required,generated,true,current,No current physical pair exists for this logical Training Voice V2.1 cue.
ex-heel-raise-supported-first-v21,ex-heel-raise-supported-first-v21,marcus,assets/audio/voice/marcus/ex-heel-raise-supported-first-v21.mp3,true,f5ec73654a762d71ed26596ff9b9408080b99db0222254ce4d021c73ef2665e1,7152,115400,44100,1,"Supported heel raise. Fingertips near support. Rise onto the balls of your feet, then lower slowly.",33,new_pair_required,generated,true,current,No current physical pair exists for this logical Training Voice V2.1 cue.
ex-heel-raise-supported-next-v21,ex-heel-raise-supported-next-v21,clara,assets/audio/voice/clara/ex-heel-raise-supported-next-v21.mp3,true,be9fea84385aa0a38d75b41781d2124b13817e077f4a82fd5bf3c21447115b7a,1579,26375,44100,1,Supported heel raise.,34,new_pair_required,generated,true,current,No current physical pair exists for this logical Training Voice V2.1 cue.
ex-heel-raise-supported-next-v21,ex-heel-raise-supported-next-v21,marcus,assets/audio/voice/marcus/ex-heel-raise-supported-next-v21.mp3,true,35d55cf90c753632c9738f02f69f09acf039d6ce1615218950828a482926a7ee,1393,23449,44100,1,Supported heel raise.,34,new_pair_required,generated,true,current,No current physical pair exists for this logical Training Voice V2.1 cue.
ex-hip-hinge-free-first-v21,ex-hip-hinge-free-first-v21,clara,assets/audio/voice/clara/ex-hip-hinge-free-first-v21.mp3,true,122b4c9e7d3a97d20a93776e0879b5b5f54bc1cb07a0a564b5122a86d63e7893,6269,101190,44100,1,"Hip hinge. Feet under hips. Send hips back with a long spine, then stand tall.",35,new_pair_required,generated,true,current,No current physical pair exists for this logical Training Voice V2.1 cue.
ex-hip-hinge-free-first-v21,ex-hip-hinge-free-first-v21,marcus,assets/audio/voice/marcus/ex-hip-hinge-free-first-v21.mp3,true,7c83d847e5c031949172b119bf7e76130823b0a9a85d465647dbb6098db6ac2f,5666,91577,44100,1,"Hip hinge. Feet under hips. Send hips back with a long spine, then stand tall.",35,new_pair_required,generated,true,current,No current physical pair exists for this logical Training Voice V2.1 cue.
ex-hip-hinge-free-next-v21,ex-hip-hinge-free-next-v21,clara,assets/audio/voice/clara/ex-hip-hinge-free-next-v21.mp3,true,eb4308902cb14c0adbf0fecc90722011e385612edb999ad8d18f9c2ecc4a166f,1115,18852,44100,1,Hip hinge.,36,new_pair_required,generated,true,current,No current physical pair exists for this logical Training Voice V2.1 cue.
ex-hip-hinge-free-next-v21,ex-hip-hinge-free-next-v21,marcus,assets/audio/voice/marcus/ex-hip-hinge-free-next-v21.mp3,true,5c4e871bff3e1863db9ae9887bb7271d45aac8250e9211ba02870d53e6ec4dd7,1115,18852,44100,1,Hip hinge.,36,new_pair_required,generated,true,current,No current physical pair exists for this logical Training Voice V2.1 cue.
ex-hip-hinge-wall-first-v21,ex-hip-hinge-wall-first-v21,clara,assets/audio/voice/clara/ex-hip-hinge-wall-first-v21.mp3,true,ab18cc1e03fe052480391421c0e4a6743717209f0206c62ddc40f095ea55d8d6,6827,110385,44100,1,"Wall-tap hinge. Stand a step from the wall. Send hips back to tap the wall, then stand tall.",37,new_pair_required,generated,true,current,No current physical pair exists for this logical Training Voice V2.1 cue.
ex-hip-hinge-wall-first-v21,ex-hip-hinge-wall-first-v21,marcus,assets/audio/voice/marcus/ex-hip-hinge-wall-first-v21.mp3,true,d330a36b19fba6917c1e111884619d915567a9256fbc85e87eef2ba25b224d7b,6177,99936,44100,1,"Wall-tap hinge. Stand a step from the wall. Send hips back to tap the wall, then stand tall.",37,new_pair_required,generated,true,current,No current physical pair exists for this logical Training Voice V2.1 cue.
ex-hip-hinge-wall-next-v21,ex-hip-hinge-wall-next-v21,clara,assets/audio/voice/clara/ex-hip-hinge-wall-next-v21.mp3,true,71bbf9ae6d214348e493ee35a337d22d8375fe60fb852ceb248da6939bdf1f02,1393,23449,44100,1,Wall-tap hinge.,38,new_pair_required,generated,true,current,No current physical pair exists for this logical Training Voice V2.1 cue.
ex-hip-hinge-wall-next-v21,ex-hip-hinge-wall-next-v21,marcus,assets/audio/voice/marcus/ex-hip-hinge-wall-next-v21.mp3,true,9acc8ea7e1606d8da44dcb653346e0939769ecf09ba59183c0c22899bbbf0fb4,1254,20942,44100,1,Wall-tap hinge.,38,new_pair_required,generated,true,current,No current physical pair exists for this logical Training Voice V2.1 cue.
ex-loaded-march-first-v21,ex-loaded-march-first-v21,clara,assets/audio/voice/clara/ex-loaded-march-first-v21.mp3,true,7d4aa73358399e41af82ab9d10dea5ed3831ec1c9a00ebccad5545d29a9dacae,4923,79874,44100,1,March in place. Stand tall near support and march with a steady rhythm.,39,new_pair_required,generated,true,current,No current physical pair exists for this logical Training Voice V2.1 cue.
ex-loaded-march-first-v21,ex-loaded-march-first-v21,marcus,assets/audio/voice/marcus/ex-loaded-march-first-v21.mp3,true,e18064270e8e19a761a2c4977d4abd92bcb3f924664bf197e9e784b40e331be2,4505,73186,44100,1,March in place. Stand tall near support and march with a steady rhythm.,39,new_pair_required,generated,true,current,No current physical pair exists for this logical Training Voice V2.1 cue.
ex-loaded-march-next-v21,ex-loaded-march-next-v21,clara,assets/audio/voice/clara/ex-loaded-march-next-v21.mp3,true,419170d85e013bdb44b97ad4894903abf6324d90d5e94c8d79183e368fbc000c,1347,22613,44100,1,March in place.,40,new_pair_required,generated,true,current,No current physical pair exists for this logical Training Voice V2.1 cue.
ex-loaded-march-next-v21,ex-loaded-march-next-v21,marcus,assets/audio/voice/marcus/ex-loaded-march-next-v21.mp3,true,379c42dfa228101f52061c55aadd42e631ec68be23fbd9b7cf5be9ae47979a4c,1300,21777,44100,1,March in place.,40,new_pair_required,generated,true,current,No current physical pair exists for this logical Training Voice V2.1 cue.
ex-loaded-sit-to-stand-first-v21,ex-loaded-sit-to-stand-first-v21,clara,assets/audio/voice/clara/ex-loaded-sit-to-stand-first-v21.mp3,true,7a644fbc095a58b7150ada05ee3a1d2156ea472340d4cf16d93a0ebd09cf8db4,6269,101190,44100,1,"Loaded sit-to-stand. Hold the load close to your chest. Stand fully, then sit with control.",41,new_pair_required,generated,true,current,No current physical pair exists for this logical Training Voice V2.1 cue.
ex-loaded-sit-to-stand-first-v21,ex-loaded-sit-to-stand-first-v21,marcus,assets/audio/voice/marcus/ex-loaded-sit-to-stand-first-v21.mp3,true,138f8c86a2dfc100b08ed93b23fdd88a76df2a79d18eb4973993cb6b6d80dedd,6548,105787,44100,1,"Loaded sit-to-stand. Hold the load close to your chest. Stand fully, then sit with control.",41,new_pair_required,generated,true,current,No current physical pair exists for this logical Training Voice V2.1 cue.
ex-loaded-sit-to-stand-next-v21,ex-loaded-sit-to-stand-next-v21,clara,assets/audio/voice/clara/ex-loaded-sit-to-stand-next-v21.mp3,true,7c453c7a953dc2cf699af8c820aeb377ae4e1d027376c7c4cdd2ffdd177bb6ac,1672,27629,44100,1,Loaded sit-to-stand.,42,new_pair_required,generated,true,current,No current physical pair exists for this logical Training Voice V2.1 cue.
ex-loaded-sit-to-stand-next-v21,ex-loaded-sit-to-stand-next-v21,marcus,assets/audio/voice/marcus/ex-loaded-sit-to-stand-next-v21.mp3,true,3b74a8898dc0ae9bb4952d14a6611a0539d6c9390852882dc8c9fc2961c1e042,1486,24703,44100,1,Loaded sit-to-stand.,42,new_pair_required,generated,true,current,No current physical pair exists for this logical Training Voice V2.1 cue.
ex-mini-band-lateral-walk-first-v21,ex-mini-band-lateral-walk-first-v21,clara,assets/audio/voice/clara/ex-mini-band-lateral-walk-first-v21.mp3,true,b824a380b35f6ae5a970f87bf90c4389a96c26cca254f23fde9dcdc1ca74b6f0,6594,106623,44100,1,Mini-band lateral walk. Band above your knees. Take small controlled steps both directions.,43,new_pair_required,generated,true,current,No current physical pair exists for this logical Training Voice V2.1 cue.
ex-mini-band-lateral-walk-first-v21,ex-mini-band-lateral-walk-first-v21,marcus,assets/audio/voice/marcus/ex-mini-band-lateral-walk-first-v21.mp3,true,4d7e577104e3eb8e0118daa8968ddb6e4ccc0a040bd22bb1064e320f230a959a,5712,92413,44100,1,Mini-band lateral walk. Band above your knees. Take small controlled steps both directions.,43,new_pair_required,generated,true,current,No current physical pair exists for this logical Training Voice V2.1 cue.
ex-mini-band-lateral-walk-next-v21,ex-mini-band-lateral-walk-next-v21,clara,assets/audio/voice/clara/ex-mini-band-lateral-walk-next-v21.mp3,true,36b91dc5962e989125940b5ac1c1277bf68b4b5d6032f772d6610a3e56f7ad0f,1625,27211,44100,1,Mini-band lateral walk.,44,new_pair_required,generated,true,current,No current physical pair exists for this logical Training Voice V2.1 cue.
ex-mini-band-lateral-walk-next-v21,ex-mini-band-lateral-walk-next-v21,marcus,assets/audio/voice/marcus/ex-mini-band-lateral-walk-next-v21.mp3,true,4f98f674c23381861ed6da35a17517790df67190c405d9185e10f3f30078ec65,1533,25539,44100,1,Mini-band lateral walk.,44,new_pair_required,generated,true,current,No current physical pair exists for this logical Training Voice V2.1 cue.
ex-neck-rotation-first-v21,ex-neck-rotation-first-v21,clara,assets/audio/voice/clara/ex-neck-rotation-first-v21.mp3,true,e18c3bcb5cdf9d0cec9af273a98caca3b990d22e1ab94db963fcf2f1cb8c5865,7384,119162,44100,1,"Neck rotations. Face the phone, sit or stand tall, and slowly look over one shoulder, then the other.",45,new_pair_required,generated,true,current,No current physical pair exists for this logical Training Voice V2.1 cue.
ex-neck-rotation-first-v21,ex-neck-rotation-first-v21,marcus,assets/audio/voice/marcus/ex-neck-rotation-first-v21.mp3,true,a24c643093c21ed80bbd1b26deaaeb898563933c8d54b7e901b1eef955cf9913,6223,100772,44100,1,"Neck rotations. Face the phone, sit or stand tall, and slowly look over one shoulder, then the other.",45,new_pair_required,generated,true,current,No current physical pair exists for this logical Training Voice V2.1 cue.
ex-neck-rotation-next-v21,ex-neck-rotation-next-v21,clara,assets/audio/voice/clara/ex-neck-rotation-next-v21.mp3,true,56f4c9814775d9ed403680e8ef52896becdf01714876cc827d34889274d8c310,1440,24285,44100,1,Neck rotations.,46,new_pair_required,generated,true,current,No current physical pair exists for this logical Training Voice V2.1 cue.
ex-neck-rotation-next-v21,ex-neck-rotation-next-v21,marcus,assets/audio/voice/marcus/ex-neck-rotation-next-v21.mp3,true,f6c9d06ac63e9ee6ed5357b1f765199a7041ed7f0ee78c3ac4b665bfff7da92d,1347,22613,44100,1,Neck rotations.,46,new_pair_required,generated,true,current,No current physical pair exists for this logical Training Voice V2.1 cue.
ex-overhead-press-band-first-v21,ex-overhead-press-band-first-v21,clara,assets/audio/voice/clara/ex-overhead-press-band-first-v21.mp3,true,05d358bfbfd201504b046dca085ac31ec655084543e0e816126eb8f2b3b21be9,6409,103697,44100,1,"Band overhead press. Stand tall with light band tension. Press overhead, then return slowly.",47,new_pair_required,generated,true,current,No current physical pair exists for this logical Training Voice V2.1 cue.
ex-overhead-press-band-first-v21,ex-overhead-press-band-first-v21,marcus,assets/audio/voice/marcus/ex-overhead-press-band-first-v21.mp3,true,194e92c5ddfa4c5369d138053798338ff7b26ab833c5bdb10fda58c73b00aee0,6223,100772,44100,1,"Band overhead press. Stand tall with light band tension. Press overhead, then return slowly.",47,new_pair_required,generated,true,current,No current physical pair exists for this logical Training Voice V2.1 cue.
ex-overhead-press-band-next-v21,ex-overhead-press-band-next-v21,clara,assets/audio/voice/clara/ex-overhead-press-band-next-v21.mp3,true,5ba5d87c0d264e2d4a4c75af70888e27d815f17d4b50f518ebd96186ddfab6e6,1533,25539,44100,1,Band overhead press.,48,new_pair_required,generated,true,current,No current physical pair exists for this logical Training Voice V2.1 cue.
ex-overhead-press-band-next-v21,ex-overhead-press-band-next-v21,marcus,assets/audio/voice/marcus/ex-overhead-press-band-next-v21.mp3,true,9d8ada29eb9403cd36423eb9a19c49af45fcff7418673c3861ba939f7f675797,1440,24285,44100,1,Band overhead press.,48,new_pair_required,generated,true,current,No current physical pair exists for this logical Training Voice V2.1 cue.
ex-overhead-reach-first-v21,ex-overhead-reach-first-v21,clara,assets/audio/voice/clara/ex-overhead-reach-first-v21.mp3,true,14e80bae749cbf8c4ec1db78ae0a93e4d426febad3336041dae43062df6a417c,5898,95338,44100,1,"Overhead reach. Stand tall. Reach both arms overhead as far as comfortable, then lower.",49,new_pair_required,generated,true,current,No current physical pair exists for this logical Training Voice V2.1 cue.
ex-overhead-reach-first-v21,ex-overhead-reach-first-v21,marcus,assets/audio/voice/marcus/ex-overhead-reach-first-v21.mp3,true,bf7466425d137fee9f575e8b34e366651d23ffe468d185e17dfa0ab6eeb61de5,5108,82799,44100,1,"Overhead reach. Stand tall. Reach both arms overhead as far as comfortable, then lower.",49,new_pair_required,generated,true,current,No current physical pair exists for this logical Training Voice V2.1 cue.
ex-overhead-reach-next-v21,ex-overhead-reach-next-v21,clara,assets/audio/voice/clara/ex-overhead-reach-next-v21.mp3,true,695c219567fd5c7f193710f8a78007013c61e2c37936c8a2fb85cdfbea24d812,1300,21777,44100,1,Overhead reach.,50,new_pair_required,generated,true,current,No current physical pair exists for this logical Training Voice V2.1 cue.
ex-overhead-reach-next-v21,ex-overhead-reach-next-v21,marcus,assets/audio/voice/marcus/ex-overhead-reach-next-v21.mp3,true,c0c1443469038bffb2086d92eba6e6ded2d846248ec3c00a9bfbc4c27d3f265c,1115,18852,44100,1,Overhead reach.,50,new_pair_required,generated,true,current,No current physical pair exists for this logical Training Voice V2.1 cue.
ex-push-up-incline-first-v21,ex-push-up-incline-first-v21,clara,assets/audio/voice/clara/ex-push-up-incline-first-v21.mp3,true,d37c39c5e23508c487f650673b3e48f805a64b2ecb687ce90b45310dbb4ddd8c,7430,119998,44100,1,"Incline push-up. Hands on a stable counter or sturdy chair. Lower in with control, then press away.",51,new_pair_required,generated,true,current,No current physical pair exists for this logical Training Voice V2.1 cue.
ex-push-up-incline-first-v21,ex-push-up-incline-first-v21,marcus,assets/audio/voice/marcus/ex-push-up-incline-first-v21.mp3,true,daba00392b867056124f924d62de613e56ac393ad41348a73f51380fb6db41c9,6780,109549,44100,1,"Incline push-up. Hands on a stable counter or sturdy chair. Lower in with control, then press away.",51,new_pair_required,generated,true,current,No current physical pair exists for this logical Training Voice V2.1 cue.
ex-push-up-incline-next-v21,ex-push-up-incline-next-v21,clara,assets/audio/voice/clara/ex-push-up-incline-next-v21.mp3,true,c085729eacd6d94b72f12fee425249eebf48078baca8f7ef54bab80cf52a2c94,1393,23449,44100,1,Incline push-up.,52,new_pair_required,generated,true,current,No current physical pair exists for this logical Training Voice V2.1 cue.
ex-push-up-incline-next-v21,ex-push-up-incline-next-v21,marcus,assets/audio/voice/marcus/ex-push-up-incline-next-v21.mp3,true,4ef9ff4e6b52b21243428697211c964e55abb4be95997c412624295b59ecef3b,1161,19688,44100,1,Incline push-up.,52,new_pair_required,generated,true,current,No current physical pair exists for this logical Training Voice V2.1 cue.
ex-push-up-standard-first-v21,ex-push-up-standard-first-v21,clara,assets/audio/voice/clara/ex-push-up-standard-first-v21.mp3,true,bc24ed66a1843b7790254ca044a7d59abb58bfa23e367f9721137f4531a46f9b,5480,88651,44100,1,"Push-up. Start from the floor position. Lower with control, then press up.",53,new_pair_required,generated,true,current,No current physical pair exists for this logical Training Voice V2.1 cue.
ex-push-up-standard-first-v21,ex-push-up-standard-first-v21,marcus,assets/audio/voice/marcus/ex-push-up-standard-first-v21.mp3,true,1e5f392043da4f92b5d9f76334d7b3d8fa6f73881b4444ee336ccefbdc2e88d5,5016,81128,44100,1,"Push-up. Start from the floor position. Lower with control, then press up.",53,new_pair_required,generated,true,current,No current physical pair exists for this logical Training Voice V2.1 cue.
ex-push-up-standard-next-v21,ex-push-up-standard-next-v21,clara,assets/audio/voice/clara/ex-push-up-standard-next-v21.mp3,true,1037539d22e0986c3754d39986588b7eeb77121cd67a50eb38261342be1f0f50,929,15926,44100,1,Push-up.,54,new_pair_required,generated,true,current,No current physical pair exists for this logical Training Voice V2.1 cue.
ex-push-up-standard-next-v21,ex-push-up-standard-next-v21,marcus,assets/audio/voice/marcus/ex-push-up-standard-next-v21.mp3,true,30bdb3a7eb6ab03ae85f81caec3d73a5d617431410cad172465aeca836111901,929,15926,44100,1,Push-up.,54,new_pair_required,generated,true,current,No current physical pair exists for this logical Training Voice V2.1 cue.
ex-push-up-wall-first-v21,ex-push-up-wall-first-v21,clara,assets/audio/voice/clara/ex-push-up-wall-first-v21.mp3,true,3e8d12e4fb701b054e0aaf42fa4f823caff8dff94e07c6eb8a3a75cc3606c244,5387,87397,44100,1,"Wall push-up. Hands on the wall. Lower in with control, then press away.",55,new_pair_required,generated,true,current,No current physical pair exists for this logical Training Voice V2.1 cue.
ex-push-up-wall-first-v21,ex-push-up-wall-first-v21,marcus,assets/audio/voice/marcus/ex-push-up-wall-first-v21.mp3,true,da4e3cdb1725322a358c4885343c9aabc6703289215fe02dc203799bd2008a4e,4412,71515,44100,1,"Wall push-up. Hands on the wall. Lower in with control, then press away.",55,new_pair_required,generated,true,current,No current physical pair exists for this logical Training Voice V2.1 cue.
ex-push-up-wall-next-v21,ex-push-up-wall-next-v21,clara,assets/audio/voice/clara/ex-push-up-wall-next-v21.mp3,true,74133477f839d9f50bb6d105705c1a3e3cc7a5fdfa038e98cccc3b105871b162,1207,20524,44100,1,Wall push-up.,56,new_pair_required,generated,true,current,No current physical pair exists for this logical Training Voice V2.1 cue.
ex-push-up-wall-next-v21,ex-push-up-wall-next-v21,marcus,assets/audio/voice/marcus/ex-push-up-wall-next-v21.mp3,true,76af67b835e3e3d9284e9b3bf55f87f53c8248e4cf73f586cdc2047acf767264,1022,17598,44100,1,Wall push-up.,56,new_pair_required,generated,true,current,No current physical pair exists for this logical Training Voice V2.1 cue.
ex-seated-band-row-first-v21,ex-seated-band-row-first-v21,clara,assets/audio/voice/clara/ex-seated-band-row-first-v21.mp3,true,ac9639a8ce65ab361c23766b565e39af2f226d874df55c7bf2a1ce03968e16d4,8824,142150,44100,1,"Seated band row. Sit tall on a sturdy chair with the band anchored under both feet. Pull elbows back, then return slowly.",57,new_pair_required,generated,true,current,No current physical pair exists for this logical Training Voice V2.1 cue.
ex-seated-band-row-first-v21,ex-seated-band-row-first-v21,marcus,assets/audio/voice/marcus/ex-seated-band-row-first-v21.mp3,true,1e7cb3f4a61942d2b7c08b1f2e936e56a718ba492484bccd5bbd148a4b74af57,8406,135462,44100,1,"Seated band row. Sit tall on a sturdy chair with the band anchored under both feet. Pull elbows back, then return slowly.",57,new_pair_required,generated,true,current,No current physical pair exists for this logical Training Voice V2.1 cue.
ex-seated-band-row-next-v21,ex-seated-band-row-next-v21,clara,assets/audio/voice/clara/ex-seated-band-row-next-v21.mp3,true,ff6da160f5f063db1ab2952195eeacd2b34dbcc29e969ea6d8cc49b7f478a376,1347,22613,44100,1,Seated band row.,58,new_pair_required,generated,true,current,No current physical pair exists for this logical Training Voice V2.1 cue.
ex-seated-band-row-next-v21,ex-seated-band-row-next-v21,marcus,assets/audio/voice/marcus/ex-seated-band-row-next-v21.mp3,true,77dd1d7356d6bf660a485ab8b12eaabef7eeea098a12e5372ecd18264fb5f251,1347,22613,44100,1,Seated band row.,58,new_pair_required,generated,true,current,No current physical pair exists for this logical Training Voice V2.1 cue.
ex-seated-hamstring-reach-first-v21,ex-seated-hamstring-reach-first-v21,clara,assets/audio/voice/clara/ex-seated-hamstring-reach-first-v21.mp3,true,597a090352d201624c0041d09e90ad775cde531f43a717723e6f6aaa9771691b,3437,56050,44100,1,Seated hamstring reach. Sit tall at the chair edge.,59,new_pair_required,generated,true,current,No current physical pair exists for this logical Training Voice V2.1 cue.
ex-seated-hamstring-reach-first-v21,ex-seated-hamstring-reach-first-v21,marcus,assets/audio/voice/marcus/ex-seated-hamstring-reach-first-v21.mp3,true,b65e344e0a272c3630ac58e61cd6c8c83c68cc760943274a2634b8ce27a05502,3065,50199,44100,1,Seated hamstring reach. Sit tall at the chair edge.,59,new_pair_required,generated,true,current,No current physical pair exists for this logical Training Voice V2.1 cue.
ex-seated-hamstring-reach-next-v21,ex-seated-hamstring-reach-next-v21,clara,assets/audio/voice/clara/ex-seated-hamstring-reach-next-v21.mp3,true,df719b2a4f6bccbcd4e98b5a01591ff5a8e39a060e443549c87c9cbda0cf5e21,1672,27629,44100,1,Seated hamstring reach.,60,new_pair_required,generated,true,current,No current physical pair exists for this logical Training Voice V2.1 cue.
ex-seated-hamstring-reach-next-v21,ex-seated-hamstring-reach-next-v21,marcus,assets/audio/voice/marcus/ex-seated-hamstring-reach-next-v21.mp3,true,7be1c368172c0f795c6970217ec33dc2cca28e66cede0fc22708425e0cd1db5b,1393,23449,44100,1,Seated hamstring reach.,60,new_pair_required,generated,true,current,No current physical pair exists for this logical Training Voice V2.1 cue.
ex-squat-free-first-v21,ex-squat-free-first-v21,clara,assets/audio/voice/clara/ex-squat-free-first-v21.mp3,true,9d4ee2a16846c3097251976975b565eb4dd01f9bde2170fb9cdee7e3161dfeb6,5898,95338,44100,1,"Squat. Feet about hip width. Lower as if to sit, then stand with control.",61,new_pair_required,generated,true,current,No current physical pair exists for this logical Training Voice V2.1 cue.
ex-squat-free-first-v21,ex-squat-free-first-v21,marcus,assets/audio/voice/marcus/ex-squat-free-first-v21.mp3,true,32417d348b2b767035f9a271e7d25ba4970670bef94ff68e03b822b664cf0143,5526,89487,44100,1,"Squat. Feet about hip width. Lower as if to sit, then stand with control.",61,new_pair_required,generated,true,current,No current physical pair exists for this logical Training Voice V2.1 cue.
ex-squat-free-next-v21,ex-squat-free-next-v21,clara,assets/audio/voice/clara/ex-squat-free-next-v21.mp3,true,b2b3c13a6f30e316791c413de40281c0f00e9624d40ff95f099560bd03cbfddb,882,15090,44100,1,Squat.,62,new_pair_required,generated,true,current,No current physical pair exists for this logical Training Voice V2.1 cue.
ex-squat-free-next-v21,ex-squat-free-next-v21,marcus,assets/audio/voice/marcus/ex-squat-free-next-v21.mp3,true,9fe9dff6e60a8c6fd07fb1af193c68c82598774bfac35789cce7fdf470b3a0b4,836,14254,44100,1,Squat.,62,new_pair_required,generated,true,current,No current physical pair exists for this logical Training Voice V2.1 cue.
ex-squat-loaded-first-v21,ex-squat-loaded-first-v21,clara,assets/audio/voice/clara/ex-squat-loaded-first-v21.mp3,true,6da13a0a53344d8da434a3601a01c3eb6b77b9d84d3cbb53748d28cb863af87d,6362,102862,44100,1,"Loaded squat. Hold the load close to your chest. Lower into a squat, then stand with control.",63,new_pair_required,generated,true,current,No current physical pair exists for this logical Training Voice V2.1 cue.
ex-squat-loaded-first-v21,ex-squat-loaded-first-v21,marcus,assets/audio/voice/marcus/ex-squat-loaded-first-v21.mp3,true,e09110a10dba5197a8098d21ddcffb44eb470b3443a78fdd8144deba79b2abb4,6362,102862,44100,1,"Loaded squat. Hold the load close to your chest. Lower into a squat, then stand with control.",63,new_pair_required,generated,true,current,No current physical pair exists for this logical Training Voice V2.1 cue.
ex-squat-loaded-next-v21,ex-squat-loaded-next-v21,clara,assets/audio/voice/clara/ex-squat-loaded-next-v21.mp3,true,ffd3930e791e0c40010907f0bcfb6949fbac8bf89c030f67646afafcc2e9d721,1300,21777,44100,1,Loaded squat.,64,new_pair_required,generated,true,current,No current physical pair exists for this logical Training Voice V2.1 cue.
ex-squat-loaded-next-v21,ex-squat-loaded-next-v21,marcus,assets/audio/voice/marcus/ex-squat-loaded-next-v21.mp3,true,4d0d2c575ee82ba8161318a9b4eb35a095ee5b40b744de33d17fdcefa74064ea,1207,20524,44100,1,Loaded squat.,64,new_pair_required,generated,true,current,No current physical pair exists for this logical Training Voice V2.1 cue.
ex-squat-slow-eccentric-first-v21,ex-squat-slow-eccentric-first-v21,clara,assets/audio/voice/clara/ex-squat-slow-eccentric-first-v21.mp3,true,507ff5261766128353d5f132f0a7602ad01b6030c5259459930d92e7e3b9cf2a,3947,64409,44100,1,"Slow-lower squat. Lower slowly, then stand with control.",65,new_pair_required,generated,true,current,No current physical pair exists for this logical Training Voice V2.1 cue.
ex-squat-slow-eccentric-first-v21,ex-squat-slow-eccentric-first-v21,marcus,assets/audio/voice/marcus/ex-squat-slow-eccentric-first-v21.mp3,true,9392216ff48be2ea24508aa0d79803ca3b7f085d371af6205fb894681cc06a7f,3808,61902,44100,1,"Slow-lower squat. Lower slowly, then stand with control.",65,new_pair_required,generated,true,current,No current physical pair exists for this logical Training Voice V2.1 cue.
ex-squat-slow-eccentric-next-v21,ex-squat-slow-eccentric-next-v21,clara,assets/audio/voice/clara/ex-squat-slow-eccentric-next-v21.mp3,true,71021ef73a83905acac77d5f3bcfa7f651e1352fa86dbbe2a1f322d0655657dc,1486,24703,44100,1,Slow-lower squat.,66,new_pair_required,generated,true,current,No current physical pair exists for this logical Training Voice V2.1 cue.
ex-squat-slow-eccentric-next-v21,ex-squat-slow-eccentric-next-v21,marcus,assets/audio/voice/marcus/ex-squat-slow-eccentric-next-v21.mp3,true,68c32ff5b88cb8503ea7dbbfdbaec3649b2cb6ace103a77604ca2748f41afadb,1347,22613,44100,1,Slow-lower squat.,66,new_pair_required,generated,true,current,No current physical pair exists for this logical Training Voice V2.1 cue.
ex-squat-supported-first-v21,ex-squat-supported-first-v21,clara,assets/audio/voice/clara/ex-squat-supported-first-v21.mp3,true,7ebb2fa11746474d14399c38ab4bd6f9bda072601306a5e64886b9a3209a5da6,6409,103697,44100,1,"Supported squat. Stand near sturdy support. Lower as if to sit, then stand with control.",67,new_pair_required,generated,true,current,No current physical pair exists for this logical Training Voice V2.1 cue.
ex-squat-supported-first-v21,ex-squat-supported-first-v21,marcus,assets/audio/voice/marcus/ex-squat-supported-first-v21.mp3,true,4ae5a36465432d4a8e761e8f3c66990513aadf76fbbfe95d7b6396d11248a320,5898,95338,44100,1,"Supported squat. Stand near sturdy support. Lower as if to sit, then stand with control.",67,new_pair_required,generated,true,current,No current physical pair exists for this logical Training Voice V2.1 cue.
ex-squat-supported-next-v21,ex-squat-supported-next-v21,clara,assets/audio/voice/clara/ex-squat-supported-next-v21.mp3,true,2cf47b6c711bc814d7bee2c5a7d8184ace2f147438f8f61c78bdcfb017971a44,1347,22613,44100,1,Supported squat.,68,new_pair_required,generated,true,current,No current physical pair exists for this logical Training Voice V2.1 cue.
ex-squat-supported-next-v21,ex-squat-supported-next-v21,marcus,assets/audio/voice/marcus/ex-squat-supported-next-v21.mp3,true,fa7acd35384c0d397a396957e9ff65ec6b7c23591f713e58d076a742635c98e3,1207,20524,44100,1,Supported squat.,68,new_pair_required,generated,true,current,No current physical pair exists for this logical Training Voice V2.1 cue.
ex-standing-band-row-first-v21,ex-standing-band-row-first-v21,clara,assets/audio/voice/clara/ex-standing-band-row-first-v21.mp3,true,ad9d1b005524daa37fab9bbf5eabe636a851f599009240ff95987150b4572cb2,7663,123759,44100,1,"Standing band row. Face the secure door anchor in a stable stance. Pull elbows back, then return slowly.",69,new_pair_required,generated,true,current,No current physical pair exists for this logical Training Voice V2.1 cue.
ex-standing-band-row-first-v21,ex-standing-band-row-first-v21,marcus,assets/audio/voice/marcus/ex-standing-band-row-first-v21.mp3,true,98ca748c95d0c17988a501fda8685300017e350c35b5728cb252315cde101bbb,7895,127521,44100,1,"Standing band row. Face the secure door anchor in a stable stance. Pull elbows back, then return slowly.",69,new_pair_required,generated,true,current,No current physical pair exists for this logical Training Voice V2.1 cue.
ex-standing-band-row-next-v21,ex-standing-band-row-next-v21,clara,assets/audio/voice/clara/ex-standing-band-row-next-v21.mp3,true,42114c559a97de7b7c5dd0fc8fab7b88b559aab8d8339b3ce403486a396fc3b9,1486,24703,44100,1,Standing band row.,70,new_pair_required,generated,true,current,No current physical pair exists for this logical Training Voice V2.1 cue.
ex-standing-band-row-next-v21,ex-standing-band-row-next-v21,marcus,assets/audio/voice/marcus/ex-standing-band-row-next-v21.mp3,true,568f89448fbb0efe1a83171b9aed9e193be5f00b628eac69dd1460fb54e03bef,1300,21777,44100,1,Standing band row.,70,new_pair_required,generated,true,current,No current physical pair exists for this logical Training Voice V2.1 cue.
ex-step-up-first-v21,ex-step-up-first-v21,clara,assets/audio/voice/clara/ex-step-up-first-v21.mp3,true,6715ac49f243720a780668468c3e107ed0013edbafc0fbffcfb6358a1b1597d1,7477,120834,44100,1,Step-up. Use the lowest stable step with support nearby. Return both feet to the floor after each rep.,71,new_pair_required,generated,true,current,No current physical pair exists for this logical Training Voice V2.1 cue.
ex-step-up-first-v21,ex-step-up-first-v21,marcus,assets/audio/voice/marcus/ex-step-up-first-v21.mp3,true,5dc20fed379ab888b06fea76efea8574dcc6788cb638a5b2fd469855df6983d2,7245,117072,44100,1,Step-up. Use the lowest stable step with support nearby. Return both feet to the floor after each rep.,71,new_pair_required,generated,true,current,No current physical pair exists for this logical Training Voice V2.1 cue.
ex-step-up-next-v21,ex-step-up-next-v21,clara,assets/audio/voice/clara/ex-step-up-next-v21.mp3,true,6c77cd9f816271af4b159b86ca2cc4735cb1353266f5a863923646c7c9777038,3483,56886,44100,1,Step-up. Return both feet to the floor after each rep.,72,new_pair_required,generated,true,current,No current physical pair exists for this logical Training Voice V2.1 cue.
ex-step-up-next-v21,ex-step-up-next-v21,marcus,assets/audio/voice/marcus/ex-step-up-next-v21.mp3,true,8b037b5a6b9a072902a0b46dcc817ccec4fae10f9d909fb8a6f9af8cdec16dd2,3251,53124,44100,1,Step-up. Return both feet to the floor after each rep.,72,new_pair_required,generated,true,current,No current physical pair exists for this logical Training Voice V2.1 cue.
ex-sts-cushion-first-v21,ex-sts-cushion-first-v21,clara,assets/audio/voice/clara/ex-sts-cushion-first-v21.mp3,true,66d7a2031629f38b8b0a80cf7e36a4e6b0f6851de9fc6abfc26008ef4bdb51b5,7291,117908,44100,1,"Cushion sit-to-stand. Sit tall on the cushion, feet flat. Stand fully, then sit with control.",73,new_pair_required,generated,true,current,No current physical pair exists for this logical Training Voice V2.1 cue.
ex-sts-cushion-first-v21,ex-sts-cushion-first-v21,marcus,assets/audio/voice/marcus/ex-sts-cushion-first-v21.mp3,true,2400fe0be2fe9cc5d8f7139596f4fd7fd9159ab556581da8540f7280945af14f,7338,118326,44100,1,"Cushion sit-to-stand. Sit tall on the cushion, feet flat. Stand fully, then sit with control.",73,new_pair_required,generated,true,current,No current physical pair exists for this logical Training Voice V2.1 cue.
ex-sts-cushion-next-v21,ex-sts-cushion-next-v21,clara,assets/audio/voice/clara/ex-sts-cushion-next-v21.mp3,true,2053324a476010cbd784a30e97464df8906308be5e07a8dde102d4d4d9766bee,1486,24703,44100,1,Cushion sit-to-stand.,74,new_pair_required,generated,true,current,No current physical pair exists for this logical Training Voice V2.1 cue.
ex-sts-cushion-next-v21,ex-sts-cushion-next-v21,marcus,assets/audio/voice/marcus/ex-sts-cushion-next-v21.mp3,true,c7ae02212d4c2c411519568e9095b044668752346a37c259e500745b5ba4cee4,1347,22613,44100,1,Cushion sit-to-stand.,74,new_pair_required,generated,true,current,No current physical pair exists for this logical Training Voice V2.1 cue.
ex-sts-power-first-v21,ex-sts-power-first-v21,clara,assets/audio/voice/clara/ex-sts-power-first-v21.mp3,true,aa9f6a799fcfb8a5f61eb73f1a674aa0099729187e356eebbd81ea55cd6c44ea,6084,98264,44100,1,"Power sit-to-stand. Sit tall, drive up briskly to standing, then sit with control.",75,new_pair_required,generated,true,current,No current physical pair exists for this logical Training Voice V2.1 cue.
ex-sts-power-first-v21,ex-sts-power-first-v21,marcus,assets/audio/voice/marcus/ex-sts-power-first-v21.mp3,true,f1bd0efe175ab37d59cb0d1dbae9fb808a0a73cb629c112510d562227b9d73b4,4969,80710,44100,1,"Power sit-to-stand. Sit tall, drive up briskly to standing, then sit with control.",75,new_pair_required,generated,true,current,No current physical pair exists for this logical Training Voice V2.1 cue.
ex-sts-power-next-v21,ex-sts-power-next-v21,clara,assets/audio/voice/clara/ex-sts-power-next-v21.mp3,true,11ef27c8d9b29147e85a008bfa863e3acbe6676a373cc01bc4bc5d0f1268827f,1440,24285,44100,1,Power sit-to-stand.,76,new_pair_required,generated,true,current,No current physical pair exists for this logical Training Voice V2.1 cue.
ex-sts-power-next-v21,ex-sts-power-next-v21,marcus,assets/audio/voice/marcus/ex-sts-power-next-v21.mp3,true,4b2e9445348920f9594fc91b30f8ba9bb29c50278e7e72562ed1dbfa8c58465f,1347,22613,44100,1,Power sit-to-stand.,76,new_pair_required,generated,true,current,No current physical pair exists for this logical Training Voice V2.1 cue.
ex-sts-slow-eccentric-first-v21,ex-sts-slow-eccentric-first-v21,clara,assets/audio/voice/clara/ex-sts-slow-eccentric-first-v21.mp3,true,f5065e38c660e3134f9f74e841e21a483354ded363d0aa532d0e4ba58191e33a,6548,105787,44100,1,"Slow-lower sit-to-stand. Stand fully, then lower slowly and steadily before the next rep.",77,new_pair_required,generated,true,current,No current physical pair exists for this logical Training Voice V2.1 cue.
ex-sts-slow-eccentric-first-v21,ex-sts-slow-eccentric-first-v21,marcus,assets/audio/voice/marcus/ex-sts-slow-eccentric-first-v21.mp3,true,ab92e819133920d1e5e26d14408e63b5340910dea8d4ab13f4e639b0008e67db,6827,110385,44100,1,"Slow-lower sit-to-stand. Stand fully, then lower slowly and steadily before the next rep.",77,new_pair_required,generated,true,current,No current physical pair exists for this logical Training Voice V2.1 cue.
ex-sts-slow-eccentric-next-v21,ex-sts-slow-eccentric-next-v21,clara,assets/audio/voice/clara/ex-sts-slow-eccentric-next-v21.mp3,true,12f4a0dc914d7b800fbc1938f879c5ec3c86e54fc62d0597da19b0565f572e58,1625,27211,44100,1,Slow-lower sit-to-stand.,78,new_pair_required,generated,true,current,No current physical pair exists for this logical Training Voice V2.1 cue.
ex-sts-slow-eccentric-next-v21,ex-sts-slow-eccentric-next-v21,marcus,assets/audio/voice/marcus/ex-sts-slow-eccentric-next-v21.mp3,true,67db74b083790361e44958560ea13ef464ea8ea7e297ee0bedd7a21229ba0a51,1533,25539,44100,1,Slow-lower sit-to-stand.,78,new_pair_required,generated,true,current,No current physical pair exists for this logical Training Voice V2.1 cue.
ex-sts-standard-first-v21,ex-sts-standard-first-v21,clara,assets/audio/voice/clara/ex-sts-standard-first-v21.mp3,true,abd1afa4573f2ac0aa60d03dfdf917c8b49a34403b18705eb9425afabc0cf7ce,7941,127939,44100,1,"Sit-to-stand. Sit tall in the middle of the chair, feet flat. Stand fully, then sit with control.",79,new_pair_required,generated,true,current,No current physical pair exists for this logical Training Voice V2.1 cue.
ex-sts-standard-first-v21,ex-sts-standard-first-v21,marcus,assets/audio/voice/marcus/ex-sts-standard-first-v21.mp3,true,421586ff998896ac53718f4bb76bbfb90d6a7d71ea0c1aca0524348bb082cc56,7895,127521,44100,1,"Sit-to-stand. Sit tall in the middle of the chair, feet flat. Stand fully, then sit with control.",79,new_pair_required,generated,true,current,No current physical pair exists for this logical Training Voice V2.1 cue.
ex-sts-standard-next-v21,ex-sts-standard-next-v21,clara,assets/audio/voice/clara/ex-sts-standard-next-v21.mp3,true,dbd71aac25423f2a7228366899e14c8fb792024ee98bb36ef258add3706b3bba,1207,20524,44100,1,Sit-to-stand.,80,new_pair_required,generated,true,current,No current physical pair exists for this logical Training Voice V2.1 cue.
ex-sts-standard-next-v21,ex-sts-standard-next-v21,marcus,assets/audio/voice/marcus/ex-sts-standard-next-v21.mp3,true,53a312aabb08721864df14c2d0644cf4a7fedd06e841519c98a3b0b27dd9cda9,1207,20524,44100,1,Sit-to-stand.,80,new_pair_required,generated,true,current,No current physical pair exists for this logical Training Voice V2.1 cue.
ex-supported-hip-flexor-stretch-first-v21,ex-supported-hip-flexor-stretch-first-v21,clara,assets/audio/voice/clara/ex-supported-hip-flexor-stretch-first-v21.mp3,true,14522e41450452dbc42cbdc8cc3ed886a4af56d8a9fb5a31dff7a6af42aa3b2a,3622,58976,44100,1,Supported hip-flexor stretch. Keep fingertips near support.,81,new_pair_required,generated,true,current,No current physical pair exists for this logical Training Voice V2.1 cue.
ex-supported-hip-flexor-stretch-first-v21,ex-supported-hip-flexor-stretch-first-v21,marcus,assets/audio/voice/marcus/ex-supported-hip-flexor-stretch-first-v21.mp3,true,548721dfc1922b37c7505981a017b61e1c0809cabeb16360d187edb871a4a61f,3483,56886,44100,1,Supported hip-flexor stretch. Keep fingertips near support.,81,new_pair_required,generated,true,current,No current physical pair exists for this logical Training Voice V2.1 cue.
ex-supported-hip-flexor-stretch-next-v21,ex-supported-hip-flexor-stretch-next-v21,clara,assets/audio/voice/clara/ex-supported-hip-flexor-stretch-next-v21.mp3,true,7a65c5af9903dec1bffd6f0ab91a414555589bc2e54aae921d9241c8e1362923,1765,29301,44100,1,Supported hip-flexor stretch.,82,new_pair_required,generated,true,current,No current physical pair exists for this logical Training Voice V2.1 cue.
ex-supported-hip-flexor-stretch-next-v21,ex-supported-hip-flexor-stretch-next-v21,marcus,assets/audio/voice/marcus/ex-supported-hip-flexor-stretch-next-v21.mp3,true,f711a32b83ad1fb43eac2eb4b03550f42ae980e778000479ee7bb3c8d18c5ae9,1625,27211,44100,1,Supported hip-flexor stretch.,82,new_pair_required,generated,true,current,No current physical pair exists for this logical Training Voice V2.1 cue.
ex-supported-side-step-first-v21,ex-supported-side-step-first-v21,clara,assets/audio/voice/clara/ex-supported-side-step-first-v21.mp3,true,a692c2e1c6af17901ec0c66d08aa88f87fad300f54c92ac3f2f2ba23d3011504,7755,125013,44100,1,"Supported side step. Stand near a counter. Step to the side, bring the other foot in, and continue with control.",83,new_pair_required,generated,true,current,No current physical pair exists for this logical Training Voice V2.1 cue.
ex-supported-side-step-first-v21,ex-supported-side-step-first-v21,marcus,assets/audio/voice/marcus/ex-supported-side-step-first-v21.mp3,true,75e66216ae5f1ee357ac5b1a1736c8d25d5fcce6ce209856122fa120654e028a,6502,104951,44100,1,"Supported side step. Stand near a counter. Step to the side, bring the other foot in, and continue with control.",83,new_pair_required,generated,true,current,No current physical pair exists for this logical Training Voice V2.1 cue.
ex-supported-side-step-next-v21,ex-supported-side-step-next-v21,clara,assets/audio/voice/clara/ex-supported-side-step-next-v21.mp3,true,e21ea1cad905a9834db4aa2f8da985579e715c71aac318a37f548da9cbbcb7a5,1533,25539,44100,1,Supported side step.,84,new_pair_required,generated,true,current,No current physical pair exists for this logical Training Voice V2.1 cue.
ex-supported-side-step-next-v21,ex-supported-side-step-next-v21,marcus,assets/audio/voice/marcus/ex-supported-side-step-next-v21.mp3,true,35a45f0e246c7ae86f39f53b285c3b1c48d9d918749f5d8ba7a4dea17e186b97,1440,24285,44100,1,Supported side step.,84,new_pair_required,generated,true,current,No current physical pair exists for this logical Training Voice V2.1 cue.
ex-thoracic-rotation-first-v21,ex-thoracic-rotation-first-v21,clara,assets/audio/voice/clara/ex-thoracic-rotation-first-v21.mp3,true,406a938ec4545a08c42b76c9157dce9bf82ecf2966b3cb6cb7fa66f9349eeb11,8266,133373,44100,1,"Thoracic rotation. Sit or stand tall with arms crossed. Rotate one way, return to center, then rotate the other way.",85,new_pair_required,generated,true,current,No current physical pair exists for this logical Training Voice V2.1 cue.
ex-thoracic-rotation-first-v21,ex-thoracic-rotation-first-v21,marcus,assets/audio/voice/marcus/ex-thoracic-rotation-first-v21.mp3,true,781388ab96a84c5622ac5d43aa532f5d1f32fc4a7498ccb5064ce9566640ca20,7245,117072,44100,1,"Thoracic rotation. Sit or stand tall with arms crossed. Rotate one way, return to center, then rotate the other way.",85,new_pair_required,generated,true,current,No current physical pair exists for this logical Training Voice V2.1 cue.
ex-thoracic-rotation-next-v21,ex-thoracic-rotation-next-v21,clara,assets/audio/voice/clara/ex-thoracic-rotation-next-v21.mp3,true,b20d853ed6708c623fde86623503ab3b4cd836bcafce3e0fab3d173a5ac7898f,1533,25539,44100,1,Thoracic rotation.,86,new_pair_required,generated,true,current,No current physical pair exists for this logical Training Voice V2.1 cue.
ex-thoracic-rotation-next-v21,ex-thoracic-rotation-next-v21,marcus,assets/audio/voice/marcus/ex-thoracic-rotation-next-v21.mp3,true,d1d071f981851d761142044261b4ba4fd623404bdb3e1c4137e4eb2be2018d33,1440,24285,44100,1,Thoracic rotation.,86,new_pair_required,generated,true,current,No current physical pair exists for this logical Training Voice V2.1 cue.
ex-toe-raise-supported-first-v21,ex-toe-raise-supported-first-v21,clara,assets/audio/voice/clara/ex-toe-raise-supported-first-v21.mp3,true,fdd262785262ef55389424db6e7654d43889f90bcba410f7edc9f26ee6e8bcf0,5387,87397,44100,1,"Supported toe raise. Keep heels down, lift the front of your feet, then lower slowly.",87,new_pair_required,generated,true,current,No current physical pair exists for this logical Training Voice V2.1 cue.
ex-toe-raise-supported-first-v21,ex-toe-raise-supported-first-v21,marcus,assets/audio/voice/marcus/ex-toe-raise-supported-first-v21.mp3,true,b6df06a937195d6cd277d80f28962b98703b16ddcdd267d3c0c108ce69261300,4458,72351,44100,1,"Supported toe raise. Keep heels down, lift the front of your feet, then lower slowly.",87,new_pair_required,generated,true,current,No current physical pair exists for this logical Training Voice V2.1 cue.
ex-toe-raise-supported-next-v21,ex-toe-raise-supported-next-v21,clara,assets/audio/voice/clara/ex-toe-raise-supported-next-v21.mp3,true,45b7c8bf066115a83875510597b68453318a46986358b770b26e03101f42065b,1579,26375,44100,1,Supported toe raise.,88,new_pair_required,generated,true,current,No current physical pair exists for this logical Training Voice V2.1 cue.
ex-toe-raise-supported-next-v21,ex-toe-raise-supported-next-v21,marcus,assets/audio/voice/marcus/ex-toe-raise-supported-next-v21.mp3,true,6565eebf3f7fc33b88dde622e683e4c16777556210856ab00a4744a8b9a97914,1440,24285,44100,1,Supported toe raise.,88,new_pair_required,generated,true,current,No current physical pair exists for this logical Training Voice V2.1 cue.
ex-wall-calf-stretch-first-v21,ex-wall-calf-stretch-first-v21,clara,assets/audio/voice/clara/ex-wall-calf-stretch-first-v21.mp3,true,989515db6d8ba6fa6782170347699f56ede5834697b96588b12c733737f80e28,2601,42675,44100,1,Wall calf stretch. Hands on the wall.,89,new_pair_required,generated,true,current,No current physical pair exists for this logical Training Voice V2.1 cue.
ex-wall-calf-stretch-first-v21,ex-wall-calf-stretch-first-v21,marcus,assets/audio/voice/marcus/ex-wall-calf-stretch-first-v21.mp3,true,76ce11476fa05da946a8d8a0d91198ecd11b0804abd8b3a0e70581082760f8ee,1950,32226,44100,1,Wall calf stretch. Hands on the wall.,89,new_pair_required,generated,true,current,No current physical pair exists for this logical Training Voice V2.1 cue.
ex-wall-calf-stretch-next-v21,ex-wall-calf-stretch-next-v21,clara,assets/audio/voice/clara/ex-wall-calf-stretch-next-v21.mp3,true,9ed5635614b9b2f338ee7e34004ddb66927f5f985cf796bc0b6e36c74bc2b4f9,1486,24703,44100,1,Wall calf stretch.,90,new_pair_required,generated,true,current,No current physical pair exists for this logical Training Voice V2.1 cue.
ex-wall-calf-stretch-next-v21,ex-wall-calf-stretch-next-v21,marcus,assets/audio/voice/marcus/ex-wall-calf-stretch-next-v21.mp3,true,bc41172d903df4dbce3ba73dd1903a6dc3f5ebd59e550246769db243d6ec6ff7,1440,24285,44100,1,Wall calf stretch.,90,new_pair_required,generated,true,current,No current physical pair exists for this logical Training Voice V2.1 cue.
five-seconds-left-v21,five-seconds-left-v21,clara,assets/audio/voice/clara/five-seconds-left-v21.mp3,true,2209adecc8b5dffddc90afb3fb4351ea07adfe66a417259b5e60301cc2f77477,1393,23449,44100,1,Five seconds left.,91,new_pair_required,generated,true,current,No current physical pair exists for this logical Training Voice V2.1 cue.
five-seconds-left-v21,five-seconds-left-v21,marcus,assets/audio/voice/marcus/five-seconds-left-v21.mp3,true,d7015855c611f618c65e8fef220490c5c29c89094016d4cf6000dd4bf4169839,1300,21777,44100,1,Five seconds left.,91,new_pair_required,generated,true,current,No current physical pair exists for this logical Training Voice V2.1 cue.
floor-gate-question-v21,floor-gate-question-v21,clara,assets/audio/voice/clara/floor-gate-question-v21.mp3,true,3e01c16585786cb92e28764025280861afe22b294cf3137624e0b78cb447afce,3715,60648,44100,1,Can you safely get down to the floor and back up without assistance?,92,new_pair_required,generated,true,current,No current physical pair exists for this logical Training Voice V2.1 cue.
floor-gate-question-v21,floor-gate-question-v21,marcus,assets/audio/voice/marcus/floor-gate-question-v21.mp3,true,03d5be55d5f31924d50322b87c50286ba2f1e09404cbdb5cc667b85d6d110a00,3251,53124,44100,1,Can you safely get down to the floor and back up without assistance?,92,new_pair_required,generated,true,current,No current physical pair exists for this logical Training Voice V2.1 cue.
halfway-v21,halfway-v21,clara,assets/audio/voice/clara/halfway-v21.mp3,true,ae11e90635c3ec8b397517439edce11a075b70457e72404553dc3d2db9f91624,975,16762,44100,1,Halfway.,93,new_pair_required,generated,true,current,No current physical pair exists for this logical Training Voice V2.1 cue.
halfway-v21,halfway-v21,marcus,assets/audio/voice/marcus/halfway-v21.mp3,true,e7a694c96c88279b3e743261138811f44eb71e3c27c4eed693a20668774681c9,882,15090,44100,1,Halfway.,93,new_pair_required,generated,true,current,No current physical pair exists for this logical Training Voice V2.1 cue.
last-set-v21,last-set-v21,clara,assets/audio/voice/clara/last-set-v21.mp3,true,0ca41026dc84171b378a1e5299c6bda287dc68a30991547a559383f2516cbc38,1115,18852,44100,1,Last set.,94,existing_pair_script_mismatch,generated,true,current,"A physical candidate exists, but V2.1 requires a separate exact logical cue."
last-set-v21,last-set-v21,marcus,assets/audio/voice/marcus/last-set-v21.mp3,true,4bc0fed22e6952e07c356cabc181d0a1f7bc715b34754960a367bfa53249d159,1022,17598,44100,1,Last set.,94,existing_pair_script_mismatch,generated,true,current,"A physical candidate exists, but V2.1 requires a separate exact logical cue."
micro-chair-power-v21,micro-chair-power-v21,clara,assets/audio/voice/clara/micro-chair-power-v21.mp3,true,7e652b985d2a1b4b1c2fbf15bf068e43e21361ab497eae4cdb781cfb210dfddc,6502,104951,44100,1,Five quick chair stands. Arms crossed. Stand and sit five times as quickly as safely comfortable.,95,existing_pair_script_mismatch,generated,true,current,"A legacy physical candidate exists, but V2.1 requires a separate exact logical cue."
micro-chair-power-v21,micro-chair-power-v21,marcus,assets/audio/voice/marcus/micro-chair-power-v21.mp3,true,bfdbcd582c4f28dd18f754d07bfa99d490e2769b9c346ad9e65f0dec9e67fc4c,7709,124595,44100,1,Five quick chair stands. Arms crossed. Stand and sit five times as quickly as safely comfortable.,95,existing_pair_script_mismatch,generated,true,current,"A legacy physical candidate exists, but V2.1 requires a separate exact logical cue."
micro-discard-v21,micro-discard-v21,clara,assets/audio/voice/clara/micro-discard-v21.mp3,true,9fa855ae843acd3e5eb3c111b5d23a614c1cc01e249a745b7bdcd3a6f3b89fa7,1300,21777,44100,1,Check discarded.,96,new_pair_required,generated,true,current,No current physical pair exists for this logical Micro-Check Voice V2.1 cue.
micro-discard-v21,micro-discard-v21,marcus,assets/audio/voice/marcus/micro-discard-v21.mp3,true,ced29325631c0e54a60de7578ca8d4299eb097f152ff4e84afeb551710a00786,1254,20942,44100,1,Check discarded.,96,new_pair_required,generated,true,current,No current physical pair exists for this logical Micro-Check Voice V2.1 cue.
micro-mobility-left-v21,micro-mobility-left-v21,clara,assets/audio/voice/clara/micro-mobility-left-v21.mp3,true,b8829f158584810164d4d48a8d9d0cc4103485aab5e135596fc90c8777810f90,5341,86561,44100,1,Quick mobility check. Extend your left leg and reach gently until I say relax.,97,existing_pair_script_mismatch,generated,true,current,"A legacy physical candidate exists, but V2.1 requires a separate exact logical cue."
micro-mobility-left-v21,micro-mobility-left-v21,marcus,assets/audio/voice/marcus/micro-mobility-left-v21.mp3,true,3f572993be2fd3fb4a3af33e747bc32e6dc1032da4c81fd6e963048c0781aa03,4830,78202,44100,1,Quick mobility check. Extend your left leg and reach gently until I say relax.,97,existing_pair_script_mismatch,generated,true,current,"A legacy physical candidate exists, but V2.1 requires a separate exact logical cue."
micro-mobility-right-v21,micro-mobility-right-v21,clara,assets/audio/voice/clara/micro-mobility-right-v21.mp3,true,cd35aff9d807eedced151e76900b60e1b13f20e4058513ab17bcbf6427924145,5155,83635,44100,1,Quick mobility check. Extend your right leg and reach gently until I say relax.,98,existing_pair_script_mismatch,generated,true,current,"A legacy physical candidate exists, but V2.1 requires a separate exact logical cue."
micro-mobility-right-v21,micro-mobility-right-v21,marcus,assets/audio/voice/marcus/micro-mobility-right-v21.mp3,true,3092cc643f1e529716235b654261d314bb796c48b2a678cbff77a46138fdf752,4876,79038,44100,1,Quick mobility check. Extend your right leg and reach gently until I say relax.,98,existing_pair_script_mismatch,generated,true,current,"A legacy physical candidate exists, but V2.1 requires a separate exact logical cue."
micro-relax-v21,micro-relax-v21,clara,assets/audio/voice/clara/micro-relax-v21.mp3,true,7af99f058ad4b27e3ec9e72ae0abf4265edb706ea06dc9b02c5258b6e75cba7f,1022,17598,44100,1,Relax.,99,existing_pair_script_mismatch,generated,true,current,"A legacy physical candidate exists, but V2.1 requires a separate exact logical cue."
micro-relax-v21,micro-relax-v21,marcus,assets/audio/voice/marcus/micro-relax-v21.mp3,true,4205f27f81f67e84e86815e30b2dfa6bbbd8dbaec5b7ddde6f42f931aa7b08c7,929,15926,44100,1,Relax.,99,existing_pair_script_mismatch,generated,true,current,"A legacy physical candidate exists, but V2.1 requires a separate exact logical cue."
micro-single-leg-left-v21,micro-single-leg-left-v21,clara,assets/audio/voice/clara/micro-single-leg-left-v21.mp3,true,9f78aaefa2782c58d0b9684edd3a047148df22fed42b77d7f670d2d5d953c76e,5619,91159,44100,1,Quick balance check. Stand on your left leg with support nearby. Hold as long as comfortable.,100,existing_pair_script_mismatch,generated,true,current,"A legacy physical candidate exists, but V2.1 requires a separate exact logical cue."
micro-single-leg-left-v21,micro-single-leg-left-v21,marcus,assets/audio/voice/marcus/micro-single-leg-left-v21.mp3,true,ce2682e0e2380124a2358258b20951c3c99e85835ce9aacf76562a5dcf0edd04,5387,87397,44100,1,Quick balance check. Stand on your left leg with support nearby. Hold as long as comfortable.,100,existing_pair_script_mismatch,generated,true,current,"A legacy physical candidate exists, but V2.1 requires a separate exact logical cue."
micro-single-leg-right-v21,micro-single-leg-right-v21,clara,assets/audio/voice/clara/micro-single-leg-right-v21.mp3,true,6f1dd14270e799d6ef516988cb97a5e921ee0d8f6a885c8a7a52fa99088517c0,5805,94084,44100,1,Quick balance check. Stand on your right leg with support nearby. Hold as long as comfortable.,101,existing_pair_script_mismatch,generated,true,current,"A legacy physical candidate exists, but V2.1 requires a separate exact logical cue."
micro-single-leg-right-v21,micro-single-leg-right-v21,marcus,assets/audio/voice/marcus/micro-single-leg-right-v21.mp3,true,5c2556156a76cf330ebf2fe72a2c92920f0963173ad82746943a10d5bd3fb7b4,5991,97010,44100,1,Quick balance check. Stand on your right leg with support nearby. Hold as long as comfortable.,101,existing_pair_script_mismatch,generated,true,current,"A legacy physical candidate exists, but V2.1 requires a separate exact logical cue."
microcheck-complete-v21,microcheck-complete-v21,clara,assets/audio/voice/clara/microcheck-complete-v21.mp3,true,c738d86c64d47f990fbc818207fff80c6a29c3caa1260f83f1d842c7115e71d3,1300,21777,44100,1,Check complete.,102,existing_pair_script_mismatch,generated,true,current,"A legacy physical candidate exists, but V2.1 requires a separate exact logical cue."
microcheck-complete-v21,microcheck-complete-v21,marcus,assets/audio/voice/marcus/microcheck-complete-v21.mp3,true,22f1d8fc41767789a431cdcfc4aeaa4a93174a19ddb848bc807665f7b680deeb,1161,19688,44100,1,Check complete.,102,existing_pair_script_mismatch,generated,true,current,"A legacy physical candidate exists, but V2.1 requires a separate exact logical cue."
next-exercise-v21,next-exercise-v21,clara,assets/audio/voice/clara/next-exercise-v21.mp3,true,ddcff779651f57ee4a2837951731694f157c7a3da17e9ffb7f65265e5f1d38e6,1207,20524,44100,1,Next exercise.,103,existing_pair_script_mismatch,generated,true,current,"A physical candidate exists, but V2.1 requires a separate exact logical cue."
next-exercise-v21,next-exercise-v21,marcus,assets/audio/voice/marcus/next-exercise-v21.mp3,true,f93f2480a7ade97ab4c526f17dd177e5221f46192db8b961f332660e520fb1c0,1254,20942,44100,1,Next exercise.,103,existing_pair_script_mismatch,generated,true,current,"A physical candidate exists, but V2.1 requires a separate exact logical cue."
paused-v21,paused-v21,clara,assets/audio/voice/clara/paused-v21.mp3,true,bc80e46a6dbac4e8b84b5c41857499d18651a9956227ccab6d4c07b3b4e1a039,975,16762,44100,1,Paused.,104,new_pair_required,generated,true,current,No current physical pair exists for this logical Micro-Check Voice V2.1 cue. No current physical pair exists for this logical Training Voice V2.1 cue.
paused-v21,paused-v21,marcus,assets/audio/voice/marcus/paused-v21.mp3,true,f0661ca4a4c79efa9c16b4f4fa077eb04c60ffa0c14ce3f1471c3c407ee77675,650,11328,44100,1,Paused.,104,new_pair_required,generated,true,current,No current physical pair exists for this logical Micro-Check Voice V2.1 cue. No current physical pair exists for this logical Training Voice V2.1 cue.
rest-now-v21,rest-now-v21,clara,assets/audio/voice/clara/rest-now-v21.mp3,true,048802ec9791755480cecf26ddf48f81d020c981b760608a951bccb47f305ef9,1068,18016,44100,1,Rest now.,105,existing_pair_script_mismatch,generated,true,current,"A physical candidate exists, but V2.1 requires a separate exact logical cue."
rest-now-v21,rest-now-v21,marcus,assets/audio/voice/marcus/rest-now-v21.mp3,true,888289f3354333c4b68d06810197eef3752c85880288f8e68d6c0db0990e1477,929,15926,44100,1,Rest now.,105,existing_pair_script_mismatch,generated,true,current,"A physical candidate exists, but V2.1 requires a separate exact logical cue."
resuming-v21,resuming-v21,clara,assets/audio/voice/clara/resuming-v21.mp3,true,8fb200cec4ac878a69f27f37104c8e7f7934443bbaf56260a8db712caec8671b,1022,17598,44100,1,Resuming.,106,new_pair_required,generated,true,current,No current physical pair exists for this logical Micro-Check Voice V2.1 cue. No current physical pair exists for this logical Training Voice V2.1 cue.
resuming-v21,resuming-v21,marcus,assets/audio/voice/marcus/resuming-v21.mp3,true,a41b244df5087e4cb271b7f2a1738476c0f2da601a59c192cdba451fe9d333a9,882,15090,44100,1,Resuming.,106,new_pair_required,generated,true,current,No current physical pair exists for this logical Micro-Check Voice V2.1 cue. No current physical pair exists for this logical Training Voice V2.1 cue.
safe-session-start-v21,safe-session-start-v21,clara,assets/audio/voice/clara/safe-session-start-v21.mp3,true,5318a7395cb74ec6bf0ea8ef429064e9a9327165f3df14f0f724e42a38eb93fd,5201,84471,44100,1,"Clear the space around you. Stop for sharp pain, dizziness, or feeling unwell.",107,new_pair_required,generated,true,current,No current physical pair exists for this logical Training Voice V2.1 cue.
safe-session-start-v21,safe-session-start-v21,marcus,assets/audio/voice/marcus/safe-session-start-v21.mp3,true,958dd0e925da1036cd5fb78971da6789971e84f64ea6ea67154d7eb4ccad1e14,4969,80710,44100,1,"Clear the space around you. Stop for sharp pain, dizziness, or feeling unwell.",107,new_pair_required,generated,true,current,No current physical pair exists for this logical Training Voice V2.1 cue.
session-complete-v21,session-complete-v21,clara,assets/audio/voice/clara/session-complete-v21.mp3,true,c2282435e15a1687258fed25704018831927a0385f16c00cc1437e2265de48e5,1347,22613,44100,1,Session complete.,108,existing_pair_script_mismatch,generated,true,current,"A physical candidate exists, but V2.1 requires a separate exact logical cue."
session-complete-v21,session-complete-v21,marcus,assets/audio/voice/marcus/session-complete-v21.mp3,true,e6cd4d6c6a30192f121ee26fae950f8f2c0220e04ed0336eea6c0c9d48a1204c,1207,20524,44100,1,Session complete.,108,existing_pair_script_mismatch,generated,true,current,"A physical candidate exists, but V2.1 requires a separate exact logical cue."
set-complete-v21,set-complete-v21,clara,assets/audio/voice/clara/set-complete-v21.mp3,true,d0db2fe71c155b6bb143aac9910dcdfe807dbe27ba28c09cbae9cc9b627fc1ab,1207,20524,44100,1,Set complete.,109,existing_pair_script_mismatch,generated,true,current,"A physical candidate exists, but V2.1 requires a separate exact logical cue."
set-complete-v21,set-complete-v21,marcus,assets/audio/voice/marcus/set-complete-v21.mp3,true,9ba12ed068b3843c04cc067a2b6b111e3d37013ebe758155bb0fb6dafaa87cd3,1115,18852,44100,1,Set complete.,109,existing_pair_script_mismatch,generated,true,current,"A physical candidate exists, but V2.1 requires a separate exact logical cue."
setup-back-v21,setup-back-v21,clara,assets/audio/voice/clara/setup-back-v21.mp3,true,145711ecaeca364b50949135a3470b47a7b84bde8d898d9b489dcddeb42a4402,1579,26375,44100,1,Move a little farther back.,110,existing_pair_script_mismatch,generated,true,current,"A physical candidate exists, but V2.1 requires a separate exact logical cue."
setup-back-v21,setup-back-v21,marcus,assets/audio/voice/marcus/setup-back-v21.mp3,true,ad7890450ee58f68d2ed194496874b5ad5f51b80cd2b892814cc8ccf5b37be57,1440,24285,44100,1,Move a little farther back.,110,existing_pair_script_mismatch,generated,true,current,"A physical candidate exists, but V2.1 requires a separate exact logical cue."
setup-center-v21,setup-center-v21,clara,assets/audio/voice/clara/setup-center-v21.mp3,true,a4f2872f849f4a9a0a3ddc5a66e95a14680da3a68fba2737677865685740ff57,1718,28465,44100,1,Move to the centre of the view.,111,existing_pair_script_mismatch,generated,true,current,"A physical candidate exists, but V2.1 requires a separate exact logical cue."
setup-center-v21,setup-center-v21,marcus,assets/audio/voice/marcus/setup-center-v21.mp3,true,6eabd0766426b050aca0925f42b3b56abec8ace631847ad130a4dd78c6f84910,1672,27629,44100,1,Move to the centre of the view.,111,existing_pair_script_mismatch,generated,true,current,"A physical candidate exists, but V2.1 requires a separate exact logical cue."
setup-clearer-view-v21,setup-clearer-view-v21,clara,assets/audio/voice/clara/setup-clearer-view-v21.mp3,true,e87332ba13686dcce796cdc3bf8f3998a46886f0b1f778f302662aad64f3c573,3669,59812,44100,1,I need a clearer view. Make sure your whole body is visible.,112,new_pair_required,generated,true,current,No current physical pair exists for this logical Training Voice V2.1 cue.
setup-clearer-view-v21,setup-clearer-view-v21,marcus,assets/audio/voice/marcus/setup-clearer-view-v21.mp3,true,40dd105c7b595d7dcd5d558d13a8d7ec037fc97788feb72e86ff1f925598a796,3297,53960,44100,1,I need a clearer view. Make sure your whole body is visible.,112,new_pair_required,generated,true,current,No current physical pair exists for this logical Training Voice V2.1 cue.
setup-closer-v21,setup-closer-v21,clara,assets/audio/voice/clara/setup-closer-v21.mp3,true,da21bf5f6f1c71401707b73c7ef0ea9e7b91334d7dc0e5df06ba931d8635a244,1393,23449,44100,1,Move a little closer.,113,existing_pair_script_mismatch,generated,true,current,"A physical candidate exists, but V2.1 requires a separate exact logical cue."
setup-closer-v21,setup-closer-v21,marcus,assets/audio/voice/marcus/setup-closer-v21.mp3,true,9137c1b2369563180e0992692ff592ba4a0ba998e604dbcb80cfc0df9d1bc456,1393,23449,44100,1,Move a little closer.,113,existing_pair_script_mismatch,generated,true,current,"A physical candidate exists, but V2.1 requires a separate exact logical cue."
setup-enter-view-v21,setup-enter-view-v21,clara,assets/audio/voice/clara/setup-enter-view-v21.mp3,true,704a21f7b8fc2a3c4a5f39391a7cf13e566e08cc514b6c99cb704b12058a4dc3,2694,44347,44100,1,Step into view so your whole body is visible.,114,existing_pair_script_mismatch,generated,true,current,"A physical candidate exists, but V2.1 requires a separate exact logical cue."
setup-enter-view-v21,setup-enter-view-v21,marcus,assets/audio/voice/marcus/setup-enter-view-v21.mp3,true,03674f58e3bcda092cf2d086e8d06587e97560512419bec19816b4654c798571,2415,39750,44100,1,Step into view so your whole body is visible.,114,existing_pair_script_mismatch,generated,true,current,"A physical candidate exists, but V2.1 requires a separate exact logical cue."
setup-hold-still-v21,setup-hold-still-v21,clara,assets/audio/voice/clara/setup-hold-still-v21.mp3,true,485f3a3e8cfc4828cc68d06fc2168ae3362633f19e0d7acbf5844b371452e75c,1672,27629,44100,1,Hold still for a moment.,115,existing_pair_script_mismatch,generated,true,current,"A physical candidate exists, but V2.1 requires a separate exact logical cue."
setup-hold-still-v21,setup-hold-still-v21,marcus,assets/audio/voice/marcus/setup-hold-still-v21.mp3,true,d2ae7b84ff57f1e369627eadba7f34788afa436efa69a15b1caafaa361d738e6,1300,21777,44100,1,Hold still for a moment.,115,existing_pair_script_mismatch,generated,true,current,"A physical candidate exists, but V2.1 requires a separate exact logical cue."
setup-light-v21,setup-light-v21,clara,assets/audio/voice/clara/setup-light-v21.mp3,true,2262ff562c9a74dc9646d05b81823acd43f75659f39b71a638a7b45ced231fa1,1718,28465,44100,1,Please turn on the main light.,116,existing_pair_script_mismatch,generated,true,current,"A physical candidate exists, but V2.1 requires a separate exact logical cue."
setup-light-v21,setup-light-v21,marcus,assets/audio/voice/marcus/setup-light-v21.mp3,true,3474e2c67471a15bfbe4e7cd3f3fadf2eca3defa4987571cb9c4959688825ccd,1486,24703,44100,1,Please turn on the main light.,116,existing_pair_script_mismatch,generated,true,current,"A physical candidate exists, but V2.1 requires a separate exact logical cue."
side-calf-left-back-v21,side-calf-left-back-v21,clara,assets/audio/voice/clara/side-calf-left-back-v21.mp3,true,f0724da11f019a5b131e9a52d15d910a8da8fe5f20b709dff449e346cf29ebdf,2368,38914,44100,1,"Step your left leg back, heel down.",117,new_pair_required,generated,true,current,No current physical pair exists for this logical Training Voice V2.1 cue.
side-calf-left-back-v21,side-calf-left-back-v21,marcus,assets/audio/voice/marcus/side-calf-left-back-v21.mp3,true,0b916736cca2ea230216a2415cd7adc11b5a877b07adbad4e9bdaa22071ae43b,2229,36824,44100,1,"Step your left leg back, heel down.",117,new_pair_required,generated,true,current,No current physical pair exists for this logical Training Voice V2.1 cue.
side-calf-right-back-v21,side-calf-right-back-v21,clara,assets/audio/voice/clara/side-calf-right-back-v21.mp3,true,dfb3beac8e499ccf817ff6e3cd509f851e9f093f8fc62b071e48e87ef4279e0d,2461,40586,44100,1,"Step your right leg back, heel down.",118,new_pair_required,generated,true,current,No current physical pair exists for this logical Training Voice V2.1 cue.
side-calf-right-back-v21,side-calf-right-back-v21,marcus,assets/audio/voice/marcus/side-calf-right-back-v21.mp3,true,068c9678414318a0178f6a04fc8ee54f58d22f067de00879421f7d6738e2cd1b,2368,38914,44100,1,"Step your right leg back, heel down.",118,new_pair_required,generated,true,current,No current physical pair exists for this logical Training Voice V2.1 cue.
side-hamstring-left-extended-v21,side-hamstring-left-extended-v21,clara,assets/audio/voice/clara/side-hamstring-left-extended-v21.mp3,true,62458a6e0c30bf45c0353c99ca274ed7357dd0467e157b92e4da3e7f48d2f07d,2461,40586,44100,1,"Extend your left leg, heel on the floor.",119,new_pair_required,generated,true,current,No current physical pair exists for this logical Training Voice V2.1 cue.
side-hamstring-left-extended-v21,side-hamstring-left-extended-v21,marcus,assets/audio/voice/marcus/side-hamstring-left-extended-v21.mp3,true,6ffb63609811bf9e50c4c0c39ba000e03d49d9b86e9f86cef70b7efbc6cc4924,2461,40586,44100,1,"Extend your left leg, heel on the floor.",119,new_pair_required,generated,true,current,No current physical pair exists for this logical Training Voice V2.1 cue.
side-hamstring-right-extended-v21,side-hamstring-right-extended-v21,clara,assets/audio/voice/clara/side-hamstring-right-extended-v21.mp3,true,ab518c6e9755870123fe47c68c1975640f1a856debf16b263db25815bec3f7b0,2461,40586,44100,1,"Extend your right leg, heel on the floor.",120,new_pair_required,generated,true,current,No current physical pair exists for this logical Training Voice V2.1 cue.
side-hamstring-right-extended-v21,side-hamstring-right-extended-v21,marcus,assets/audio/voice/marcus/side-hamstring-right-extended-v21.mp3,true,0b212d5e5edd4159149185173f8de5824fa7f152f9dd0859cc33d6a68d02c920,2276,37660,44100,1,"Extend your right leg, heel on the floor.",120,new_pair_required,generated,true,current,No current physical pair exists for this logical Training Voice V2.1 cue.
side-hip-flexor-left-back-v21,side-hip-flexor-left-back-v21,clara,assets/audio/voice/clara/side-hip-flexor-left-back-v21.mp3,true,c1411ba96f8ae1b353f69c857b10c9a8871c398be089cef2703636034e3dc76e,3390,55214,44100,1,Step your right foot forward so your left hip side stretches.,121,new_pair_required,generated,true,current,No current physical pair exists for this logical Training Voice V2.1 cue.
side-hip-flexor-left-back-v21,side-hip-flexor-left-back-v21,marcus,assets/audio/voice/marcus/side-hip-flexor-left-back-v21.mp3,true,cbb2fac677ee24d4eac02cbf9b59b5445bf551924dceab84f22eb21387155dc5,3251,53124,44100,1,Step your right foot forward so your left hip side stretches.,121,new_pair_required,generated,true,current,No current physical pair exists for this logical Training Voice V2.1 cue.
side-hip-flexor-right-back-v21,side-hip-flexor-right-back-v21,clara,assets/audio/voice/clara/side-hip-flexor-right-back-v21.mp3,true,003407997a29a8a3bc3d999ede0e966c5cd0d70b3dcc63c67dbbea78e69db330,3715,60648,44100,1,Step your left foot forward so your right hip side stretches.,122,new_pair_required,generated,true,current,No current physical pair exists for this logical Training Voice V2.1 cue.
side-hip-flexor-right-back-v21,side-hip-flexor-right-back-v21,marcus,assets/audio/voice/marcus/side-hip-flexor-right-back-v21.mp3,true,6529383facf3e683c6dc340dd2afac963898c2267d13aff2d240aa799168311b,3204,52288,44100,1,Step your left foot forward so your right hip side stretches.,122,new_pair_required,generated,true,current,No current physical pair exists for this logical Training Voice V2.1 cue.
side-single-leg-left-v21,side-single-leg-left-v21,clara,assets/audio/voice/clara/side-single-leg-left-v21.mp3,true,65dac428d4cea6905446c8fa0ef600a45ec424e51d8c534f758780455fc5eaaf,3529,57722,44100,1,Start on your left leg. Lift your right foot slightly.,123,new_pair_required,generated,true,current,No current physical pair exists for this logical Training Voice V2.1 cue.
side-single-leg-left-v21,side-single-leg-left-v21,marcus,assets/audio/voice/marcus/side-single-leg-left-v21.mp3,true,67f24920ccfe97d87ce8e63df5a09ed7104ed6aac26f94c0fcbf9fe819feb31e,3111,51035,44100,1,Start on your left leg. Lift your right foot slightly.,123,new_pair_required,generated,true,current,No current physical pair exists for this logical Training Voice V2.1 cue.
side-single-leg-right-v21,side-single-leg-right-v21,clara,assets/audio/voice/clara/side-single-leg-right-v21.mp3,true,5e60aac629f107aab4b55ac43add69d625837028fc6e8c9f47cc54267e548c70,3576,58140,44100,1,Start on your right leg. Lift your left foot slightly.,124,new_pair_required,generated,true,current,No current physical pair exists for this logical Training Voice V2.1 cue.
side-single-leg-right-v21,side-single-leg-right-v21,marcus,assets/audio/voice/marcus/side-single-leg-right-v21.mp3,true,468bd83ab30b830a9f8a254ea0e7c5eb903f74f2caf3612a48346ae2d5fd381e,3019,49363,44100,1,Start on your right leg. Lift your left foot slightly.,124,new_pair_required,generated,true,current,No current physical pair exists for this logical Training Voice V2.1 cue.
side-split-squat-left-forward-v21,side-split-squat-left-forward-v21,clara,assets/audio/voice/clara/side-split-squat-left-forward-v21.mp3,true,154904c14ddf8729c28488abc1613351dce9b478025c61702b247d28f010c022,2508,41004,44100,1,"Left foot forward, small split stance.",125,new_pair_required,generated,true,current,No current physical pair exists for this logical Training Voice V2.1 cue.
side-split-squat-left-forward-v21,side-split-squat-left-forward-v21,marcus,assets/audio/voice/marcus/side-split-squat-left-forward-v21.mp3,true,169057a6a58533108021c45d77d4403d83711259d500c8b213c019feddb3aa7f,2229,36824,44100,1,"Left foot forward, small split stance.",125,new_pair_required,generated,true,current,No current physical pair exists for this logical Training Voice V2.1 cue.
side-split-squat-right-forward-v21,side-split-squat-right-forward-v21,clara,assets/audio/voice/clara/side-split-squat-right-forward-v21.mp3,true,25a8153f8d180c4537677cad56f27086caa12e9ac7595d71379d9c38c6d1c360,2647,43511,44100,1,"Right foot forward, small split stance.",126,new_pair_required,generated,true,current,No current physical pair exists for this logical Training Voice V2.1 cue.
side-split-squat-right-forward-v21,side-split-squat-right-forward-v21,marcus,assets/audio/voice/marcus/side-split-squat-right-forward-v21.mp3,true,35868c3d19c7b704f32d77ea514f0b2eb4c9659d6fa267246b35f80b5b68946f,2229,36824,44100,1,"Right foot forward, small split stance.",126,new_pair_required,generated,true,current,No current physical pair exists for this logical Training Voice V2.1 cue.
side-tandem-left-front-v21,side-tandem-left-front-v21,clara,assets/audio/voice/clara/side-tandem-left-front-v21.mp3,true,7d43b1a0f0997fa525e8f280ce2292700c0a6f169701696b177100727f034612,2415,39750,44100,1,"Place your left foot in front, heel to toe.",127,new_pair_required,generated,true,current,No current physical pair exists for this logical Training Voice V2.1 cue.
side-tandem-left-front-v21,side-tandem-left-front-v21,marcus,assets/audio/voice/marcus/side-tandem-left-front-v21.mp3,true,0b8823acbd890643c0bcc71d7cb98862ec49dfbd8adc7c477bffaadf7141aee7,2276,37660,44100,1,"Place your left foot in front, heel to toe.",127,new_pair_required,generated,true,current,No current physical pair exists for this logical Training Voice V2.1 cue.
side-tandem-right-front-v21,side-tandem-right-front-v21,clara,assets/audio/voice/clara/side-tandem-right-front-v21.mp3,true,efe52c9c40281baf91dce12536056364e70a085c0866d93fa4a422d8aab0bcf0,2694,44347,44100,1,"Place your right foot in front, heel to toe.",128,new_pair_required,generated,true,current,No current physical pair exists for this logical Training Voice V2.1 cue.
side-tandem-right-front-v21,side-tandem-right-front-v21,marcus,assets/audio/voice/marcus/side-tandem-right-front-v21.mp3,true,ffce2063954d5d6f204d517448237951f92869110ac85d03709937db4ed08ee2,2554,41839,44100,1,"Place your right foot in front, heel to toe.",128,new_pair_required,generated,true,current,No current physical pair exists for this logical Training Voice V2.1 cue.
step-up-next-left-v21,step-up-next-left-v21,clara,assets/audio/voice/clara/step-up-next-left-v21.mp3,true,7b6f5aaf061242283b8a06e5788475402b0ae58fd2861c26236506aa34ca8fe8,2183,35988,44100,1,Next rep starts with your left leg.,129,new_pair_required,generated,true,current,No current physical pair exists for this logical Training Voice V2.1 cue.
step-up-next-left-v21,step-up-next-left-v21,marcus,assets/audio/voice/marcus/step-up-next-left-v21.mp3,true,fca88bd4893760ccf0d3a88ef68d0ba0c41d9c205aa51058ab4db78493b1fbec,1904,31391,44100,1,Next rep starts with your left leg.,129,new_pair_required,generated,true,current,No current physical pair exists for this logical Training Voice V2.1 cue.
step-up-next-right-v21,step-up-next-right-v21,clara,assets/audio/voice/clara/step-up-next-right-v21.mp3,true,5e6e7abb7e2734bed5f51135559108710423c1c57bd6df2dea18c93c3fb8a137,2183,35988,44100,1,Next rep starts with your right leg.,130,new_pair_required,generated,true,current,No current physical pair exists for this logical Training Voice V2.1 cue.
step-up-next-right-v21,step-up-next-right-v21,marcus,assets/audio/voice/marcus/step-up-next-right-v21.mp3,true,479434486e8ddc9bd3229af4690a246fc9023cb5076885ddb2c68484b90427c4,1950,32226,44100,1,Next rep starts with your right leg.,130,new_pair_required,generated,true,current,No current physical pair exists for this logical Training Voice V2.1 cue.
step-up-start-left-v21,step-up-start-left-v21,clara,assets/audio/voice/clara/step-up-start-left-v21.mp3,true,ec55d952b336cb60338dfcdc38733415848b906f166222035b0fa2b539d094f1,1533,25539,44100,1,Start with your left leg.,131,new_pair_required,generated,true,current,No current physical pair exists for this logical Training Voice V2.1 cue.
step-up-start-left-v21,step-up-start-left-v21,marcus,assets/audio/voice/marcus/step-up-start-left-v21.mp3,true,12ec94849d8c7e0e7ba02027c2e6f9ebfbfbcc74280dbf6028d9c0c6b132c5cb,1440,24285,44100,1,Start with your left leg.,131,new_pair_required,generated,true,current,No current physical pair exists for this logical Training Voice V2.1 cue.
step-up-start-right-v21,step-up-start-right-v21,clara,assets/audio/voice/clara/step-up-start-right-v21.mp3,true,70b04b1dfe3baed09f1bc040eb794f9560c0e849c1a29b88c315e474066b3bd2,1579,26375,44100,1,Start with your right leg.,132,new_pair_required,generated,true,current,No current physical pair exists for this logical Training Voice V2.1 cue.
step-up-start-right-v21,step-up-start-right-v21,marcus,assets/audio/voice/marcus/step-up-start-right-v21.mp3,true,604f71a401ff6c8b33e5026f8b0da3fe5b631036475869bfbbaff7e3be0e1352,1486,24703,44100,1,Start with your right leg.,132,new_pair_required,generated,true,current,No current physical pair exists for this logical Training Voice V2.1 cue.
step-up-wrong-left-v21,step-up-wrong-left-v21,clara,assets/audio/voice/clara/step-up-wrong-left-v21.mp3,true,4e52dbf8c99e3dc48ed476184aaaf759519ea2f47a372c8130b1483feb53f428,2926,47691,44100,1,No rep. Start the next one with your left leg.,133,new_pair_required,generated,true,current,No current physical pair exists for this logical Training Voice V2.1 cue.
step-up-wrong-left-v21,step-up-wrong-left-v21,marcus,assets/audio/voice/marcus/step-up-wrong-left-v21.mp3,true,8a925a53899415a23e8f31ff47f02d9570726b38551fbc1f7201da511a4d4a45,2786,45601,44100,1,No rep. Start the next one with your left leg.,133,new_pair_required,generated,true,current,No current physical pair exists for this logical Training Voice V2.1 cue.
step-up-wrong-right-v21,step-up-wrong-right-v21,clara,assets/audio/voice/clara/step-up-wrong-right-v21.mp3,true,3f5ea2f8202c19bd332782213391d4f7974f4ed6ee5709bd9203a767b37825ab,2972,48527,44100,1,No rep. Start the next one with your right leg.,134,new_pair_required,generated,true,current,No current physical pair exists for this logical Training Voice V2.1 cue.
step-up-wrong-right-v21,step-up-wrong-right-v21,marcus,assets/audio/voice/marcus/step-up-wrong-right-v21.mp3,true,7b6fd3713e690ba7d495f56da52f57bbe6bd92843d191d9f2c1b6744f122fd19,2229,36824,44100,1,No rep. Start the next one with your right leg.,134,new_pair_required,generated,true,current,No current physical pair exists for this logical Training Voice V2.1 cue.
switch-foot-positions-v21,switch-foot-positions-v21,clara,assets/audio/voice/clara/switch-foot-positions-v21.mp3,true,83ffc0cc5f4f741e9085047859ea8f2e1915af758d53c7ac4016ee1e7f6c44fa,1486,24703,44100,1,Switch foot positions.,135,new_pair_required,generated,true,current,No current physical pair exists for this logical Training Voice V2.1 cue.
switch-foot-positions-v21,switch-foot-positions-v21,marcus,assets/audio/voice/marcus/switch-foot-positions-v21.mp3,true,1aa6b57906f8188f62c0c0f30f27bf3733af695efe51e1a39157b59071a23af5,1300,21777,44100,1,Switch foot positions.,135,new_pair_required,generated,true,current,No current physical pair exists for this logical Training Voice V2.1 cue.
switch-legs-v21,switch-legs-v21,clara,assets/audio/voice/clara/switch-legs-v21.mp3,true,8ed2268e2a63a0c0216823fd130c6b6326da6514f29560549960da7147959b7a,1161,19688,44100,1,Switch legs.,136,new_pair_required,generated,true,current,No current physical pair exists for this logical Training Voice V2.1 cue.
switch-legs-v21,switch-legs-v21,marcus,assets/audio/voice/marcus/switch-legs-v21.mp3,true,b5b4e011fc7c68ecdbb3bf3b736f1582df77b94264333a779192bb32d0dc1232,1022,17598,44100,1,Switch legs.,136,new_pair_required,generated,true,current,No current physical pair exists for this logical Training Voice V2.1 cue.
switch-sides-v21,switch-sides-v21,clara,assets/audio/voice/clara/switch-sides-v21.mp3,true,18ba33ea32881f117c30276e08bb4f0fdecbf6d765b2c7fef18af65b467c48b5,1022,17598,44100,1,Switch sides.,137,new_pair_required,generated,true,current,No current physical pair exists for this logical Training Voice V2.1 cue.
switch-sides-v21,switch-sides-v21,marcus,assets/audio/voice/marcus/switch-sides-v21.mp3,true,859ccbc9f4ee7fafffbee7194b991306fd2c90d3663595c1b9d85b92c8bb730b,1115,18852,44100,1,Switch sides.,137,new_pair_required,generated,true,current,No current physical pair exists for this logical Training Voice V2.1 cue.
target-balance-feet-together-hold-v21,target-balance-feet-together-hold-v21,clara,assets/audio/voice/clara/target-balance-feet-together-hold-v21.mp3,true,1abee64d76b54719cc08de74a53e1f516a7a98a4df5897cf0453acf09d0d2dc0,1579,26375,44100,1,Hold for twenty seconds.,138,new_pair_required,generated,true,current,No current physical pair exists for this logical Training Voice V2.1 cue.
target-balance-feet-together-hold-v21,target-balance-feet-together-hold-v21,marcus,assets/audio/voice/marcus/target-balance-feet-together-hold-v21.mp3,true,c2f5899ff6a2591e9979ac7e7d0a3d1d0713a712e10e350ff83a714b44a79b49,1440,24285,44100,1,Hold for twenty seconds.,138,new_pair_required,generated,true,current,No current physical pair exists for this logical Training Voice V2.1 cue.
target-balance-single-leg-hold-v21,target-balance-single-leg-hold-v21,clara,assets/audio/voice/clara/target-balance-single-leg-hold-v21.mp3,true,6aea6d8f5396de8cef9188417c0df725ae625bb9df8a5086efd522697bd7a221,1533,25539,44100,1,Hold for [duration].,139,new_pair_required,generated,true,current,No current physical pair exists for this logical Training Voice V2.1 cue.
target-balance-single-leg-hold-v21,target-balance-single-leg-hold-v21,marcus,assets/audio/voice/marcus/target-balance-single-leg-hold-v21.mp3,true,790c62a4182bfaf75b0961cbdb9b895fa6d9535d3ab7436e15b0be24f6e7b514,1347,22613,44100,1,Hold for [duration].,139,new_pair_required,generated,true,current,No current physical pair exists for this logical Training Voice V2.1 cue.
target-balance-tandem-hold-v21,target-balance-tandem-hold-v21,clara,assets/audio/voice/clara/target-balance-tandem-hold-v21.mp3,true,7ac1569f2beae7bf8383581b81dcd051c29e1f6d6c9977b24cf66d728ca0dd5a,1533,25539,44100,1,Hold for [duration].,140,new_pair_required,generated,true,current,No current physical pair exists for this logical Training Voice V2.1 cue.
target-balance-tandem-hold-v21,target-balance-tandem-hold-v21,marcus,assets/audio/voice/marcus/target-balance-tandem-hold-v21.mp3,true,650cc56ba448419c897470b6ffbbaf7f7c035dd17068455fa535f898a48ae3a6,1486,24703,44100,1,Hold for [duration].,140,new_pair_required,generated,true,current,No current physical pair exists for this logical Training Voice V2.1 cue.
target-band-pull-apart-v21,target-band-pull-apart-v21,clara,assets/audio/voice/clara/target-band-pull-apart-v21.mp3,true,29c1e7535066a400d7a8f79456327dbdbe44c2a6e57fa29aed6f356b3b1c72f5,1579,26375,44100,1,Move for thirty seconds.,141,new_pair_required,generated,true,current,No current physical pair exists for this logical Training Voice V2.1 cue.
target-band-pull-apart-v21,target-band-pull-apart-v21,marcus,assets/audio/voice/marcus/target-band-pull-apart-v21.mp3,true,ab533b51444b1f666dd15207bb466c729a6788acd0ccbe64a57a63ae18147884,1440,24285,44100,1,Move for thirty seconds.,141,new_pair_required,generated,true,current,No current physical pair exists for this logical Training Voice V2.1 cue.
target-chair-supported-split-squat-v21,target-chair-supported-split-squat-v21,clara,assets/audio/voice/clara/target-chair-supported-split-squat-v21.mp3,true,5a089f62d31c39817e176bdf4f165612abaa1f204760f46fc61254fa32b81ec1,1625,27211,44100,1,Aim for [reps] reps.,142,new_pair_required,generated,true,current,No current physical pair exists for this logical Training Voice V2.1 cue.
target-chair-supported-split-squat-v21,target-chair-supported-split-squat-v21,marcus,assets/audio/voice/marcus/target-chair-supported-split-squat-v21.mp3,true,bc284c06607da76fff003ab412f9026ebf6f8d99500d809d2fe3d83d3ac446ab,1347,22613,44100,1,Aim for [reps] reps.,142,new_pair_required,generated,true,current,No current physical pair exists for this logical Training Voice V2.1 cue.
target-glute-bridge-hold-v21,target-glute-bridge-hold-v21,clara,assets/audio/voice/clara/target-glute-bridge-hold-v21.mp3,true,13d1bfe58b1a0480d4749d74a87e2a527a9770039622b437077df26d3b80ae80,1579,26375,44100,1,Hold for twenty seconds.,143,new_pair_required,generated,true,current,No current physical pair exists for this logical Training Voice V2.1 cue.
target-glute-bridge-hold-v21,target-glute-bridge-hold-v21,marcus,assets/audio/voice/marcus/target-glute-bridge-hold-v21.mp3,true,c8985fb60c0bdfef2bae4dcb63346127b4c224fdb9201fd52105898baa4b52ba,1533,25539,44100,1,Hold for twenty seconds.,143,new_pair_required,generated,true,current,No current physical pair exists for this logical Training Voice V2.1 cue.
target-glute-bridge-reps-v21,target-glute-bridge-reps-v21,clara,assets/audio/voice/clara/target-glute-bridge-reps-v21.mp3,true,c5b135da60cec16b7e4a1d1c84b1ad1853d8a8586805587a6feb9bf68c2e80e9,1486,24703,44100,1,Aim for twelve reps.,144,new_pair_required,generated,true,current,No current physical pair exists for this logical Training Voice V2.1 cue.
target-glute-bridge-reps-v21,target-glute-bridge-reps-v21,marcus,assets/audio/voice/marcus/target-glute-bridge-reps-v21.mp3,true,97c9eb65c35f8d6f51113ff1785f663a5f9851acd58eb598a3f9721790bf9ac3,1300,21777,44100,1,Aim for twelve reps.,144,new_pair_required,generated,true,current,No current physical pair exists for this logical Training Voice V2.1 cue.
target-heel-raise-free-v21,target-heel-raise-free-v21,clara,assets/audio/voice/clara/target-heel-raise-free-v21.mp3,true,cc267afe63310fcdb74da648dd0661473b1dcb747ae4d7276b8d736803b89d27,1579,26375,44100,1,Aim for eighteen reps.,145,new_pair_required,generated,true,current,No current physical pair exists for this logical Training Voice V2.1 cue.
target-heel-raise-free-v21,target-heel-raise-free-v21,marcus,assets/audio/voice/marcus/target-heel-raise-free-v21.mp3,true,5f8f016c0cf5ffac51da018fcc91989207094e038e4a0f7974075c6be2ea8fac,1347,22613,44100,1,Aim for eighteen reps.,145,new_pair_required,generated,true,current,No current physical pair exists for this logical Training Voice V2.1 cue.
target-heel-raise-supported-v21,target-heel-raise-supported-v21,clara,assets/audio/voice/clara/target-heel-raise-supported-v21.mp3,true,a73dae1a73f9dd830196347362f991e2ddf7dcbcc4e380d9016ca1cf46e26ad3,1393,23449,44100,1,Aim for fifteen reps.,146,new_pair_required,generated,true,current,No current physical pair exists for this logical Training Voice V2.1 cue.
target-heel-raise-supported-v21,target-heel-raise-supported-v21,marcus,assets/audio/voice/marcus/target-heel-raise-supported-v21.mp3,true,c822c74a7aa5d174b8fd54612af41e6628427f0620072191eb14f5327a9423e8,1533,25539,44100,1,Aim for fifteen reps.,146,new_pair_required,generated,true,current,No current physical pair exists for this logical Training Voice V2.1 cue.
target-hip-hinge-free-v21,target-hip-hinge-free-v21,clara,assets/audio/voice/clara/target-hip-hinge-free-v21.mp3,true,8a798fc0f070cbabab827e5ff4e9a2fa91f215ea687b65dedadc97760b268364,1393,23449,44100,1,Aim for twelve reps.,147,new_pair_required,generated,true,current,No current physical pair exists for this logical Training Voice V2.1 cue.
target-hip-hinge-free-v21,target-hip-hinge-free-v21,marcus,assets/audio/voice/marcus/target-hip-hinge-free-v21.mp3,true,c6a216ce3e97765ddc4767354d36b298e4bea7b663bf71f2d609f5d6c5c630da,1347,22613,44100,1,Aim for twelve reps.,147,new_pair_required,generated,true,current,No current physical pair exists for this logical Training Voice V2.1 cue.
target-hip-hinge-wall-v21,target-hip-hinge-wall-v21,clara,assets/audio/voice/clara/target-hip-hinge-wall-v21.mp3,true,2caad5cf4c07b5d4bdf711d8a56a6ac4c133ec18762fcb6bd82920655231c3d5,1393,23449,44100,1,Aim for ten reps.,148,new_pair_required,generated,true,current,No current physical pair exists for this logical Training Voice V2.1 cue.
target-hip-hinge-wall-v21,target-hip-hinge-wall-v21,marcus,assets/audio/voice/marcus/target-hip-hinge-wall-v21.mp3,true,9d78fe0c1edf996935301994dfceb29ae5db67fb8f3c36b665ada11ba3aab646,1486,24703,44100,1,Aim for ten reps.,148,new_pair_required,generated,true,current,No current physical pair exists for this logical Training Voice V2.1 cue.
target-loaded-march-v21,target-loaded-march-v21,clara,assets/audio/voice/clara/target-loaded-march-v21.mp3,true,307afa0b5440ef30677ab55f7f0e0962394539142ac488f448f3ddb31070af8d,1440,24285,44100,1,Aim for sixteen reps.,149,new_pair_required,generated,true,current,No current physical pair exists for this logical Training Voice V2.1 cue.
target-loaded-march-v21,target-loaded-march-v21,marcus,assets/audio/voice/marcus/target-loaded-march-v21.mp3,true,9b93ec8c7bc603dce1061d7fb09b6a0ec6db42e26f4bc229b391a07338154fde,1486,24703,44100,1,Aim for sixteen reps.,149,new_pair_required,generated,true,current,No current physical pair exists for this logical Training Voice V2.1 cue.
target-loaded-sit-to-stand-v21,target-loaded-sit-to-stand-v21,clara,assets/audio/voice/clara/target-loaded-sit-to-stand-v21.mp3,true,4d98787625b74e83158a7883d5fd520bb1e0514a14ade5b3e1b55a4292047beb,1393,23449,44100,1,Aim for eight reps.,150,new_pair_required,generated,true,current,No current physical pair exists for this logical Training Voice V2.1 cue.
target-loaded-sit-to-stand-v21,target-loaded-sit-to-stand-v21,marcus,assets/audio/voice/marcus/target-loaded-sit-to-stand-v21.mp3,true,7b5357685ebc4ad680c0ba1642b04b3aed09ec520ca39ffcc92bac1e085a39ae,1254,20942,44100,1,Aim for eight reps.,150,new_pair_required,generated,true,current,No current physical pair exists for this logical Training Voice V2.1 cue.
target-mini-band-lateral-walk-v21,target-mini-band-lateral-walk-v21,clara,assets/audio/voice/clara/target-mini-band-lateral-walk-v21.mp3,true,0d998df2c47e65c9bc0cbd744b1959306a8a560ede1103632d103ac73acbf37a,1393,23449,44100,1,Move for thirty seconds.,151,new_pair_required,generated,true,current,No current physical pair exists for this logical Training Voice V2.1 cue.
target-mini-band-lateral-walk-v21,target-mini-band-lateral-walk-v21,marcus,assets/audio/voice/marcus/target-mini-band-lateral-walk-v21.mp3,true,739aa2502ba90032ccf4fd23bdc95ef6a34267a6cdb589ed91c20d76355adf6f,1533,25539,44100,1,Move for thirty seconds.,151,new_pair_required,generated,true,current,No current physical pair exists for this logical Training Voice V2.1 cue.
target-neck-rotation-v21,target-neck-rotation-v21,clara,assets/audio/voice/clara/target-neck-rotation-v21.mp3,true,821e87689001955dfb0554bcbbf3817450e96997e8405cd818fb5f5374143ad3,2136,35152,44100,1,Move slowly until I say stop.,152,new_pair_required,generated,true,current,No current physical pair exists for this logical Training Voice V2.1 cue.
target-neck-rotation-v21,target-neck-rotation-v21,marcus,assets/audio/voice/marcus/target-neck-rotation-v21.mp3,true,2442f17e43965653c1ffca210912b2e9b224dbe6156baf8dfc21b30e328c4daf,1997,33062,44100,1,Move slowly until I say stop.,152,new_pair_required,generated,true,current,No current physical pair exists for this logical Training Voice V2.1 cue.
target-overhead-press-band-v21,target-overhead-press-band-v21,clara,assets/audio/voice/clara/target-overhead-press-band-v21.mp3,true,1a05c68b3745ced06b7981259532984f95268813962598112d8d4a110f21526f,1533,25539,44100,1,Aim for twelve reps.,153,new_pair_required,generated,true,current,No current physical pair exists for this logical Training Voice V2.1 cue.
target-overhead-press-band-v21,target-overhead-press-band-v21,marcus,assets/audio/voice/marcus/target-overhead-press-band-v21.mp3,true,b376134dc30a221510edc2900252dabec46d9aa49641a568cd4db2064ec2b55d,1393,23449,44100,1,Aim for twelve reps.,153,new_pair_required,generated,true,current,No current physical pair exists for this logical Training Voice V2.1 cue.
target-overhead-reach-v21,target-overhead-reach-v21,clara,assets/audio/voice/clara/target-overhead-reach-v21.mp3,true,6e3096d7cd5f3a2072adae1978b78122ff2395d36694ae5af0dde5d4c00af135,1300,21777,44100,1,Aim for twelve reps.,154,new_pair_required,generated,true,current,No current physical pair exists for this logical Training Voice V2.1 cue.
target-overhead-reach-v21,target-overhead-reach-v21,marcus,assets/audio/voice/marcus/target-overhead-reach-v21.mp3,true,7535ee37c485228ced6fca2f00ef8cf874b3ca3492a27139e80af6d564cf0062,1393,23449,44100,1,Aim for twelve reps.,154,new_pair_required,generated,true,current,No current physical pair exists for this logical Training Voice V2.1 cue.
target-push-up-incline-v21,target-push-up-incline-v21,clara,assets/audio/voice/clara/target-push-up-incline-v21.mp3,true,1c908a47b2aa23e4f483e8fafabd06d42d5e2daa318f888b09d8926ee5464189,1486,24703,44100,1,Aim for ten reps.,155,new_pair_required,generated,true,current,No current physical pair exists for this logical Training Voice V2.1 cue.
target-push-up-incline-v21,target-push-up-incline-v21,marcus,assets/audio/voice/marcus/target-push-up-incline-v21.mp3,true,766f2a452e283279eaff5b7df760be2ea8e018ada9c99d6c37b4214b877ea93b,1440,24285,44100,1,Aim for ten reps.,155,new_pair_required,generated,true,current,No current physical pair exists for this logical Training Voice V2.1 cue.
target-push-up-standard-v21,target-push-up-standard-v21,clara,assets/audio/voice/clara/target-push-up-standard-v21.mp3,true,b6a173545005880d906fe413c4b206978fa5816c7f4723878f3639ea09cc30c0,1440,24285,44100,1,Aim for eight reps.,156,new_pair_required,generated,true,current,No current physical pair exists for this logical Training Voice V2.1 cue.
target-push-up-standard-v21,target-push-up-standard-v21,marcus,assets/audio/voice/marcus/target-push-up-standard-v21.mp3,true,f0a0666133f9f15c2f626ae9b299e3b6d6e587ba682886442db71fa7c5d08c62,1393,23449,44100,1,Aim for eight reps.,156,new_pair_required,generated,true,current,No current physical pair exists for this logical Training Voice V2.1 cue.
target-push-up-wall-v21,target-push-up-wall-v21,clara,assets/audio/voice/clara/target-push-up-wall-v21.mp3,true,b6e861d1dce79ee8ea43df033cec303a853426a6fdda30af68f6e7a955c8d2ef,1254,20942,44100,1,Aim for ten reps.,157,new_pair_required,generated,true,current,No current physical pair exists for this logical Training Voice V2.1 cue.
target-push-up-wall-v21,target-push-up-wall-v21,marcus,assets/audio/voice/marcus/target-push-up-wall-v21.mp3,true,ad64517f055d0a1ef6602bb6316eddcfa56e5992d8180b3fae2ddecea23795c6,1254,20942,44100,1,Aim for ten reps.,157,new_pair_required,generated,true,current,No current physical pair exists for this logical Training Voice V2.1 cue.
target-seated-band-row-v21,target-seated-band-row-v21,clara,assets/audio/voice/clara/target-seated-band-row-v21.mp3,true,be008cd7e6f29c7ab295db0e88de3ae9de5e9e72f9d4e20df81ce931facf5466,1486,24703,44100,1,Aim for ten reps.,158,new_pair_required,generated,true,current,No current physical pair exists for this logical Training Voice V2.1 cue.
target-seated-band-row-v21,target-seated-band-row-v21,marcus,assets/audio/voice/marcus/target-seated-band-row-v21.mp3,true,8338020918ca6bb1d3dc6b08d2dffab7f2dd8c64006c625650054601a51aa4b6,1207,20524,44100,1,Aim for ten reps.,158,new_pair_required,generated,true,current,No current physical pair exists for this logical Training Voice V2.1 cue.
target-seated-hamstring-reach-v21,target-seated-hamstring-reach-v21,clara,assets/audio/voice/clara/target-seated-hamstring-reach-v21.mp3,true,72bb989e072a2bdf9ba09d3a66eec03f36e4c29443b64d75f2148f56f27cd86c,2740,44765,44100,1,Reach gently and hold until I say relax.,159,new_pair_required,generated,true,current,No current physical pair exists for this logical Training Voice V2.1 cue.
target-seated-hamstring-reach-v21,target-seated-hamstring-reach-v21,marcus,assets/audio/voice/marcus/target-seated-hamstring-reach-v21.mp3,true,fc60ed7d7cee72144d55086718285e0451109f7a555675a1e674871ba2780d89,2322,38078,44100,1,Reach gently and hold until I say relax.,159,new_pair_required,generated,true,current,No current physical pair exists for this logical Training Voice V2.1 cue.
target-squat-free-v21,target-squat-free-v21,clara,assets/audio/voice/clara/target-squat-free-v21.mp3,true,3ed7560ec11b7fdd60dff75e7e3b1e46a88879e21ca3ea40931ec712cff48ead,1533,25539,44100,1,Aim for twelve reps.,160,new_pair_required,generated,true,current,No current physical pair exists for this logical Training Voice V2.1 cue.
target-squat-free-v21,target-squat-free-v21,marcus,assets/audio/voice/marcus/target-squat-free-v21.mp3,true,6bac0bf4954e779b7cdf2a2d9f8654d107252e24d285505db8e718af50673625,1300,21777,44100,1,Aim for twelve reps.,160,new_pair_required,generated,true,current,No current physical pair exists for this logical Training Voice V2.1 cue.
target-squat-loaded-v21,target-squat-loaded-v21,clara,assets/audio/voice/clara/target-squat-loaded-v21.mp3,true,baac71747ec1462dbd5d6fb85c0741edc614601aa5491fb870c6fd93093c1bd9,1440,24285,44100,1,Aim for eight reps.,161,new_pair_required,generated,true,current,No current physical pair exists for this logical Training Voice V2.1 cue.
target-squat-loaded-v21,target-squat-loaded-v21,marcus,assets/audio/voice/marcus/target-squat-loaded-v21.mp3,true,f91e6e115df3259438dd58491bc9802f34e6dd8bf6c4e5956890ce0f4f9b6baa,1347,22613,44100,1,Aim for eight reps.,161,new_pair_required,generated,true,current,No current physical pair exists for this logical Training Voice V2.1 cue.
target-squat-slow-eccentric-v21,target-squat-slow-eccentric-v21,clara,assets/audio/voice/clara/target-squat-slow-eccentric-v21.mp3,true,c65e5f7acc7bc787e821d55c3369ff1318bb3cbf24645f865df89b5cae1db549,1486,24703,44100,1,Aim for eight reps.,162,new_pair_required,generated,true,current,No current physical pair exists for this logical Training Voice V2.1 cue.
target-squat-slow-eccentric-v21,target-squat-slow-eccentric-v21,marcus,assets/audio/voice/marcus/target-squat-slow-eccentric-v21.mp3,true,77a47db82cd47cc2caa9f864aa161b95a9f9b599d87cb81f23efc60cccebc190,1207,20524,44100,1,Aim for eight reps.,162,new_pair_required,generated,true,current,No current physical pair exists for this logical Training Voice V2.1 cue.
target-squat-supported-v21,target-squat-supported-v21,clara,assets/audio/voice/clara/target-squat-supported-v21.mp3,true,3bff22e9fd0983e7072df4fb6f34d1eac2f9af28aa5a6af2af4ecd96be687909,1486,24703,44100,1,Aim for ten reps.,163,new_pair_required,generated,true,current,No current physical pair exists for this logical Training Voice V2.1 cue.
target-squat-supported-v21,target-squat-supported-v21,marcus,assets/audio/voice/marcus/target-squat-supported-v21.mp3,true,35cf588a382e26f1902d5dc71522fe9382e9a776ff3c010b2eda337077171d8d,1347,22613,44100,1,Aim for ten reps.,163,new_pair_required,generated,true,current,No current physical pair exists for this logical Training Voice V2.1 cue.
target-standing-band-row-v21,target-standing-band-row-v21,clara,assets/audio/voice/clara/target-standing-band-row-v21.mp3,true,edcdeb9cc367fdd6340c80845af573b604b805518fb5be37fbabf20a7c13cdf6,1486,24703,44100,1,Aim for ten reps.,164,new_pair_required,generated,true,current,No current physical pair exists for this logical Training Voice V2.1 cue.
target-standing-band-row-v21,target-standing-band-row-v21,marcus,assets/audio/voice/marcus/target-standing-band-row-v21.mp3,true,62f22e12cf4cb0bb1aeccdcbdf5821e6d240c6049f5d515b040d975f8b661ee5,1440,24285,44100,1,Aim for ten reps.,164,new_pair_required,generated,true,current,No current physical pair exists for this logical Training Voice V2.1 cue.
target-step-up-v21,target-step-up-v21,clara,assets/audio/voice/clara/target-step-up-v21.mp3,true,4b522d66632d840371869046294e750f79751fd022f11b5949a474863f00afb2,1672,27629,44100,1,Do twelve total reps.,165,new_pair_required,generated,true,current,No current physical pair exists for this logical Training Voice V2.1 cue.
target-step-up-v21,target-step-up-v21,marcus,assets/audio/voice/marcus/target-step-up-v21.mp3,true,549457140c1ae0defa5aab67f9fe92972341e3d7b570680d36edc5c2ca89e82c,1533,25539,44100,1,Do twelve total reps.,165,new_pair_required,generated,true,current,No current physical pair exists for this logical Training Voice V2.1 cue.
target-sts-cushion-v21,target-sts-cushion-v21,clara,assets/audio/voice/clara/target-sts-cushion-v21.mp3,true,6d5908412775f7455f510a2b53a61703ca01f680094d9c78b2ccf09875d8a85c,1486,24703,44100,1,Aim for eight reps.,166,new_pair_required,generated,true,current,No current physical pair exists for this logical Training Voice V2.1 cue.
target-sts-cushion-v21,target-sts-cushion-v21,marcus,assets/audio/voice/marcus/target-sts-cushion-v21.mp3,true,a56e0286f29f2900efff368ce627f4fb9fa9006d05d8a207b9774c2c9d3bfcd1,1347,22613,44100,1,Aim for eight reps.,166,new_pair_required,generated,true,current,No current physical pair exists for this logical Training Voice V2.1 cue.
target-sts-power-v21,target-sts-power-v21,clara,assets/audio/voice/clara/target-sts-power-v21.mp3,true,7dee1f3b28a3e213e111c96efaa51ddbae248fb9606cf570c221439d46775951,1579,26375,44100,1,Aim for twelve reps.,167,new_pair_required,generated,true,current,No current physical pair exists for this logical Training Voice V2.1 cue.
target-sts-power-v21,target-sts-power-v21,marcus,assets/audio/voice/marcus/target-sts-power-v21.mp3,true,00f2336d9066778494c6ff34dc44f3feb528b308679fb52eb72e39320b5ed28a,1300,21777,44100,1,Aim for twelve reps.,167,new_pair_required,generated,true,current,No current physical pair exists for this logical Training Voice V2.1 cue.
target-sts-slow-eccentric-v21,target-sts-slow-eccentric-v21,clara,assets/audio/voice/clara/target-sts-slow-eccentric-v21.mp3,true,bbfbb1b649d74c8ba475e77f38bafd74dd999a596e0a249984071728e766bb14,1161,19688,44100,1,Aim for eight reps.,168,new_pair_required,generated,true,current,No current physical pair exists for this logical Training Voice V2.1 cue.
target-sts-slow-eccentric-v21,target-sts-slow-eccentric-v21,marcus,assets/audio/voice/marcus/target-sts-slow-eccentric-v21.mp3,true,3f5f870af4a810e33d67debd6d98fb62f45717ca8788efd04467c733a71d5d56,1393,23449,44100,1,Aim for eight reps.,168,new_pair_required,generated,true,current,No current physical pair exists for this logical Training Voice V2.1 cue.
target-sts-standard-v21,target-sts-standard-v21,clara,assets/audio/voice/clara/target-sts-standard-v21.mp3,true,1863aa485778d9ae4b9e7466f8b74d630cb62a8154f872e62c0e8301a24d1c55,1254,20942,44100,1,Aim for ten reps.,169,new_pair_required,generated,true,current,No current physical pair exists for this logical Training Voice V2.1 cue.
target-sts-standard-v21,target-sts-standard-v21,marcus,assets/audio/voice/marcus/target-sts-standard-v21.mp3,true,5a6aa0d2ca4db5ef696af22cb3a7947ab48cec503c90040e6f341b02048249e4,1347,22613,44100,1,Aim for ten reps.,169,new_pair_required,generated,true,current,No current physical pair exists for this logical Training Voice V2.1 cue.
target-supported-hip-flexor-stretch-v21,target-supported-hip-flexor-stretch-v21,clara,assets/audio/voice/clara/target-supported-hip-flexor-stretch-v21.mp3,true,a4cf5e3b6a5d10ff1b5c803d494ae5198c087c216f004961897da4519e727e76,1486,24703,44100,1,Hold for [duration].,170,new_pair_required,generated,true,current,No current physical pair exists for this logical Training Voice V2.1 cue.
target-supported-hip-flexor-stretch-v21,target-supported-hip-flexor-stretch-v21,marcus,assets/audio/voice/marcus/target-supported-hip-flexor-stretch-v21.mp3,true,0e21415713e0a73027955e009c9ae6d066748d356afa742b46d63e01b59cf22a,1440,24285,44100,1,Hold for [duration].,170,new_pair_required,generated,true,current,No current physical pair exists for this logical Training Voice V2.1 cue.
target-supported-side-step-v21,target-supported-side-step-v21,clara,assets/audio/voice/clara/target-supported-side-step-v21.mp3,true,81de8b8f94f33baa31fc9e4afa5c11cafca89ca5b397e15accabda71e9b8d80a,1625,27211,44100,1,Move for thirty seconds.,171,new_pair_required,generated,true,current,No current physical pair exists for this logical Training Voice V2.1 cue.
target-supported-side-step-v21,target-supported-side-step-v21,marcus,assets/audio/voice/marcus/target-supported-side-step-v21.mp3,true,ac9eaae1ea9d8d6a06293e859dd1dcf8d079e5e6f00fb6ed477e3dffa9989ed2,1486,24703,44100,1,Move for thirty seconds.,171,new_pair_required,generated,true,current,No current physical pair exists for this logical Training Voice V2.1 cue.
target-thoracic-rotation-v21,target-thoracic-rotation-v21,clara,assets/audio/voice/clara/target-thoracic-rotation-v21.mp3,true,eeb77c4ec32a324f76e5b980e1f44e435de39fc9e2d752e23f051c83e21e9977,1579,26375,44100,1,Move for thirty seconds.,172,new_pair_required,generated,true,current,No current physical pair exists for this logical Training Voice V2.1 cue.
target-thoracic-rotation-v21,target-thoracic-rotation-v21,marcus,assets/audio/voice/marcus/target-thoracic-rotation-v21.mp3,true,5b22a34e70b45742ab2a744946f62a0b5669ff9b7c9fc1c9a10528029fe3cd02,1486,24703,44100,1,Move for thirty seconds.,172,new_pair_required,generated,true,current,No current physical pair exists for this logical Training Voice V2.1 cue.
target-toe-raise-supported-v21,target-toe-raise-supported-v21,clara,assets/audio/voice/clara/target-toe-raise-supported-v21.mp3,true,afae77c844f1a3ac31d0b06c7b40a33dc29733df6b9170874f673299f68c9eb3,1625,27211,44100,1,Move for thirty seconds.,173,new_pair_required,generated,true,current,No current physical pair exists for this logical Training Voice V2.1 cue.
target-toe-raise-supported-v21,target-toe-raise-supported-v21,marcus,assets/audio/voice/marcus/target-toe-raise-supported-v21.mp3,true,c9caa0f6b3e4b814637b281b0a2bfa759bf42be5c0575e70907b7b16a8e60ab6,1300,21777,44100,1,Move for thirty seconds.,173,new_pair_required,generated,true,current,No current physical pair exists for this logical Training Voice V2.1 cue.
target-wall-calf-stretch-v21,target-wall-calf-stretch-v21,clara,assets/audio/voice/clara/target-wall-calf-stretch-v21.mp3,true,28e2bbd69e6a9801c7b4973f294f216001a8d9f085a5ec5d5f97074051c78181,1579,26375,44100,1,Hold for [duration].,174,new_pair_required,generated,true,current,No current physical pair exists for this logical Training Voice V2.1 cue.
target-wall-calf-stretch-v21,target-wall-calf-stretch-v21,marcus,assets/audio/voice/marcus/target-wall-calf-stretch-v21.mp3,true,8913e853f0106001a4e8e7bd97b6325d5c14330edbd5e30509be86a20d1da0c3,1440,24285,44100,1,Hold for [duration].,174,new_pair_required,generated,true,current,No current physical pair exists for this logical Training Voice V2.1 cue.
training-intro-v21,training-intro-v21,clara,assets/audio/voice/clara/training-intro-v21.mp3,true,880586c5b34c34ad6f46078ad593dee8296cd9a7c22230d13ec24f70e0b98c86,7059,114146,44100,1,"Time to train. I will guide the setup, work, and rests. Follow my voice and pause whenever you need.",175,existing_pair_script_mismatch,generated,true,current,"A physical candidate exists, but V2.1 requires a separate exact logical cue."
training-intro-v21,training-intro-v21,marcus,assets/audio/voice/marcus/training-intro-v21.mp3,true,b812c768e441357e944187bb63306e8c11a9703e1584c579a2cf9eb4d5767d25,7198,116236,44100,1,"Time to train. I will guide the setup, work, and rests. Follow my voice and pause whenever you need.",175,existing_pair_script_mismatch,generated,true,current,"A physical candidate exists, but V2.1 requires a separate exact logical cue."
training-skip-v21,training-skip-v21,clara,assets/audio/voice/clara/training-skip-v21.mp3,true,bfdfbcef4144389e95569da93f366bc0b3eb6a432721c6fc802831e90c20e071,1625,27211,44100,1,Skipped. Moving on.,176,existing_pair_script_mismatch,generated,true,current,"A physical candidate exists, but V2.1 requires a separate exact logical cue."
training-skip-v21,training-skip-v21,marcus,assets/audio/voice/marcus/training-skip-v21.mp3,true,f4770a410057776c8b7b9828dd033041080d2b1763e619a4a8d05143438aaa1f,1486,24703,44100,1,Skipped. Moving on.,176,existing_pair_script_mismatch,generated,true,current,"A physical candidate exists, but V2.1 requires a separate exact logical cue."
