scenarioId,variantId,voiceId,latencyProfile,eventIndex,eventId,controllerStateBefore,controllerStateAfter,eventScheduledAtMs,speakCalledAtMs,cueKeys,incomingPriority,voiceBusyBefore,currentPriority,audibleStartEstimatedAtMs,assetDurationMs,sequenceDurationMs,playbackEndEstimatedAtMs,completionCallbackAtMs,measurementStartsAtMs,measurementEndsAtMs,stateExitAtMs,outcome,timingMarginMs,staleAfterStateExit,userImpact,confidence,notes
"full_normal_mpv2_checkup_clara","full_normal_mpv2_checkup_clara:clara:L0:default","clara","L0","1","mpv2_entry_initial_intro","screen_mount","chair_setup","0","0","mpv2_checkup_intro;checkup-chair-stand-intro-v21;checkup-chair-stand-setup-v21","60","false","","0","14211","14211","14211","14211","","","","played_fully","","false","","confirmed_deterministic_model","Initial intro sequence; in normal path user waits for speech."
"full_normal_mpv2_checkup_clara","full_normal_mpv2_checkup_clara:clara:L0:default","clara","L0","2","chair_setup_confirmed_to_practice","chair_setup","chair_practice","14711","14711","mpv2_chair_practice_start","60","false","","14711","2972","2972","17683","17683","","","","played_fully","","false","","confirmed_deterministic_model",""
"full_normal_mpv2_checkup_clara","full_normal_mpv2_checkup_clara:clara:L0:default","clara","L0","3","chair_practice_completed_to_countdown","chair_practice","chair_countdown","19683","19683","mpv2_chair_official_ready","90","false","","19683","3483","3483","23166","23166","22683","","","played_fully","-483","false","chair active window starts without spoken go and before this cue ends","confirmed_deterministic_model","Internal countdown starts with this cue."
"full_normal_mpv2_checkup_clara","full_normal_mpv2_checkup_clara:clara:L0:default","clara","L0","4","chair_countdown_elapsed_to_active","chair_countdown","chair_active","22683","","","","true","90","","","","","","22683","","","not_emitted","","false","no countdown-three/two/one/go cue emitted","confirmed_source","Measurement starts from coordinator timer only."
"full_normal_mpv2_checkup_clara","full_normal_mpv2_checkup_clara:clara:L0:default","clara","L0","5","chair_deadline_to_balance_setup","chair_active","balance_setup","52683","52683","times-up-v21;checkup-balance-intro-v21;checkup-balance-single-leg-v21","100","false","","52683","9195","9195","61878","61878","","52683","","played_fully","","false","","confirmed_deterministic_model","Chair measurement stops independent of speech."
"full_normal_mpv2_checkup_clara","full_normal_mpv2_checkup_clara:clara:L0:default","clara","L0","6","balance_setup_confirmed_to_ready","balance_setup","balance_ready","62378","62378","mpv2_balance_attempt_start","60","false","","62378","4737","4737","67115","67115","","","","played_fully","","false","","confirmed_deterministic_model",""
"full_normal_mpv2_checkup_clara","full_normal_mpv2_checkup_clara:clara:L0:default","clara","L0","7","balance_lift_detected_to_trial","balance_ready","balance_trial","68115","68115","mpv2_balance_attempt_start","60","false","","68115","4737","4737","72852","72852","68115","","","played_fully","-4737","false","","confirmed_deterministic_model","Foot lift starts balance measurement."
"full_normal_mpv2_checkup_clara","full_normal_mpv2_checkup_clara:clara:L0:default","clara","L0","8","balance_valid_trial_to_rest","balance_trial","balance_rest","78115","78115","mpv2_balance_attempt_saved;mpv2_balance_rest","70","false","","78115","5573","5573","83688","83688","","78115","","played_fully","","false","","confirmed_deterministic_model",""
"full_normal_mpv2_checkup_clara","full_normal_mpv2_checkup_clara:clara:L0:default","clara","L0","9","balance_rest_ready_after_30","balance_rest","balance_ready","108115","108115","mpv2_balance_ready_after_30","70","false","","108115","2322","2322","110437","110437","","","","played_fully","","false","","confirmed_deterministic_model",""
"full_normal_mpv2_checkup_clara","full_normal_mpv2_checkup_clara:clara:L0:default","clara","L0","10","balance_user_accepted_best","balance_ready","shoulder_setup","111437","111437","mpv2_balance_use_best;mpv2_balance_complete","70","false","","111437","2926","2926","114363","114363","","","","played_fully","","false","","confirmed_deterministic_model",""
"full_normal_mpv2_checkup_clara","full_normal_mpv2_checkup_clara:clara:L0:default","clara","L0","11","shoulder_setup_confirmed_right","shoulder_setup","shoulder_ready","114863","114863","checkup-shoulder-turn-right-v21;checkup-shoulder-raise-right-v21;final-position-set-v21","60","false","","114863","8127","8127","122990","122990","","","","played_fully","","false","","confirmed_deterministic_model",""
"full_normal_mpv2_checkup_clara","full_normal_mpv2_checkup_clara:clara:L0:default","clara","L0","12","shoulder_capture_started","shoulder_ready","shoulder_active","123490","","","","false","","","","","","","123490","","","not_emitted","","false","","confirmed_source","Shoulder capture starts on button action; no active-start voice cue."
"full_normal_mpv2_checkup_clara","full_normal_mpv2_checkup_clara:clara:L0:default","clara","L0","13","shoulder_section_complete_to_hinge","shoulder_active","hinge_setup","132490","132490","item-complete-v21;checkup-hinge-setup-v21;final-position-set-v21","70","false","","132490","7106","7106","139596","139596","","132490","","played_fully","","false","","confirmed_deterministic_model",""
"full_normal_mpv2_checkup_clara","full_normal_mpv2_checkup_clara:clara:L0:default","clara","L0","14","hinge_capture_started","hinge_setup","hinge_active","140096","","","","false","","","","","","","140096","","","not_emitted","","false","","confirmed_source","Hinge capture starts on button action; no active-start voice cue."
"full_normal_mpv2_checkup_clara","full_normal_mpv2_checkup_clara:clara:L0:default","clara","L0","15","hinge_recorded_valid","hinge_active","raw_complete","149096","149096","mpv2_hinge_complete;checkup-complete-v21","70","false","","149096","3623","3623","152719","152719","","149096","153219","played_fully","","false","","confirmed_deterministic_model",""
"full_normal_mpv2_checkup_clara","full_normal_mpv2_checkup_clara:clara:L0:default","clara","L0","16","navigation_state_exit","raw_complete","unmounted","153219","","","","false","","","","","","","","","153219","not_applicable","","false","voice channel stopped and pending cues cleared","confirmed_source",""
"full_normal_mpv2_checkup_clara","full_normal_mpv2_checkup_clara:clara:L100:default","clara","L100","17","mpv2_entry_initial_intro","screen_mount","chair_setup","0","0","mpv2_checkup_intro;checkup-chair-stand-intro-v21;checkup-chair-stand-setup-v21","60","false","","100","14211","14811","14711","14811","","","","played_fully","","false","","confirmed_deterministic_model","Initial intro sequence; in normal path user waits for speech."
"full_normal_mpv2_checkup_clara","full_normal_mpv2_checkup_clara:clara:L100:default","clara","L100","18","chair_setup_confirmed_to_practice","chair_setup","chair_practice","15311","15311","mpv2_chair_practice_start","60","false","","15411","2972","3172","18383","18483","","","","played_fully","","false","","confirmed_deterministic_model",""
"full_normal_mpv2_checkup_clara","full_normal_mpv2_checkup_clara:clara:L100:default","clara","L100","19","chair_practice_completed_to_countdown","chair_practice","chair_countdown","20483","20483","mpv2_chair_official_ready","90","false","","20583","3483","3683","24066","24166","23483","","","played_fully","-583","false","chair active window starts without spoken go and before this cue ends","confirmed_deterministic_model","Internal countdown starts with this cue."
"full_normal_mpv2_checkup_clara","full_normal_mpv2_checkup_clara:clara:L100:default","clara","L100","20","chair_countdown_elapsed_to_active","chair_countdown","chair_active","23483","","","","true","90","","","","","","23483","","","not_emitted","","false","no countdown-three/two/one/go cue emitted","confirmed_source","Measurement starts from coordinator timer only."
"full_normal_mpv2_checkup_clara","full_normal_mpv2_checkup_clara:clara:L100:default","clara","L100","21","chair_deadline_to_balance_setup","chair_active","balance_setup","53483","53483","times-up-v21;checkup-balance-intro-v21;checkup-balance-single-leg-v21","100","false","","53583","9195","9795","63178","63278","","53483","","played_fully","","false","","confirmed_deterministic_model","Chair measurement stops independent of speech."
"full_normal_mpv2_checkup_clara","full_normal_mpv2_checkup_clara:clara:L100:default","clara","L100","22","balance_setup_confirmed_to_ready","balance_setup","balance_ready","63778","63778","mpv2_balance_attempt_start","60","false","","63878","4737","4937","68615","68715","","","","played_fully","","false","","confirmed_deterministic_model",""
"full_normal_mpv2_checkup_clara","full_normal_mpv2_checkup_clara:clara:L100:default","clara","L100","23","balance_lift_detected_to_trial","balance_ready","balance_trial","69715","69715","mpv2_balance_attempt_start","60","false","","69815","4737","4937","74552","74652","69715","","","played_fully","-4837","false","","confirmed_deterministic_model","Foot lift starts balance measurement."
"full_normal_mpv2_checkup_clara","full_normal_mpv2_checkup_clara:clara:L100:default","clara","L100","24","balance_valid_trial_to_rest","balance_trial","balance_rest","79715","79715","mpv2_balance_attempt_saved;mpv2_balance_rest","70","false","","79815","5573","5973","85588","85688","","79715","","played_fully","","false","","confirmed_deterministic_model",""
"full_normal_mpv2_checkup_clara","full_normal_mpv2_checkup_clara:clara:L100:default","clara","L100","25","balance_rest_ready_after_30","balance_rest","balance_ready","109715","109715","mpv2_balance_ready_after_30","70","false","","109815","2322","2522","112137","112237","","","","played_fully","","false","","confirmed_deterministic_model",""
"full_normal_mpv2_checkup_clara","full_normal_mpv2_checkup_clara:clara:L100:default","clara","L100","26","balance_user_accepted_best","balance_ready","shoulder_setup","113237","113237","mpv2_balance_use_best;mpv2_balance_complete","70","false","","113337","2926","3326","116463","116563","","","","played_fully","","false","","confirmed_deterministic_model",""
"full_normal_mpv2_checkup_clara","full_normal_mpv2_checkup_clara:clara:L100:default","clara","L100","27","shoulder_setup_confirmed_right","shoulder_setup","shoulder_ready","117063","117063","checkup-shoulder-turn-right-v21;checkup-shoulder-raise-right-v21;final-position-set-v21","60","false","","117163","8127","8727","125690","125790","","","","played_fully","","false","","confirmed_deterministic_model",""
"full_normal_mpv2_checkup_clara","full_normal_mpv2_checkup_clara:clara:L100:default","clara","L100","28","shoulder_capture_started","shoulder_ready","shoulder_active","126290","","","","false","","","","","","","126290","","","not_emitted","","false","","confirmed_source","Shoulder capture starts on button action; no active-start voice cue."
"full_normal_mpv2_checkup_clara","full_normal_mpv2_checkup_clara:clara:L100:default","clara","L100","29","shoulder_section_complete_to_hinge","shoulder_active","hinge_setup","135290","135290","item-complete-v21;checkup-hinge-setup-v21;final-position-set-v21","70","false","","135390","7106","7706","142896","142996","","135290","","played_fully","","false","","confirmed_deterministic_model",""
"full_normal_mpv2_checkup_clara","full_normal_mpv2_checkup_clara:clara:L100:default","clara","L100","30","hinge_capture_started","hinge_setup","hinge_active","143496","","","","false","","","","","","","143496","","","not_emitted","","false","","confirmed_source","Hinge capture starts on button action; no active-start voice cue."
"full_normal_mpv2_checkup_clara","full_normal_mpv2_checkup_clara:clara:L100:default","clara","L100","31","hinge_recorded_valid","hinge_active","raw_complete","152496","152496","mpv2_hinge_complete;checkup-complete-v21","70","false","","152596","3623","4023","156419","156519","","152496","157019","played_fully","","false","","confirmed_deterministic_model",""
"full_normal_mpv2_checkup_clara","full_normal_mpv2_checkup_clara:clara:L100:default","clara","L100","32","navigation_state_exit","raw_complete","unmounted","157019","","","","false","","","","","","","","","157019","not_applicable","","false","voice channel stopped and pending cues cleared","confirmed_source",""
"full_normal_mpv2_checkup_clara","full_normal_mpv2_checkup_clara:clara:L250:default","clara","L250","33","mpv2_entry_initial_intro","screen_mount","chair_setup","0","0","mpv2_checkup_intro;checkup-chair-stand-intro-v21;checkup-chair-stand-setup-v21","60","false","","250","14211","15711","15461","15711","","","","played_fully","","false","","confirmed_deterministic_model","Initial intro sequence; in normal path user waits for speech."
"full_normal_mpv2_checkup_clara","full_normal_mpv2_checkup_clara:clara:L250:default","clara","L250","34","chair_setup_confirmed_to_practice","chair_setup","chair_practice","16211","16211","mpv2_chair_practice_start","60","false","","16461","2972","3472","19433","19683","","","","played_fully","","false","","confirmed_deterministic_model",""
"full_normal_mpv2_checkup_clara","full_normal_mpv2_checkup_clara:clara:L250:default","clara","L250","35","chair_practice_completed_to_countdown","chair_practice","chair_countdown","21683","21683","mpv2_chair_official_ready","90","false","","21933","3483","3983","25416","25666","24683","","","played_fully","-733","false","chair active window starts without spoken go and before this cue ends","confirmed_deterministic_model","Internal countdown starts with this cue."
"full_normal_mpv2_checkup_clara","full_normal_mpv2_checkup_clara:clara:L250:default","clara","L250","36","chair_countdown_elapsed_to_active","chair_countdown","chair_active","24683","","","","true","90","","","","","","24683","","","not_emitted","","false","no countdown-three/two/one/go cue emitted","confirmed_source","Measurement starts from coordinator timer only."
"full_normal_mpv2_checkup_clara","full_normal_mpv2_checkup_clara:clara:L250:default","clara","L250","37","chair_deadline_to_balance_setup","chair_active","balance_setup","54683","54683","times-up-v21;checkup-balance-intro-v21;checkup-balance-single-leg-v21","100","false","","54933","9195","10695","65128","65378","","54683","","played_fully","","false","","confirmed_deterministic_model","Chair measurement stops independent of speech."
"full_normal_mpv2_checkup_clara","full_normal_mpv2_checkup_clara:clara:L250:default","clara","L250","38","balance_setup_confirmed_to_ready","balance_setup","balance_ready","65878","65878","mpv2_balance_attempt_start","60","false","","66128","4737","5237","70865","71115","","","","played_fully","","false","","confirmed_deterministic_model",""
"full_normal_mpv2_checkup_clara","full_normal_mpv2_checkup_clara:clara:L250:default","clara","L250","39","balance_lift_detected_to_trial","balance_ready","balance_trial","72115","72115","mpv2_balance_attempt_start","60","false","","72365","4737","5237","77102","77352","72115","","","played_fully","-4987","false","","confirmed_deterministic_model","Foot lift starts balance measurement."
"full_normal_mpv2_checkup_clara","full_normal_mpv2_checkup_clara:clara:L250:default","clara","L250","40","balance_valid_trial_to_rest","balance_trial","balance_rest","82115","82115","mpv2_balance_attempt_saved;mpv2_balance_rest","70","false","","82365","5573","6573","88438","88688","","82115","","played_fully","","false","","confirmed_deterministic_model",""
"full_normal_mpv2_checkup_clara","full_normal_mpv2_checkup_clara:clara:L250:default","clara","L250","41","balance_rest_ready_after_30","balance_rest","balance_ready","112115","112115","mpv2_balance_ready_after_30","70","false","","112365","2322","2822","114687","114937","","","","played_fully","","false","","confirmed_deterministic_model",""
"full_normal_mpv2_checkup_clara","full_normal_mpv2_checkup_clara:clara:L250:default","clara","L250","42","balance_user_accepted_best","balance_ready","shoulder_setup","115937","115937","mpv2_balance_use_best;mpv2_balance_complete","70","false","","116187","2926","3926","119613","119863","","","","played_fully","","false","","confirmed_deterministic_model",""
"full_normal_mpv2_checkup_clara","full_normal_mpv2_checkup_clara:clara:L250:default","clara","L250","43","shoulder_setup_confirmed_right","shoulder_setup","shoulder_ready","120363","120363","checkup-shoulder-turn-right-v21;checkup-shoulder-raise-right-v21;final-position-set-v21","60","false","","120613","8127","9627","129740","129990","","","","played_fully","","false","","confirmed_deterministic_model",""
"full_normal_mpv2_checkup_clara","full_normal_mpv2_checkup_clara:clara:L250:default","clara","L250","44","shoulder_capture_started","shoulder_ready","shoulder_active","130490","","","","false","","","","","","","130490","","","not_emitted","","false","","confirmed_source","Shoulder capture starts on button action; no active-start voice cue."
"full_normal_mpv2_checkup_clara","full_normal_mpv2_checkup_clara:clara:L250:default","clara","L250","45","shoulder_section_complete_to_hinge","shoulder_active","hinge_setup","139490","139490","item-complete-v21;checkup-hinge-setup-v21;final-position-set-v21","70","false","","139740","7106","8606","147846","148096","","139490","","played_fully","","false","","confirmed_deterministic_model",""
"full_normal_mpv2_checkup_clara","full_normal_mpv2_checkup_clara:clara:L250:default","clara","L250","46","hinge_capture_started","hinge_setup","hinge_active","148596","","","","false","","","","","","","148596","","","not_emitted","","false","","confirmed_source","Hinge capture starts on button action; no active-start voice cue."
"full_normal_mpv2_checkup_clara","full_normal_mpv2_checkup_clara:clara:L250:default","clara","L250","47","hinge_recorded_valid","hinge_active","raw_complete","157596","157596","mpv2_hinge_complete;checkup-complete-v21","70","false","","157846","3623","4623","161969","162219","","157596","162719","played_fully","","false","","confirmed_deterministic_model",""
"full_normal_mpv2_checkup_clara","full_normal_mpv2_checkup_clara:clara:L250:default","clara","L250","48","navigation_state_exit","raw_complete","unmounted","162719","","","","false","","","","","","","","","162719","not_applicable","","false","voice channel stopped and pending cues cleared","confirmed_source",""
"full_normal_mpv2_checkup_marcus","full_normal_mpv2_checkup_marcus:marcus:L0:default","marcus","L0","49","mpv2_entry_initial_intro","screen_mount","chair_setup","0","0","mpv2_checkup_intro;checkup-chair-stand-intro-v21;checkup-chair-stand-setup-v21","60","false","","0","14350","14350","14350","14350","","","","played_fully","","false","","confirmed_deterministic_model","Initial intro sequence; in normal path user waits for speech."
"full_normal_mpv2_checkup_marcus","full_normal_mpv2_checkup_marcus:marcus:L0:default","marcus","L0","50","chair_setup_confirmed_to_practice","chair_setup","chair_practice","14850","14850","mpv2_chair_practice_start","60","false","","14850","2694","2694","17544","17544","","","","played_fully","","false","","confirmed_deterministic_model",""
"full_normal_mpv2_checkup_marcus","full_normal_mpv2_checkup_marcus:marcus:L0:default","marcus","L0","51","chair_practice_completed_to_countdown","chair_practice","chair_countdown","19544","19544","mpv2_chair_official_ready","90","false","","19544","3622","3622","23166","23166","22544","","","played_fully","-622","false","chair active window starts without spoken go and before this cue ends","confirmed_deterministic_model","Internal countdown starts with this cue."
"full_normal_mpv2_checkup_marcus","full_normal_mpv2_checkup_marcus:marcus:L0:default","marcus","L0","52","chair_countdown_elapsed_to_active","chair_countdown","chair_active","22544","","","","true","90","","","","","","22544","","","not_emitted","","false","no countdown-three/two/one/go cue emitted","confirmed_source","Measurement starts from coordinator timer only."
"full_normal_mpv2_checkup_marcus","full_normal_mpv2_checkup_marcus:marcus:L0:default","marcus","L0","53","chair_deadline_to_balance_setup","chair_active","balance_setup","52544","52544","times-up-v21;checkup-balance-intro-v21;checkup-balance-single-leg-v21","100","false","","52544","9799","9799","62343","62343","","52544","","played_fully","","false","","confirmed_deterministic_model","Chair measurement stops independent of speech."
"full_normal_mpv2_checkup_marcus","full_normal_mpv2_checkup_marcus:marcus:L0:default","marcus","L0","54","balance_setup_confirmed_to_ready","balance_setup","balance_ready","62843","62843","mpv2_balance_attempt_start","60","false","","62843","4412","4412","67255","67255","","","","played_fully","","false","","confirmed_deterministic_model",""
"full_normal_mpv2_checkup_marcus","full_normal_mpv2_checkup_marcus:marcus:L0:default","marcus","L0","55","balance_lift_detected_to_trial","balance_ready","balance_trial","68255","68255","mpv2_balance_attempt_start","60","false","","68255","4412","4412","72667","72667","68255","","","played_fully","-4412","false","","confirmed_deterministic_model","Foot lift starts balance measurement."
"full_normal_mpv2_checkup_marcus","full_normal_mpv2_checkup_marcus:marcus:L0:default","marcus","L0","56","balance_valid_trial_to_rest","balance_trial","balance_rest","78255","78255","mpv2_balance_attempt_saved;mpv2_balance_rest","70","false","","78255","5573","5573","83828","83828","","78255","","played_fully","","false","","confirmed_deterministic_model",""
"full_normal_mpv2_checkup_marcus","full_normal_mpv2_checkup_marcus:marcus:L0:default","marcus","L0","57","balance_rest_ready_after_30","balance_rest","balance_ready","108255","108255","mpv2_balance_ready_after_30","70","false","","108255","2229","2229","110484","110484","","","","played_fully","","false","","confirmed_deterministic_model",""
"full_normal_mpv2_checkup_marcus","full_normal_mpv2_checkup_marcus:marcus:L0:default","marcus","L0","58","balance_user_accepted_best","balance_ready","shoulder_setup","111484","111484","mpv2_balance_use_best;mpv2_balance_complete","70","false","","111484","2554","2554","114038","114038","","","","played_fully","","false","","confirmed_deterministic_model",""
"full_normal_mpv2_checkup_marcus","full_normal_mpv2_checkup_marcus:marcus:L0:default","marcus","L0","59","shoulder_setup_confirmed_right","shoulder_setup","shoulder_ready","114538","114538","checkup-shoulder-turn-right-v21;checkup-shoulder-raise-right-v21;final-position-set-v21","60","false","","114538","7198","7198","121736","121736","","","","played_fully","","false","","confirmed_deterministic_model",""
"full_normal_mpv2_checkup_marcus","full_normal_mpv2_checkup_marcus:marcus:L0:default","marcus","L0","60","shoulder_capture_started","shoulder_ready","shoulder_active","122236","","","","false","","","","","","","122236","","","not_emitted","","false","","confirmed_source","Shoulder capture starts on button action; no active-start voice cue."
"full_normal_mpv2_checkup_marcus","full_normal_mpv2_checkup_marcus:marcus:L0:default","marcus","L0","61","shoulder_section_complete_to_hinge","shoulder_active","hinge_setup","131236","131236","item-complete-v21;checkup-hinge-setup-v21;final-position-set-v21","70","false","","131236","6640","6640","137876","137876","","131236","","played_fully","","false","","confirmed_deterministic_model",""
"full_normal_mpv2_checkup_marcus","full_normal_mpv2_checkup_marcus:marcus:L0:default","marcus","L0","62","hinge_capture_started","hinge_setup","hinge_active","138376","","","","false","","","","","","","138376","","","not_emitted","","false","","confirmed_source","Hinge capture starts on button action; no active-start voice cue."
"full_normal_mpv2_checkup_marcus","full_normal_mpv2_checkup_marcus:marcus:L0:default","marcus","L0","63","hinge_recorded_valid","hinge_active","raw_complete","147376","147376","mpv2_hinge_complete;checkup-complete-v21","70","false","","147376","3808","3808","151184","151184","","147376","151684","played_fully","","false","","confirmed_deterministic_model",""
"full_normal_mpv2_checkup_marcus","full_normal_mpv2_checkup_marcus:marcus:L0:default","marcus","L0","64","navigation_state_exit","raw_complete","unmounted","151684","","","","false","","","","","","","","","151684","not_applicable","","false","voice channel stopped and pending cues cleared","confirmed_source",""
"full_normal_mpv2_checkup_marcus","full_normal_mpv2_checkup_marcus:marcus:L100:default","marcus","L100","65","mpv2_entry_initial_intro","screen_mount","chair_setup","0","0","mpv2_checkup_intro;checkup-chair-stand-intro-v21;checkup-chair-stand-setup-v21","60","false","","100","14350","14950","14850","14950","","","","played_fully","","false","","confirmed_deterministic_model","Initial intro sequence; in normal path user waits for speech."
"full_normal_mpv2_checkup_marcus","full_normal_mpv2_checkup_marcus:marcus:L100:default","marcus","L100","66","chair_setup_confirmed_to_practice","chair_setup","chair_practice","15450","15450","mpv2_chair_practice_start","60","false","","15550","2694","2894","18244","18344","","","","played_fully","","false","","confirmed_deterministic_model",""
"full_normal_mpv2_checkup_marcus","full_normal_mpv2_checkup_marcus:marcus:L100:default","marcus","L100","67","chair_practice_completed_to_countdown","chair_practice","chair_countdown","20344","20344","mpv2_chair_official_ready","90","false","","20444","3622","3822","24066","24166","23344","","","played_fully","-722","false","chair active window starts without spoken go and before this cue ends","confirmed_deterministic_model","Internal countdown starts with this cue."
"full_normal_mpv2_checkup_marcus","full_normal_mpv2_checkup_marcus:marcus:L100:default","marcus","L100","68","chair_countdown_elapsed_to_active","chair_countdown","chair_active","23344","","","","true","90","","","","","","23344","","","not_emitted","","false","no countdown-three/two/one/go cue emitted","confirmed_source","Measurement starts from coordinator timer only."
"full_normal_mpv2_checkup_marcus","full_normal_mpv2_checkup_marcus:marcus:L100:default","marcus","L100","69","chair_deadline_to_balance_setup","chair_active","balance_setup","53344","53344","times-up-v21;checkup-balance-intro-v21;checkup-balance-single-leg-v21","100","false","","53444","9799","10399","63643","63743","","53344","","played_fully","","false","","confirmed_deterministic_model","Chair measurement stops independent of speech."
"full_normal_mpv2_checkup_marcus","full_normal_mpv2_checkup_marcus:marcus:L100:default","marcus","L100","70","balance_setup_confirmed_to_ready","balance_setup","balance_ready","64243","64243","mpv2_balance_attempt_start","60","false","","64343","4412","4612","68755","68855","","","","played_fully","","false","","confirmed_deterministic_model",""
"full_normal_mpv2_checkup_marcus","full_normal_mpv2_checkup_marcus:marcus:L100:default","marcus","L100","71","balance_lift_detected_to_trial","balance_ready","balance_trial","69855","69855","mpv2_balance_attempt_start","60","false","","69955","4412","4612","74367","74467","69855","","","played_fully","-4512","false","","confirmed_deterministic_model","Foot lift starts balance measurement."
"full_normal_mpv2_checkup_marcus","full_normal_mpv2_checkup_marcus:marcus:L100:default","marcus","L100","72","balance_valid_trial_to_rest","balance_trial","balance_rest","79855","79855","mpv2_balance_attempt_saved;mpv2_balance_rest","70","false","","79955","5573","5973","85728","85828","","79855","","played_fully","","false","","confirmed_deterministic_model",""
"full_normal_mpv2_checkup_marcus","full_normal_mpv2_checkup_marcus:marcus:L100:default","marcus","L100","73","balance_rest_ready_after_30","balance_rest","balance_ready","109855","109855","mpv2_balance_ready_after_30","70","false","","109955","2229","2429","112184","112284","","","","played_fully","","false","","confirmed_deterministic_model",""
"full_normal_mpv2_checkup_marcus","full_normal_mpv2_checkup_marcus:marcus:L100:default","marcus","L100","74","balance_user_accepted_best","balance_ready","shoulder_setup","113284","113284","mpv2_balance_use_best;mpv2_balance_complete","70","false","","113384","2554","2954","116138","116238","","","","played_fully","","false","","confirmed_deterministic_model",""
"full_normal_mpv2_checkup_marcus","full_normal_mpv2_checkup_marcus:marcus:L100:default","marcus","L100","75","shoulder_setup_confirmed_right","shoulder_setup","shoulder_ready","116738","116738","checkup-shoulder-turn-right-v21;checkup-shoulder-raise-right-v21;final-position-set-v21","60","false","","116838","7198","7798","124436","124536","","","","played_fully","","false","","confirmed_deterministic_model",""
"full_normal_mpv2_checkup_marcus","full_normal_mpv2_checkup_marcus:marcus:L100:default","marcus","L100","76","shoulder_capture_started","shoulder_ready","shoulder_active","125036","","","","false","","","","","","","125036","","","not_emitted","","false","","confirmed_source","Shoulder capture starts on button action; no active-start voice cue."
"full_normal_mpv2_checkup_marcus","full_normal_mpv2_checkup_marcus:marcus:L100:default","marcus","L100","77","shoulder_section_complete_to_hinge","shoulder_active","hinge_setup","134036","134036","item-complete-v21;checkup-hinge-setup-v21;final-position-set-v21","70","false","","134136","6640","7240","141176","141276","","134036","","played_fully","","false","","confirmed_deterministic_model",""
"full_normal_mpv2_checkup_marcus","full_normal_mpv2_checkup_marcus:marcus:L100:default","marcus","L100","78","hinge_capture_started","hinge_setup","hinge_active","141776","","","","false","","","","","","","141776","","","not_emitted","","false","","confirmed_source","Hinge capture starts on button action; no active-start voice cue."
"full_normal_mpv2_checkup_marcus","full_normal_mpv2_checkup_marcus:marcus:L100:default","marcus","L100","79","hinge_recorded_valid","hinge_active","raw_complete","150776","150776","mpv2_hinge_complete;checkup-complete-v21","70","false","","150876","3808","4208","154884","154984","","150776","155484","played_fully","","false","","confirmed_deterministic_model",""
"full_normal_mpv2_checkup_marcus","full_normal_mpv2_checkup_marcus:marcus:L100:default","marcus","L100","80","navigation_state_exit","raw_complete","unmounted","155484","","","","false","","","","","","","","","155484","not_applicable","","false","voice channel stopped and pending cues cleared","confirmed_source",""
"full_normal_mpv2_checkup_marcus","full_normal_mpv2_checkup_marcus:marcus:L250:default","marcus","L250","81","mpv2_entry_initial_intro","screen_mount","chair_setup","0","0","mpv2_checkup_intro;checkup-chair-stand-intro-v21;checkup-chair-stand-setup-v21","60","false","","250","14350","15850","15600","15850","","","","played_fully","","false","","confirmed_deterministic_model","Initial intro sequence; in normal path user waits for speech."
"full_normal_mpv2_checkup_marcus","full_normal_mpv2_checkup_marcus:marcus:L250:default","marcus","L250","82","chair_setup_confirmed_to_practice","chair_setup","chair_practice","16350","16350","mpv2_chair_practice_start","60","false","","16600","2694","3194","19294","19544","","","","played_fully","","false","","confirmed_deterministic_model",""
"full_normal_mpv2_checkup_marcus","full_normal_mpv2_checkup_marcus:marcus:L250:default","marcus","L250","83","chair_practice_completed_to_countdown","chair_practice","chair_countdown","21544","21544","mpv2_chair_official_ready","90","false","","21794","3622","4122","25416","25666","24544","","","played_fully","-872","false","chair active window starts without spoken go and before this cue ends","confirmed_deterministic_model","Internal countdown starts with this cue."
"full_normal_mpv2_checkup_marcus","full_normal_mpv2_checkup_marcus:marcus:L250:default","marcus","L250","84","chair_countdown_elapsed_to_active","chair_countdown","chair_active","24544","","","","true","90","","","","","","24544","","","not_emitted","","false","no countdown-three/two/one/go cue emitted","confirmed_source","Measurement starts from coordinator timer only."
"full_normal_mpv2_checkup_marcus","full_normal_mpv2_checkup_marcus:marcus:L250:default","marcus","L250","85","chair_deadline_to_balance_setup","chair_active","balance_setup","54544","54544","times-up-v21;checkup-balance-intro-v21;checkup-balance-single-leg-v21","100","false","","54794","9799","11299","65593","65843","","54544","","played_fully","","false","","confirmed_deterministic_model","Chair measurement stops independent of speech."
"full_normal_mpv2_checkup_marcus","full_normal_mpv2_checkup_marcus:marcus:L250:default","marcus","L250","86","balance_setup_confirmed_to_ready","balance_setup","balance_ready","66343","66343","mpv2_balance_attempt_start","60","false","","66593","4412","4912","71005","71255","","","","played_fully","","false","","confirmed_deterministic_model",""
"full_normal_mpv2_checkup_marcus","full_normal_mpv2_checkup_marcus:marcus:L250:default","marcus","L250","87","balance_lift_detected_to_trial","balance_ready","balance_trial","72255","72255","mpv2_balance_attempt_start","60","false","","72505","4412","4912","76917","77167","72255","","","played_fully","-4662","false","","confirmed_deterministic_model","Foot lift starts balance measurement."
"full_normal_mpv2_checkup_marcus","full_normal_mpv2_checkup_marcus:marcus:L250:default","marcus","L250","88","balance_valid_trial_to_rest","balance_trial","balance_rest","82255","82255","mpv2_balance_attempt_saved;mpv2_balance_rest","70","false","","82505","5573","6573","88578","88828","","82255","","played_fully","","false","","confirmed_deterministic_model",""
"full_normal_mpv2_checkup_marcus","full_normal_mpv2_checkup_marcus:marcus:L250:default","marcus","L250","89","balance_rest_ready_after_30","balance_rest","balance_ready","112255","112255","mpv2_balance_ready_after_30","70","false","","112505","2229","2729","114734","114984","","","","played_fully","","false","","confirmed_deterministic_model",""
"full_normal_mpv2_checkup_marcus","full_normal_mpv2_checkup_marcus:marcus:L250:default","marcus","L250","90","balance_user_accepted_best","balance_ready","shoulder_setup","115984","115984","mpv2_balance_use_best;mpv2_balance_complete","70","false","","116234","2554","3554","119288","119538","","","","played_fully","","false","","confirmed_deterministic_model",""
"full_normal_mpv2_checkup_marcus","full_normal_mpv2_checkup_marcus:marcus:L250:default","marcus","L250","91","shoulder_setup_confirmed_right","shoulder_setup","shoulder_ready","120038","120038","checkup-shoulder-turn-right-v21;checkup-shoulder-raise-right-v21;final-position-set-v21","60","false","","120288","7198","8698","128486","128736","","","","played_fully","","false","","confirmed_deterministic_model",""
"full_normal_mpv2_checkup_marcus","full_normal_mpv2_checkup_marcus:marcus:L250:default","marcus","L250","92","shoulder_capture_started","shoulder_ready","shoulder_active","129236","","","","false","","","","","","","129236","","","not_emitted","","false","","confirmed_source","Shoulder capture starts on button action; no active-start voice cue."
"full_normal_mpv2_checkup_marcus","full_normal_mpv2_checkup_marcus:marcus:L250:default","marcus","L250","93","shoulder_section_complete_to_hinge","shoulder_active","hinge_setup","138236","138236","item-complete-v21;checkup-hinge-setup-v21;final-position-set-v21","70","false","","138486","6640","8140","146126","146376","","138236","","played_fully","","false","","confirmed_deterministic_model",""
"full_normal_mpv2_checkup_marcus","full_normal_mpv2_checkup_marcus:marcus:L250:default","marcus","L250","94","hinge_capture_started","hinge_setup","hinge_active","146876","","","","false","","","","","","","146876","","","not_emitted","","false","","confirmed_source","Hinge capture starts on button action; no active-start voice cue."
"full_normal_mpv2_checkup_marcus","full_normal_mpv2_checkup_marcus:marcus:L250:default","marcus","L250","95","hinge_recorded_valid","hinge_active","raw_complete","155876","155876","mpv2_hinge_complete;checkup-complete-v21","70","false","","156126","3808","4808","160434","160684","","155876","161184","played_fully","","false","","confirmed_deterministic_model",""
"full_normal_mpv2_checkup_marcus","full_normal_mpv2_checkup_marcus:marcus:L250:default","marcus","L250","96","navigation_state_exit","raw_complete","unmounted","161184","","","","false","","","","","","","","","161184","not_applicable","","false","voice channel stopped and pending cues cleared","confirmed_source",""
"chair_practice_to_official_attempt","chair_practice_to_official_attempt:clara:L0:immediate","clara","L0","97","chair_setup_confirmed_to_practice","chair_setup","chair_practice","0","0","mpv2_chair_practice_start","60","false","","0","2972","2972","0","0","","","","played_partially_then_interrupted","","false","","confirmed_deterministic_model","Interrupted by chair_practice_completed_to_countdown at 0ms."
"chair_practice_to_official_attempt","chair_practice_to_official_attempt:clara:L0:immediate","clara","L0","98","chair_practice_completed_to_countdown","chair_practice","chair_countdown","0","0","mpv2_chair_official_ready","90","true","60","0","3483","3483","3483","3483","3000","","","played_fully","-483","false","official 30-second measurement starts without an audible go and before ready cue end","confirmed_deterministic_model","Practice can complete while the practice cue is still playing."
"chair_practice_to_official_attempt","chair_practice_to_official_attempt:clara:L0:immediate","clara","L0","99","chair_countdown_elapsed_to_active","chair_countdown","chair_active","3000","","","","true","90","","","","","","3000","","","not_emitted","","false","missing audible start signal","confirmed_source","No countdown-three/two/one/go emitted by current MPV2."
"chair_practice_to_official_attempt","chair_practice_to_official_attempt:clara:L0:after_250ms","clara","L0","100","chair_setup_confirmed_to_practice","chair_setup","chair_practice","0","0","mpv2_chair_practice_start","60","false","","0","2972","2972","250","250","","","","played_partially_then_interrupted","","false","","confirmed_deterministic_model","Interrupted by chair_practice_completed_to_countdown at 250ms."
"chair_practice_to_official_attempt","chair_practice_to_official_attempt:clara:L0:after_250ms","clara","L0","101","chair_practice_completed_to_countdown","chair_practice","chair_countdown","250","250","mpv2_chair_official_ready","90","true","60","250","3483","3483","3733","3733","3250","","","played_fully","-483","false","official 30-second measurement starts without an audible go and before ready cue end","confirmed_deterministic_model","Practice can complete while the practice cue is still playing."
"chair_practice_to_official_attempt","chair_practice_to_official_attempt:clara:L0:after_250ms","clara","L0","102","chair_countdown_elapsed_to_active","chair_countdown","chair_active","3250","","","","true","90","","","","","","3250","","","not_emitted","","false","missing audible start signal","confirmed_source","No countdown-three/two/one/go emitted by current MPV2."
"chair_practice_to_official_attempt","chair_practice_to_official_attempt:clara:L0:after_current_speech","clara","L0","103","chair_setup_confirmed_to_practice","chair_setup","chair_practice","0","0","mpv2_chair_practice_start","60","false","","0","2972","2972","2972","2972","","","","played_fully","","false","","confirmed_deterministic_model",""
"chair_practice_to_official_attempt","chair_practice_to_official_attempt:clara:L0:after_current_speech","clara","L0","104","chair_practice_completed_to_countdown","chair_practice","chair_countdown","3472","3472","mpv2_chair_official_ready","90","false","","3472","3483","3483","6955","6955","6472","","","played_fully","-483","false","official 30-second measurement starts without an audible go and before ready cue end","confirmed_deterministic_model","Practice can complete while the practice cue is still playing."
"chair_practice_to_official_attempt","chair_practice_to_official_attempt:clara:L0:after_current_speech","clara","L0","105","chair_countdown_elapsed_to_active","chair_countdown","chair_active","6472","","","","true","90","","","","","","6472","","","not_emitted","","false","missing audible start signal","confirmed_source","No countdown-three/two/one/go emitted by current MPV2."
"chair_practice_to_official_attempt","chair_practice_to_official_attempt:clara:L100:immediate","clara","L100","106","chair_setup_confirmed_to_practice","chair_setup","chair_practice","0","0","mpv2_chair_practice_start","60","false","","100","2972","3172","0","0","","","","played_partially_then_interrupted","","false","","confirmed_deterministic_model","Interrupted by chair_practice_completed_to_countdown at 0ms."
"chair_practice_to_official_attempt","chair_practice_to_official_attempt:clara:L100:immediate","clara","L100","107","chair_practice_completed_to_countdown","chair_practice","chair_countdown","0","0","mpv2_chair_official_ready","90","true","60","100","3483","3683","3583","3683","3000","","","played_fully","-583","false","official 30-second measurement starts without an audible go and before ready cue end","confirmed_deterministic_model","Practice can complete while the practice cue is still playing."
"chair_practice_to_official_attempt","chair_practice_to_official_attempt:clara:L100:immediate","clara","L100","108","chair_countdown_elapsed_to_active","chair_countdown","chair_active","3000","","","","true","90","","","","","","3000","","","not_emitted","","false","missing audible start signal","confirmed_source","No countdown-three/two/one/go emitted by current MPV2."
"chair_practice_to_official_attempt","chair_practice_to_official_attempt:clara:L100:after_250ms","clara","L100","109","chair_setup_confirmed_to_practice","chair_setup","chair_practice","0","0","mpv2_chair_practice_start","60","false","","100","2972","3172","250","250","","","","played_partially_then_interrupted","","false","","confirmed_deterministic_model","Interrupted by chair_practice_completed_to_countdown at 250ms."
"chair_practice_to_official_attempt","chair_practice_to_official_attempt:clara:L100:after_250ms","clara","L100","110","chair_practice_completed_to_countdown","chair_practice","chair_countdown","250","250","mpv2_chair_official_ready","90","true","60","350","3483","3683","3833","3933","3250","","","played_fully","-583","false","official 30-second measurement starts without an audible go and before ready cue end","confirmed_deterministic_model","Practice can complete while the practice cue is still playing."
"chair_practice_to_official_attempt","chair_practice_to_official_attempt:clara:L100:after_250ms","clara","L100","111","chair_countdown_elapsed_to_active","chair_countdown","chair_active","3250","","","","true","90","","","","","","3250","","","not_emitted","","false","missing audible start signal","confirmed_source","No countdown-three/two/one/go emitted by current MPV2."
"chair_practice_to_official_attempt","chair_practice_to_official_attempt:clara:L100:after_current_speech","clara","L100","112","chair_setup_confirmed_to_practice","chair_setup","chair_practice","0","0","mpv2_chair_practice_start","60","false","","100","2972","3172","3072","3172","","","","played_fully","","false","","confirmed_deterministic_model",""
"chair_practice_to_official_attempt","chair_practice_to_official_attempt:clara:L100:after_current_speech","clara","L100","113","chair_practice_completed_to_countdown","chair_practice","chair_countdown","3672","3672","mpv2_chair_official_ready","90","false","","3772","3483","3683","7255","7355","6672","","","played_fully","-583","false","official 30-second measurement starts without an audible go and before ready cue end","confirmed_deterministic_model","Practice can complete while the practice cue is still playing."
"chair_practice_to_official_attempt","chair_practice_to_official_attempt:clara:L100:after_current_speech","clara","L100","114","chair_countdown_elapsed_to_active","chair_countdown","chair_active","6672","","","","true","90","","","","","","6672","","","not_emitted","","false","missing audible start signal","confirmed_source","No countdown-three/two/one/go emitted by current MPV2."
"chair_practice_to_official_attempt","chair_practice_to_official_attempt:clara:L250:immediate","clara","L250","115","chair_setup_confirmed_to_practice","chair_setup","chair_practice","0","0","mpv2_chair_practice_start","60","false","","250","2972","3472","0","0","","","","played_partially_then_interrupted","","false","","confirmed_deterministic_model","Interrupted by chair_practice_completed_to_countdown at 0ms."
"chair_practice_to_official_attempt","chair_practice_to_official_attempt:clara:L250:immediate","clara","L250","116","chair_practice_completed_to_countdown","chair_practice","chair_countdown","0","0","mpv2_chair_official_ready","90","true","60","250","3483","3983","3733","3983","3000","","","played_fully","-733","false","official 30-second measurement starts without an audible go and before ready cue end","confirmed_deterministic_model","Practice can complete while the practice cue is still playing."
"chair_practice_to_official_attempt","chair_practice_to_official_attempt:clara:L250:immediate","clara","L250","117","chair_countdown_elapsed_to_active","chair_countdown","chair_active","3000","","","","true","90","","","","","","3000","","","not_emitted","","false","missing audible start signal","confirmed_source","No countdown-three/two/one/go emitted by current MPV2."
"chair_practice_to_official_attempt","chair_practice_to_official_attempt:clara:L250:after_250ms","clara","L250","118","chair_setup_confirmed_to_practice","chair_setup","chair_practice","0","0","mpv2_chair_practice_start","60","false","","250","2972","3472","250","250","","","","played_partially_then_interrupted","","false","","confirmed_deterministic_model","Interrupted by chair_practice_completed_to_countdown at 250ms."
"chair_practice_to_official_attempt","chair_practice_to_official_attempt:clara:L250:after_250ms","clara","L250","119","chair_practice_completed_to_countdown","chair_practice","chair_countdown","250","250","mpv2_chair_official_ready","90","true","60","500","3483","3983","3983","4233","3250","","","played_fully","-733","false","official 30-second measurement starts without an audible go and before ready cue end","confirmed_deterministic_model","Practice can complete while the practice cue is still playing."
"chair_practice_to_official_attempt","chair_practice_to_official_attempt:clara:L250:after_250ms","clara","L250","120","chair_countdown_elapsed_to_active","chair_countdown","chair_active","3250","","","","true","90","","","","","","3250","","","not_emitted","","false","missing audible start signal","confirmed_source","No countdown-three/two/one/go emitted by current MPV2."
"chair_practice_to_official_attempt","chair_practice_to_official_attempt:clara:L250:after_current_speech","clara","L250","121","chair_setup_confirmed_to_practice","chair_setup","chair_practice","0","0","mpv2_chair_practice_start","60","false","","250","2972","3472","3222","3472","","","","played_fully","","false","","confirmed_deterministic_model",""
"chair_practice_to_official_attempt","chair_practice_to_official_attempt:clara:L250:after_current_speech","clara","L250","122","chair_practice_completed_to_countdown","chair_practice","chair_countdown","3972","3972","mpv2_chair_official_ready","90","false","","4222","3483","3983","7705","7955","6972","","","played_fully","-733","false","official 30-second measurement starts without an audible go and before ready cue end","confirmed_deterministic_model","Practice can complete while the practice cue is still playing."
"chair_practice_to_official_attempt","chair_practice_to_official_attempt:clara:L250:after_current_speech","clara","L250","123","chair_countdown_elapsed_to_active","chair_countdown","chair_active","6972","","","","true","90","","","","","","6972","","","not_emitted","","false","missing audible start signal","confirmed_source","No countdown-three/two/one/go emitted by current MPV2."
"chair_practice_to_official_attempt","chair_practice_to_official_attempt:marcus:L0:immediate","marcus","L0","124","chair_setup_confirmed_to_practice","chair_setup","chair_practice","0","0","mpv2_chair_practice_start","60","false","","0","2694","2694","0","0","","","","played_partially_then_interrupted","","false","","confirmed_deterministic_model","Interrupted by chair_practice_completed_to_countdown at 0ms."
"chair_practice_to_official_attempt","chair_practice_to_official_attempt:marcus:L0:immediate","marcus","L0","125","chair_practice_completed_to_countdown","chair_practice","chair_countdown","0","0","mpv2_chair_official_ready","90","true","60","0","3622","3622","3622","3622","3000","","","played_fully","-622","false","official 30-second measurement starts without an audible go and before ready cue end","confirmed_deterministic_model","Practice can complete while the practice cue is still playing."
"chair_practice_to_official_attempt","chair_practice_to_official_attempt:marcus:L0:immediate","marcus","L0","126","chair_countdown_elapsed_to_active","chair_countdown","chair_active","3000","","","","true","90","","","","","","3000","","","not_emitted","","false","missing audible start signal","confirmed_source","No countdown-three/two/one/go emitted by current MPV2."
"chair_practice_to_official_attempt","chair_practice_to_official_attempt:marcus:L0:after_250ms","marcus","L0","127","chair_setup_confirmed_to_practice","chair_setup","chair_practice","0","0","mpv2_chair_practice_start","60","false","","0","2694","2694","250","250","","","","played_partially_then_interrupted","","false","","confirmed_deterministic_model","Interrupted by chair_practice_completed_to_countdown at 250ms."
"chair_practice_to_official_attempt","chair_practice_to_official_attempt:marcus:L0:after_250ms","marcus","L0","128","chair_practice_completed_to_countdown","chair_practice","chair_countdown","250","250","mpv2_chair_official_ready","90","true","60","250","3622","3622","3872","3872","3250","","","played_fully","-622","false","official 30-second measurement starts without an audible go and before ready cue end","confirmed_deterministic_model","Practice can complete while the practice cue is still playing."
"chair_practice_to_official_attempt","chair_practice_to_official_attempt:marcus:L0:after_250ms","marcus","L0","129","chair_countdown_elapsed_to_active","chair_countdown","chair_active","3250","","","","true","90","","","","","","3250","","","not_emitted","","false","missing audible start signal","confirmed_source","No countdown-three/two/one/go emitted by current MPV2."
"chair_practice_to_official_attempt","chair_practice_to_official_attempt:marcus:L0:after_current_speech","marcus","L0","130","chair_setup_confirmed_to_practice","chair_setup","chair_practice","0","0","mpv2_chair_practice_start","60","false","","0","2694","2694","2694","2694","","","","played_fully","","false","","confirmed_deterministic_model",""
"chair_practice_to_official_attempt","chair_practice_to_official_attempt:marcus:L0:after_current_speech","marcus","L0","131","chair_practice_completed_to_countdown","chair_practice","chair_countdown","3194","3194","mpv2_chair_official_ready","90","false","","3194","3622","3622","6816","6816","6194","","","played_fully","-622","false","official 30-second measurement starts without an audible go and before ready cue end","confirmed_deterministic_model","Practice can complete while the practice cue is still playing."
"chair_practice_to_official_attempt","chair_practice_to_official_attempt:marcus:L0:after_current_speech","marcus","L0","132","chair_countdown_elapsed_to_active","chair_countdown","chair_active","6194","","","","true","90","","","","","","6194","","","not_emitted","","false","missing audible start signal","confirmed_source","No countdown-three/two/one/go emitted by current MPV2."
"chair_practice_to_official_attempt","chair_practice_to_official_attempt:marcus:L100:immediate","marcus","L100","133","chair_setup_confirmed_to_practice","chair_setup","chair_practice","0","0","mpv2_chair_practice_start","60","false","","100","2694","2894","0","0","","","","played_partially_then_interrupted","","false","","confirmed_deterministic_model","Interrupted by chair_practice_completed_to_countdown at 0ms."
"chair_practice_to_official_attempt","chair_practice_to_official_attempt:marcus:L100:immediate","marcus","L100","134","chair_practice_completed_to_countdown","chair_practice","chair_countdown","0","0","mpv2_chair_official_ready","90","true","60","100","3622","3822","3722","3822","3000","","","played_fully","-722","false","official 30-second measurement starts without an audible go and before ready cue end","confirmed_deterministic_model","Practice can complete while the practice cue is still playing."
"chair_practice_to_official_attempt","chair_practice_to_official_attempt:marcus:L100:immediate","marcus","L100","135","chair_countdown_elapsed_to_active","chair_countdown","chair_active","3000","","","","true","90","","","","","","3000","","","not_emitted","","false","missing audible start signal","confirmed_source","No countdown-three/two/one/go emitted by current MPV2."
"chair_practice_to_official_attempt","chair_practice_to_official_attempt:marcus:L100:after_250ms","marcus","L100","136","chair_setup_confirmed_to_practice","chair_setup","chair_practice","0","0","mpv2_chair_practice_start","60","false","","100","2694","2894","250","250","","","","played_partially_then_interrupted","","false","","confirmed_deterministic_model","Interrupted by chair_practice_completed_to_countdown at 250ms."
"chair_practice_to_official_attempt","chair_practice_to_official_attempt:marcus:L100:after_250ms","marcus","L100","137","chair_practice_completed_to_countdown","chair_practice","chair_countdown","250","250","mpv2_chair_official_ready","90","true","60","350","3622","3822","3972","4072","3250","","","played_fully","-722","false","official 30-second measurement starts without an audible go and before ready cue end","confirmed_deterministic_model","Practice can complete while the practice cue is still playing."
"chair_practice_to_official_attempt","chair_practice_to_official_attempt:marcus:L100:after_250ms","marcus","L100","138","chair_countdown_elapsed_to_active","chair_countdown","chair_active","3250","","","","true","90","","","","","","3250","","","not_emitted","","false","missing audible start signal","confirmed_source","No countdown-three/two/one/go emitted by current MPV2."
"chair_practice_to_official_attempt","chair_practice_to_official_attempt:marcus:L100:after_current_speech","marcus","L100","139","chair_setup_confirmed_to_practice","chair_setup","chair_practice","0","0","mpv2_chair_practice_start","60","false","","100","2694","2894","2794","2894","","","","played_fully","","false","","confirmed_deterministic_model",""
"chair_practice_to_official_attempt","chair_practice_to_official_attempt:marcus:L100:after_current_speech","marcus","L100","140","chair_practice_completed_to_countdown","chair_practice","chair_countdown","3394","3394","mpv2_chair_official_ready","90","false","","3494","3622","3822","7116","7216","6394","","","played_fully","-722","false","official 30-second measurement starts without an audible go and before ready cue end","confirmed_deterministic_model","Practice can complete while the practice cue is still playing."
"chair_practice_to_official_attempt","chair_practice_to_official_attempt:marcus:L100:after_current_speech","marcus","L100","141","chair_countdown_elapsed_to_active","chair_countdown","chair_active","6394","","","","true","90","","","","","","6394","","","not_emitted","","false","missing audible start signal","confirmed_source","No countdown-three/two/one/go emitted by current MPV2."
"chair_practice_to_official_attempt","chair_practice_to_official_attempt:marcus:L250:immediate","marcus","L250","142","chair_setup_confirmed_to_practice","chair_setup","chair_practice","0","0","mpv2_chair_practice_start","60","false","","250","2694","3194","0","0","","","","played_partially_then_interrupted","","false","","confirmed_deterministic_model","Interrupted by chair_practice_completed_to_countdown at 0ms."
"chair_practice_to_official_attempt","chair_practice_to_official_attempt:marcus:L250:immediate","marcus","L250","143","chair_practice_completed_to_countdown","chair_practice","chair_countdown","0","0","mpv2_chair_official_ready","90","true","60","250","3622","4122","3872","4122","3000","","","played_fully","-872","false","official 30-second measurement starts without an audible go and before ready cue end","confirmed_deterministic_model","Practice can complete while the practice cue is still playing."
"chair_practice_to_official_attempt","chair_practice_to_official_attempt:marcus:L250:immediate","marcus","L250","144","chair_countdown_elapsed_to_active","chair_countdown","chair_active","3000","","","","true","90","","","","","","3000","","","not_emitted","","false","missing audible start signal","confirmed_source","No countdown-three/two/one/go emitted by current MPV2."
"chair_practice_to_official_attempt","chair_practice_to_official_attempt:marcus:L250:after_250ms","marcus","L250","145","chair_setup_confirmed_to_practice","chair_setup","chair_practice","0","0","mpv2_chair_practice_start","60","false","","250","2694","3194","250","250","","","","played_partially_then_interrupted","","false","","confirmed_deterministic_model","Interrupted by chair_practice_completed_to_countdown at 250ms."
"chair_practice_to_official_attempt","chair_practice_to_official_attempt:marcus:L250:after_250ms","marcus","L250","146","chair_practice_completed_to_countdown","chair_practice","chair_countdown","250","250","mpv2_chair_official_ready","90","true","60","500","3622","4122","4122","4372","3250","","","played_fully","-872","false","official 30-second measurement starts without an audible go and before ready cue end","confirmed_deterministic_model","Practice can complete while the practice cue is still playing."
"chair_practice_to_official_attempt","chair_practice_to_official_attempt:marcus:L250:after_250ms","marcus","L250","147","chair_countdown_elapsed_to_active","chair_countdown","chair_active","3250","","","","true","90","","","","","","3250","","","not_emitted","","false","missing audible start signal","confirmed_source","No countdown-three/two/one/go emitted by current MPV2."
"chair_practice_to_official_attempt","chair_practice_to_official_attempt:marcus:L250:after_current_speech","marcus","L250","148","chair_setup_confirmed_to_practice","chair_setup","chair_practice","0","0","mpv2_chair_practice_start","60","false","","250","2694","3194","2944","3194","","","","played_fully","","false","","confirmed_deterministic_model",""
"chair_practice_to_official_attempt","chair_practice_to_official_attempt:marcus:L250:after_current_speech","marcus","L250","149","chair_practice_completed_to_countdown","chair_practice","chair_countdown","3694","3694","mpv2_chair_official_ready","90","false","","3944","3622","4122","7566","7816","6694","","","played_fully","-872","false","official 30-second measurement starts without an audible go and before ready cue end","confirmed_deterministic_model","Practice can complete while the practice cue is still playing."
"chair_practice_to_official_attempt","chair_practice_to_official_attempt:marcus:L250:after_current_speech","marcus","L250","150","chair_countdown_elapsed_to_active","chair_countdown","chair_active","6694","","","","true","90","","","","","","6694","","","not_emitted","","false","missing audible start signal","confirmed_source","No countdown-three/two/one/go emitted by current MPV2."
"balance_valid_attempt_rest_next_attempt","balance_valid_attempt_rest_next_attempt:clara:L0:default","clara","L0","151","balance_setup_confirmed_to_ready","balance_setup","balance_ready","0","0","mpv2_balance_attempt_start","60","false","","0","4737","4737","4737","4737","","","","played_fully","","false","","confirmed_deterministic_model",""
"balance_valid_attempt_rest_next_attempt","balance_valid_attempt_rest_next_attempt:clara:L0:default","clara","L0","152","balance_lift_detected_to_trial","balance_ready","balance_trial","250","250","mpv2_balance_attempt_start","60","true","60","","","","","","250","","","dropped_equal_priority","","false","incoming cue not heard because the channel is busy","confirmed_deterministic_model","Same cue can be emitted from ready and trial transitions; dedupe key differs by stage/attempt."
"balance_valid_attempt_rest_next_attempt","balance_valid_attempt_rest_next_attempt:clara:L0:default","clara","L0","153","balance_valid_trial_to_rest","balance_trial","balance_rest","10000","10000","mpv2_balance_attempt_saved;mpv2_balance_rest","70","false","","10000","5573","5573","15573","15573","","10000","","played_fully","","false","","confirmed_deterministic_model",""
"balance_valid_attempt_rest_next_attempt","balance_valid_attempt_rest_next_attempt:clara:L0:default","clara","L0","154","balance_rest_ready_after_30","balance_rest","balance_ready","40000","40000","mpv2_balance_ready_after_30","70","false","","40000","2322","2322","42322","42322","","","","played_fully","","false","","confirmed_deterministic_model",""
"balance_valid_attempt_rest_next_attempt","balance_valid_attempt_rest_next_attempt:clara:L100:default","clara","L100","155","balance_setup_confirmed_to_ready","balance_setup","balance_ready","0","0","mpv2_balance_attempt_start","60","false","","100","4737","4937","4837","4937","","","","played_fully","","false","","confirmed_deterministic_model",""
"balance_valid_attempt_rest_next_attempt","balance_valid_attempt_rest_next_attempt:clara:L100:default","clara","L100","156","balance_lift_detected_to_trial","balance_ready","balance_trial","250","250","mpv2_balance_attempt_start","60","true","60","","","","","","250","","","dropped_equal_priority","","false","incoming cue not heard because the channel is busy","confirmed_deterministic_model","Same cue can be emitted from ready and trial transitions; dedupe key differs by stage/attempt."
"balance_valid_attempt_rest_next_attempt","balance_valid_attempt_rest_next_attempt:clara:L100:default","clara","L100","157","balance_valid_trial_to_rest","balance_trial","balance_rest","10000","10000","mpv2_balance_attempt_saved;mpv2_balance_rest","70","false","","10100","5573","5973","15873","15973","","10000","","played_fully","","false","","confirmed_deterministic_model",""
"balance_valid_attempt_rest_next_attempt","balance_valid_attempt_rest_next_attempt:clara:L100:default","clara","L100","158","balance_rest_ready_after_30","balance_rest","balance_ready","40000","40000","mpv2_balance_ready_after_30","70","false","","40100","2322","2522","42422","42522","","","","played_fully","","false","","confirmed_deterministic_model",""
"balance_valid_attempt_rest_next_attempt","balance_valid_attempt_rest_next_attempt:clara:L250:default","clara","L250","159","balance_setup_confirmed_to_ready","balance_setup","balance_ready","0","0","mpv2_balance_attempt_start","60","false","","250","4737","5237","4987","5237","","","","played_fully","","false","","confirmed_deterministic_model",""
"balance_valid_attempt_rest_next_attempt","balance_valid_attempt_rest_next_attempt:clara:L250:default","clara","L250","160","balance_lift_detected_to_trial","balance_ready","balance_trial","250","250","mpv2_balance_attempt_start","60","true","60","","","","","","250","","","dropped_equal_priority","","false","incoming cue not heard because the channel is busy","confirmed_deterministic_model","Same cue can be emitted from ready and trial transitions; dedupe key differs by stage/attempt."
"balance_valid_attempt_rest_next_attempt","balance_valid_attempt_rest_next_attempt:clara:L250:default","clara","L250","161","balance_valid_trial_to_rest","balance_trial","balance_rest","10000","10000","mpv2_balance_attempt_saved;mpv2_balance_rest","70","false","","10250","5573","6573","16323","16573","","10000","","played_fully","","false","","confirmed_deterministic_model",""
"balance_valid_attempt_rest_next_attempt","balance_valid_attempt_rest_next_attempt:clara:L250:default","clara","L250","162","balance_rest_ready_after_30","balance_rest","balance_ready","40000","40000","mpv2_balance_ready_after_30","70","false","","40250","2322","2822","42572","42822","","","","played_fully","","false","","confirmed_deterministic_model",""
"balance_valid_attempt_rest_next_attempt","balance_valid_attempt_rest_next_attempt:marcus:L0:default","marcus","L0","163","balance_setup_confirmed_to_ready","balance_setup","balance_ready","0","0","mpv2_balance_attempt_start","60","false","","0","4412","4412","4412","4412","","","","played_fully","","false","","confirmed_deterministic_model",""
"balance_valid_attempt_rest_next_attempt","balance_valid_attempt_rest_next_attempt:marcus:L0:default","marcus","L0","164","balance_lift_detected_to_trial","balance_ready","balance_trial","250","250","mpv2_balance_attempt_start","60","true","60","","","","","","250","","","dropped_equal_priority","","false","incoming cue not heard because the channel is busy","confirmed_deterministic_model","Same cue can be emitted from ready and trial transitions; dedupe key differs by stage/attempt."
"balance_valid_attempt_rest_next_attempt","balance_valid_attempt_rest_next_attempt:marcus:L0:default","marcus","L0","165","balance_valid_trial_to_rest","balance_trial","balance_rest","10000","10000","mpv2_balance_attempt_saved;mpv2_balance_rest","70","false","","10000","5573","5573","15573","15573","","10000","","played_fully","","false","","confirmed_deterministic_model",""
"balance_valid_attempt_rest_next_attempt","balance_valid_attempt_rest_next_attempt:marcus:L0:default","marcus","L0","166","balance_rest_ready_after_30","balance_rest","balance_ready","40000","40000","mpv2_balance_ready_after_30","70","false","","40000","2229","2229","42229","42229","","","","played_fully","","false","","confirmed_deterministic_model",""
"balance_valid_attempt_rest_next_attempt","balance_valid_attempt_rest_next_attempt:marcus:L100:default","marcus","L100","167","balance_setup_confirmed_to_ready","balance_setup","balance_ready","0","0","mpv2_balance_attempt_start","60","false","","100","4412","4612","4512","4612","","","","played_fully","","false","","confirmed_deterministic_model",""
"balance_valid_attempt_rest_next_attempt","balance_valid_attempt_rest_next_attempt:marcus:L100:default","marcus","L100","168","balance_lift_detected_to_trial","balance_ready","balance_trial","250","250","mpv2_balance_attempt_start","60","true","60","","","","","","250","","","dropped_equal_priority","","false","incoming cue not heard because the channel is busy","confirmed_deterministic_model","Same cue can be emitted from ready and trial transitions; dedupe key differs by stage/attempt."
"balance_valid_attempt_rest_next_attempt","balance_valid_attempt_rest_next_attempt:marcus:L100:default","marcus","L100","169","balance_valid_trial_to_rest","balance_trial","balance_rest","10000","10000","mpv2_balance_attempt_saved;mpv2_balance_rest","70","false","","10100","5573","5973","15873","15973","","10000","","played_fully","","false","","confirmed_deterministic_model",""
"balance_valid_attempt_rest_next_attempt","balance_valid_attempt_rest_next_attempt:marcus:L100:default","marcus","L100","170","balance_rest_ready_after_30","balance_rest","balance_ready","40000","40000","mpv2_balance_ready_after_30","70","false","","40100","2229","2429","42329","42429","","","","played_fully","","false","","confirmed_deterministic_model",""
"balance_valid_attempt_rest_next_attempt","balance_valid_attempt_rest_next_attempt:marcus:L250:default","marcus","L250","171","balance_setup_confirmed_to_ready","balance_setup","balance_ready","0","0","mpv2_balance_attempt_start","60","false","","250","4412","4912","4662","4912","","","","played_fully","","false","","confirmed_deterministic_model",""
"balance_valid_attempt_rest_next_attempt","balance_valid_attempt_rest_next_attempt:marcus:L250:default","marcus","L250","172","balance_lift_detected_to_trial","balance_ready","balance_trial","250","250","mpv2_balance_attempt_start","60","true","60","","","","","","250","","","dropped_equal_priority","","false","incoming cue not heard because the channel is busy","confirmed_deterministic_model","Same cue can be emitted from ready and trial transitions; dedupe key differs by stage/attempt."
"balance_valid_attempt_rest_next_attempt","balance_valid_attempt_rest_next_attempt:marcus:L250:default","marcus","L250","173","balance_valid_trial_to_rest","balance_trial","balance_rest","10000","10000","mpv2_balance_attempt_saved;mpv2_balance_rest","70","false","","10250","5573","6573","16323","16573","","10000","","played_fully","","false","","confirmed_deterministic_model",""
"balance_valid_attempt_rest_next_attempt","balance_valid_attempt_rest_next_attempt:marcus:L250:default","marcus","L250","174","balance_rest_ready_after_30","balance_rest","balance_ready","40000","40000","mpv2_balance_ready_after_30","70","false","","40250","2229","2729","42479","42729","","","","played_fully","","false","","confirmed_deterministic_model",""
"balance_invalid_tracking_retry","balance_invalid_tracking_retry:clara:L0:default","clara","L0","175","balance_setup_confirmed_to_ready","balance_setup","balance_ready","0","0","mpv2_balance_attempt_start","60","false","","0","4737","4737","2000","2000","","","","played_partially_then_interrupted","","false","","confirmed_deterministic_model","Interrupted by balance_invalid_trial_to_rest at 2000ms."
"balance_invalid_tracking_retry","balance_invalid_tracking_retry:clara:L0:default","clara","L0","176","balance_lift_detected_measurement_start","balance_ready","balance_trial","1000","","","","true","60","","","","","","1000","","","not_emitted","","false","","confirmed_source",""
"balance_invalid_tracking_retry","balance_invalid_tracking_retry:clara:L0:default","clara","L0","177","balance_invalid_trial_to_rest","balance_trial","balance_rest","2000","2000","mpv2_balance_tracking_retry","100","true","60","2000","6037","6037","8037","8037","","2000","","played_fully","","false","retry guidance is spoken, but tracking-loss/recovered shared cues are not emitted","confirmed_deterministic_model","Tracking invalidates attempt and enters rest."
"balance_invalid_tracking_retry","balance_invalid_tracking_retry:clara:L0:default","clara","L0","178","tracking_loss_defined_not_emitted","balance_trial","balance_rest","2000","","","","true","100","","","","","","","","","not_emitted","","false","tracking-loss-v21 and tracking-recovered-v21 are bundled but silent in current MPV2","confirmed_source",""
"balance_invalid_tracking_retry","balance_invalid_tracking_retry:clara:L100:default","clara","L100","179","balance_setup_confirmed_to_ready","balance_setup","balance_ready","0","0","mpv2_balance_attempt_start","60","false","","100","4737","4937","2000","2000","","","","played_partially_then_interrupted","","false","","confirmed_deterministic_model","Interrupted by balance_invalid_trial_to_rest at 2000ms."
"balance_invalid_tracking_retry","balance_invalid_tracking_retry:clara:L100:default","clara","L100","180","balance_lift_detected_measurement_start","balance_ready","balance_trial","1000","","","","true","60","","","","","","1000","","","not_emitted","","false","","confirmed_source",""
"balance_invalid_tracking_retry","balance_invalid_tracking_retry:clara:L100:default","clara","L100","181","balance_invalid_trial_to_rest","balance_trial","balance_rest","2000","2000","mpv2_balance_tracking_retry","100","true","60","2100","6037","6237","8137","8237","","2000","","played_fully","","false","retry guidance is spoken, but tracking-loss/recovered shared cues are not emitted","confirmed_deterministic_model","Tracking invalidates attempt and enters rest."
"balance_invalid_tracking_retry","balance_invalid_tracking_retry:clara:L100:default","clara","L100","182","tracking_loss_defined_not_emitted","balance_trial","balance_rest","2000","","","","true","100","","","","","","","","","not_emitted","","false","tracking-loss-v21 and tracking-recovered-v21 are bundled but silent in current MPV2","confirmed_source",""
"balance_invalid_tracking_retry","balance_invalid_tracking_retry:clara:L250:default","clara","L250","183","balance_setup_confirmed_to_ready","balance_setup","balance_ready","0","0","mpv2_balance_attempt_start","60","false","","250","4737","5237","2000","2000","","","","played_partially_then_interrupted","","false","","confirmed_deterministic_model","Interrupted by balance_invalid_trial_to_rest at 2000ms."
"balance_invalid_tracking_retry","balance_invalid_tracking_retry:clara:L250:default","clara","L250","184","balance_lift_detected_measurement_start","balance_ready","balance_trial","1000","","","","true","60","","","","","","1000","","","not_emitted","","false","","confirmed_source",""
"balance_invalid_tracking_retry","balance_invalid_tracking_retry:clara:L250:default","clara","L250","185","balance_invalid_trial_to_rest","balance_trial","balance_rest","2000","2000","mpv2_balance_tracking_retry","100","true","60","2250","6037","6537","8287","8537","","2000","","played_fully","","false","retry guidance is spoken, but tracking-loss/recovered shared cues are not emitted","confirmed_deterministic_model","Tracking invalidates attempt and enters rest."
"balance_invalid_tracking_retry","balance_invalid_tracking_retry:clara:L250:default","clara","L250","186","tracking_loss_defined_not_emitted","balance_trial","balance_rest","2000","","","","true","100","","","","","","","","","not_emitted","","false","tracking-loss-v21 and tracking-recovered-v21 are bundled but silent in current MPV2","confirmed_source",""
"balance_invalid_tracking_retry","balance_invalid_tracking_retry:marcus:L0:default","marcus","L0","187","balance_setup_confirmed_to_ready","balance_setup","balance_ready","0","0","mpv2_balance_attempt_start","60","false","","0","4412","4412","2000","2000","","","","played_partially_then_interrupted","","false","","confirmed_deterministic_model","Interrupted by balance_invalid_trial_to_rest at 2000ms."
"balance_invalid_tracking_retry","balance_invalid_tracking_retry:marcus:L0:default","marcus","L0","188","balance_lift_detected_measurement_start","balance_ready","balance_trial","1000","","","","true","60","","","","","","1000","","","not_emitted","","false","","confirmed_source",""
"balance_invalid_tracking_retry","balance_invalid_tracking_retry:marcus:L0:default","marcus","L0","189","balance_invalid_trial_to_rest","balance_trial","balance_rest","2000","2000","mpv2_balance_tracking_retry","100","true","60","2000","5666","5666","7666","7666","","2000","","played_fully","","false","retry guidance is spoken, but tracking-loss/recovered shared cues are not emitted","confirmed_deterministic_model","Tracking invalidates attempt and enters rest."
"balance_invalid_tracking_retry","balance_invalid_tracking_retry:marcus:L0:default","marcus","L0","190","tracking_loss_defined_not_emitted","balance_trial","balance_rest","2000","","","","true","100","","","","","","","","","not_emitted","","false","tracking-loss-v21 and tracking-recovered-v21 are bundled but silent in current MPV2","confirmed_source",""
"balance_invalid_tracking_retry","balance_invalid_tracking_retry:marcus:L100:default","marcus","L100","191","balance_setup_confirmed_to_ready","balance_setup","balance_ready","0","0","mpv2_balance_attempt_start","60","false","","100","4412","4612","2000","2000","","","","played_partially_then_interrupted","","false","","confirmed_deterministic_model","Interrupted by balance_invalid_trial_to_rest at 2000ms."
"balance_invalid_tracking_retry","balance_invalid_tracking_retry:marcus:L100:default","marcus","L100","192","balance_lift_detected_measurement_start","balance_ready","balance_trial","1000","","","","true","60","","","","","","1000","","","not_emitted","","false","","confirmed_source",""
"balance_invalid_tracking_retry","balance_invalid_tracking_retry:marcus:L100:default","marcus","L100","193","balance_invalid_trial_to_rest","balance_trial","balance_rest","2000","2000","mpv2_balance_tracking_retry","100","true","60","2100","5666","5866","7766","7866","","2000","","played_fully","","false","retry guidance is spoken, but tracking-loss/recovered shared cues are not emitted","confirmed_deterministic_model","Tracking invalidates attempt and enters rest."
"balance_invalid_tracking_retry","balance_invalid_tracking_retry:marcus:L100:default","marcus","L100","194","tracking_loss_defined_not_emitted","balance_trial","balance_rest","2000","","","","true","100","","","","","","","","","not_emitted","","false","tracking-loss-v21 and tracking-recovered-v21 are bundled but silent in current MPV2","confirmed_source",""
"balance_invalid_tracking_retry","balance_invalid_tracking_retry:marcus:L250:default","marcus","L250","195","balance_setup_confirmed_to_ready","balance_setup","balance_ready","0","0","mpv2_balance_attempt_start","60","false","","250","4412","4912","2000","2000","","","","played_partially_then_interrupted","","false","","confirmed_deterministic_model","Interrupted by balance_invalid_trial_to_rest at 2000ms."
"balance_invalid_tracking_retry","balance_invalid_tracking_retry:marcus:L250:default","marcus","L250","196","balance_lift_detected_measurement_start","balance_ready","balance_trial","1000","","","","true","60","","","","","","1000","","","not_emitted","","false","","confirmed_source",""
"balance_invalid_tracking_retry","balance_invalid_tracking_retry:marcus:L250:default","marcus","L250","197","balance_invalid_trial_to_rest","balance_trial","balance_rest","2000","2000","mpv2_balance_tracking_retry","100","true","60","2250","5666","6166","7916","8166","","2000","","played_fully","","false","retry guidance is spoken, but tracking-loss/recovered shared cues are not emitted","confirmed_deterministic_model","Tracking invalidates attempt and enters rest."
"balance_invalid_tracking_retry","balance_invalid_tracking_retry:marcus:L250:default","marcus","L250","198","tracking_loss_defined_not_emitted","balance_trial","balance_rest","2000","","","","true","100","","","","","","","","","not_emitted","","false","tracking-loss-v21 and tracking-recovered-v21 are bundled but silent in current MPV2","confirmed_source",""
"balance_full_hold_ceiling","balance_full_hold_ceiling:clara:L0:default","clara","L0","199","balance_lift_detected_to_trial","balance_ready","balance_trial","0","0","mpv2_balance_attempt_start","60","false","","0","4737","4737","4737","4737","0","","","played_fully","-4737","false","","confirmed_deterministic_model",""
"balance_full_hold_ceiling","balance_full_hold_ceiling:clara:L0:default","clara","L0","200","balance_section_complete_ceiling","balance_trial","shoulder_setup","45000","45000","mpv2_balance_full_hold;mpv2_balance_complete","70","false","","45000","3669","3669","48669","48669","","45000","","played_fully","","false","","confirmed_deterministic_model",""
"balance_full_hold_ceiling","balance_full_hold_ceiling:clara:L100:default","clara","L100","201","balance_lift_detected_to_trial","balance_ready","balance_trial","0","0","mpv2_balance_attempt_start","60","false","","100","4737","4937","4837","4937","0","","","played_fully","-4837","false","","confirmed_deterministic_model",""
"balance_full_hold_ceiling","balance_full_hold_ceiling:clara:L100:default","clara","L100","202","balance_section_complete_ceiling","balance_trial","shoulder_setup","45000","45000","mpv2_balance_full_hold;mpv2_balance_complete","70","false","","45100","3669","4069","48969","49069","","45000","","played_fully","","false","","confirmed_deterministic_model",""
"balance_full_hold_ceiling","balance_full_hold_ceiling:clara:L250:default","clara","L250","203","balance_lift_detected_to_trial","balance_ready","balance_trial","0","0","mpv2_balance_attempt_start","60","false","","250","4737","5237","4987","5237","0","","","played_fully","-4987","false","","confirmed_deterministic_model",""
"balance_full_hold_ceiling","balance_full_hold_ceiling:clara:L250:default","clara","L250","204","balance_section_complete_ceiling","balance_trial","shoulder_setup","45000","45000","mpv2_balance_full_hold;mpv2_balance_complete","70","false","","45250","3669","4669","49419","49669","","45000","","played_fully","","false","","confirmed_deterministic_model",""
"balance_full_hold_ceiling","balance_full_hold_ceiling:marcus:L0:default","marcus","L0","205","balance_lift_detected_to_trial","balance_ready","balance_trial","0","0","mpv2_balance_attempt_start","60","false","","0","4412","4412","4412","4412","0","","","played_fully","-4412","false","","confirmed_deterministic_model",""
"balance_full_hold_ceiling","balance_full_hold_ceiling:marcus:L0:default","marcus","L0","206","balance_section_complete_ceiling","balance_trial","shoulder_setup","45000","45000","mpv2_balance_full_hold;mpv2_balance_complete","70","false","","45000","3483","3483","48483","48483","","45000","","played_fully","","false","","confirmed_deterministic_model",""
"balance_full_hold_ceiling","balance_full_hold_ceiling:marcus:L100:default","marcus","L100","207","balance_lift_detected_to_trial","balance_ready","balance_trial","0","0","mpv2_balance_attempt_start","60","false","","100","4412","4612","4512","4612","0","","","played_fully","-4512","false","","confirmed_deterministic_model",""
"balance_full_hold_ceiling","balance_full_hold_ceiling:marcus:L100:default","marcus","L100","208","balance_section_complete_ceiling","balance_trial","shoulder_setup","45000","45000","mpv2_balance_full_hold;mpv2_balance_complete","70","false","","45100","3483","3883","48783","48883","","45000","","played_fully","","false","","confirmed_deterministic_model",""
"balance_full_hold_ceiling","balance_full_hold_ceiling:marcus:L250:default","marcus","L250","209","balance_lift_detected_to_trial","balance_ready","balance_trial","0","0","mpv2_balance_attempt_start","60","false","","250","4412","4912","4662","4912","0","","","played_fully","-4662","false","","confirmed_deterministic_model",""
"balance_full_hold_ceiling","balance_full_hold_ceiling:marcus:L250:default","marcus","L250","210","balance_section_complete_ceiling","balance_trial","shoulder_setup","45000","45000","mpv2_balance_full_hold;mpv2_balance_complete","70","false","","45250","3483","4483","49233","49483","","45000","","played_fully","","false","","confirmed_deterministic_model",""
"balance_use_best","balance_use_best:clara:L0:default","clara","L0","211","balance_valid_trial_to_rest","balance_trial","balance_rest","0","0","mpv2_balance_attempt_saved;mpv2_balance_rest","70","false","","0","5573","5573","5573","5573","","","","played_fully","","false","","confirmed_deterministic_model",""
"balance_use_best","balance_use_best:clara:L0:default","clara","L0","212","balance_user_accepted_best","balance_rest","shoulder_setup","0","0","mpv2_balance_use_best;mpv2_balance_complete","70","true","70","","","","","","","","","dropped_equal_priority","","false","incoming cue not heard because the channel is busy","confirmed_deterministic_model","Use-best action is available while rest narration may still be playing."
"balance_use_best","balance_use_best:clara:L100:default","clara","L100","213","balance_valid_trial_to_rest","balance_trial","balance_rest","0","0","mpv2_balance_attempt_saved;mpv2_balance_rest","70","false","","100","5573","5973","5873","5973","","","","played_fully","","false","","confirmed_deterministic_model",""
"balance_use_best","balance_use_best:clara:L100:default","clara","L100","214","balance_user_accepted_best","balance_rest","shoulder_setup","0","0","mpv2_balance_use_best;mpv2_balance_complete","70","true","70","","","","","","","","","dropped_equal_priority","","false","incoming cue not heard because the channel is busy","confirmed_deterministic_model","Use-best action is available while rest narration may still be playing."
"balance_use_best","balance_use_best:clara:L250:default","clara","L250","215","balance_valid_trial_to_rest","balance_trial","balance_rest","0","0","mpv2_balance_attempt_saved;mpv2_balance_rest","70","false","","250","5573","6573","6323","6573","","","","played_fully","","false","","confirmed_deterministic_model",""
"balance_use_best","balance_use_best:clara:L250:default","clara","L250","216","balance_user_accepted_best","balance_rest","shoulder_setup","0","0","mpv2_balance_use_best;mpv2_balance_complete","70","true","70","","","","","","","","","dropped_equal_priority","","false","incoming cue not heard because the channel is busy","confirmed_deterministic_model","Use-best action is available while rest narration may still be playing."
"balance_use_best","balance_use_best:marcus:L0:default","marcus","L0","217","balance_valid_trial_to_rest","balance_trial","balance_rest","0","0","mpv2_balance_attempt_saved;mpv2_balance_rest","70","false","","0","5573","5573","5573","5573","","","","played_fully","","false","","confirmed_deterministic_model",""
"balance_use_best","balance_use_best:marcus:L0:default","marcus","L0","218","balance_user_accepted_best","balance_rest","shoulder_setup","0","0","mpv2_balance_use_best;mpv2_balance_complete","70","true","70","","","","","","","","","dropped_equal_priority","","false","incoming cue not heard because the channel is busy","confirmed_deterministic_model","Use-best action is available while rest narration may still be playing."
"balance_use_best","balance_use_best:marcus:L100:default","marcus","L100","219","balance_valid_trial_to_rest","balance_trial","balance_rest","0","0","mpv2_balance_attempt_saved;mpv2_balance_rest","70","false","","100","5573","5973","5873","5973","","","","played_fully","","false","","confirmed_deterministic_model",""
"balance_use_best","balance_use_best:marcus:L100:default","marcus","L100","220","balance_user_accepted_best","balance_rest","shoulder_setup","0","0","mpv2_balance_use_best;mpv2_balance_complete","70","true","70","","","","","","","","","dropped_equal_priority","","false","incoming cue not heard because the channel is busy","confirmed_deterministic_model","Use-best action is available while rest narration may still be playing."
"balance_use_best","balance_use_best:marcus:L250:default","marcus","L250","221","balance_valid_trial_to_rest","balance_trial","balance_rest","0","0","mpv2_balance_attempt_saved;mpv2_balance_rest","70","false","","250","5573","6573","6323","6573","","","","played_fully","","false","","confirmed_deterministic_model",""
"balance_use_best","balance_use_best:marcus:L250:default","marcus","L250","222","balance_user_accepted_best","balance_rest","shoulder_setup","0","0","mpv2_balance_use_best;mpv2_balance_complete","70","true","70","","","","","","","","","dropped_equal_priority","","false","incoming cue not heard because the channel is busy","confirmed_deterministic_model","Use-best action is available while rest narration may still be playing."
"balance_default_ready_after_60","balance_default_ready_after_60:clara:L0:default","clara","L0","223","balance_valid_trial_to_rest","balance_trial","balance_rest","0","0","mpv2_balance_attempt_saved;mpv2_balance_rest","70","false","","0","5573","5573","5573","5573","","","","played_fully","","false","","confirmed_deterministic_model",""
"balance_default_ready_after_60","balance_default_ready_after_60:clara:L0:default","clara","L0","224","balance_default_rest_elapsed","balance_rest","balance_ready","60000","60000","mpv2_balance_ready_after_60","70","false","","60000","1811","1811","61811","61811","","","","played_fully","","false","","confirmed_deterministic_model",""
"balance_default_ready_after_60","balance_default_ready_after_60:clara:L100:default","clara","L100","225","balance_valid_trial_to_rest","balance_trial","balance_rest","0","0","mpv2_balance_attempt_saved;mpv2_balance_rest","70","false","","100","5573","5973","5873","5973","","","","played_fully","","false","","confirmed_deterministic_model",""
"balance_default_ready_after_60","balance_default_ready_after_60:clara:L100:default","clara","L100","226","balance_default_rest_elapsed","balance_rest","balance_ready","60000","60000","mpv2_balance_ready_after_60","70","false","","60100","1811","2011","61911","62011","","","","played_fully","","false","","confirmed_deterministic_model",""
"balance_default_ready_after_60","balance_default_ready_after_60:clara:L250:default","clara","L250","227","balance_valid_trial_to_rest","balance_trial","balance_rest","0","0","mpv2_balance_attempt_saved;mpv2_balance_rest","70","false","","250","5573","6573","6323","6573","","","","played_fully","","false","","confirmed_deterministic_model",""
"balance_default_ready_after_60","balance_default_ready_after_60:clara:L250:default","clara","L250","228","balance_default_rest_elapsed","balance_rest","balance_ready","60000","60000","mpv2_balance_ready_after_60","70","false","","60250","1811","2311","62061","62311","","","","played_fully","","false","","confirmed_deterministic_model",""
"balance_default_ready_after_60","balance_default_ready_after_60:marcus:L0:default","marcus","L0","229","balance_valid_trial_to_rest","balance_trial","balance_rest","0","0","mpv2_balance_attempt_saved;mpv2_balance_rest","70","false","","0","5573","5573","5573","5573","","","","played_fully","","false","","confirmed_deterministic_model",""
"balance_default_ready_after_60","balance_default_ready_after_60:marcus:L0:default","marcus","L0","230","balance_default_rest_elapsed","balance_rest","balance_ready","60000","60000","mpv2_balance_ready_after_60","70","false","","60000","1486","1486","61486","61486","","","","played_fully","","false","","confirmed_deterministic_model",""
"balance_default_ready_after_60","balance_default_ready_after_60:marcus:L100:default","marcus","L100","231","balance_valid_trial_to_rest","balance_trial","balance_rest","0","0","mpv2_balance_attempt_saved;mpv2_balance_rest","70","false","","100","5573","5973","5873","5973","","","","played_fully","","false","","confirmed_deterministic_model",""
"balance_default_ready_after_60","balance_default_ready_after_60:marcus:L100:default","marcus","L100","232","balance_default_rest_elapsed","balance_rest","balance_ready","60000","60000","mpv2_balance_ready_after_60","70","false","","60100","1486","1686","61586","61686","","","","played_fully","","false","","confirmed_deterministic_model",""
"balance_default_ready_after_60","balance_default_ready_after_60:marcus:L250:default","marcus","L250","233","balance_valid_trial_to_rest","balance_trial","balance_rest","0","0","mpv2_balance_attempt_saved;mpv2_balance_rest","70","false","","250","5573","6573","6323","6573","","","","played_fully","","false","","confirmed_deterministic_model",""
"balance_default_ready_after_60","balance_default_ready_after_60:marcus:L250:default","marcus","L250","234","balance_default_rest_elapsed","balance_rest","balance_ready","60000","60000","mpv2_balance_ready_after_60","70","false","","60250","1486","1986","61736","61986","","","","played_fully","","false","","confirmed_deterministic_model",""
"shoulder_left","shoulder_left:clara:L0:default","clara","L0","235","balance_user_accepted_best","balance_rest","shoulder_setup","0","0","mpv2_balance_use_best;mpv2_balance_complete","70","false","","0","2926","2926","2926","2926","","","","played_fully","","false","","confirmed_deterministic_model",""
"shoulder_left","shoulder_left:clara:L0:default","clara","L0","236","shoulder_setup_confirmed_left","shoulder_setup","shoulder_ready","0","0","checkup-shoulder-turn-left-v21;checkup-shoulder-raise-left-v21;final-position-set-v21","60","true","70","","","","","","","","","dropped_lower_priority","","false","side-specific setup cues can be dropped if user confirms while balance completion is busy","confirmed_deterministic_model","Selected side determines turn and raise cues; grader reads same flow side."
"shoulder_left","shoulder_left:clara:L0:default","clara","L0","237","shoulder_capture_started","shoulder_ready","shoulder_active","1000","","","","true","70","","","","","","1000","","","not_emitted","","false","","confirmed_source",""
"shoulder_left","shoulder_left:clara:L100:default","clara","L100","238","balance_user_accepted_best","balance_rest","shoulder_setup","0","0","mpv2_balance_use_best;mpv2_balance_complete","70","false","","100","2926","3326","3226","3326","","","","played_fully","","false","","confirmed_deterministic_model",""
"shoulder_left","shoulder_left:clara:L100:default","clara","L100","239","shoulder_setup_confirmed_left","shoulder_setup","shoulder_ready","0","0","checkup-shoulder-turn-left-v21;checkup-shoulder-raise-left-v21;final-position-set-v21","60","true","70","","","","","","","","","dropped_lower_priority","","false","side-specific setup cues can be dropped if user confirms while balance completion is busy","confirmed_deterministic_model","Selected side determines turn and raise cues; grader reads same flow side."
"shoulder_left","shoulder_left:clara:L100:default","clara","L100","240","shoulder_capture_started","shoulder_ready","shoulder_active","1000","","","","true","70","","","","","","1000","","","not_emitted","","false","","confirmed_source",""
"shoulder_left","shoulder_left:clara:L250:default","clara","L250","241","balance_user_accepted_best","balance_rest","shoulder_setup","0","0","mpv2_balance_use_best;mpv2_balance_complete","70","false","","250","2926","3926","3676","3926","","","","played_fully","","false","","confirmed_deterministic_model",""
"shoulder_left","shoulder_left:clara:L250:default","clara","L250","242","shoulder_setup_confirmed_left","shoulder_setup","shoulder_ready","0","0","checkup-shoulder-turn-left-v21;checkup-shoulder-raise-left-v21;final-position-set-v21","60","true","70","","","","","","","","","dropped_lower_priority","","false","side-specific setup cues can be dropped if user confirms while balance completion is busy","confirmed_deterministic_model","Selected side determines turn and raise cues; grader reads same flow side."
"shoulder_left","shoulder_left:clara:L250:default","clara","L250","243","shoulder_capture_started","shoulder_ready","shoulder_active","1000","","","","true","70","","","","","","1000","","","not_emitted","","false","","confirmed_source",""
"shoulder_left","shoulder_left:marcus:L0:default","marcus","L0","244","balance_user_accepted_best","balance_rest","shoulder_setup","0","0","mpv2_balance_use_best;mpv2_balance_complete","70","false","","0","2554","2554","2554","2554","","","","played_fully","","false","","confirmed_deterministic_model",""
"shoulder_left","shoulder_left:marcus:L0:default","marcus","L0","245","shoulder_setup_confirmed_left","shoulder_setup","shoulder_ready","0","0","checkup-shoulder-turn-left-v21;checkup-shoulder-raise-left-v21;final-position-set-v21","60","true","70","","","","","","","","","dropped_lower_priority","","false","side-specific setup cues can be dropped if user confirms while balance completion is busy","confirmed_deterministic_model","Selected side determines turn and raise cues; grader reads same flow side."
"shoulder_left","shoulder_left:marcus:L0:default","marcus","L0","246","shoulder_capture_started","shoulder_ready","shoulder_active","1000","","","","true","70","","","","","","1000","","","not_emitted","","false","","confirmed_source",""
"shoulder_left","shoulder_left:marcus:L100:default","marcus","L100","247","balance_user_accepted_best","balance_rest","shoulder_setup","0","0","mpv2_balance_use_best;mpv2_balance_complete","70","false","","100","2554","2954","2854","2954","","","","played_fully","","false","","confirmed_deterministic_model",""
"shoulder_left","shoulder_left:marcus:L100:default","marcus","L100","248","shoulder_setup_confirmed_left","shoulder_setup","shoulder_ready","0","0","checkup-shoulder-turn-left-v21;checkup-shoulder-raise-left-v21;final-position-set-v21","60","true","70","","","","","","","","","dropped_lower_priority","","false","side-specific setup cues can be dropped if user confirms while balance completion is busy","confirmed_deterministic_model","Selected side determines turn and raise cues; grader reads same flow side."
"shoulder_left","shoulder_left:marcus:L100:default","marcus","L100","249","shoulder_capture_started","shoulder_ready","shoulder_active","1000","","","","true","70","","","","","","1000","","","not_emitted","","false","","confirmed_source",""
"shoulder_left","shoulder_left:marcus:L250:default","marcus","L250","250","balance_user_accepted_best","balance_rest","shoulder_setup","0","0","mpv2_balance_use_best;mpv2_balance_complete","70","false","","250","2554","3554","3304","3554","","","","played_fully","","false","","confirmed_deterministic_model",""
"shoulder_left","shoulder_left:marcus:L250:default","marcus","L250","251","shoulder_setup_confirmed_left","shoulder_setup","shoulder_ready","0","0","checkup-shoulder-turn-left-v21;checkup-shoulder-raise-left-v21;final-position-set-v21","60","true","70","","","","","","","","","dropped_lower_priority","","false","side-specific setup cues can be dropped if user confirms while balance completion is busy","confirmed_deterministic_model","Selected side determines turn and raise cues; grader reads same flow side."
"shoulder_left","shoulder_left:marcus:L250:default","marcus","L250","252","shoulder_capture_started","shoulder_ready","shoulder_active","1000","","","","true","70","","","","","","1000","","","not_emitted","","false","","confirmed_source",""
"shoulder_right","shoulder_right:clara:L0:default","clara","L0","253","balance_user_accepted_best","balance_rest","shoulder_setup","0","0","mpv2_balance_use_best;mpv2_balance_complete","70","false","","0","2926","2926","2926","2926","","","","played_fully","","false","","confirmed_deterministic_model",""
"shoulder_right","shoulder_right:clara:L0:default","clara","L0","254","shoulder_setup_confirmed_right","shoulder_setup","shoulder_ready","0","0","checkup-shoulder-turn-right-v21;checkup-shoulder-raise-right-v21;final-position-set-v21","60","true","70","","","","","","","","","dropped_lower_priority","","false","side-specific setup cues can be dropped if user confirms while balance completion is busy","confirmed_deterministic_model","Selected side determines turn and raise cues; grader reads same flow side."
"shoulder_right","shoulder_right:clara:L0:default","clara","L0","255","shoulder_capture_started","shoulder_ready","shoulder_active","1000","","","","true","70","","","","","","1000","","","not_emitted","","false","","confirmed_source",""
"shoulder_right","shoulder_right:clara:L100:default","clara","L100","256","balance_user_accepted_best","balance_rest","shoulder_setup","0","0","mpv2_balance_use_best;mpv2_balance_complete","70","false","","100","2926","3326","3226","3326","","","","played_fully","","false","","confirmed_deterministic_model",""
"shoulder_right","shoulder_right:clara:L100:default","clara","L100","257","shoulder_setup_confirmed_right","shoulder_setup","shoulder_ready","0","0","checkup-shoulder-turn-right-v21;checkup-shoulder-raise-right-v21;final-position-set-v21","60","true","70","","","","","","","","","dropped_lower_priority","","false","side-specific setup cues can be dropped if user confirms while balance completion is busy","confirmed_deterministic_model","Selected side determines turn and raise cues; grader reads same flow side."
"shoulder_right","shoulder_right:clara:L100:default","clara","L100","258","shoulder_capture_started","shoulder_ready","shoulder_active","1000","","","","true","70","","","","","","1000","","","not_emitted","","false","","confirmed_source",""
"shoulder_right","shoulder_right:clara:L250:default","clara","L250","259","balance_user_accepted_best","balance_rest","shoulder_setup","0","0","mpv2_balance_use_best;mpv2_balance_complete","70","false","","250","2926","3926","3676","3926","","","","played_fully","","false","","confirmed_deterministic_model",""
"shoulder_right","shoulder_right:clara:L250:default","clara","L250","260","shoulder_setup_confirmed_right","shoulder_setup","shoulder_ready","0","0","checkup-shoulder-turn-right-v21;checkup-shoulder-raise-right-v21;final-position-set-v21","60","true","70","","","","","","","","","dropped_lower_priority","","false","side-specific setup cues can be dropped if user confirms while balance completion is busy","confirmed_deterministic_model","Selected side determines turn and raise cues; grader reads same flow side."
"shoulder_right","shoulder_right:clara:L250:default","clara","L250","261","shoulder_capture_started","shoulder_ready","shoulder_active","1000","","","","true","70","","","","","","1000","","","not_emitted","","false","","confirmed_source",""
"shoulder_right","shoulder_right:marcus:L0:default","marcus","L0","262","balance_user_accepted_best","balance_rest","shoulder_setup","0","0","mpv2_balance_use_best;mpv2_balance_complete","70","false","","0","2554","2554","2554","2554","","","","played_fully","","false","","confirmed_deterministic_model",""
"shoulder_right","shoulder_right:marcus:L0:default","marcus","L0","263","shoulder_setup_confirmed_right","shoulder_setup","shoulder_ready","0","0","checkup-shoulder-turn-right-v21;checkup-shoulder-raise-right-v21;final-position-set-v21","60","true","70","","","","","","","","","dropped_lower_priority","","false","side-specific setup cues can be dropped if user confirms while balance completion is busy","confirmed_deterministic_model","Selected side determines turn and raise cues; grader reads same flow side."
"shoulder_right","shoulder_right:marcus:L0:default","marcus","L0","264","shoulder_capture_started","shoulder_ready","shoulder_active","1000","","","","true","70","","","","","","1000","","","not_emitted","","false","","confirmed_source",""
"shoulder_right","shoulder_right:marcus:L100:default","marcus","L100","265","balance_user_accepted_best","balance_rest","shoulder_setup","0","0","mpv2_balance_use_best;mpv2_balance_complete","70","false","","100","2554","2954","2854","2954","","","","played_fully","","false","","confirmed_deterministic_model",""
"shoulder_right","shoulder_right:marcus:L100:default","marcus","L100","266","shoulder_setup_confirmed_right","shoulder_setup","shoulder_ready","0","0","checkup-shoulder-turn-right-v21;checkup-shoulder-raise-right-v21;final-position-set-v21","60","true","70","","","","","","","","","dropped_lower_priority","","false","side-specific setup cues can be dropped if user confirms while balance completion is busy","confirmed_deterministic_model","Selected side determines turn and raise cues; grader reads same flow side."
"shoulder_right","shoulder_right:marcus:L100:default","marcus","L100","267","shoulder_capture_started","shoulder_ready","shoulder_active","1000","","","","true","70","","","","","","1000","","","not_emitted","","false","","confirmed_source",""
"shoulder_right","shoulder_right:marcus:L250:default","marcus","L250","268","balance_user_accepted_best","balance_rest","shoulder_setup","0","0","mpv2_balance_use_best;mpv2_balance_complete","70","false","","250","2554","3554","3304","3554","","","","played_fully","","false","","confirmed_deterministic_model",""
"shoulder_right","shoulder_right:marcus:L250:default","marcus","L250","269","shoulder_setup_confirmed_right","shoulder_setup","shoulder_ready","0","0","checkup-shoulder-turn-right-v21;checkup-shoulder-raise-right-v21;final-position-set-v21","60","true","70","","","","","","","","","dropped_lower_priority","","false","side-specific setup cues can be dropped if user confirms while balance completion is busy","confirmed_deterministic_model","Selected side determines turn and raise cues; grader reads same flow side."
"shoulder_right","shoulder_right:marcus:L250:default","marcus","L250","270","shoulder_capture_started","shoulder_ready","shoulder_active","1000","","","","true","70","","","","","","1000","","","not_emitted","","false","","confirmed_source",""
"hinge_valid_result","hinge_valid_result:clara:L0:default","clara","L0","271","hinge_capture_started","hinge_setup","hinge_active","0","","","","false","","","","","","","0","","","not_emitted","","false","","confirmed_source",""
"hinge_valid_result","hinge_valid_result:clara:L0:default","clara","L0","272","hinge_recorded_valid","hinge_active","raw_complete","9000","9000","mpv2_hinge_complete;checkup-complete-v21","70","false","","9000","3623","3623","12623","12623","","9000","9000","played_fully","","true","completion can be cancelled by immediate navigation","confirmed_deterministic_model","Hinge completion and check-up completion are one speak() sequence."
"hinge_valid_result","hinge_valid_result:clara:L100:default","clara","L100","273","hinge_capture_started","hinge_setup","hinge_active","0","","","","false","","","","","","","0","","","not_emitted","","false","","confirmed_source",""
"hinge_valid_result","hinge_valid_result:clara:L100:default","clara","L100","274","hinge_recorded_valid","hinge_active","raw_complete","9000","9000","mpv2_hinge_complete;checkup-complete-v21","70","false","","9100","3623","4023","12923","13023","","9000","9000","played_fully","","true","completion can be cancelled by immediate navigation","confirmed_deterministic_model","Hinge completion and check-up completion are one speak() sequence."
"hinge_valid_result","hinge_valid_result:clara:L250:default","clara","L250","275","hinge_capture_started","hinge_setup","hinge_active","0","","","","false","","","","","","","0","","","not_emitted","","false","","confirmed_source",""
"hinge_valid_result","hinge_valid_result:clara:L250:default","clara","L250","276","hinge_recorded_valid","hinge_active","raw_complete","9000","9000","mpv2_hinge_complete;checkup-complete-v21","70","false","","9250","3623","4623","13373","13623","","9000","9000","played_fully","","true","completion can be cancelled by immediate navigation","confirmed_deterministic_model","Hinge completion and check-up completion are one speak() sequence."
"hinge_valid_result","hinge_valid_result:marcus:L0:default","marcus","L0","277","hinge_capture_started","hinge_setup","hinge_active","0","","","","false","","","","","","","0","","","not_emitted","","false","","confirmed_source",""
"hinge_valid_result","hinge_valid_result:marcus:L0:default","marcus","L0","278","hinge_recorded_valid","hinge_active","raw_complete","9000","9000","mpv2_hinge_complete;checkup-complete-v21","70","false","","9000","3808","3808","12808","12808","","9000","9000","played_fully","","true","completion can be cancelled by immediate navigation","confirmed_deterministic_model","Hinge completion and check-up completion are one speak() sequence."
"hinge_valid_result","hinge_valid_result:marcus:L100:default","marcus","L100","279","hinge_capture_started","hinge_setup","hinge_active","0","","","","false","","","","","","","0","","","not_emitted","","false","","confirmed_source",""
"hinge_valid_result","hinge_valid_result:marcus:L100:default","marcus","L100","280","hinge_recorded_valid","hinge_active","raw_complete","9000","9000","mpv2_hinge_complete;checkup-complete-v21","70","false","","9100","3808","4208","13108","13208","","9000","9000","played_fully","","true","completion can be cancelled by immediate navigation","confirmed_deterministic_model","Hinge completion and check-up completion are one speak() sequence."
"hinge_valid_result","hinge_valid_result:marcus:L250:default","marcus","L250","281","hinge_capture_started","hinge_setup","hinge_active","0","","","","false","","","","","","","0","","","not_emitted","","false","","confirmed_source",""
"hinge_valid_result","hinge_valid_result:marcus:L250:default","marcus","L250","282","hinge_recorded_valid","hinge_active","raw_complete","9000","9000","mpv2_hinge_complete;checkup-complete-v21","70","false","","9250","3808","4808","13558","13808","","9000","9000","played_fully","","true","completion can be cancelled by immediate navigation","confirmed_deterministic_model","Hinge completion and check-up completion are one speak() sequence."
"completion","completion:clara:L0:default","clara","L0","283","hinge_capture_started","hinge_setup","hinge_active","0","","","","false","","","","","","","0","","","not_emitted","","false","","confirmed_source",""
"completion","completion:clara:L0:default","clara","L0","284","hinge_recorded_valid","hinge_active","raw_complete","9000","9000","mpv2_hinge_complete;checkup-complete-v21","70","false","","9000","3623","3623","12623","12623","","9000","9000","played_fully","","true","completion can be cancelled by immediate navigation","confirmed_deterministic_model","Hinge completion and check-up completion are one speak() sequence."
"completion","completion:clara:L100:default","clara","L100","285","hinge_capture_started","hinge_setup","hinge_active","0","","","","false","","","","","","","0","","","not_emitted","","false","","confirmed_source",""
"completion","completion:clara:L100:default","clara","L100","286","hinge_recorded_valid","hinge_active","raw_complete","9000","9000","mpv2_hinge_complete;checkup-complete-v21","70","false","","9100","3623","4023","12923","13023","","9000","9000","played_fully","","true","completion can be cancelled by immediate navigation","confirmed_deterministic_model","Hinge completion and check-up completion are one speak() sequence."
"completion","completion:clara:L250:default","clara","L250","287","hinge_capture_started","hinge_setup","hinge_active","0","","","","false","","","","","","","0","","","not_emitted","","false","","confirmed_source",""
"completion","completion:clara:L250:default","clara","L250","288","hinge_recorded_valid","hinge_active","raw_complete","9000","9000","mpv2_hinge_complete;checkup-complete-v21","70","false","","9250","3623","4623","13373","13623","","9000","9000","played_fully","","true","completion can be cancelled by immediate navigation","confirmed_deterministic_model","Hinge completion and check-up completion are one speak() sequence."
"completion","completion:marcus:L0:default","marcus","L0","289","hinge_capture_started","hinge_setup","hinge_active","0","","","","false","","","","","","","0","","","not_emitted","","false","","confirmed_source",""
"completion","completion:marcus:L0:default","marcus","L0","290","hinge_recorded_valid","hinge_active","raw_complete","9000","9000","mpv2_hinge_complete;checkup-complete-v21","70","false","","9000","3808","3808","12808","12808","","9000","9000","played_fully","","true","completion can be cancelled by immediate navigation","confirmed_deterministic_model","Hinge completion and check-up completion are one speak() sequence."
"completion","completion:marcus:L100:default","marcus","L100","291","hinge_capture_started","hinge_setup","hinge_active","0","","","","false","","","","","","","0","","","not_emitted","","false","","confirmed_source",""
"completion","completion:marcus:L100:default","marcus","L100","292","hinge_recorded_valid","hinge_active","raw_complete","9000","9000","mpv2_hinge_complete;checkup-complete-v21","70","false","","9100","3808","4208","13108","13208","","9000","9000","played_fully","","true","completion can be cancelled by immediate navigation","confirmed_deterministic_model","Hinge completion and check-up completion are one speak() sequence."
"completion","completion:marcus:L250:default","marcus","L250","293","hinge_capture_started","hinge_setup","hinge_active","0","","","","false","","","","","","","0","","","not_emitted","","false","","confirmed_source",""
"completion","completion:marcus:L250:default","marcus","L250","294","hinge_recorded_valid","hinge_active","raw_complete","9000","9000","mpv2_hinge_complete;checkup-complete-v21","70","false","","9250","3808","4808","13558","13808","","9000","9000","played_fully","","true","completion can be cancelled by immediate navigation","confirmed_deterministic_model","Hinge completion and check-up completion are one speak() sequence."
"initial_effect_speech_versus_first_user_action","initial_effect_speech_versus_first_user_action:clara:L0:immediate","clara","L0","295","mpv2_entry_initial_intro","screen_mount","chair_setup","0","0","mpv2_checkup_intro;checkup-chair-stand-intro-v21;checkup-chair-stand-setup-v21","60","false","","0","14211","14211","14211","14211","","","","played_fully","","false","","confirmed_deterministic_model",""
"initial_effect_speech_versus_first_user_action","initial_effect_speech_versus_first_user_action:clara:L0:immediate","clara","L0","296","chair_setup_confirmed_to_practice","chair_setup","chair_practice","0","0","mpv2_chair_practice_start","60","true","60","","","","","","","","","dropped_equal_priority","","false","practice-start instruction may be dropped before the user hears it","confirmed_deterministic_model","Confirm setup button is available before intro speech completes."
"initial_effect_speech_versus_first_user_action","initial_effect_speech_versus_first_user_action:clara:L0:after_250ms","clara","L0","297","mpv2_entry_initial_intro","screen_mount","chair_setup","0","0","mpv2_checkup_intro;checkup-chair-stand-intro-v21;checkup-chair-stand-setup-v21","60","false","","0","14211","14211","14211","14211","","","","played_fully","","false","","confirmed_deterministic_model",""
"initial_effect_speech_versus_first_user_action","initial_effect_speech_versus_first_user_action:clara:L0:after_250ms","clara","L0","298","chair_setup_confirmed_to_practice","chair_setup","chair_practice","250","250","mpv2_chair_practice_start","60","true","60","","","","","","","","","dropped_equal_priority","","false","practice-start instruction may be dropped before the user hears it","confirmed_deterministic_model","Confirm setup button is available before intro speech completes."
"initial_effect_speech_versus_first_user_action","initial_effect_speech_versus_first_user_action:clara:L0:after_current_speech","clara","L0","299","mpv2_entry_initial_intro","screen_mount","chair_setup","0","0","mpv2_checkup_intro;checkup-chair-stand-intro-v21;checkup-chair-stand-setup-v21","60","false","","0","14211","14211","14211","14211","","","","played_fully","","false","","confirmed_deterministic_model",""
"initial_effect_speech_versus_first_user_action","initial_effect_speech_versus_first_user_action:clara:L0:after_current_speech","clara","L0","300","chair_setup_confirmed_to_practice","chair_setup","chair_practice","14711","14711","mpv2_chair_practice_start","60","false","","14711","2972","2972","17683","17683","","","","played_fully","","false","practice-start instruction may be dropped before the user hears it","confirmed_deterministic_model","Confirm setup button is available before intro speech completes."
"initial_effect_speech_versus_first_user_action","initial_effect_speech_versus_first_user_action:clara:L100:immediate","clara","L100","301","mpv2_entry_initial_intro","screen_mount","chair_setup","0","0","mpv2_checkup_intro;checkup-chair-stand-intro-v21;checkup-chair-stand-setup-v21","60","false","","100","14211","14811","14711","14811","","","","played_fully","","false","","confirmed_deterministic_model",""
"initial_effect_speech_versus_first_user_action","initial_effect_speech_versus_first_user_action:clara:L100:immediate","clara","L100","302","chair_setup_confirmed_to_practice","chair_setup","chair_practice","0","0","mpv2_chair_practice_start","60","true","60","","","","","","","","","dropped_equal_priority","","false","practice-start instruction may be dropped before the user hears it","confirmed_deterministic_model","Confirm setup button is available before intro speech completes."
"initial_effect_speech_versus_first_user_action","initial_effect_speech_versus_first_user_action:clara:L100:after_250ms","clara","L100","303","mpv2_entry_initial_intro","screen_mount","chair_setup","0","0","mpv2_checkup_intro;checkup-chair-stand-intro-v21;checkup-chair-stand-setup-v21","60","false","","100","14211","14811","14711","14811","","","","played_fully","","false","","confirmed_deterministic_model",""
"initial_effect_speech_versus_first_user_action","initial_effect_speech_versus_first_user_action:clara:L100:after_250ms","clara","L100","304","chair_setup_confirmed_to_practice","chair_setup","chair_practice","250","250","mpv2_chair_practice_start","60","true","60","","","","","","","","","dropped_equal_priority","","false","practice-start instruction may be dropped before the user hears it","confirmed_deterministic_model","Confirm setup button is available before intro speech completes."
"initial_effect_speech_versus_first_user_action","initial_effect_speech_versus_first_user_action:clara:L100:after_current_speech","clara","L100","305","mpv2_entry_initial_intro","screen_mount","chair_setup","0","0","mpv2_checkup_intro;checkup-chair-stand-intro-v21;checkup-chair-stand-setup-v21","60","false","","100","14211","14811","14711","14811","","","","played_fully","","false","","confirmed_deterministic_model",""
"initial_effect_speech_versus_first_user_action","initial_effect_speech_versus_first_user_action:clara:L100:after_current_speech","clara","L100","306","chair_setup_confirmed_to_practice","chair_setup","chair_practice","15311","15311","mpv2_chair_practice_start","60","false","","15411","2972","3172","18383","18483","","","","played_fully","","false","practice-start instruction may be dropped before the user hears it","confirmed_deterministic_model","Confirm setup button is available before intro speech completes."
"initial_effect_speech_versus_first_user_action","initial_effect_speech_versus_first_user_action:clara:L250:immediate","clara","L250","307","mpv2_entry_initial_intro","screen_mount","chair_setup","0","0","mpv2_checkup_intro;checkup-chair-stand-intro-v21;checkup-chair-stand-setup-v21","60","false","","250","14211","15711","15461","15711","","","","played_fully","","false","","confirmed_deterministic_model",""
"initial_effect_speech_versus_first_user_action","initial_effect_speech_versus_first_user_action:clara:L250:immediate","clara","L250","308","chair_setup_confirmed_to_practice","chair_setup","chair_practice","0","0","mpv2_chair_practice_start","60","true","60","","","","","","","","","dropped_equal_priority","","false","practice-start instruction may be dropped before the user hears it","confirmed_deterministic_model","Confirm setup button is available before intro speech completes."
"initial_effect_speech_versus_first_user_action","initial_effect_speech_versus_first_user_action:clara:L250:after_250ms","clara","L250","309","mpv2_entry_initial_intro","screen_mount","chair_setup","0","0","mpv2_checkup_intro;checkup-chair-stand-intro-v21;checkup-chair-stand-setup-v21","60","false","","250","14211","15711","15461","15711","","","","played_fully","","false","","confirmed_deterministic_model",""
"initial_effect_speech_versus_first_user_action","initial_effect_speech_versus_first_user_action:clara:L250:after_250ms","clara","L250","310","chair_setup_confirmed_to_practice","chair_setup","chair_practice","250","250","mpv2_chair_practice_start","60","true","60","","","","","","","","","dropped_equal_priority","","false","practice-start instruction may be dropped before the user hears it","confirmed_deterministic_model","Confirm setup button is available before intro speech completes."
"initial_effect_speech_versus_first_user_action","initial_effect_speech_versus_first_user_action:clara:L250:after_current_speech","clara","L250","311","mpv2_entry_initial_intro","screen_mount","chair_setup","0","0","mpv2_checkup_intro;checkup-chair-stand-intro-v21;checkup-chair-stand-setup-v21","60","false","","250","14211","15711","15461","15711","","","","played_fully","","false","","confirmed_deterministic_model",""
"initial_effect_speech_versus_first_user_action","initial_effect_speech_versus_first_user_action:clara:L250:after_current_speech","clara","L250","312","chair_setup_confirmed_to_practice","chair_setup","chair_practice","16211","16211","mpv2_chair_practice_start","60","false","","16461","2972","3472","19433","19683","","","","played_fully","","false","practice-start instruction may be dropped before the user hears it","confirmed_deterministic_model","Confirm setup button is available before intro speech completes."
"initial_effect_speech_versus_first_user_action","initial_effect_speech_versus_first_user_action:marcus:L0:immediate","marcus","L0","313","mpv2_entry_initial_intro","screen_mount","chair_setup","0","0","mpv2_checkup_intro;checkup-chair-stand-intro-v21;checkup-chair-stand-setup-v21","60","false","","0","14350","14350","14350","14350","","","","played_fully","","false","","confirmed_deterministic_model",""
"initial_effect_speech_versus_first_user_action","initial_effect_speech_versus_first_user_action:marcus:L0:immediate","marcus","L0","314","chair_setup_confirmed_to_practice","chair_setup","chair_practice","0","0","mpv2_chair_practice_start","60","true","60","","","","","","","","","dropped_equal_priority","","false","practice-start instruction may be dropped before the user hears it","confirmed_deterministic_model","Confirm setup button is available before intro speech completes."
"initial_effect_speech_versus_first_user_action","initial_effect_speech_versus_first_user_action:marcus:L0:after_250ms","marcus","L0","315","mpv2_entry_initial_intro","screen_mount","chair_setup","0","0","mpv2_checkup_intro;checkup-chair-stand-intro-v21;checkup-chair-stand-setup-v21","60","false","","0","14350","14350","14350","14350","","","","played_fully","","false","","confirmed_deterministic_model",""
"initial_effect_speech_versus_first_user_action","initial_effect_speech_versus_first_user_action:marcus:L0:after_250ms","marcus","L0","316","chair_setup_confirmed_to_practice","chair_setup","chair_practice","250","250","mpv2_chair_practice_start","60","true","60","","","","","","","","","dropped_equal_priority","","false","practice-start instruction may be dropped before the user hears it","confirmed_deterministic_model","Confirm setup button is available before intro speech completes."
"initial_effect_speech_versus_first_user_action","initial_effect_speech_versus_first_user_action:marcus:L0:after_current_speech","marcus","L0","317","mpv2_entry_initial_intro","screen_mount","chair_setup","0","0","mpv2_checkup_intro;checkup-chair-stand-intro-v21;checkup-chair-stand-setup-v21","60","false","","0","14350","14350","14350","14350","","","","played_fully","","false","","confirmed_deterministic_model",""
"initial_effect_speech_versus_first_user_action","initial_effect_speech_versus_first_user_action:marcus:L0:after_current_speech","marcus","L0","318","chair_setup_confirmed_to_practice","chair_setup","chair_practice","14850","14850","mpv2_chair_practice_start","60","false","","14850","2694","2694","17544","17544","","","","played_fully","","false","practice-start instruction may be dropped before the user hears it","confirmed_deterministic_model","Confirm setup button is available before intro speech completes."
"initial_effect_speech_versus_first_user_action","initial_effect_speech_versus_first_user_action:marcus:L100:immediate","marcus","L100","319","mpv2_entry_initial_intro","screen_mount","chair_setup","0","0","mpv2_checkup_intro;checkup-chair-stand-intro-v21;checkup-chair-stand-setup-v21","60","false","","100","14350","14950","14850","14950","","","","played_fully","","false","","confirmed_deterministic_model",""
"initial_effect_speech_versus_first_user_action","initial_effect_speech_versus_first_user_action:marcus:L100:immediate","marcus","L100","320","chair_setup_confirmed_to_practice","chair_setup","chair_practice","0","0","mpv2_chair_practice_start","60","true","60","","","","","","","","","dropped_equal_priority","","false","practice-start instruction may be dropped before the user hears it","confirmed_deterministic_model","Confirm setup button is available before intro speech completes."
"initial_effect_speech_versus_first_user_action","initial_effect_speech_versus_first_user_action:marcus:L100:after_250ms","marcus","L100","321","mpv2_entry_initial_intro","screen_mount","chair_setup","0","0","mpv2_checkup_intro;checkup-chair-stand-intro-v21;checkup-chair-stand-setup-v21","60","false","","100","14350","14950","14850","14950","","","","played_fully","","false","","confirmed_deterministic_model",""
"initial_effect_speech_versus_first_user_action","initial_effect_speech_versus_first_user_action:marcus:L100:after_250ms","marcus","L100","322","chair_setup_confirmed_to_practice","chair_setup","chair_practice","250","250","mpv2_chair_practice_start","60","true","60","","","","","","","","","dropped_equal_priority","","false","practice-start instruction may be dropped before the user hears it","confirmed_deterministic_model","Confirm setup button is available before intro speech completes."
"initial_effect_speech_versus_first_user_action","initial_effect_speech_versus_first_user_action:marcus:L100:after_current_speech","marcus","L100","323","mpv2_entry_initial_intro","screen_mount","chair_setup","0","0","mpv2_checkup_intro;checkup-chair-stand-intro-v21;checkup-chair-stand-setup-v21","60","false","","100","14350","14950","14850","14950","","","","played_fully","","false","","confirmed_deterministic_model",""
"initial_effect_speech_versus_first_user_action","initial_effect_speech_versus_first_user_action:marcus:L100:after_current_speech","marcus","L100","324","chair_setup_confirmed_to_practice","chair_setup","chair_practice","15450","15450","mpv2_chair_practice_start","60","false","","15550","2694","2894","18244","18344","","","","played_fully","","false","practice-start instruction may be dropped before the user hears it","confirmed_deterministic_model","Confirm setup button is available before intro speech completes."
"initial_effect_speech_versus_first_user_action","initial_effect_speech_versus_first_user_action:marcus:L250:immediate","marcus","L250","325","mpv2_entry_initial_intro","screen_mount","chair_setup","0","0","mpv2_checkup_intro;checkup-chair-stand-intro-v21;checkup-chair-stand-setup-v21","60","false","","250","14350","15850","15600","15850","","","","played_fully","","false","","confirmed_deterministic_model",""
"initial_effect_speech_versus_first_user_action","initial_effect_speech_versus_first_user_action:marcus:L250:immediate","marcus","L250","326","chair_setup_confirmed_to_practice","chair_setup","chair_practice","0","0","mpv2_chair_practice_start","60","true","60","","","","","","","","","dropped_equal_priority","","false","practice-start instruction may be dropped before the user hears it","confirmed_deterministic_model","Confirm setup button is available before intro speech completes."
"initial_effect_speech_versus_first_user_action","initial_effect_speech_versus_first_user_action:marcus:L250:after_250ms","marcus","L250","327","mpv2_entry_initial_intro","screen_mount","chair_setup","0","0","mpv2_checkup_intro;checkup-chair-stand-intro-v21;checkup-chair-stand-setup-v21","60","false","","250","14350","15850","15600","15850","","","","played_fully","","false","","confirmed_deterministic_model",""
"initial_effect_speech_versus_first_user_action","initial_effect_speech_versus_first_user_action:marcus:L250:after_250ms","marcus","L250","328","chair_setup_confirmed_to_practice","chair_setup","chair_practice","250","250","mpv2_chair_practice_start","60","true","60","","","","","","","","","dropped_equal_priority","","false","practice-start instruction may be dropped before the user hears it","confirmed_deterministic_model","Confirm setup button is available before intro speech completes."
"initial_effect_speech_versus_first_user_action","initial_effect_speech_versus_first_user_action:marcus:L250:after_current_speech","marcus","L250","329","mpv2_entry_initial_intro","screen_mount","chair_setup","0","0","mpv2_checkup_intro;checkup-chair-stand-intro-v21;checkup-chair-stand-setup-v21","60","false","","250","14350","15850","15600","15850","","","","played_fully","","false","","confirmed_deterministic_model",""
"initial_effect_speech_versus_first_user_action","initial_effect_speech_versus_first_user_action:marcus:L250:after_current_speech","marcus","L250","330","chair_setup_confirmed_to_practice","chair_setup","chair_practice","16350","16350","mpv2_chair_practice_start","60","false","","16600","2694","3194","19294","19544","","","","played_fully","","false","practice-start instruction may be dropped before the user hears it","confirmed_deterministic_model","Confirm setup button is available before intro speech completes."
"timer_event_while_prior_cue_playing","timer_event_while_prior_cue_playing:clara:L0:default","clara","L0","331","chair_practice_completed_to_countdown","chair_practice","chair_countdown","0","0","mpv2_chair_official_ready","90","false","","0","3483","3483","3483","3483","3000","","","played_fully","-483","false","timer reaches active state while official-ready cue is still audible","confirmed_deterministic_model",""
"timer_event_while_prior_cue_playing","timer_event_while_prior_cue_playing:clara:L0:default","clara","L0","332","chair_countdown_elapsed_to_active","chair_countdown","chair_active","3000","","","","true","90","","","","","","3000","","","not_emitted","","false","active measurement begins while prior cue may still be playing","confirmed_source",""
"timer_event_while_prior_cue_playing","timer_event_while_prior_cue_playing:clara:L100:default","clara","L100","333","chair_practice_completed_to_countdown","chair_practice","chair_countdown","0","0","mpv2_chair_official_ready","90","false","","100","3483","3683","3583","3683","3000","","","played_fully","-583","false","timer reaches active state while official-ready cue is still audible","confirmed_deterministic_model",""
"timer_event_while_prior_cue_playing","timer_event_while_prior_cue_playing:clara:L100:default","clara","L100","334","chair_countdown_elapsed_to_active","chair_countdown","chair_active","3000","","","","true","90","","","","","","3000","","","not_emitted","","false","active measurement begins while prior cue may still be playing","confirmed_source",""
"timer_event_while_prior_cue_playing","timer_event_while_prior_cue_playing:clara:L250:default","clara","L250","335","chair_practice_completed_to_countdown","chair_practice","chair_countdown","0","0","mpv2_chair_official_ready","90","false","","250","3483","3983","3733","3983","3000","","","played_fully","-733","false","timer reaches active state while official-ready cue is still audible","confirmed_deterministic_model",""
"timer_event_while_prior_cue_playing","timer_event_while_prior_cue_playing:clara:L250:default","clara","L250","336","chair_countdown_elapsed_to_active","chair_countdown","chair_active","3000","","","","true","90","","","","","","3000","","","not_emitted","","false","active measurement begins while prior cue may still be playing","confirmed_source",""
"timer_event_while_prior_cue_playing","timer_event_while_prior_cue_playing:marcus:L0:default","marcus","L0","337","chair_practice_completed_to_countdown","chair_practice","chair_countdown","0","0","mpv2_chair_official_ready","90","false","","0","3622","3622","3622","3622","3000","","","played_fully","-622","false","timer reaches active state while official-ready cue is still audible","confirmed_deterministic_model",""
"timer_event_while_prior_cue_playing","timer_event_while_prior_cue_playing:marcus:L0:default","marcus","L0","338","chair_countdown_elapsed_to_active","chair_countdown","chair_active","3000","","","","true","90","","","","","","3000","","","not_emitted","","false","active measurement begins while prior cue may still be playing","confirmed_source",""
"timer_event_while_prior_cue_playing","timer_event_while_prior_cue_playing:marcus:L100:default","marcus","L100","339","chair_practice_completed_to_countdown","chair_practice","chair_countdown","0","0","mpv2_chair_official_ready","90","false","","100","3622","3822","3722","3822","3000","","","played_fully","-722","false","timer reaches active state while official-ready cue is still audible","confirmed_deterministic_model",""
"timer_event_while_prior_cue_playing","timer_event_while_prior_cue_playing:marcus:L100:default","marcus","L100","340","chair_countdown_elapsed_to_active","chair_countdown","chair_active","3000","","","","true","90","","","","","","3000","","","not_emitted","","false","active measurement begins while prior cue may still be playing","confirmed_source",""
"timer_event_while_prior_cue_playing","timer_event_while_prior_cue_playing:marcus:L250:default","marcus","L250","341","chair_practice_completed_to_countdown","chair_practice","chair_countdown","0","0","mpv2_chair_official_ready","90","false","","250","3622","4122","3872","4122","3000","","","played_fully","-872","false","timer reaches active state while official-ready cue is still audible","confirmed_deterministic_model",""
"timer_event_while_prior_cue_playing","timer_event_while_prior_cue_playing:marcus:L250:default","marcus","L250","342","chair_countdown_elapsed_to_active","chair_countdown","chair_active","3000","","","","true","90","","","","","","3000","","","not_emitted","","false","active measurement begins while prior cue may still be playing","confirmed_source",""
"equal_priority_event_while_busy","equal_priority_event_while_busy:clara:L0:default","clara","L0","343","balance_valid_trial_to_rest","balance_trial","balance_rest","0","0","mpv2_balance_attempt_saved;mpv2_balance_rest","70","false","","0","5573","5573","5573","5573","","","","played_fully","","false","","confirmed_deterministic_model",""
"equal_priority_event_while_busy","equal_priority_event_while_busy:clara:L0:default","clara","L0","344","balance_user_accepted_best","balance_rest","shoulder_setup","250","250","mpv2_balance_use_best;mpv2_balance_complete","70","true","70","","","","","","","","","dropped_equal_priority","","false","incoming cue not heard because the channel is busy","confirmed_deterministic_model","Equal-priority completion branch can be requested while rest narration is busy."
"equal_priority_event_while_busy","equal_priority_event_while_busy:clara:L100:default","clara","L100","345","balance_valid_trial_to_rest","balance_trial","balance_rest","0","0","mpv2_balance_attempt_saved;mpv2_balance_rest","70","false","","100","5573","5973","5873","5973","","","","played_fully","","false","","confirmed_deterministic_model",""
"equal_priority_event_while_busy","equal_priority_event_while_busy:clara:L100:default","clara","L100","346","balance_user_accepted_best","balance_rest","shoulder_setup","250","250","mpv2_balance_use_best;mpv2_balance_complete","70","true","70","","","","","","","","","dropped_equal_priority","","false","incoming cue not heard because the channel is busy","confirmed_deterministic_model","Equal-priority completion branch can be requested while rest narration is busy."
"equal_priority_event_while_busy","equal_priority_event_while_busy:clara:L250:default","clara","L250","347","balance_valid_trial_to_rest","balance_trial","balance_rest","0","0","mpv2_balance_attempt_saved;mpv2_balance_rest","70","false","","250","5573","6573","6323","6573","","","","played_fully","","false","","confirmed_deterministic_model",""
"equal_priority_event_while_busy","equal_priority_event_while_busy:clara:L250:default","clara","L250","348","balance_user_accepted_best","balance_rest","shoulder_setup","250","250","mpv2_balance_use_best;mpv2_balance_complete","70","true","70","","","","","","","","","dropped_equal_priority","","false","incoming cue not heard because the channel is busy","confirmed_deterministic_model","Equal-priority completion branch can be requested while rest narration is busy."
"equal_priority_event_while_busy","equal_priority_event_while_busy:marcus:L0:default","marcus","L0","349","balance_valid_trial_to_rest","balance_trial","balance_rest","0","0","mpv2_balance_attempt_saved;mpv2_balance_rest","70","false","","0","5573","5573","5573","5573","","","","played_fully","","false","","confirmed_deterministic_model",""
"equal_priority_event_while_busy","equal_priority_event_while_busy:marcus:L0:default","marcus","L0","350","balance_user_accepted_best","balance_rest","shoulder_setup","250","250","mpv2_balance_use_best;mpv2_balance_complete","70","true","70","","","","","","","","","dropped_equal_priority","","false","incoming cue not heard because the channel is busy","confirmed_deterministic_model","Equal-priority completion branch can be requested while rest narration is busy."
"equal_priority_event_while_busy","equal_priority_event_while_busy:marcus:L100:default","marcus","L100","351","balance_valid_trial_to_rest","balance_trial","balance_rest","0","0","mpv2_balance_attempt_saved;mpv2_balance_rest","70","false","","100","5573","5973","5873","5973","","","","played_fully","","false","","confirmed_deterministic_model",""
"equal_priority_event_while_busy","equal_priority_event_while_busy:marcus:L100:default","marcus","L100","352","balance_user_accepted_best","balance_rest","shoulder_setup","250","250","mpv2_balance_use_best;mpv2_balance_complete","70","true","70","","","","","","","","","dropped_equal_priority","","false","incoming cue not heard because the channel is busy","confirmed_deterministic_model","Equal-priority completion branch can be requested while rest narration is busy."
"equal_priority_event_while_busy","equal_priority_event_while_busy:marcus:L250:default","marcus","L250","353","balance_valid_trial_to_rest","balance_trial","balance_rest","0","0","mpv2_balance_attempt_saved;mpv2_balance_rest","70","false","","250","5573","6573","6323","6573","","","","played_fully","","false","","confirmed_deterministic_model",""
"equal_priority_event_while_busy","equal_priority_event_while_busy:marcus:L250:default","marcus","L250","354","balance_user_accepted_best","balance_rest","shoulder_setup","250","250","mpv2_balance_use_best;mpv2_balance_complete","70","true","70","","","","","","","","","dropped_equal_priority","","false","incoming cue not heard because the channel is busy","confirmed_deterministic_model","Equal-priority completion branch can be requested while rest narration is busy."
"higher_priority_event_while_busy","higher_priority_event_while_busy:clara:L0:default","clara","L0","355","mpv2_setup_guidance_low_priority","balance_ready","balance_trial","0","0","mpv2_balance_attempt_start","60","false","","0","4737","4737","250","250","","","","played_partially_then_interrupted","","false","","confirmed_deterministic_model","Interrupted by mpv2_tracking_retry_high_priority at 250ms."
"higher_priority_event_while_busy","higher_priority_event_while_busy:clara:L0:default","clara","L0","356","mpv2_tracking_retry_high_priority","balance_trial","balance_rest","250","250","mpv2_balance_tracking_retry","100","true","60","250","6037","6037","6287","6287","","","","played_fully","","false","","confirmed_deterministic_model","Recovery priority 100 interrupts active-transition priority 60."
"higher_priority_event_while_busy","higher_priority_event_while_busy:clara:L100:default","clara","L100","357","mpv2_setup_guidance_low_priority","balance_ready","balance_trial","0","0","mpv2_balance_attempt_start","60","false","","100","4737","4937","250","250","","","","played_partially_then_interrupted","","false","","confirmed_deterministic_model","Interrupted by mpv2_tracking_retry_high_priority at 250ms."
"higher_priority_event_while_busy","higher_priority_event_while_busy:clara:L100:default","clara","L100","358","mpv2_tracking_retry_high_priority","balance_trial","balance_rest","250","250","mpv2_balance_tracking_retry","100","true","60","350","6037","6237","6387","6487","","","","played_fully","","false","","confirmed_deterministic_model","Recovery priority 100 interrupts active-transition priority 60."
"higher_priority_event_while_busy","higher_priority_event_while_busy:clara:L250:default","clara","L250","359","mpv2_setup_guidance_low_priority","balance_ready","balance_trial","0","0","mpv2_balance_attempt_start","60","false","","250","4737","5237","250","250","","","","played_partially_then_interrupted","","false","","confirmed_deterministic_model","Interrupted by mpv2_tracking_retry_high_priority at 250ms."
"higher_priority_event_while_busy","higher_priority_event_while_busy:clara:L250:default","clara","L250","360","mpv2_tracking_retry_high_priority","balance_trial","balance_rest","250","250","mpv2_balance_tracking_retry","100","true","60","500","6037","6537","6537","6787","","","","played_fully","","false","","confirmed_deterministic_model","Recovery priority 100 interrupts active-transition priority 60."
"higher_priority_event_while_busy","higher_priority_event_while_busy:marcus:L0:default","marcus","L0","361","mpv2_setup_guidance_low_priority","balance_ready","balance_trial","0","0","mpv2_balance_attempt_start","60","false","","0","4412","4412","250","250","","","","played_partially_then_interrupted","","false","","confirmed_deterministic_model","Interrupted by mpv2_tracking_retry_high_priority at 250ms."
"higher_priority_event_while_busy","higher_priority_event_while_busy:marcus:L0:default","marcus","L0","362","mpv2_tracking_retry_high_priority","balance_trial","balance_rest","250","250","mpv2_balance_tracking_retry","100","true","60","250","5666","5666","5916","5916","","","","played_fully","","false","","confirmed_deterministic_model","Recovery priority 100 interrupts active-transition priority 60."
"higher_priority_event_while_busy","higher_priority_event_while_busy:marcus:L100:default","marcus","L100","363","mpv2_setup_guidance_low_priority","balance_ready","balance_trial","0","0","mpv2_balance_attempt_start","60","false","","100","4412","4612","250","250","","","","played_partially_then_interrupted","","false","","confirmed_deterministic_model","Interrupted by mpv2_tracking_retry_high_priority at 250ms."
"higher_priority_event_while_busy","higher_priority_event_while_busy:marcus:L100:default","marcus","L100","364","mpv2_tracking_retry_high_priority","balance_trial","balance_rest","250","250","mpv2_balance_tracking_retry","100","true","60","350","5666","5866","6016","6116","","","","played_fully","","false","","confirmed_deterministic_model","Recovery priority 100 interrupts active-transition priority 60."
"higher_priority_event_while_busy","higher_priority_event_while_busy:marcus:L250:default","marcus","L250","365","mpv2_setup_guidance_low_priority","balance_ready","balance_trial","0","0","mpv2_balance_attempt_start","60","false","","250","4412","4912","250","250","","","","played_partially_then_interrupted","","false","","confirmed_deterministic_model","Interrupted by mpv2_tracking_retry_high_priority at 250ms."
"higher_priority_event_while_busy","higher_priority_event_while_busy:marcus:L250:default","marcus","L250","366","mpv2_tracking_retry_high_priority","balance_trial","balance_rest","250","250","mpv2_balance_tracking_retry","100","true","60","500","5666","6166","6166","6416","","","","played_fully","","false","","confirmed_deterministic_model","Recovery priority 100 interrupts active-transition priority 60."
"required_cue_missing","required_cue_missing:clara:L0:default","clara","L0","367","required_cue_missing","chair_setup","chair_practice","0","","","60","false","","","","","","","","","","skipped_resolution_error","","false","required instruction is skipped; controller would still progress in current implementation","confirmed_source","Failure injection is modelled without modifying physical assets."
"required_cue_missing","required_cue_missing:clara:L100:default","clara","L100","368","required_cue_missing","chair_setup","chair_practice","0","","","60","false","","","","","","","","","","skipped_resolution_error","","false","required instruction is skipped; controller would still progress in current implementation","confirmed_source","Failure injection is modelled without modifying physical assets."
"required_cue_missing","required_cue_missing:clara:L250:default","clara","L250","369","required_cue_missing","chair_setup","chair_practice","0","","","60","false","","","","","","","","","","skipped_resolution_error","","false","required instruction is skipped; controller would still progress in current implementation","confirmed_source","Failure injection is modelled without modifying physical assets."
"required_cue_missing","required_cue_missing:marcus:L0:default","marcus","L0","370","required_cue_missing","chair_setup","chair_practice","0","","","60","false","","","","","","","","","","skipped_resolution_error","","false","required instruction is skipped; controller would still progress in current implementation","confirmed_source","Failure injection is modelled without modifying physical assets."
"required_cue_missing","required_cue_missing:marcus:L100:default","marcus","L100","371","required_cue_missing","chair_setup","chair_practice","0","","","60","false","","","","","","","","","","skipped_resolution_error","","false","required instruction is skipped; controller would still progress in current implementation","confirmed_source","Failure injection is modelled without modifying physical assets."
"required_cue_missing","required_cue_missing:marcus:L250:default","marcus","L250","372","required_cue_missing","chair_setup","chair_practice","0","","","60","false","","","","","","","","","","skipped_resolution_error","","false","required instruction is skipped; controller would still progress in current implementation","confirmed_source","Failure injection is modelled without modifying physical assets."
"required_asset_resolution_throws","required_asset_resolution_throws:clara:L0:default","clara","L0","373","required_asset_resolution_throws","chair_setup","chair_practice","0","","","60","false","","","","","","","","","","skipped_resolution_error","","false","required instruction is skipped; controller would still progress in current implementation","confirmed_source","Failure injection is modelled without modifying physical assets."
"required_asset_resolution_throws","required_asset_resolution_throws:clara:L100:default","clara","L100","374","required_asset_resolution_throws","chair_setup","chair_practice","0","","","60","false","","","","","","","","","","skipped_resolution_error","","false","required instruction is skipped; controller would still progress in current implementation","confirmed_source","Failure injection is modelled without modifying physical assets."
"required_asset_resolution_throws","required_asset_resolution_throws:clara:L250:default","clara","L250","375","required_asset_resolution_throws","chair_setup","chair_practice","0","","","60","false","","","","","","","","","","skipped_resolution_error","","false","required instruction is skipped; controller would still progress in current implementation","confirmed_source","Failure injection is modelled without modifying physical assets."
"required_asset_resolution_throws","required_asset_resolution_throws:marcus:L0:default","marcus","L0","376","required_asset_resolution_throws","chair_setup","chair_practice","0","","","60","false","","","","","","","","","","skipped_resolution_error","","false","required instruction is skipped; controller would still progress in current implementation","confirmed_source","Failure injection is modelled without modifying physical assets."
"required_asset_resolution_throws","required_asset_resolution_throws:marcus:L100:default","marcus","L100","377","required_asset_resolution_throws","chair_setup","chair_practice","0","","","60","false","","","","","","","","","","skipped_resolution_error","","false","required instruction is skipped; controller would still progress in current implementation","confirmed_source","Failure injection is modelled without modifying physical assets."
"required_asset_resolution_throws","required_asset_resolution_throws:marcus:L250:default","marcus","L250","378","required_asset_resolution_throws","chair_setup","chair_practice","0","","","60","false","","","","","","","","","","skipped_resolution_error","","false","required instruction is skipped; controller would still progress in current implementation","confirmed_source","Failure injection is modelled without modifying physical assets."
"playback_creation_fails","playback_creation_fails:clara:L0:default","clara","L0","379","playback_creation_fails","chair_setup","chair_practice","0","","","60","false","","","","","","","","","","skipped_playback_creation_error","","false","required instruction is skipped; controller would still progress in current implementation","confirmed_source","Failure injection is modelled without modifying physical assets."
"playback_creation_fails","playback_creation_fails:clara:L100:default","clara","L100","380","playback_creation_fails","chair_setup","chair_practice","0","","","60","false","","","","","","","","","","skipped_playback_creation_error","","false","required instruction is skipped; controller would still progress in current implementation","confirmed_source","Failure injection is modelled without modifying physical assets."
"playback_creation_fails","playback_creation_fails:clara:L250:default","clara","L250","381","playback_creation_fails","chair_setup","chair_practice","0","","","60","false","","","","","","","","","","skipped_playback_creation_error","","false","required instruction is skipped; controller would still progress in current implementation","confirmed_source","Failure injection is modelled without modifying physical assets."
"playback_creation_fails","playback_creation_fails:marcus:L0:default","marcus","L0","382","playback_creation_fails","chair_setup","chair_practice","0","","","60","false","","","","","","","","","","skipped_playback_creation_error","","false","required instruction is skipped; controller would still progress in current implementation","confirmed_source","Failure injection is modelled without modifying physical assets."
"playback_creation_fails","playback_creation_fails:marcus:L100:default","marcus","L100","383","playback_creation_fails","chair_setup","chair_practice","0","","","60","false","","","","","","","","","","skipped_playback_creation_error","","false","required instruction is skipped; controller would still progress in current implementation","confirmed_source","Failure injection is modelled without modifying physical assets."
"playback_creation_fails","playback_creation_fails:marcus:L250:default","marcus","L250","384","playback_creation_fails","chair_setup","chair_practice","0","","","60","false","","","","","","","","","","skipped_playback_creation_error","","false","required instruction is skipped; controller would still progress in current implementation","confirmed_source","Failure injection is modelled without modifying physical assets."
"playback_start_callback_fails","playback_start_callback_fails:clara:L0:default","clara","L0","385","playback_start_callback_fails","chair_setup","chair_practice","0","","","60","false","","","","","","","","","","skipped_playback_start_error","","false","required instruction is skipped; controller would still progress in current implementation","confirmed_source","Failure injection is modelled without modifying physical assets."
"playback_start_callback_fails","playback_start_callback_fails:clara:L100:default","clara","L100","386","playback_start_callback_fails","chair_setup","chair_practice","0","","","60","false","","","","","","","","","","skipped_playback_start_error","","false","required instruction is skipped; controller would still progress in current implementation","confirmed_source","Failure injection is modelled without modifying physical assets."
"playback_start_callback_fails","playback_start_callback_fails:clara:L250:default","clara","L250","387","playback_start_callback_fails","chair_setup","chair_practice","0","","","60","false","","","","","","","","","","skipped_playback_start_error","","false","required instruction is skipped; controller would still progress in current implementation","confirmed_source","Failure injection is modelled without modifying physical assets."
"playback_start_callback_fails","playback_start_callback_fails:marcus:L0:default","marcus","L0","388","playback_start_callback_fails","chair_setup","chair_practice","0","","","60","false","","","","","","","","","","skipped_playback_start_error","","false","required instruction is skipped; controller would still progress in current implementation","confirmed_source","Failure injection is modelled without modifying physical assets."
"playback_start_callback_fails","playback_start_callback_fails:marcus:L100:default","marcus","L100","389","playback_start_callback_fails","chair_setup","chair_practice","0","","","60","false","","","","","","","","","","skipped_playback_start_error","","false","required instruction is skipped; controller would still progress in current implementation","confirmed_source","Failure injection is modelled without modifying physical assets."
"playback_start_callback_fails","playback_start_callback_fails:marcus:L250:default","marcus","L250","390","playback_start_callback_fails","chair_setup","chair_practice","0","","","60","false","","","","","","","","","","skipped_playback_start_error","","false","required instruction is skipped; controller would still progress in current implementation","confirmed_source","Failure injection is modelled without modifying physical assets."
"cue_completes_after_state_exit","cue_completes_after_state_exit:clara:L0:default","clara","L0","391","hinge_recorded_valid","hinge_active","raw_complete","0","0","mpv2_hinge_complete;checkup-complete-v21","70","false","","0","3623","3623","0","0","","","0","cancelled_on_stop","","true","completion narration can be cancelled by navigation/unmount","confirmed_deterministic_model","Completion speech begins at raw_complete. Cancelled by navigation_state_exit."
"cue_completes_after_state_exit","cue_completes_after_state_exit:clara:L0:default","clara","L0","392","navigation_state_exit","raw_complete","unmounted","0","","","","true","cleared","","","","","","","","0","cancelled_on_stop","","false","voice channel stopped and pending cues cleared","confirmed_source",""
"cue_completes_after_state_exit","cue_completes_after_state_exit:clara:L100:default","clara","L100","393","hinge_recorded_valid","hinge_active","raw_complete","0","0","mpv2_hinge_complete;checkup-complete-v21","70","false","","100","3623","4023","0","0","","","0","cancelled_on_stop","","true","completion narration can be cancelled by navigation/unmount","confirmed_deterministic_model","Completion speech begins at raw_complete. Cancelled by navigation_state_exit."
"cue_completes_after_state_exit","cue_completes_after_state_exit:clara:L100:default","clara","L100","394","navigation_state_exit","raw_complete","unmounted","0","","","","true","cleared","","","","","","","","0","cancelled_on_stop","","false","voice channel stopped and pending cues cleared","confirmed_source",""
"cue_completes_after_state_exit","cue_completes_after_state_exit:clara:L250:default","clara","L250","395","hinge_recorded_valid","hinge_active","raw_complete","0","0","mpv2_hinge_complete;checkup-complete-v21","70","false","","250","3623","4623","0","0","","","0","cancelled_on_stop","","true","completion narration can be cancelled by navigation/unmount","confirmed_deterministic_model","Completion speech begins at raw_complete. Cancelled by navigation_state_exit."
"cue_completes_after_state_exit","cue_completes_after_state_exit:clara:L250:default","clara","L250","396","navigation_state_exit","raw_complete","unmounted","0","","","","true","cleared","","","","","","","","0","cancelled_on_stop","","false","voice channel stopped and pending cues cleared","confirmed_source",""
"cue_completes_after_state_exit","cue_completes_after_state_exit:marcus:L0:default","marcus","L0","397","hinge_recorded_valid","hinge_active","raw_complete","0","0","mpv2_hinge_complete;checkup-complete-v21","70","false","","0","3808","3808","0","0","","","0","cancelled_on_stop","","true","completion narration can be cancelled by navigation/unmount","confirmed_deterministic_model","Completion speech begins at raw_complete. Cancelled by navigation_state_exit."
"cue_completes_after_state_exit","cue_completes_after_state_exit:marcus:L0:default","marcus","L0","398","navigation_state_exit","raw_complete","unmounted","0","","","","true","cleared","","","","","","","","0","cancelled_on_stop","","false","voice channel stopped and pending cues cleared","confirmed_source",""
"cue_completes_after_state_exit","cue_completes_after_state_exit:marcus:L100:default","marcus","L100","399","hinge_recorded_valid","hinge_active","raw_complete","0","0","mpv2_hinge_complete;checkup-complete-v21","70","false","","100","3808","4208","0","0","","","0","cancelled_on_stop","","true","completion narration can be cancelled by navigation/unmount","confirmed_deterministic_model","Completion speech begins at raw_complete. Cancelled by navigation_state_exit."
"cue_completes_after_state_exit","cue_completes_after_state_exit:marcus:L100:default","marcus","L100","400","navigation_state_exit","raw_complete","unmounted","0","","","","true","cleared","","","","","","","","0","cancelled_on_stop","","false","voice channel stopped and pending cues cleared","confirmed_source",""
"cue_completes_after_state_exit","cue_completes_after_state_exit:marcus:L250:default","marcus","L250","401","hinge_recorded_valid","hinge_active","raw_complete","0","0","mpv2_hinge_complete;checkup-complete-v21","70","false","","250","3808","4808","0","0","","","0","cancelled_on_stop","","true","completion narration can be cancelled by navigation/unmount","confirmed_deterministic_model","Completion speech begins at raw_complete. Cancelled by navigation_state_exit."
"cue_completes_after_state_exit","cue_completes_after_state_exit:marcus:L250:default","marcus","L250","402","navigation_state_exit","raw_complete","unmounted","0","","","","true","cleared","","","","","","","","0","cancelled_on_stop","","false","voice channel stopped and pending cues cleared","confirmed_source",""
"rapid_user_action_during_speech","rapid_user_action_during_speech:clara:L0:immediate","clara","L0","403","mpv2_entry_initial_intro","screen_mount","chair_setup","0","0","mpv2_checkup_intro;checkup-chair-stand-intro-v21;checkup-chair-stand-setup-v21","60","false","","0","14211","14211","14211","14211","","","","played_fully","","false","","confirmed_deterministic_model",""
"rapid_user_action_during_speech","rapid_user_action_during_speech:clara:L0:immediate","clara","L0","404","chair_setup_confirmed_to_practice","chair_setup","chair_practice","0","0","mpv2_chair_practice_start","60","true","60","","","","","","","","","dropped_equal_priority","","false","practice-start instruction may be dropped before the user hears it","confirmed_deterministic_model","Confirm setup button is available before intro speech completes."
"rapid_user_action_during_speech","rapid_user_action_during_speech:clara:L0:after_250ms","clara","L0","405","mpv2_entry_initial_intro","screen_mount","chair_setup","0","0","mpv2_checkup_intro;checkup-chair-stand-intro-v21;checkup-chair-stand-setup-v21","60","false","","0","14211","14211","14211","14211","","","","played_fully","","false","","confirmed_deterministic_model",""
"rapid_user_action_during_speech","rapid_user_action_during_speech:clara:L0:after_250ms","clara","L0","406","chair_setup_confirmed_to_practice","chair_setup","chair_practice","250","250","mpv2_chair_practice_start","60","true","60","","","","","","","","","dropped_equal_priority","","false","practice-start instruction may be dropped before the user hears it","confirmed_deterministic_model","Confirm setup button is available before intro speech completes."
"rapid_user_action_during_speech","rapid_user_action_during_speech:clara:L0:after_current_speech","clara","L0","407","mpv2_entry_initial_intro","screen_mount","chair_setup","0","0","mpv2_checkup_intro;checkup-chair-stand-intro-v21;checkup-chair-stand-setup-v21","60","false","","0","14211","14211","14211","14211","","","","played_fully","","false","","confirmed_deterministic_model",""
"rapid_user_action_during_speech","rapid_user_action_during_speech:clara:L0:after_current_speech","clara","L0","408","chair_setup_confirmed_to_practice","chair_setup","chair_practice","14711","14711","mpv2_chair_practice_start","60","false","","14711","2972","2972","17683","17683","","","","played_fully","","false","practice-start instruction may be dropped before the user hears it","confirmed_deterministic_model","Confirm setup button is available before intro speech completes."
"rapid_user_action_during_speech","rapid_user_action_during_speech:clara:L100:immediate","clara","L100","409","mpv2_entry_initial_intro","screen_mount","chair_setup","0","0","mpv2_checkup_intro;checkup-chair-stand-intro-v21;checkup-chair-stand-setup-v21","60","false","","100","14211","14811","14711","14811","","","","played_fully","","false","","confirmed_deterministic_model",""
"rapid_user_action_during_speech","rapid_user_action_during_speech:clara:L100:immediate","clara","L100","410","chair_setup_confirmed_to_practice","chair_setup","chair_practice","0","0","mpv2_chair_practice_start","60","true","60","","","","","","","","","dropped_equal_priority","","false","practice-start instruction may be dropped before the user hears it","confirmed_deterministic_model","Confirm setup button is available before intro speech completes."
"rapid_user_action_during_speech","rapid_user_action_during_speech:clara:L100:after_250ms","clara","L100","411","mpv2_entry_initial_intro","screen_mount","chair_setup","0","0","mpv2_checkup_intro;checkup-chair-stand-intro-v21;checkup-chair-stand-setup-v21","60","false","","100","14211","14811","14711","14811","","","","played_fully","","false","","confirmed_deterministic_model",""
"rapid_user_action_during_speech","rapid_user_action_during_speech:clara:L100:after_250ms","clara","L100","412","chair_setup_confirmed_to_practice","chair_setup","chair_practice","250","250","mpv2_chair_practice_start","60","true","60","","","","","","","","","dropped_equal_priority","","false","practice-start instruction may be dropped before the user hears it","confirmed_deterministic_model","Confirm setup button is available before intro speech completes."
"rapid_user_action_during_speech","rapid_user_action_during_speech:clara:L100:after_current_speech","clara","L100","413","mpv2_entry_initial_intro","screen_mount","chair_setup","0","0","mpv2_checkup_intro;checkup-chair-stand-intro-v21;checkup-chair-stand-setup-v21","60","false","","100","14211","14811","14711","14811","","","","played_fully","","false","","confirmed_deterministic_model",""
"rapid_user_action_during_speech","rapid_user_action_during_speech:clara:L100:after_current_speech","clara","L100","414","chair_setup_confirmed_to_practice","chair_setup","chair_practice","15311","15311","mpv2_chair_practice_start","60","false","","15411","2972","3172","18383","18483","","","","played_fully","","false","practice-start instruction may be dropped before the user hears it","confirmed_deterministic_model","Confirm setup button is available before intro speech completes."
"rapid_user_action_during_speech","rapid_user_action_during_speech:clara:L250:immediate","clara","L250","415","mpv2_entry_initial_intro","screen_mount","chair_setup","0","0","mpv2_checkup_intro;checkup-chair-stand-intro-v21;checkup-chair-stand-setup-v21","60","false","","250","14211","15711","15461","15711","","","","played_fully","","false","","confirmed_deterministic_model",""
"rapid_user_action_during_speech","rapid_user_action_during_speech:clara:L250:immediate","clara","L250","416","chair_setup_confirmed_to_practice","chair_setup","chair_practice","0","0","mpv2_chair_practice_start","60","true","60","","","","","","","","","dropped_equal_priority","","false","practice-start instruction may be dropped before the user hears it","confirmed_deterministic_model","Confirm setup button is available before intro speech completes."
"rapid_user_action_during_speech","rapid_user_action_during_speech:clara:L250:after_250ms","clara","L250","417","mpv2_entry_initial_intro","screen_mount","chair_setup","0","0","mpv2_checkup_intro;checkup-chair-stand-intro-v21;checkup-chair-stand-setup-v21","60","false","","250","14211","15711","15461","15711","","","","played_fully","","false","","confirmed_deterministic_model",""
"rapid_user_action_during_speech","rapid_user_action_during_speech:clara:L250:after_250ms","clara","L250","418","chair_setup_confirmed_to_practice","chair_setup","chair_practice","250","250","mpv2_chair_practice_start","60","true","60","","","","","","","","","dropped_equal_priority","","false","practice-start instruction may be dropped before the user hears it","confirmed_deterministic_model","Confirm setup button is available before intro speech completes."
"rapid_user_action_during_speech","rapid_user_action_during_speech:clara:L250:after_current_speech","clara","L250","419","mpv2_entry_initial_intro","screen_mount","chair_setup","0","0","mpv2_checkup_intro;checkup-chair-stand-intro-v21;checkup-chair-stand-setup-v21","60","false","","250","14211","15711","15461","15711","","","","played_fully","","false","","confirmed_deterministic_model",""
"rapid_user_action_during_speech","rapid_user_action_during_speech:clara:L250:after_current_speech","clara","L250","420","chair_setup_confirmed_to_practice","chair_setup","chair_practice","16211","16211","mpv2_chair_practice_start","60","false","","16461","2972","3472","19433","19683","","","","played_fully","","false","practice-start instruction may be dropped before the user hears it","confirmed_deterministic_model","Confirm setup button is available before intro speech completes."
"rapid_user_action_during_speech","rapid_user_action_during_speech:marcus:L0:immediate","marcus","L0","421","mpv2_entry_initial_intro","screen_mount","chair_setup","0","0","mpv2_checkup_intro;checkup-chair-stand-intro-v21;checkup-chair-stand-setup-v21","60","false","","0","14350","14350","14350","14350","","","","played_fully","","false","","confirmed_deterministic_model",""
"rapid_user_action_during_speech","rapid_user_action_during_speech:marcus:L0:immediate","marcus","L0","422","chair_setup_confirmed_to_practice","chair_setup","chair_practice","0","0","mpv2_chair_practice_start","60","true","60","","","","","","","","","dropped_equal_priority","","false","practice-start instruction may be dropped before the user hears it","confirmed_deterministic_model","Confirm setup button is available before intro speech completes."
"rapid_user_action_during_speech","rapid_user_action_during_speech:marcus:L0:after_250ms","marcus","L0","423","mpv2_entry_initial_intro","screen_mount","chair_setup","0","0","mpv2_checkup_intro;checkup-chair-stand-intro-v21;checkup-chair-stand-setup-v21","60","false","","0","14350","14350","14350","14350","","","","played_fully","","false","","confirmed_deterministic_model",""
"rapid_user_action_during_speech","rapid_user_action_during_speech:marcus:L0:after_250ms","marcus","L0","424","chair_setup_confirmed_to_practice","chair_setup","chair_practice","250","250","mpv2_chair_practice_start","60","true","60","","","","","","","","","dropped_equal_priority","","false","practice-start instruction may be dropped before the user hears it","confirmed_deterministic_model","Confirm setup button is available before intro speech completes."
"rapid_user_action_during_speech","rapid_user_action_during_speech:marcus:L0:after_current_speech","marcus","L0","425","mpv2_entry_initial_intro","screen_mount","chair_setup","0","0","mpv2_checkup_intro;checkup-chair-stand-intro-v21;checkup-chair-stand-setup-v21","60","false","","0","14350","14350","14350","14350","","","","played_fully","","false","","confirmed_deterministic_model",""
"rapid_user_action_during_speech","rapid_user_action_during_speech:marcus:L0:after_current_speech","marcus","L0","426","chair_setup_confirmed_to_practice","chair_setup","chair_practice","14850","14850","mpv2_chair_practice_start","60","false","","14850","2694","2694","17544","17544","","","","played_fully","","false","practice-start instruction may be dropped before the user hears it","confirmed_deterministic_model","Confirm setup button is available before intro speech completes."
"rapid_user_action_during_speech","rapid_user_action_during_speech:marcus:L100:immediate","marcus","L100","427","mpv2_entry_initial_intro","screen_mount","chair_setup","0","0","mpv2_checkup_intro;checkup-chair-stand-intro-v21;checkup-chair-stand-setup-v21","60","false","","100","14350","14950","14850","14950","","","","played_fully","","false","","confirmed_deterministic_model",""
"rapid_user_action_during_speech","rapid_user_action_during_speech:marcus:L100:immediate","marcus","L100","428","chair_setup_confirmed_to_practice","chair_setup","chair_practice","0","0","mpv2_chair_practice_start","60","true","60","","","","","","","","","dropped_equal_priority","","false","practice-start instruction may be dropped before the user hears it","confirmed_deterministic_model","Confirm setup button is available before intro speech completes."
"rapid_user_action_during_speech","rapid_user_action_during_speech:marcus:L100:after_250ms","marcus","L100","429","mpv2_entry_initial_intro","screen_mount","chair_setup","0","0","mpv2_checkup_intro;checkup-chair-stand-intro-v21;checkup-chair-stand-setup-v21","60","false","","100","14350","14950","14850","14950","","","","played_fully","","false","","confirmed_deterministic_model",""
"rapid_user_action_during_speech","rapid_user_action_during_speech:marcus:L100:after_250ms","marcus","L100","430","chair_setup_confirmed_to_practice","chair_setup","chair_practice","250","250","mpv2_chair_practice_start","60","true","60","","","","","","","","","dropped_equal_priority","","false","practice-start instruction may be dropped before the user hears it","confirmed_deterministic_model","Confirm setup button is available before intro speech completes."
"rapid_user_action_during_speech","rapid_user_action_during_speech:marcus:L100:after_current_speech","marcus","L100","431","mpv2_entry_initial_intro","screen_mount","chair_setup","0","0","mpv2_checkup_intro;checkup-chair-stand-intro-v21;checkup-chair-stand-setup-v21","60","false","","100","14350","14950","14850","14950","","","","played_fully","","false","","confirmed_deterministic_model",""
"rapid_user_action_during_speech","rapid_user_action_during_speech:marcus:L100:after_current_speech","marcus","L100","432","chair_setup_confirmed_to_practice","chair_setup","chair_practice","15450","15450","mpv2_chair_practice_start","60","false","","15550","2694","2894","18244","18344","","","","played_fully","","false","practice-start instruction may be dropped before the user hears it","confirmed_deterministic_model","Confirm setup button is available before intro speech completes."
"rapid_user_action_during_speech","rapid_user_action_during_speech:marcus:L250:immediate","marcus","L250","433","mpv2_entry_initial_intro","screen_mount","chair_setup","0","0","mpv2_checkup_intro;checkup-chair-stand-intro-v21;checkup-chair-stand-setup-v21","60","false","","250","14350","15850","15600","15850","","","","played_fully","","false","","confirmed_deterministic_model",""
"rapid_user_action_during_speech","rapid_user_action_during_speech:marcus:L250:immediate","marcus","L250","434","chair_setup_confirmed_to_practice","chair_setup","chair_practice","0","0","mpv2_chair_practice_start","60","true","60","","","","","","","","","dropped_equal_priority","","false","practice-start instruction may be dropped before the user hears it","confirmed_deterministic_model","Confirm setup button is available before intro speech completes."
"rapid_user_action_during_speech","rapid_user_action_during_speech:marcus:L250:after_250ms","marcus","L250","435","mpv2_entry_initial_intro","screen_mount","chair_setup","0","0","mpv2_checkup_intro;checkup-chair-stand-intro-v21;checkup-chair-stand-setup-v21","60","false","","250","14350","15850","15600","15850","","","","played_fully","","false","","confirmed_deterministic_model",""
"rapid_user_action_during_speech","rapid_user_action_during_speech:marcus:L250:after_250ms","marcus","L250","436","chair_setup_confirmed_to_practice","chair_setup","chair_practice","250","250","mpv2_chair_practice_start","60","true","60","","","","","","","","","dropped_equal_priority","","false","practice-start instruction may be dropped before the user hears it","confirmed_deterministic_model","Confirm setup button is available before intro speech completes."
"rapid_user_action_during_speech","rapid_user_action_during_speech:marcus:L250:after_current_speech","marcus","L250","437","mpv2_entry_initial_intro","screen_mount","chair_setup","0","0","mpv2_checkup_intro;checkup-chair-stand-intro-v21;checkup-chair-stand-setup-v21","60","false","","250","14350","15850","15600","15850","","","","played_fully","","false","","confirmed_deterministic_model",""
"rapid_user_action_during_speech","rapid_user_action_during_speech:marcus:L250:after_current_speech","marcus","L250","438","chair_setup_confirmed_to_practice","chair_setup","chair_practice","16350","16350","mpv2_chair_practice_start","60","false","","16600","2694","3194","19294","19544","","","","played_fully","","false","practice-start instruction may be dropped before the user hears it","confirmed_deterministic_model","Confirm setup button is available before intro speech completes."
"recovery_event_during_speech","recovery_event_during_speech:clara:L0:default","clara","L0","439","mpv2_setup_guidance_low_priority","balance_ready","balance_trial","0","0","mpv2_balance_attempt_start","60","false","","0","4737","4737","250","250","","","","played_partially_then_interrupted","","false","","confirmed_deterministic_model","Interrupted by mpv2_tracking_retry_high_priority at 250ms."
"recovery_event_during_speech","recovery_event_during_speech:clara:L0:default","clara","L0","440","mpv2_tracking_retry_high_priority","balance_trial","balance_rest","250","250","mpv2_balance_tracking_retry","100","true","60","250","6037","6037","6287","6287","","","","played_fully","","false","","confirmed_deterministic_model","Recovery priority 100 interrupts active-transition priority 60."
"recovery_event_during_speech","recovery_event_during_speech:clara:L100:default","clara","L100","441","mpv2_setup_guidance_low_priority","balance_ready","balance_trial","0","0","mpv2_balance_attempt_start","60","false","","100","4737","4937","250","250","","","","played_partially_then_interrupted","","false","","confirmed_deterministic_model","Interrupted by mpv2_tracking_retry_high_priority at 250ms."
"recovery_event_during_speech","recovery_event_during_speech:clara:L100:default","clara","L100","442","mpv2_tracking_retry_high_priority","balance_trial","balance_rest","250","250","mpv2_balance_tracking_retry","100","true","60","350","6037","6237","6387","6487","","","","played_fully","","false","","confirmed_deterministic_model","Recovery priority 100 interrupts active-transition priority 60."
"recovery_event_during_speech","recovery_event_during_speech:clara:L250:default","clara","L250","443","mpv2_setup_guidance_low_priority","balance_ready","balance_trial","0","0","mpv2_balance_attempt_start","60","false","","250","4737","5237","250","250","","","","played_partially_then_interrupted","","false","","confirmed_deterministic_model","Interrupted by mpv2_tracking_retry_high_priority at 250ms."
"recovery_event_during_speech","recovery_event_during_speech:clara:L250:default","clara","L250","444","mpv2_tracking_retry_high_priority","balance_trial","balance_rest","250","250","mpv2_balance_tracking_retry","100","true","60","500","6037","6537","6537","6787","","","","played_fully","","false","","confirmed_deterministic_model","Recovery priority 100 interrupts active-transition priority 60."
"recovery_event_during_speech","recovery_event_during_speech:marcus:L0:default","marcus","L0","445","mpv2_setup_guidance_low_priority","balance_ready","balance_trial","0","0","mpv2_balance_attempt_start","60","false","","0","4412","4412","250","250","","","","played_partially_then_interrupted","","false","","confirmed_deterministic_model","Interrupted by mpv2_tracking_retry_high_priority at 250ms."
"recovery_event_during_speech","recovery_event_during_speech:marcus:L0:default","marcus","L0","446","mpv2_tracking_retry_high_priority","balance_trial","balance_rest","250","250","mpv2_balance_tracking_retry","100","true","60","250","5666","5666","5916","5916","","","","played_fully","","false","","confirmed_deterministic_model","Recovery priority 100 interrupts active-transition priority 60."
"recovery_event_during_speech","recovery_event_during_speech:marcus:L100:default","marcus","L100","447","mpv2_setup_guidance_low_priority","balance_ready","balance_trial","0","0","mpv2_balance_attempt_start","60","false","","100","4412","4612","250","250","","","","played_partially_then_interrupted","","false","","confirmed_deterministic_model","Interrupted by mpv2_tracking_retry_high_priority at 250ms."
"recovery_event_during_speech","recovery_event_during_speech:marcus:L100:default","marcus","L100","448","mpv2_tracking_retry_high_priority","balance_trial","balance_rest","250","250","mpv2_balance_tracking_retry","100","true","60","350","5666","5866","6016","6116","","","","played_fully","","false","","confirmed_deterministic_model","Recovery priority 100 interrupts active-transition priority 60."
"recovery_event_during_speech","recovery_event_during_speech:marcus:L250:default","marcus","L250","449","mpv2_setup_guidance_low_priority","balance_ready","balance_trial","0","0","mpv2_balance_attempt_start","60","false","","250","4412","4912","250","250","","","","played_partially_then_interrupted","","false","","confirmed_deterministic_model","Interrupted by mpv2_tracking_retry_high_priority at 250ms."
"recovery_event_during_speech","recovery_event_during_speech:marcus:L250:default","marcus","L250","450","mpv2_tracking_retry_high_priority","balance_trial","balance_rest","250","250","mpv2_balance_tracking_retry","100","true","60","500","5666","6166","6166","6416","","","","played_fully","","false","","confirmed_deterministic_model","Recovery priority 100 interrupts active-transition priority 60."
"repeated_tracking_loss_event","repeated_tracking_loss_event:clara:L0:default","clara","L0","451","balance_setup_confirmed_to_ready","balance_setup","balance_ready","0","0","mpv2_balance_attempt_start","60","false","","0","4737","4737","2000","2000","","","","played_partially_then_interrupted","","false","","confirmed_deterministic_model","Interrupted by balance_invalid_trial_to_rest at 2000ms."
"repeated_tracking_loss_event","repeated_tracking_loss_event:clara:L0:default","clara","L0","452","balance_lift_detected_measurement_start","balance_ready","balance_trial","1000","","","","true","60","","","","","","1000","","","not_emitted","","false","","confirmed_source",""
"repeated_tracking_loss_event","repeated_tracking_loss_event:clara:L0:default","clara","L0","453","balance_invalid_trial_to_rest","balance_trial","balance_rest","2000","2000","mpv2_balance_tracking_retry","100","true","60","2000","6037","6037","8037","8037","","2000","","played_fully","","false","retry guidance is spoken, but tracking-loss/recovered shared cues are not emitted","confirmed_deterministic_model","Tracking invalidates attempt and enters rest."
"repeated_tracking_loss_event","repeated_tracking_loss_event:clara:L0:default","clara","L0","454","tracking_loss_defined_not_emitted","balance_trial","balance_rest","2000","","","","true","100","","","","","","","","","not_emitted","","false","tracking-loss-v21 and tracking-recovered-v21 are bundled but silent in current MPV2","confirmed_source",""
"repeated_tracking_loss_event","repeated_tracking_loss_event:clara:L100:default","clara","L100","455","balance_setup_confirmed_to_ready","balance_setup","balance_ready","0","0","mpv2_balance_attempt_start","60","false","","100","4737","4937","2000","2000","","","","played_partially_then_interrupted","","false","","confirmed_deterministic_model","Interrupted by balance_invalid_trial_to_rest at 2000ms."
"repeated_tracking_loss_event","repeated_tracking_loss_event:clara:L100:default","clara","L100","456","balance_lift_detected_measurement_start","balance_ready","balance_trial","1000","","","","true","60","","","","","","1000","","","not_emitted","","false","","confirmed_source",""
"repeated_tracking_loss_event","repeated_tracking_loss_event:clara:L100:default","clara","L100","457","balance_invalid_trial_to_rest","balance_trial","balance_rest","2000","2000","mpv2_balance_tracking_retry","100","true","60","2100","6037","6237","8137","8237","","2000","","played_fully","","false","retry guidance is spoken, but tracking-loss/recovered shared cues are not emitted","confirmed_deterministic_model","Tracking invalidates attempt and enters rest."
"repeated_tracking_loss_event","repeated_tracking_loss_event:clara:L100:default","clara","L100","458","tracking_loss_defined_not_emitted","balance_trial","balance_rest","2000","","","","true","100","","","","","","","","","not_emitted","","false","tracking-loss-v21 and tracking-recovered-v21 are bundled but silent in current MPV2","confirmed_source",""
"repeated_tracking_loss_event","repeated_tracking_loss_event:clara:L250:default","clara","L250","459","balance_setup_confirmed_to_ready","balance_setup","balance_ready","0","0","mpv2_balance_attempt_start","60","false","","250","4737","5237","2000","2000","","","","played_partially_then_interrupted","","false","","confirmed_deterministic_model","Interrupted by balance_invalid_trial_to_rest at 2000ms."
"repeated_tracking_loss_event","repeated_tracking_loss_event:clara:L250:default","clara","L250","460","balance_lift_detected_measurement_start","balance_ready","balance_trial","1000","","","","true","60","","","","","","1000","","","not_emitted","","false","","confirmed_source",""
"repeated_tracking_loss_event","repeated_tracking_loss_event:clara:L250:default","clara","L250","461","balance_invalid_trial_to_rest","balance_trial","balance_rest","2000","2000","mpv2_balance_tracking_retry","100","true","60","2250","6037","6537","8287","8537","","2000","","played_fully","","false","retry guidance is spoken, but tracking-loss/recovered shared cues are not emitted","confirmed_deterministic_model","Tracking invalidates attempt and enters rest."
"repeated_tracking_loss_event","repeated_tracking_loss_event:clara:L250:default","clara","L250","462","tracking_loss_defined_not_emitted","balance_trial","balance_rest","2000","","","","true","100","","","","","","","","","not_emitted","","false","tracking-loss-v21 and tracking-recovered-v21 are bundled but silent in current MPV2","confirmed_source",""
"repeated_tracking_loss_event","repeated_tracking_loss_event:marcus:L0:default","marcus","L0","463","balance_setup_confirmed_to_ready","balance_setup","balance_ready","0","0","mpv2_balance_attempt_start","60","false","","0","4412","4412","2000","2000","","","","played_partially_then_interrupted","","false","","confirmed_deterministic_model","Interrupted by balance_invalid_trial_to_rest at 2000ms."
"repeated_tracking_loss_event","repeated_tracking_loss_event:marcus:L0:default","marcus","L0","464","balance_lift_detected_measurement_start","balance_ready","balance_trial","1000","","","","true","60","","","","","","1000","","","not_emitted","","false","","confirmed_source",""
"repeated_tracking_loss_event","repeated_tracking_loss_event:marcus:L0:default","marcus","L0","465","balance_invalid_trial_to_rest","balance_trial","balance_rest","2000","2000","mpv2_balance_tracking_retry","100","true","60","2000","5666","5666","7666","7666","","2000","","played_fully","","false","retry guidance is spoken, but tracking-loss/recovered shared cues are not emitted","confirmed_deterministic_model","Tracking invalidates attempt and enters rest."
"repeated_tracking_loss_event","repeated_tracking_loss_event:marcus:L0:default","marcus","L0","466","tracking_loss_defined_not_emitted","balance_trial","balance_rest","2000","","","","true","100","","","","","","","","","not_emitted","","false","tracking-loss-v21 and tracking-recovered-v21 are bundled but silent in current MPV2","confirmed_source",""
"repeated_tracking_loss_event","repeated_tracking_loss_event:marcus:L100:default","marcus","L100","467","balance_setup_confirmed_to_ready","balance_setup","balance_ready","0","0","mpv2_balance_attempt_start","60","false","","100","4412","4612","2000","2000","","","","played_partially_then_interrupted","","false","","confirmed_deterministic_model","Interrupted by balance_invalid_trial_to_rest at 2000ms."
"repeated_tracking_loss_event","repeated_tracking_loss_event:marcus:L100:default","marcus","L100","468","balance_lift_detected_measurement_start","balance_ready","balance_trial","1000","","","","true","60","","","","","","1000","","","not_emitted","","false","","confirmed_source",""
"repeated_tracking_loss_event","repeated_tracking_loss_event:marcus:L100:default","marcus","L100","469","balance_invalid_trial_to_rest","balance_trial","balance_rest","2000","2000","mpv2_balance_tracking_retry","100","true","60","2100","5666","5866","7766","7866","","2000","","played_fully","","false","retry guidance is spoken, but tracking-loss/recovered shared cues are not emitted","confirmed_deterministic_model","Tracking invalidates attempt and enters rest."
"repeated_tracking_loss_event","repeated_tracking_loss_event:marcus:L100:default","marcus","L100","470","tracking_loss_defined_not_emitted","balance_trial","balance_rest","2000","","","","true","100","","","","","","","","","not_emitted","","false","tracking-loss-v21 and tracking-recovered-v21 are bundled but silent in current MPV2","confirmed_source",""
"repeated_tracking_loss_event","repeated_tracking_loss_event:marcus:L250:default","marcus","L250","471","balance_setup_confirmed_to_ready","balance_setup","balance_ready","0","0","mpv2_balance_attempt_start","60","false","","250","4412","4912","2000","2000","","","","played_partially_then_interrupted","","false","","confirmed_deterministic_model","Interrupted by balance_invalid_trial_to_rest at 2000ms."
"repeated_tracking_loss_event","repeated_tracking_loss_event:marcus:L250:default","marcus","L250","472","balance_lift_detected_measurement_start","balance_ready","balance_trial","1000","","","","true","60","","","","","","1000","","","not_emitted","","false","","confirmed_source",""
"repeated_tracking_loss_event","repeated_tracking_loss_event:marcus:L250:default","marcus","L250","473","balance_invalid_trial_to_rest","balance_trial","balance_rest","2000","2000","mpv2_balance_tracking_retry","100","true","60","2250","5666","6166","7916","8166","","2000","","played_fully","","false","retry guidance is spoken, but tracking-loss/recovered shared cues are not emitted","confirmed_deterministic_model","Tracking invalidates attempt and enters rest."
"repeated_tracking_loss_event","repeated_tracking_loss_event:marcus:L250:default","marcus","L250","474","tracking_loss_defined_not_emitted","balance_trial","balance_rest","2000","","","","true","100","","","","","","","","","not_emitted","","false","tracking-loss-v21 and tracking-recovered-v21 are bundled but silent in current MPV2","confirmed_source",""
"tracking_recovery_before_loss_cue_finishes","tracking_recovery_before_loss_cue_finishes:clara:L0:default","clara","L0","475","balance_setup_confirmed_to_ready","balance_setup","balance_ready","0","0","mpv2_balance_attempt_start","60","false","","0","4737","4737","2000","2000","","","","played_partially_then_interrupted","","false","","confirmed_deterministic_model","Interrupted by balance_invalid_trial_to_rest at 2000ms."
"tracking_recovery_before_loss_cue_finishes","tracking_recovery_before_loss_cue_finishes:clara:L0:default","clara","L0","476","balance_lift_detected_measurement_start","balance_ready","balance_trial","1000","","","","true","60","","","","","","1000","","","not_emitted","","false","","confirmed_source",""
"tracking_recovery_before_loss_cue_finishes","tracking_recovery_before_loss_cue_finishes:clara:L0:default","clara","L0","477","balance_invalid_trial_to_rest","balance_trial","balance_rest","2000","2000","mpv2_balance_tracking_retry","100","true","60","2000","6037","6037","8037","8037","","2000","","played_fully","","false","retry guidance is spoken, but tracking-loss/recovered shared cues are not emitted","confirmed_deterministic_model","Tracking invalidates attempt and enters rest."
"tracking_recovery_before_loss_cue_finishes","tracking_recovery_before_loss_cue_finishes:clara:L0:default","clara","L0","478","tracking_loss_defined_not_emitted","balance_trial","balance_rest","2000","","","","true","100","","","","","","","","","not_emitted","","false","tracking-loss-v21 and tracking-recovered-v21 are bundled but silent in current MPV2","confirmed_source",""
"tracking_recovery_before_loss_cue_finishes","tracking_recovery_before_loss_cue_finishes:clara:L100:default","clara","L100","479","balance_setup_confirmed_to_ready","balance_setup","balance_ready","0","0","mpv2_balance_attempt_start","60","false","","100","4737","4937","2000","2000","","","","played_partially_then_interrupted","","false","","confirmed_deterministic_model","Interrupted by balance_invalid_trial_to_rest at 2000ms."
"tracking_recovery_before_loss_cue_finishes","tracking_recovery_before_loss_cue_finishes:clara:L100:default","clara","L100","480","balance_lift_detected_measurement_start","balance_ready","balance_trial","1000","","","","true","60","","","","","","1000","","","not_emitted","","false","","confirmed_source",""
"tracking_recovery_before_loss_cue_finishes","tracking_recovery_before_loss_cue_finishes:clara:L100:default","clara","L100","481","balance_invalid_trial_to_rest","balance_trial","balance_rest","2000","2000","mpv2_balance_tracking_retry","100","true","60","2100","6037","6237","8137","8237","","2000","","played_fully","","false","retry guidance is spoken, but tracking-loss/recovered shared cues are not emitted","confirmed_deterministic_model","Tracking invalidates attempt and enters rest."
"tracking_recovery_before_loss_cue_finishes","tracking_recovery_before_loss_cue_finishes:clara:L100:default","clara","L100","482","tracking_loss_defined_not_emitted","balance_trial","balance_rest","2000","","","","true","100","","","","","","","","","not_emitted","","false","tracking-loss-v21 and tracking-recovered-v21 are bundled but silent in current MPV2","confirmed_source",""
"tracking_recovery_before_loss_cue_finishes","tracking_recovery_before_loss_cue_finishes:clara:L250:default","clara","L250","483","balance_setup_confirmed_to_ready","balance_setup","balance_ready","0","0","mpv2_balance_attempt_start","60","false","","250","4737","5237","2000","2000","","","","played_partially_then_interrupted","","false","","confirmed_deterministic_model","Interrupted by balance_invalid_trial_to_rest at 2000ms."
"tracking_recovery_before_loss_cue_finishes","tracking_recovery_before_loss_cue_finishes:clara:L250:default","clara","L250","484","balance_lift_detected_measurement_start","balance_ready","balance_trial","1000","","","","true","60","","","","","","1000","","","not_emitted","","false","","confirmed_source",""
"tracking_recovery_before_loss_cue_finishes","tracking_recovery_before_loss_cue_finishes:clara:L250:default","clara","L250","485","balance_invalid_trial_to_rest","balance_trial","balance_rest","2000","2000","mpv2_balance_tracking_retry","100","true","60","2250","6037","6537","8287","8537","","2000","","played_fully","","false","retry guidance is spoken, but tracking-loss/recovered shared cues are not emitted","confirmed_deterministic_model","Tracking invalidates attempt and enters rest."
"tracking_recovery_before_loss_cue_finishes","tracking_recovery_before_loss_cue_finishes:clara:L250:default","clara","L250","486","tracking_loss_defined_not_emitted","balance_trial","balance_rest","2000","","","","true","100","","","","","","","","","not_emitted","","false","tracking-loss-v21 and tracking-recovered-v21 are bundled but silent in current MPV2","confirmed_source",""
"tracking_recovery_before_loss_cue_finishes","tracking_recovery_before_loss_cue_finishes:marcus:L0:default","marcus","L0","487","balance_setup_confirmed_to_ready","balance_setup","balance_ready","0","0","mpv2_balance_attempt_start","60","false","","0","4412","4412","2000","2000","","","","played_partially_then_interrupted","","false","","confirmed_deterministic_model","Interrupted by balance_invalid_trial_to_rest at 2000ms."
"tracking_recovery_before_loss_cue_finishes","tracking_recovery_before_loss_cue_finishes:marcus:L0:default","marcus","L0","488","balance_lift_detected_measurement_start","balance_ready","balance_trial","1000","","","","true","60","","","","","","1000","","","not_emitted","","false","","confirmed_source",""
"tracking_recovery_before_loss_cue_finishes","tracking_recovery_before_loss_cue_finishes:marcus:L0:default","marcus","L0","489","balance_invalid_trial_to_rest","balance_trial","balance_rest","2000","2000","mpv2_balance_tracking_retry","100","true","60","2000","5666","5666","7666","7666","","2000","","played_fully","","false","retry guidance is spoken, but tracking-loss/recovered shared cues are not emitted","confirmed_deterministic_model","Tracking invalidates attempt and enters rest."
"tracking_recovery_before_loss_cue_finishes","tracking_recovery_before_loss_cue_finishes:marcus:L0:default","marcus","L0","490","tracking_loss_defined_not_emitted","balance_trial","balance_rest","2000","","","","true","100","","","","","","","","","not_emitted","","false","tracking-loss-v21 and tracking-recovered-v21 are bundled but silent in current MPV2","confirmed_source",""
"tracking_recovery_before_loss_cue_finishes","tracking_recovery_before_loss_cue_finishes:marcus:L100:default","marcus","L100","491","balance_setup_confirmed_to_ready","balance_setup","balance_ready","0","0","mpv2_balance_attempt_start","60","false","","100","4412","4612","2000","2000","","","","played_partially_then_interrupted","","false","","confirmed_deterministic_model","Interrupted by balance_invalid_trial_to_rest at 2000ms."
"tracking_recovery_before_loss_cue_finishes","tracking_recovery_before_loss_cue_finishes:marcus:L100:default","marcus","L100","492","balance_lift_detected_measurement_start","balance_ready","balance_trial","1000","","","","true","60","","","","","","1000","","","not_emitted","","false","","confirmed_source",""
"tracking_recovery_before_loss_cue_finishes","tracking_recovery_before_loss_cue_finishes:marcus:L100:default","marcus","L100","493","balance_invalid_trial_to_rest","balance_trial","balance_rest","2000","2000","mpv2_balance_tracking_retry","100","true","60","2100","5666","5866","7766","7866","","2000","","played_fully","","false","retry guidance is spoken, but tracking-loss/recovered shared cues are not emitted","confirmed_deterministic_model","Tracking invalidates attempt and enters rest."
"tracking_recovery_before_loss_cue_finishes","tracking_recovery_before_loss_cue_finishes:marcus:L100:default","marcus","L100","494","tracking_loss_defined_not_emitted","balance_trial","balance_rest","2000","","","","true","100","","","","","","","","","not_emitted","","false","tracking-loss-v21 and tracking-recovered-v21 are bundled but silent in current MPV2","confirmed_source",""
"tracking_recovery_before_loss_cue_finishes","tracking_recovery_before_loss_cue_finishes:marcus:L250:default","marcus","L250","495","balance_setup_confirmed_to_ready","balance_setup","balance_ready","0","0","mpv2_balance_attempt_start","60","false","","250","4412","4912","2000","2000","","","","played_partially_then_interrupted","","false","","confirmed_deterministic_model","Interrupted by balance_invalid_trial_to_rest at 2000ms."
"tracking_recovery_before_loss_cue_finishes","tracking_recovery_before_loss_cue_finishes:marcus:L250:default","marcus","L250","496","balance_lift_detected_measurement_start","balance_ready","balance_trial","1000","","","","true","60","","","","","","1000","","","not_emitted","","false","","confirmed_source",""
"tracking_recovery_before_loss_cue_finishes","tracking_recovery_before_loss_cue_finishes:marcus:L250:default","marcus","L250","497","balance_invalid_trial_to_rest","balance_trial","balance_rest","2000","2000","mpv2_balance_tracking_retry","100","true","60","2250","5666","6166","7916","8166","","2000","","played_fully","","false","retry guidance is spoken, but tracking-loss/recovered shared cues are not emitted","confirmed_deterministic_model","Tracking invalidates attempt and enters rest."
"tracking_recovery_before_loss_cue_finishes","tracking_recovery_before_loss_cue_finishes:marcus:L250:default","marcus","L250","498","tracking_loss_defined_not_emitted","balance_trial","balance_rest","2000","","","","true","100","","","","","","","","","not_emitted","","false","tracking-loss-v21 and tracking-recovered-v21 are bundled but silent in current MPV2","confirmed_source",""
"countdown_versus_operational_cue","countdown_versus_operational_cue:clara:L0:default","clara","L0","499","chair_setup_confirmed_to_practice","chair_setup","chair_practice","0","0","mpv2_chair_practice_start","60","false","","0","2972","2972","0","0","","","","played_partially_then_interrupted","","false","","confirmed_deterministic_model","Interrupted by chair_practice_completed_to_countdown at 0ms."
"countdown_versus_operational_cue","countdown_versus_operational_cue:clara:L0:default","clara","L0","500","chair_practice_completed_to_countdown","chair_practice","chair_countdown","0","0","mpv2_chair_official_ready","90","true","60","0","3483","3483","3483","3483","3000","","","played_fully","-483","false","official 30-second measurement starts without an audible go and before ready cue end","confirmed_deterministic_model","Practice can complete while the practice cue is still playing."
"countdown_versus_operational_cue","countdown_versus_operational_cue:clara:L0:default","clara","L0","501","chair_countdown_elapsed_to_active","chair_countdown","chair_active","3000","","","","true","90","","","","","","3000","","","not_emitted","","false","missing audible start signal","confirmed_source","No countdown-three/two/one/go emitted by current MPV2."
"countdown_versus_operational_cue","countdown_versus_operational_cue:clara:L100:default","clara","L100","502","chair_setup_confirmed_to_practice","chair_setup","chair_practice","0","0","mpv2_chair_practice_start","60","false","","100","2972","3172","0","0","","","","played_partially_then_interrupted","","false","","confirmed_deterministic_model","Interrupted by chair_practice_completed_to_countdown at 0ms."
"countdown_versus_operational_cue","countdown_versus_operational_cue:clara:L100:default","clara","L100","503","chair_practice_completed_to_countdown","chair_practice","chair_countdown","0","0","mpv2_chair_official_ready","90","true","60","100","3483","3683","3583","3683","3000","","","played_fully","-583","false","official 30-second measurement starts without an audible go and before ready cue end","confirmed_deterministic_model","Practice can complete while the practice cue is still playing."
"countdown_versus_operational_cue","countdown_versus_operational_cue:clara:L100:default","clara","L100","504","chair_countdown_elapsed_to_active","chair_countdown","chair_active","3000","","","","true","90","","","","","","3000","","","not_emitted","","false","missing audible start signal","confirmed_source","No countdown-three/two/one/go emitted by current MPV2."
"countdown_versus_operational_cue","countdown_versus_operational_cue:clara:L250:default","clara","L250","505","chair_setup_confirmed_to_practice","chair_setup","chair_practice","0","0","mpv2_chair_practice_start","60","false","","250","2972","3472","0","0","","","","played_partially_then_interrupted","","false","","confirmed_deterministic_model","Interrupted by chair_practice_completed_to_countdown at 0ms."
"countdown_versus_operational_cue","countdown_versus_operational_cue:clara:L250:default","clara","L250","506","chair_practice_completed_to_countdown","chair_practice","chair_countdown","0","0","mpv2_chair_official_ready","90","true","60","250","3483","3983","3733","3983","3000","","","played_fully","-733","false","official 30-second measurement starts without an audible go and before ready cue end","confirmed_deterministic_model","Practice can complete while the practice cue is still playing."
"countdown_versus_operational_cue","countdown_versus_operational_cue:clara:L250:default","clara","L250","507","chair_countdown_elapsed_to_active","chair_countdown","chair_active","3000","","","","true","90","","","","","","3000","","","not_emitted","","false","missing audible start signal","confirmed_source","No countdown-three/two/one/go emitted by current MPV2."
"countdown_versus_operational_cue","countdown_versus_operational_cue:marcus:L0:default","marcus","L0","508","chair_setup_confirmed_to_practice","chair_setup","chair_practice","0","0","mpv2_chair_practice_start","60","false","","0","2694","2694","0","0","","","","played_partially_then_interrupted","","false","","confirmed_deterministic_model","Interrupted by chair_practice_completed_to_countdown at 0ms."
"countdown_versus_operational_cue","countdown_versus_operational_cue:marcus:L0:default","marcus","L0","509","chair_practice_completed_to_countdown","chair_practice","chair_countdown","0","0","mpv2_chair_official_ready","90","true","60","0","3622","3622","3622","3622","3000","","","played_fully","-622","false","official 30-second measurement starts without an audible go and before ready cue end","confirmed_deterministic_model","Practice can complete while the practice cue is still playing."
"countdown_versus_operational_cue","countdown_versus_operational_cue:marcus:L0:default","marcus","L0","510","chair_countdown_elapsed_to_active","chair_countdown","chair_active","3000","","","","true","90","","","","","","3000","","","not_emitted","","false","missing audible start signal","confirmed_source","No countdown-three/two/one/go emitted by current MPV2."
"countdown_versus_operational_cue","countdown_versus_operational_cue:marcus:L100:default","marcus","L100","511","chair_setup_confirmed_to_practice","chair_setup","chair_practice","0","0","mpv2_chair_practice_start","60","false","","100","2694","2894","0","0","","","","played_partially_then_interrupted","","false","","confirmed_deterministic_model","Interrupted by chair_practice_completed_to_countdown at 0ms."
"countdown_versus_operational_cue","countdown_versus_operational_cue:marcus:L100:default","marcus","L100","512","chair_practice_completed_to_countdown","chair_practice","chair_countdown","0","0","mpv2_chair_official_ready","90","true","60","100","3622","3822","3722","3822","3000","","","played_fully","-722","false","official 30-second measurement starts without an audible go and before ready cue end","confirmed_deterministic_model","Practice can complete while the practice cue is still playing."
"countdown_versus_operational_cue","countdown_versus_operational_cue:marcus:L100:default","marcus","L100","513","chair_countdown_elapsed_to_active","chair_countdown","chair_active","3000","","","","true","90","","","","","","3000","","","not_emitted","","false","missing audible start signal","confirmed_source","No countdown-three/two/one/go emitted by current MPV2."
"countdown_versus_operational_cue","countdown_versus_operational_cue:marcus:L250:default","marcus","L250","514","chair_setup_confirmed_to_practice","chair_setup","chair_practice","0","0","mpv2_chair_practice_start","60","false","","250","2694","3194","0","0","","","","played_partially_then_interrupted","","false","","confirmed_deterministic_model","Interrupted by chair_practice_completed_to_countdown at 0ms."
"countdown_versus_operational_cue","countdown_versus_operational_cue:marcus:L250:default","marcus","L250","515","chair_practice_completed_to_countdown","chair_practice","chair_countdown","0","0","mpv2_chair_official_ready","90","true","60","250","3622","4122","3872","4122","3000","","","played_fully","-872","false","official 30-second measurement starts without an audible go and before ready cue end","confirmed_deterministic_model","Practice can complete while the practice cue is still playing."
"countdown_versus_operational_cue","countdown_versus_operational_cue:marcus:L250:default","marcus","L250","516","chair_countdown_elapsed_to_active","chair_countdown","chair_active","3000","","","","true","90","","","","","","3000","","","not_emitted","","false","missing audible start signal","confirmed_source","No countdown-three/two/one/go emitted by current MPV2."
"go_audible_onset_timing","go_audible_onset_timing:clara:L0:default","clara","L0","517","chair_setup_confirmed_to_practice","chair_setup","chair_practice","0","0","mpv2_chair_practice_start","60","false","","0","2972","2972","0","0","","","","played_partially_then_interrupted","","false","","confirmed_deterministic_model","Interrupted by chair_practice_completed_to_countdown at 0ms."
"go_audible_onset_timing","go_audible_onset_timing:clara:L0:default","clara","L0","518","chair_practice_completed_to_countdown","chair_practice","chair_countdown","0","0","mpv2_chair_official_ready","90","true","60","0","3483","3483","3483","3483","3000","","","played_fully","-483","false","official 30-second measurement starts without an audible go and before ready cue end","confirmed_deterministic_model","Practice can complete while the practice cue is still playing."
"go_audible_onset_timing","go_audible_onset_timing:clara:L0:default","clara","L0","519","chair_countdown_elapsed_to_active","chair_countdown","chair_active","3000","","","","true","90","","","","","","3000","","","not_emitted","","false","missing audible start signal","confirmed_source","No countdown-three/two/one/go emitted by current MPV2."
"go_audible_onset_timing","go_audible_onset_timing:clara:L100:default","clara","L100","520","chair_setup_confirmed_to_practice","chair_setup","chair_practice","0","0","mpv2_chair_practice_start","60","false","","100","2972","3172","0","0","","","","played_partially_then_interrupted","","false","","confirmed_deterministic_model","Interrupted by chair_practice_completed_to_countdown at 0ms."
"go_audible_onset_timing","go_audible_onset_timing:clara:L100:default","clara","L100","521","chair_practice_completed_to_countdown","chair_practice","chair_countdown","0","0","mpv2_chair_official_ready","90","true","60","100","3483","3683","3583","3683","3000","","","played_fully","-583","false","official 30-second measurement starts without an audible go and before ready cue end","confirmed_deterministic_model","Practice can complete while the practice cue is still playing."
"go_audible_onset_timing","go_audible_onset_timing:clara:L100:default","clara","L100","522","chair_countdown_elapsed_to_active","chair_countdown","chair_active","3000","","","","true","90","","","","","","3000","","","not_emitted","","false","missing audible start signal","confirmed_source","No countdown-three/two/one/go emitted by current MPV2."
"go_audible_onset_timing","go_audible_onset_timing:clara:L250:default","clara","L250","523","chair_setup_confirmed_to_practice","chair_setup","chair_practice","0","0","mpv2_chair_practice_start","60","false","","250","2972","3472","0","0","","","","played_partially_then_interrupted","","false","","confirmed_deterministic_model","Interrupted by chair_practice_completed_to_countdown at 0ms."
"go_audible_onset_timing","go_audible_onset_timing:clara:L250:default","clara","L250","524","chair_practice_completed_to_countdown","chair_practice","chair_countdown","0","0","mpv2_chair_official_ready","90","true","60","250","3483","3983","3733","3983","3000","","","played_fully","-733","false","official 30-second measurement starts without an audible go and before ready cue end","confirmed_deterministic_model","Practice can complete while the practice cue is still playing."
"go_audible_onset_timing","go_audible_onset_timing:clara:L250:default","clara","L250","525","chair_countdown_elapsed_to_active","chair_countdown","chair_active","3000","","","","true","90","","","","","","3000","","","not_emitted","","false","missing audible start signal","confirmed_source","No countdown-three/two/one/go emitted by current MPV2."
"go_audible_onset_timing","go_audible_onset_timing:marcus:L0:default","marcus","L0","526","chair_setup_confirmed_to_practice","chair_setup","chair_practice","0","0","mpv2_chair_practice_start","60","false","","0","2694","2694","0","0","","","","played_partially_then_interrupted","","false","","confirmed_deterministic_model","Interrupted by chair_practice_completed_to_countdown at 0ms."
"go_audible_onset_timing","go_audible_onset_timing:marcus:L0:default","marcus","L0","527","chair_practice_completed_to_countdown","chair_practice","chair_countdown","0","0","mpv2_chair_official_ready","90","true","60","0","3622","3622","3622","3622","3000","","","played_fully","-622","false","official 30-second measurement starts without an audible go and before ready cue end","confirmed_deterministic_model","Practice can complete while the practice cue is still playing."
"go_audible_onset_timing","go_audible_onset_timing:marcus:L0:default","marcus","L0","528","chair_countdown_elapsed_to_active","chair_countdown","chair_active","3000","","","","true","90","","","","","","3000","","","not_emitted","","false","missing audible start signal","confirmed_source","No countdown-three/two/one/go emitted by current MPV2."
"go_audible_onset_timing","go_audible_onset_timing:marcus:L100:default","marcus","L100","529","chair_setup_confirmed_to_practice","chair_setup","chair_practice","0","0","mpv2_chair_practice_start","60","false","","100","2694","2894","0","0","","","","played_partially_then_interrupted","","false","","confirmed_deterministic_model","Interrupted by chair_practice_completed_to_countdown at 0ms."
"go_audible_onset_timing","go_audible_onset_timing:marcus:L100:default","marcus","L100","530","chair_practice_completed_to_countdown","chair_practice","chair_countdown","0","0","mpv2_chair_official_ready","90","true","60","100","3622","3822","3722","3822","3000","","","played_fully","-722","false","official 30-second measurement starts without an audible go and before ready cue end","confirmed_deterministic_model","Practice can complete while the practice cue is still playing."
"go_audible_onset_timing","go_audible_onset_timing:marcus:L100:default","marcus","L100","531","chair_countdown_elapsed_to_active","chair_countdown","chair_active","3000","","","","true","90","","","","","","3000","","","not_emitted","","false","missing audible start signal","confirmed_source","No countdown-three/two/one/go emitted by current MPV2."
"go_audible_onset_timing","go_audible_onset_timing:marcus:L250:default","marcus","L250","532","chair_setup_confirmed_to_practice","chair_setup","chair_practice","0","0","mpv2_chair_practice_start","60","false","","250","2694","3194","0","0","","","","played_partially_then_interrupted","","false","","confirmed_deterministic_model","Interrupted by chair_practice_completed_to_countdown at 0ms."
"go_audible_onset_timing","go_audible_onset_timing:marcus:L250:default","marcus","L250","533","chair_practice_completed_to_countdown","chair_practice","chair_countdown","0","0","mpv2_chair_official_ready","90","true","60","250","3622","4122","3872","4122","3000","","","played_fully","-872","false","official 30-second measurement starts without an audible go and before ready cue end","confirmed_deterministic_model","Practice can complete while the practice cue is still playing."
"go_audible_onset_timing","go_audible_onset_timing:marcus:L250:default","marcus","L250","534","chair_countdown_elapsed_to_active","chair_countdown","chair_active","3000","","","","true","90","","","","","","3000","","","not_emitted","","false","missing audible start signal","confirmed_source","No countdown-three/two/one/go emitted by current MPV2."
"times_up_during_another_cue","times_up_during_another_cue:clara:L0:default","clara","L0","535","mpv2_balance_tracking_retry_busy","balance_trial","balance_rest","0","0","mpv2_balance_tracking_retry","100","false","","0","6037","6037","6037","6037","","","","played_fully","","false","","confirmed_deterministic_model",""
"times_up_during_another_cue","times_up_during_another_cue:clara:L0:default","clara","L0","536","chair_deadline_to_balance_setup","chair_active","balance_setup","250","250","times-up-v21;checkup-balance-intro-v21;checkup-balance-single-leg-v21","100","true","100","","","","","","","250","","dropped_equal_priority","","false","stop cue may be dropped in equal-priority collision","confirmed_deterministic_model","Both incoming and current are priority 100, so times-up is dropped if a critical cue is busy."
"times_up_during_another_cue","times_up_during_another_cue:clara:L100:default","clara","L100","537","mpv2_balance_tracking_retry_busy","balance_trial","balance_rest","0","0","mpv2_balance_tracking_retry","100","false","","100","6037","6237","6137","6237","","","","played_fully","","false","","confirmed_deterministic_model",""
"times_up_during_another_cue","times_up_during_another_cue:clara:L100:default","clara","L100","538","chair_deadline_to_balance_setup","chair_active","balance_setup","250","250","times-up-v21;checkup-balance-intro-v21;checkup-balance-single-leg-v21","100","true","100","","","","","","","250","","dropped_equal_priority","","false","stop cue may be dropped in equal-priority collision","confirmed_deterministic_model","Both incoming and current are priority 100, so times-up is dropped if a critical cue is busy."
"times_up_during_another_cue","times_up_during_another_cue:clara:L250:default","clara","L250","539","mpv2_balance_tracking_retry_busy","balance_trial","balance_rest","0","0","mpv2_balance_tracking_retry","100","false","","250","6037","6537","6287","6537","","","","played_fully","","false","","confirmed_deterministic_model",""
"times_up_during_another_cue","times_up_during_another_cue:clara:L250:default","clara","L250","540","chair_deadline_to_balance_setup","chair_active","balance_setup","250","250","times-up-v21;checkup-balance-intro-v21;checkup-balance-single-leg-v21","100","true","100","","","","","","","250","","dropped_equal_priority","","false","stop cue may be dropped in equal-priority collision","confirmed_deterministic_model","Both incoming and current are priority 100, so times-up is dropped if a critical cue is busy."
"times_up_during_another_cue","times_up_during_another_cue:marcus:L0:default","marcus","L0","541","mpv2_balance_tracking_retry_busy","balance_trial","balance_rest","0","0","mpv2_balance_tracking_retry","100","false","","0","5666","5666","5666","5666","","","","played_fully","","false","","confirmed_deterministic_model",""
"times_up_during_another_cue","times_up_during_another_cue:marcus:L0:default","marcus","L0","542","chair_deadline_to_balance_setup","chair_active","balance_setup","250","250","times-up-v21;checkup-balance-intro-v21;checkup-balance-single-leg-v21","100","true","100","","","","","","","250","","dropped_equal_priority","","false","stop cue may be dropped in equal-priority collision","confirmed_deterministic_model","Both incoming and current are priority 100, so times-up is dropped if a critical cue is busy."
"times_up_during_another_cue","times_up_during_another_cue:marcus:L100:default","marcus","L100","543","mpv2_balance_tracking_retry_busy","balance_trial","balance_rest","0","0","mpv2_balance_tracking_retry","100","false","","100","5666","5866","5766","5866","","","","played_fully","","false","","confirmed_deterministic_model",""
"times_up_during_another_cue","times_up_during_another_cue:marcus:L100:default","marcus","L100","544","chair_deadline_to_balance_setup","chair_active","balance_setup","250","250","times-up-v21;checkup-balance-intro-v21;checkup-balance-single-leg-v21","100","true","100","","","","","","","250","","dropped_equal_priority","","false","stop cue may be dropped in equal-priority collision","confirmed_deterministic_model","Both incoming and current are priority 100, so times-up is dropped if a critical cue is busy."
"times_up_during_another_cue","times_up_during_another_cue:marcus:L250:default","marcus","L250","545","mpv2_balance_tracking_retry_busy","balance_trial","balance_rest","0","0","mpv2_balance_tracking_retry","100","false","","250","5666","6166","5916","6166","","","","played_fully","","false","","confirmed_deterministic_model",""
"times_up_during_another_cue","times_up_during_another_cue:marcus:L250:default","marcus","L250","546","chair_deadline_to_balance_setup","chair_active","balance_setup","250","250","times-up-v21;checkup-balance-intro-v21;checkup-balance-single-leg-v21","100","true","100","","","","","","","250","","dropped_equal_priority","","false","stop cue may be dropped in equal-priority collision","confirmed_deterministic_model","Both incoming and current are priority 100, so times-up is dropped if a critical cue is busy."
"result_completion_transition_while_prior_cue_busy","result_completion_transition_while_prior_cue_busy:clara:L0:default","clara","L0","547","chair_deadline_to_balance_setup","chair_active","balance_setup","0","0","times-up-v21;checkup-balance-intro-v21;checkup-balance-single-leg-v21","100","false","","0","9195","9195","9195","9195","","","","played_fully","","false","","confirmed_deterministic_model",""
"result_completion_transition_while_prior_cue_busy","result_completion_transition_while_prior_cue_busy:clara:L0:default","clara","L0","548","balance_setup_confirmed_to_ready","balance_setup","balance_ready","250","250","mpv2_balance_attempt_start","60","true","100","","","","","","","","","dropped_lower_priority","","false","attempt-start cue is dropped by still-playing chair transition sequence","confirmed_deterministic_model","User can confirm balance setup while transition sequence is still priority 100."
"result_completion_transition_while_prior_cue_busy","result_completion_transition_while_prior_cue_busy:clara:L100:default","clara","L100","549","chair_deadline_to_balance_setup","chair_active","balance_setup","0","0","times-up-v21;checkup-balance-intro-v21;checkup-balance-single-leg-v21","100","false","","100","9195","9795","9695","9795","","","","played_fully","","false","","confirmed_deterministic_model",""
"result_completion_transition_while_prior_cue_busy","result_completion_transition_while_prior_cue_busy:clara:L100:default","clara","L100","550","balance_setup_confirmed_to_ready","balance_setup","balance_ready","250","250","mpv2_balance_attempt_start","60","true","100","","","","","","","","","dropped_lower_priority","","false","attempt-start cue is dropped by still-playing chair transition sequence","confirmed_deterministic_model","User can confirm balance setup while transition sequence is still priority 100."
"result_completion_transition_while_prior_cue_busy","result_completion_transition_while_prior_cue_busy:clara:L250:default","clara","L250","551","chair_deadline_to_balance_setup","chair_active","balance_setup","0","0","times-up-v21;checkup-balance-intro-v21;checkup-balance-single-leg-v21","100","false","","250","9195","10695","10445","10695","","","","played_fully","","false","","confirmed_deterministic_model",""
"result_completion_transition_while_prior_cue_busy","result_completion_transition_while_prior_cue_busy:clara:L250:default","clara","L250","552","balance_setup_confirmed_to_ready","balance_setup","balance_ready","250","250","mpv2_balance_attempt_start","60","true","100","","","","","","","","","dropped_lower_priority","","false","attempt-start cue is dropped by still-playing chair transition sequence","confirmed_deterministic_model","User can confirm balance setup while transition sequence is still priority 100."
"result_completion_transition_while_prior_cue_busy","result_completion_transition_while_prior_cue_busy:marcus:L0:default","marcus","L0","553","chair_deadline_to_balance_setup","chair_active","balance_setup","0","0","times-up-v21;checkup-balance-intro-v21;checkup-balance-single-leg-v21","100","false","","0","9799","9799","9799","9799","","","","played_fully","","false","","confirmed_deterministic_model",""
"result_completion_transition_while_prior_cue_busy","result_completion_transition_while_prior_cue_busy:marcus:L0:default","marcus","L0","554","balance_setup_confirmed_to_ready","balance_setup","balance_ready","250","250","mpv2_balance_attempt_start","60","true","100","","","","","","","","","dropped_lower_priority","","false","attempt-start cue is dropped by still-playing chair transition sequence","confirmed_deterministic_model","User can confirm balance setup while transition sequence is still priority 100."
"result_completion_transition_while_prior_cue_busy","result_completion_transition_while_prior_cue_busy:marcus:L100:default","marcus","L100","555","chair_deadline_to_balance_setup","chair_active","balance_setup","0","0","times-up-v21;checkup-balance-intro-v21;checkup-balance-single-leg-v21","100","false","","100","9799","10399","10299","10399","","","","played_fully","","false","","confirmed_deterministic_model",""
"result_completion_transition_while_prior_cue_busy","result_completion_transition_while_prior_cue_busy:marcus:L100:default","marcus","L100","556","balance_setup_confirmed_to_ready","balance_setup","balance_ready","250","250","mpv2_balance_attempt_start","60","true","100","","","","","","","","","dropped_lower_priority","","false","attempt-start cue is dropped by still-playing chair transition sequence","confirmed_deterministic_model","User can confirm balance setup while transition sequence is still priority 100."
"result_completion_transition_while_prior_cue_busy","result_completion_transition_while_prior_cue_busy:marcus:L250:default","marcus","L250","557","chair_deadline_to_balance_setup","chair_active","balance_setup","0","0","times-up-v21;checkup-balance-intro-v21;checkup-balance-single-leg-v21","100","false","","250","9799","11299","11049","11299","","","","played_fully","","false","","confirmed_deterministic_model",""
"result_completion_transition_while_prior_cue_busy","result_completion_transition_while_prior_cue_busy:marcus:L250:default","marcus","L250","558","balance_setup_confirmed_to_ready","balance_setup","balance_ready","250","250","mpv2_balance_attempt_start","60","true","100","","","","","","","","","dropped_lower_priority","","false","attempt-start cue is dropped by still-playing chair transition sequence","confirmed_deterministic_model","User can confirm balance setup while transition sequence is still priority 100."
"retry_during_intro","retry_during_intro:clara:L0:immediate","clara","L0","559","mpv2_entry_initial_intro","screen_mount","chair_setup","0","0","mpv2_checkup_intro;checkup-chair-stand-intro-v21;checkup-chair-stand-setup-v21","60","false","","0","14211","14211","14211","14211","","","","played_fully","","false","","confirmed_deterministic_model",""
"retry_during_intro","retry_during_intro:clara:L0:immediate","clara","L0","560","chair_setup_confirmed_to_practice","chair_setup","chair_practice","0","0","mpv2_chair_practice_start","60","true","60","","","","","","","","","dropped_equal_priority","","false","practice-start instruction may be dropped before the user hears it","confirmed_deterministic_model","Confirm setup button is available before intro speech completes."
"retry_during_intro","retry_during_intro:clara:L0:after_250ms","clara","L0","561","mpv2_entry_initial_intro","screen_mount","chair_setup","0","0","mpv2_checkup_intro;checkup-chair-stand-intro-v21;checkup-chair-stand-setup-v21","60","false","","0","14211","14211","14211","14211","","","","played_fully","","false","","confirmed_deterministic_model",""
"retry_during_intro","retry_during_intro:clara:L0:after_250ms","clara","L0","562","chair_setup_confirmed_to_practice","chair_setup","chair_practice","250","250","mpv2_chair_practice_start","60","true","60","","","","","","","","","dropped_equal_priority","","false","practice-start instruction may be dropped before the user hears it","confirmed_deterministic_model","Confirm setup button is available before intro speech completes."
"retry_during_intro","retry_during_intro:clara:L0:after_current_speech","clara","L0","563","mpv2_entry_initial_intro","screen_mount","chair_setup","0","0","mpv2_checkup_intro;checkup-chair-stand-intro-v21;checkup-chair-stand-setup-v21","60","false","","0","14211","14211","14211","14211","","","","played_fully","","false","","confirmed_deterministic_model",""
"retry_during_intro","retry_during_intro:clara:L0:after_current_speech","clara","L0","564","chair_setup_confirmed_to_practice","chair_setup","chair_practice","14711","14711","mpv2_chair_practice_start","60","false","","14711","2972","2972","17683","17683","","","","played_fully","","false","practice-start instruction may be dropped before the user hears it","confirmed_deterministic_model","Confirm setup button is available before intro speech completes."
"retry_during_intro","retry_during_intro:clara:L100:immediate","clara","L100","565","mpv2_entry_initial_intro","screen_mount","chair_setup","0","0","mpv2_checkup_intro;checkup-chair-stand-intro-v21;checkup-chair-stand-setup-v21","60","false","","100","14211","14811","14711","14811","","","","played_fully","","false","","confirmed_deterministic_model",""
"retry_during_intro","retry_during_intro:clara:L100:immediate","clara","L100","566","chair_setup_confirmed_to_practice","chair_setup","chair_practice","0","0","mpv2_chair_practice_start","60","true","60","","","","","","","","","dropped_equal_priority","","false","practice-start instruction may be dropped before the user hears it","confirmed_deterministic_model","Confirm setup button is available before intro speech completes."
"retry_during_intro","retry_during_intro:clara:L100:after_250ms","clara","L100","567","mpv2_entry_initial_intro","screen_mount","chair_setup","0","0","mpv2_checkup_intro;checkup-chair-stand-intro-v21;checkup-chair-stand-setup-v21","60","false","","100","14211","14811","14711","14811","","","","played_fully","","false","","confirmed_deterministic_model",""
"retry_during_intro","retry_during_intro:clara:L100:after_250ms","clara","L100","568","chair_setup_confirmed_to_practice","chair_setup","chair_practice","250","250","mpv2_chair_practice_start","60","true","60","","","","","","","","","dropped_equal_priority","","false","practice-start instruction may be dropped before the user hears it","confirmed_deterministic_model","Confirm setup button is available before intro speech completes."
"retry_during_intro","retry_during_intro:clara:L100:after_current_speech","clara","L100","569","mpv2_entry_initial_intro","screen_mount","chair_setup","0","0","mpv2_checkup_intro;checkup-chair-stand-intro-v21;checkup-chair-stand-setup-v21","60","false","","100","14211","14811","14711","14811","","","","played_fully","","false","","confirmed_deterministic_model",""
"retry_during_intro","retry_during_intro:clara:L100:after_current_speech","clara","L100","570","chair_setup_confirmed_to_practice","chair_setup","chair_practice","15311","15311","mpv2_chair_practice_start","60","false","","15411","2972","3172","18383","18483","","","","played_fully","","false","practice-start instruction may be dropped before the user hears it","confirmed_deterministic_model","Confirm setup button is available before intro speech completes."
"retry_during_intro","retry_during_intro:clara:L250:immediate","clara","L250","571","mpv2_entry_initial_intro","screen_mount","chair_setup","0","0","mpv2_checkup_intro;checkup-chair-stand-intro-v21;checkup-chair-stand-setup-v21","60","false","","250","14211","15711","15461","15711","","","","played_fully","","false","","confirmed_deterministic_model",""
"retry_during_intro","retry_during_intro:clara:L250:immediate","clara","L250","572","chair_setup_confirmed_to_practice","chair_setup","chair_practice","0","0","mpv2_chair_practice_start","60","true","60","","","","","","","","","dropped_equal_priority","","false","practice-start instruction may be dropped before the user hears it","confirmed_deterministic_model","Confirm setup button is available before intro speech completes."
"retry_during_intro","retry_during_intro:clara:L250:after_250ms","clara","L250","573","mpv2_entry_initial_intro","screen_mount","chair_setup","0","0","mpv2_checkup_intro;checkup-chair-stand-intro-v21;checkup-chair-stand-setup-v21","60","false","","250","14211","15711","15461","15711","","","","played_fully","","false","","confirmed_deterministic_model",""
"retry_during_intro","retry_during_intro:clara:L250:after_250ms","clara","L250","574","chair_setup_confirmed_to_practice","chair_setup","chair_practice","250","250","mpv2_chair_practice_start","60","true","60","","","","","","","","","dropped_equal_priority","","false","practice-start instruction may be dropped before the user hears it","confirmed_deterministic_model","Confirm setup button is available before intro speech completes."
"retry_during_intro","retry_during_intro:clara:L250:after_current_speech","clara","L250","575","mpv2_entry_initial_intro","screen_mount","chair_setup","0","0","mpv2_checkup_intro;checkup-chair-stand-intro-v21;checkup-chair-stand-setup-v21","60","false","","250","14211","15711","15461","15711","","","","played_fully","","false","","confirmed_deterministic_model",""
"retry_during_intro","retry_during_intro:clara:L250:after_current_speech","clara","L250","576","chair_setup_confirmed_to_practice","chair_setup","chair_practice","16211","16211","mpv2_chair_practice_start","60","false","","16461","2972","3472","19433","19683","","","","played_fully","","false","practice-start instruction may be dropped before the user hears it","confirmed_deterministic_model","Confirm setup button is available before intro speech completes."
"retry_during_intro","retry_during_intro:marcus:L0:immediate","marcus","L0","577","mpv2_entry_initial_intro","screen_mount","chair_setup","0","0","mpv2_checkup_intro;checkup-chair-stand-intro-v21;checkup-chair-stand-setup-v21","60","false","","0","14350","14350","14350","14350","","","","played_fully","","false","","confirmed_deterministic_model",""
"retry_during_intro","retry_during_intro:marcus:L0:immediate","marcus","L0","578","chair_setup_confirmed_to_practice","chair_setup","chair_practice","0","0","mpv2_chair_practice_start","60","true","60","","","","","","","","","dropped_equal_priority","","false","practice-start instruction may be dropped before the user hears it","confirmed_deterministic_model","Confirm setup button is available before intro speech completes."
"retry_during_intro","retry_during_intro:marcus:L0:after_250ms","marcus","L0","579","mpv2_entry_initial_intro","screen_mount","chair_setup","0","0","mpv2_checkup_intro;checkup-chair-stand-intro-v21;checkup-chair-stand-setup-v21","60","false","","0","14350","14350","14350","14350","","","","played_fully","","false","","confirmed_deterministic_model",""
"retry_during_intro","retry_during_intro:marcus:L0:after_250ms","marcus","L0","580","chair_setup_confirmed_to_practice","chair_setup","chair_practice","250","250","mpv2_chair_practice_start","60","true","60","","","","","","","","","dropped_equal_priority","","false","practice-start instruction may be dropped before the user hears it","confirmed_deterministic_model","Confirm setup button is available before intro speech completes."
"retry_during_intro","retry_during_intro:marcus:L0:after_current_speech","marcus","L0","581","mpv2_entry_initial_intro","screen_mount","chair_setup","0","0","mpv2_checkup_intro;checkup-chair-stand-intro-v21;checkup-chair-stand-setup-v21","60","false","","0","14350","14350","14350","14350","","","","played_fully","","false","","confirmed_deterministic_model",""
"retry_during_intro","retry_during_intro:marcus:L0:after_current_speech","marcus","L0","582","chair_setup_confirmed_to_practice","chair_setup","chair_practice","14850","14850","mpv2_chair_practice_start","60","false","","14850","2694","2694","17544","17544","","","","played_fully","","false","practice-start instruction may be dropped before the user hears it","confirmed_deterministic_model","Confirm setup button is available before intro speech completes."
"retry_during_intro","retry_during_intro:marcus:L100:immediate","marcus","L100","583","mpv2_entry_initial_intro","screen_mount","chair_setup","0","0","mpv2_checkup_intro;checkup-chair-stand-intro-v21;checkup-chair-stand-setup-v21","60","false","","100","14350","14950","14850","14950","","","","played_fully","","false","","confirmed_deterministic_model",""
"retry_during_intro","retry_during_intro:marcus:L100:immediate","marcus","L100","584","chair_setup_confirmed_to_practice","chair_setup","chair_practice","0","0","mpv2_chair_practice_start","60","true","60","","","","","","","","","dropped_equal_priority","","false","practice-start instruction may be dropped before the user hears it","confirmed_deterministic_model","Confirm setup button is available before intro speech completes."
"retry_during_intro","retry_during_intro:marcus:L100:after_250ms","marcus","L100","585","mpv2_entry_initial_intro","screen_mount","chair_setup","0","0","mpv2_checkup_intro;checkup-chair-stand-intro-v21;checkup-chair-stand-setup-v21","60","false","","100","14350","14950","14850","14950","","","","played_fully","","false","","confirmed_deterministic_model",""
"retry_during_intro","retry_during_intro:marcus:L100:after_250ms","marcus","L100","586","chair_setup_confirmed_to_practice","chair_setup","chair_practice","250","250","mpv2_chair_practice_start","60","true","60","","","","","","","","","dropped_equal_priority","","false","practice-start instruction may be dropped before the user hears it","confirmed_deterministic_model","Confirm setup button is available before intro speech completes."
"retry_during_intro","retry_during_intro:marcus:L100:after_current_speech","marcus","L100","587","mpv2_entry_initial_intro","screen_mount","chair_setup","0","0","mpv2_checkup_intro;checkup-chair-stand-intro-v21;checkup-chair-stand-setup-v21","60","false","","100","14350","14950","14850","14950","","","","played_fully","","false","","confirmed_deterministic_model",""
"retry_during_intro","retry_during_intro:marcus:L100:after_current_speech","marcus","L100","588","chair_setup_confirmed_to_practice","chair_setup","chair_practice","15450","15450","mpv2_chair_practice_start","60","false","","15550","2694","2894","18244","18344","","","","played_fully","","false","practice-start instruction may be dropped before the user hears it","confirmed_deterministic_model","Confirm setup button is available before intro speech completes."
"retry_during_intro","retry_during_intro:marcus:L250:immediate","marcus","L250","589","mpv2_entry_initial_intro","screen_mount","chair_setup","0","0","mpv2_checkup_intro;checkup-chair-stand-intro-v21;checkup-chair-stand-setup-v21","60","false","","250","14350","15850","15600","15850","","","","played_fully","","false","","confirmed_deterministic_model",""
"retry_during_intro","retry_during_intro:marcus:L250:immediate","marcus","L250","590","chair_setup_confirmed_to_practice","chair_setup","chair_practice","0","0","mpv2_chair_practice_start","60","true","60","","","","","","","","","dropped_equal_priority","","false","practice-start instruction may be dropped before the user hears it","confirmed_deterministic_model","Confirm setup button is available before intro speech completes."
"retry_during_intro","retry_during_intro:marcus:L250:after_250ms","marcus","L250","591","mpv2_entry_initial_intro","screen_mount","chair_setup","0","0","mpv2_checkup_intro;checkup-chair-stand-intro-v21;checkup-chair-stand-setup-v21","60","false","","250","14350","15850","15600","15850","","","","played_fully","","false","","confirmed_deterministic_model",""
"retry_during_intro","retry_during_intro:marcus:L250:after_250ms","marcus","L250","592","chair_setup_confirmed_to_practice","chair_setup","chair_practice","250","250","mpv2_chair_practice_start","60","true","60","","","","","","","","","dropped_equal_priority","","false","practice-start instruction may be dropped before the user hears it","confirmed_deterministic_model","Confirm setup button is available before intro speech completes."
"retry_during_intro","retry_during_intro:marcus:L250:after_current_speech","marcus","L250","593","mpv2_entry_initial_intro","screen_mount","chair_setup","0","0","mpv2_checkup_intro;checkup-chair-stand-intro-v21;checkup-chair-stand-setup-v21","60","false","","250","14350","15850","15600","15850","","","","played_fully","","false","","confirmed_deterministic_model",""
"retry_during_intro","retry_during_intro:marcus:L250:after_current_speech","marcus","L250","594","chair_setup_confirmed_to_practice","chair_setup","chair_practice","16350","16350","mpv2_chair_practice_start","60","false","","16600","2694","3194","19294","19544","","","","played_fully","","false","practice-start instruction may be dropped before the user hears it","confirmed_deterministic_model","Confirm setup button is available before intro speech completes."
"retry_during_chair_practice","retry_during_chair_practice:clara:L0:immediate","clara","L0","595","retry_during_chair_practice","current_stage","same_or_restarted_stage","0","","","","false","","","","","","","","","","not_emitted","","false","No explicit retry-v21 cue is wired for this branch.","confirmed_source","Current MPV2 has no generic retry user action in the live screen."
"retry_during_chair_practice","retry_during_chair_practice:clara:L0:after_250ms","clara","L0","596","retry_during_chair_practice","current_stage","same_or_restarted_stage","0","","","","false","","","","","","","","","","not_emitted","","false","No explicit retry-v21 cue is wired for this branch.","confirmed_source","Current MPV2 has no generic retry user action in the live screen."
"retry_during_chair_practice","retry_during_chair_practice:clara:L0:after_current_speech","clara","L0","597","retry_during_chair_practice","current_stage","same_or_restarted_stage","0","","","","false","","","","","","","","","","not_emitted","","false","No explicit retry-v21 cue is wired for this branch.","confirmed_source","Current MPV2 has no generic retry user action in the live screen."
"retry_during_chair_practice","retry_during_chair_practice:clara:L100:immediate","clara","L100","598","retry_during_chair_practice","current_stage","same_or_restarted_stage","0","","","","false","","","","","","","","","","not_emitted","","false","No explicit retry-v21 cue is wired for this branch.","confirmed_source","Current MPV2 has no generic retry user action in the live screen."
"retry_during_chair_practice","retry_during_chair_practice:clara:L100:after_250ms","clara","L100","599","retry_during_chair_practice","current_stage","same_or_restarted_stage","0","","","","false","","","","","","","","","","not_emitted","","false","No explicit retry-v21 cue is wired for this branch.","confirmed_source","Current MPV2 has no generic retry user action in the live screen."
"retry_during_chair_practice","retry_during_chair_practice:clara:L100:after_current_speech","clara","L100","600","retry_during_chair_practice","current_stage","same_or_restarted_stage","0","","","","false","","","","","","","","","","not_emitted","","false","No explicit retry-v21 cue is wired for this branch.","confirmed_source","Current MPV2 has no generic retry user action in the live screen."
"retry_during_chair_practice","retry_during_chair_practice:clara:L250:immediate","clara","L250","601","retry_during_chair_practice","current_stage","same_or_restarted_stage","0","","","","false","","","","","","","","","","not_emitted","","false","No explicit retry-v21 cue is wired for this branch.","confirmed_source","Current MPV2 has no generic retry user action in the live screen."
"retry_during_chair_practice","retry_during_chair_practice:clara:L250:after_250ms","clara","L250","602","retry_during_chair_practice","current_stage","same_or_restarted_stage","0","","","","false","","","","","","","","","","not_emitted","","false","No explicit retry-v21 cue is wired for this branch.","confirmed_source","Current MPV2 has no generic retry user action in the live screen."
"retry_during_chair_practice","retry_during_chair_practice:clara:L250:after_current_speech","clara","L250","603","retry_during_chair_practice","current_stage","same_or_restarted_stage","0","","","","false","","","","","","","","","","not_emitted","","false","No explicit retry-v21 cue is wired for this branch.","confirmed_source","Current MPV2 has no generic retry user action in the live screen."
"retry_during_chair_practice","retry_during_chair_practice:marcus:L0:immediate","marcus","L0","604","retry_during_chair_practice","current_stage","same_or_restarted_stage","0","","","","false","","","","","","","","","","not_emitted","","false","No explicit retry-v21 cue is wired for this branch.","confirmed_source","Current MPV2 has no generic retry user action in the live screen."
"retry_during_chair_practice","retry_during_chair_practice:marcus:L0:after_250ms","marcus","L0","605","retry_during_chair_practice","current_stage","same_or_restarted_stage","0","","","","false","","","","","","","","","","not_emitted","","false","No explicit retry-v21 cue is wired for this branch.","confirmed_source","Current MPV2 has no generic retry user action in the live screen."
"retry_during_chair_practice","retry_during_chair_practice:marcus:L0:after_current_speech","marcus","L0","606","retry_during_chair_practice","current_stage","same_or_restarted_stage","0","","","","false","","","","","","","","","","not_emitted","","false","No explicit retry-v21 cue is wired for this branch.","confirmed_source","Current MPV2 has no generic retry user action in the live screen."
"retry_during_chair_practice","retry_during_chair_practice:marcus:L100:immediate","marcus","L100","607","retry_during_chair_practice","current_stage","same_or_restarted_stage","0","","","","false","","","","","","","","","","not_emitted","","false","No explicit retry-v21 cue is wired for this branch.","confirmed_source","Current MPV2 has no generic retry user action in the live screen."
"retry_during_chair_practice","retry_during_chair_practice:marcus:L100:after_250ms","marcus","L100","608","retry_during_chair_practice","current_stage","same_or_restarted_stage","0","","","","false","","","","","","","","","","not_emitted","","false","No explicit retry-v21 cue is wired for this branch.","confirmed_source","Current MPV2 has no generic retry user action in the live screen."
"retry_during_chair_practice","retry_during_chair_practice:marcus:L100:after_current_speech","marcus","L100","609","retry_during_chair_practice","current_stage","same_or_restarted_stage","0","","","","false","","","","","","","","","","not_emitted","","false","No explicit retry-v21 cue is wired for this branch.","confirmed_source","Current MPV2 has no generic retry user action in the live screen."
"retry_during_chair_practice","retry_during_chair_practice:marcus:L250:immediate","marcus","L250","610","retry_during_chair_practice","current_stage","same_or_restarted_stage","0","","","","false","","","","","","","","","","not_emitted","","false","No explicit retry-v21 cue is wired for this branch.","confirmed_source","Current MPV2 has no generic retry user action in the live screen."
"retry_during_chair_practice","retry_during_chair_practice:marcus:L250:after_250ms","marcus","L250","611","retry_during_chair_practice","current_stage","same_or_restarted_stage","0","","","","false","","","","","","","","","","not_emitted","","false","No explicit retry-v21 cue is wired for this branch.","confirmed_source","Current MPV2 has no generic retry user action in the live screen."
"retry_during_chair_practice","retry_during_chair_practice:marcus:L250:after_current_speech","marcus","L250","612","retry_during_chair_practice","current_stage","same_or_restarted_stage","0","","","","false","","","","","","","","","","not_emitted","","false","No explicit retry-v21 cue is wired for this branch.","confirmed_source","Current MPV2 has no generic retry user action in the live screen."
"retry_during_official_attempt","retry_during_official_attempt:clara:L0:immediate","clara","L0","613","retry_during_official_attempt","current_stage","same_or_restarted_stage","0","","","","false","","","","","","","","","","not_emitted","","false","No explicit retry-v21 cue is wired for this branch.","confirmed_source","Current MPV2 has no generic retry user action in the live screen."
"retry_during_official_attempt","retry_during_official_attempt:clara:L0:after_250ms","clara","L0","614","retry_during_official_attempt","current_stage","same_or_restarted_stage","0","","","","false","","","","","","","","","","not_emitted","","false","No explicit retry-v21 cue is wired for this branch.","confirmed_source","Current MPV2 has no generic retry user action in the live screen."
"retry_during_official_attempt","retry_during_official_attempt:clara:L0:after_current_speech","clara","L0","615","retry_during_official_attempt","current_stage","same_or_restarted_stage","0","","","","false","","","","","","","","","","not_emitted","","false","No explicit retry-v21 cue is wired for this branch.","confirmed_source","Current MPV2 has no generic retry user action in the live screen."
"retry_during_official_attempt","retry_during_official_attempt:clara:L100:immediate","clara","L100","616","retry_during_official_attempt","current_stage","same_or_restarted_stage","0","","","","false","","","","","","","","","","not_emitted","","false","No explicit retry-v21 cue is wired for this branch.","confirmed_source","Current MPV2 has no generic retry user action in the live screen."
"retry_during_official_attempt","retry_during_official_attempt:clara:L100:after_250ms","clara","L100","617","retry_during_official_attempt","current_stage","same_or_restarted_stage","0","","","","false","","","","","","","","","","not_emitted","","false","No explicit retry-v21 cue is wired for this branch.","confirmed_source","Current MPV2 has no generic retry user action in the live screen."
"retry_during_official_attempt","retry_during_official_attempt:clara:L100:after_current_speech","clara","L100","618","retry_during_official_attempt","current_stage","same_or_restarted_stage","0","","","","false","","","","","","","","","","not_emitted","","false","No explicit retry-v21 cue is wired for this branch.","confirmed_source","Current MPV2 has no generic retry user action in the live screen."
"retry_during_official_attempt","retry_during_official_attempt:clara:L250:immediate","clara","L250","619","retry_during_official_attempt","current_stage","same_or_restarted_stage","0","","","","false","","","","","","","","","","not_emitted","","false","No explicit retry-v21 cue is wired for this branch.","confirmed_source","Current MPV2 has no generic retry user action in the live screen."
"retry_during_official_attempt","retry_during_official_attempt:clara:L250:after_250ms","clara","L250","620","retry_during_official_attempt","current_stage","same_or_restarted_stage","0","","","","false","","","","","","","","","","not_emitted","","false","No explicit retry-v21 cue is wired for this branch.","confirmed_source","Current MPV2 has no generic retry user action in the live screen."
"retry_during_official_attempt","retry_during_official_attempt:clara:L250:after_current_speech","clara","L250","621","retry_during_official_attempt","current_stage","same_or_restarted_stage","0","","","","false","","","","","","","","","","not_emitted","","false","No explicit retry-v21 cue is wired for this branch.","confirmed_source","Current MPV2 has no generic retry user action in the live screen."
"retry_during_official_attempt","retry_during_official_attempt:marcus:L0:immediate","marcus","L0","622","retry_during_official_attempt","current_stage","same_or_restarted_stage","0","","","","false","","","","","","","","","","not_emitted","","false","No explicit retry-v21 cue is wired for this branch.","confirmed_source","Current MPV2 has no generic retry user action in the live screen."
"retry_during_official_attempt","retry_during_official_attempt:marcus:L0:after_250ms","marcus","L0","623","retry_during_official_attempt","current_stage","same_or_restarted_stage","0","","","","false","","","","","","","","","","not_emitted","","false","No explicit retry-v21 cue is wired for this branch.","confirmed_source","Current MPV2 has no generic retry user action in the live screen."
"retry_during_official_attempt","retry_during_official_attempt:marcus:L0:after_current_speech","marcus","L0","624","retry_during_official_attempt","current_stage","same_or_restarted_stage","0","","","","false","","","","","","","","","","not_emitted","","false","No explicit retry-v21 cue is wired for this branch.","confirmed_source","Current MPV2 has no generic retry user action in the live screen."
"retry_during_official_attempt","retry_during_official_attempt:marcus:L100:immediate","marcus","L100","625","retry_during_official_attempt","current_stage","same_or_restarted_stage","0","","","","false","","","","","","","","","","not_emitted","","false","No explicit retry-v21 cue is wired for this branch.","confirmed_source","Current MPV2 has no generic retry user action in the live screen."
"retry_during_official_attempt","retry_during_official_attempt:marcus:L100:after_250ms","marcus","L100","626","retry_during_official_attempt","current_stage","same_or_restarted_stage","0","","","","false","","","","","","","","","","not_emitted","","false","No explicit retry-v21 cue is wired for this branch.","confirmed_source","Current MPV2 has no generic retry user action in the live screen."
"retry_during_official_attempt","retry_during_official_attempt:marcus:L100:after_current_speech","marcus","L100","627","retry_during_official_attempt","current_stage","same_or_restarted_stage","0","","","","false","","","","","","","","","","not_emitted","","false","No explicit retry-v21 cue is wired for this branch.","confirmed_source","Current MPV2 has no generic retry user action in the live screen."
"retry_during_official_attempt","retry_during_official_attempt:marcus:L250:immediate","marcus","L250","628","retry_during_official_attempt","current_stage","same_or_restarted_stage","0","","","","false","","","","","","","","","","not_emitted","","false","No explicit retry-v21 cue is wired for this branch.","confirmed_source","Current MPV2 has no generic retry user action in the live screen."
"retry_during_official_attempt","retry_during_official_attempt:marcus:L250:after_250ms","marcus","L250","629","retry_during_official_attempt","current_stage","same_or_restarted_stage","0","","","","false","","","","","","","","","","not_emitted","","false","No explicit retry-v21 cue is wired for this branch.","confirmed_source","Current MPV2 has no generic retry user action in the live screen."
"retry_during_official_attempt","retry_during_official_attempt:marcus:L250:after_current_speech","marcus","L250","630","retry_during_official_attempt","current_stage","same_or_restarted_stage","0","","","","false","","","","","","","","","","not_emitted","","false","No explicit retry-v21 cue is wired for this branch.","confirmed_source","Current MPV2 has no generic retry user action in the live screen."
"retry_during_balance_rest","retry_during_balance_rest:clara:L0:immediate","clara","L0","631","balance_valid_trial_to_rest","balance_trial","balance_rest","0","0","mpv2_balance_attempt_saved;mpv2_balance_rest","70","false","","0","5573","5573","5573","5573","","","","played_fully","","false","","confirmed_deterministic_model",""
"retry_during_balance_rest","retry_during_balance_rest:clara:L0:immediate","clara","L0","632","balance_user_accepted_best","balance_rest","shoulder_setup","0","0","mpv2_balance_use_best;mpv2_balance_complete","70","true","70","","","","","","","","","dropped_equal_priority","","false","incoming cue not heard because the channel is busy","confirmed_deterministic_model","Use-best action is available while rest narration may still be playing."
"retry_during_balance_rest","retry_during_balance_rest:clara:L0:after_250ms","clara","L0","633","balance_valid_trial_to_rest","balance_trial","balance_rest","0","0","mpv2_balance_attempt_saved;mpv2_balance_rest","70","false","","0","5573","5573","5573","5573","","","","played_fully","","false","","confirmed_deterministic_model",""
"retry_during_balance_rest","retry_during_balance_rest:clara:L0:after_250ms","clara","L0","634","balance_user_accepted_best","balance_rest","shoulder_setup","250","250","mpv2_balance_use_best;mpv2_balance_complete","70","true","70","","","","","","","","","dropped_equal_priority","","false","incoming cue not heard because the channel is busy","confirmed_deterministic_model","Use-best action is available while rest narration may still be playing."
"retry_during_balance_rest","retry_during_balance_rest:clara:L0:after_current_speech","clara","L0","635","balance_valid_trial_to_rest","balance_trial","balance_rest","0","0","mpv2_balance_attempt_saved;mpv2_balance_rest","70","false","","0","5573","5573","5573","5573","","","","played_fully","","false","","confirmed_deterministic_model",""
"retry_during_balance_rest","retry_during_balance_rest:clara:L0:after_current_speech","clara","L0","636","balance_user_accepted_best","balance_rest","shoulder_setup","6073","6073","mpv2_balance_use_best;mpv2_balance_complete","70","false","","6073","2926","2926","8999","8999","","","","played_fully","","false","","confirmed_deterministic_model","Use-best action is available while rest narration may still be playing."
"retry_during_balance_rest","retry_during_balance_rest:clara:L100:immediate","clara","L100","637","balance_valid_trial_to_rest","balance_trial","balance_rest","0","0","mpv2_balance_attempt_saved;mpv2_balance_rest","70","false","","100","5573","5973","5873","5973","","","","played_fully","","false","","confirmed_deterministic_model",""
"retry_during_balance_rest","retry_during_balance_rest:clara:L100:immediate","clara","L100","638","balance_user_accepted_best","balance_rest","shoulder_setup","0","0","mpv2_balance_use_best;mpv2_balance_complete","70","true","70","","","","","","","","","dropped_equal_priority","","false","incoming cue not heard because the channel is busy","confirmed_deterministic_model","Use-best action is available while rest narration may still be playing."
"retry_during_balance_rest","retry_during_balance_rest:clara:L100:after_250ms","clara","L100","639","balance_valid_trial_to_rest","balance_trial","balance_rest","0","0","mpv2_balance_attempt_saved;mpv2_balance_rest","70","false","","100","5573","5973","5873","5973","","","","played_fully","","false","","confirmed_deterministic_model",""
"retry_during_balance_rest","retry_during_balance_rest:clara:L100:after_250ms","clara","L100","640","balance_user_accepted_best","balance_rest","shoulder_setup","250","250","mpv2_balance_use_best;mpv2_balance_complete","70","true","70","","","","","","","","","dropped_equal_priority","","false","incoming cue not heard because the channel is busy","confirmed_deterministic_model","Use-best action is available while rest narration may still be playing."
"retry_during_balance_rest","retry_during_balance_rest:clara:L100:after_current_speech","clara","L100","641","balance_valid_trial_to_rest","balance_trial","balance_rest","0","0","mpv2_balance_attempt_saved;mpv2_balance_rest","70","false","","100","5573","5973","5873","5973","","","","played_fully","","false","","confirmed_deterministic_model",""
"retry_during_balance_rest","retry_during_balance_rest:clara:L100:after_current_speech","clara","L100","642","balance_user_accepted_best","balance_rest","shoulder_setup","6473","6473","mpv2_balance_use_best;mpv2_balance_complete","70","false","","6573","2926","3326","9699","9799","","","","played_fully","","false","","confirmed_deterministic_model","Use-best action is available while rest narration may still be playing."
"retry_during_balance_rest","retry_during_balance_rest:clara:L250:immediate","clara","L250","643","balance_valid_trial_to_rest","balance_trial","balance_rest","0","0","mpv2_balance_attempt_saved;mpv2_balance_rest","70","false","","250","5573","6573","6323","6573","","","","played_fully","","false","","confirmed_deterministic_model",""
"retry_during_balance_rest","retry_during_balance_rest:clara:L250:immediate","clara","L250","644","balance_user_accepted_best","balance_rest","shoulder_setup","0","0","mpv2_balance_use_best;mpv2_balance_complete","70","true","70","","","","","","","","","dropped_equal_priority","","false","incoming cue not heard because the channel is busy","confirmed_deterministic_model","Use-best action is available while rest narration may still be playing."
"retry_during_balance_rest","retry_during_balance_rest:clara:L250:after_250ms","clara","L250","645","balance_valid_trial_to_rest","balance_trial","balance_rest","0","0","mpv2_balance_attempt_saved;mpv2_balance_rest","70","false","","250","5573","6573","6323","6573","","","","played_fully","","false","","confirmed_deterministic_model",""
"retry_during_balance_rest","retry_during_balance_rest:clara:L250:after_250ms","clara","L250","646","balance_user_accepted_best","balance_rest","shoulder_setup","250","250","mpv2_balance_use_best;mpv2_balance_complete","70","true","70","","","","","","","","","dropped_equal_priority","","false","incoming cue not heard because the channel is busy","confirmed_deterministic_model","Use-best action is available while rest narration may still be playing."
"retry_during_balance_rest","retry_during_balance_rest:clara:L250:after_current_speech","clara","L250","647","balance_valid_trial_to_rest","balance_trial","balance_rest","0","0","mpv2_balance_attempt_saved;mpv2_balance_rest","70","false","","250","5573","6573","6323","6573","","","","played_fully","","false","","confirmed_deterministic_model",""
"retry_during_balance_rest","retry_during_balance_rest:clara:L250:after_current_speech","clara","L250","648","balance_user_accepted_best","balance_rest","shoulder_setup","7073","7073","mpv2_balance_use_best;mpv2_balance_complete","70","false","","7323","2926","3926","10749","10999","","","","played_fully","","false","","confirmed_deterministic_model","Use-best action is available while rest narration may still be playing."
"retry_during_balance_rest","retry_during_balance_rest:marcus:L0:immediate","marcus","L0","649","balance_valid_trial_to_rest","balance_trial","balance_rest","0","0","mpv2_balance_attempt_saved;mpv2_balance_rest","70","false","","0","5573","5573","5573","5573","","","","played_fully","","false","","confirmed_deterministic_model",""
"retry_during_balance_rest","retry_during_balance_rest:marcus:L0:immediate","marcus","L0","650","balance_user_accepted_best","balance_rest","shoulder_setup","0","0","mpv2_balance_use_best;mpv2_balance_complete","70","true","70","","","","","","","","","dropped_equal_priority","","false","incoming cue not heard because the channel is busy","confirmed_deterministic_model","Use-best action is available while rest narration may still be playing."
"retry_during_balance_rest","retry_during_balance_rest:marcus:L0:after_250ms","marcus","L0","651","balance_valid_trial_to_rest","balance_trial","balance_rest","0","0","mpv2_balance_attempt_saved;mpv2_balance_rest","70","false","","0","5573","5573","5573","5573","","","","played_fully","","false","","confirmed_deterministic_model",""
"retry_during_balance_rest","retry_during_balance_rest:marcus:L0:after_250ms","marcus","L0","652","balance_user_accepted_best","balance_rest","shoulder_setup","250","250","mpv2_balance_use_best;mpv2_balance_complete","70","true","70","","","","","","","","","dropped_equal_priority","","false","incoming cue not heard because the channel is busy","confirmed_deterministic_model","Use-best action is available while rest narration may still be playing."
"retry_during_balance_rest","retry_during_balance_rest:marcus:L0:after_current_speech","marcus","L0","653","balance_valid_trial_to_rest","balance_trial","balance_rest","0","0","mpv2_balance_attempt_saved;mpv2_balance_rest","70","false","","0","5573","5573","5573","5573","","","","played_fully","","false","","confirmed_deterministic_model",""
"retry_during_balance_rest","retry_during_balance_rest:marcus:L0:after_current_speech","marcus","L0","654","balance_user_accepted_best","balance_rest","shoulder_setup","6073","6073","mpv2_balance_use_best;mpv2_balance_complete","70","false","","6073","2554","2554","8627","8627","","","","played_fully","","false","","confirmed_deterministic_model","Use-best action is available while rest narration may still be playing."
"retry_during_balance_rest","retry_during_balance_rest:marcus:L100:immediate","marcus","L100","655","balance_valid_trial_to_rest","balance_trial","balance_rest","0","0","mpv2_balance_attempt_saved;mpv2_balance_rest","70","false","","100","5573","5973","5873","5973","","","","played_fully","","false","","confirmed_deterministic_model",""
"retry_during_balance_rest","retry_during_balance_rest:marcus:L100:immediate","marcus","L100","656","balance_user_accepted_best","balance_rest","shoulder_setup","0","0","mpv2_balance_use_best;mpv2_balance_complete","70","true","70","","","","","","","","","dropped_equal_priority","","false","incoming cue not heard because the channel is busy","confirmed_deterministic_model","Use-best action is available while rest narration may still be playing."
"retry_during_balance_rest","retry_during_balance_rest:marcus:L100:after_250ms","marcus","L100","657","balance_valid_trial_to_rest","balance_trial","balance_rest","0","0","mpv2_balance_attempt_saved;mpv2_balance_rest","70","false","","100","5573","5973","5873","5973","","","","played_fully","","false","","confirmed_deterministic_model",""
"retry_during_balance_rest","retry_during_balance_rest:marcus:L100:after_250ms","marcus","L100","658","balance_user_accepted_best","balance_rest","shoulder_setup","250","250","mpv2_balance_use_best;mpv2_balance_complete","70","true","70","","","","","","","","","dropped_equal_priority","","false","incoming cue not heard because the channel is busy","confirmed_deterministic_model","Use-best action is available while rest narration may still be playing."
"retry_during_balance_rest","retry_during_balance_rest:marcus:L100:after_current_speech","marcus","L100","659","balance_valid_trial_to_rest","balance_trial","balance_rest","0","0","mpv2_balance_attempt_saved;mpv2_balance_rest","70","false","","100","5573","5973","5873","5973","","","","played_fully","","false","","confirmed_deterministic_model",""
"retry_during_balance_rest","retry_during_balance_rest:marcus:L100:after_current_speech","marcus","L100","660","balance_user_accepted_best","balance_rest","shoulder_setup","6473","6473","mpv2_balance_use_best;mpv2_balance_complete","70","false","","6573","2554","2954","9327","9427","","","","played_fully","","false","","confirmed_deterministic_model","Use-best action is available while rest narration may still be playing."
"retry_during_balance_rest","retry_during_balance_rest:marcus:L250:immediate","marcus","L250","661","balance_valid_trial_to_rest","balance_trial","balance_rest","0","0","mpv2_balance_attempt_saved;mpv2_balance_rest","70","false","","250","5573","6573","6323","6573","","","","played_fully","","false","","confirmed_deterministic_model",""
"retry_during_balance_rest","retry_during_balance_rest:marcus:L250:immediate","marcus","L250","662","balance_user_accepted_best","balance_rest","shoulder_setup","0","0","mpv2_balance_use_best;mpv2_balance_complete","70","true","70","","","","","","","","","dropped_equal_priority","","false","incoming cue not heard because the channel is busy","confirmed_deterministic_model","Use-best action is available while rest narration may still be playing."
"retry_during_balance_rest","retry_during_balance_rest:marcus:L250:after_250ms","marcus","L250","663","balance_valid_trial_to_rest","balance_trial","balance_rest","0","0","mpv2_balance_attempt_saved;mpv2_balance_rest","70","false","","250","5573","6573","6323","6573","","","","played_fully","","false","","confirmed_deterministic_model",""
"retry_during_balance_rest","retry_during_balance_rest:marcus:L250:after_250ms","marcus","L250","664","balance_user_accepted_best","balance_rest","shoulder_setup","250","250","mpv2_balance_use_best;mpv2_balance_complete","70","true","70","","","","","","","","","dropped_equal_priority","","false","incoming cue not heard because the channel is busy","confirmed_deterministic_model","Use-best action is available while rest narration may still be playing."
"retry_during_balance_rest","retry_during_balance_rest:marcus:L250:after_current_speech","marcus","L250","665","balance_valid_trial_to_rest","balance_trial","balance_rest","0","0","mpv2_balance_attempt_saved;mpv2_balance_rest","70","false","","250","5573","6573","6323","6573","","","","played_fully","","false","","confirmed_deterministic_model",""
"retry_during_balance_rest","retry_during_balance_rest:marcus:L250:after_current_speech","marcus","L250","666","balance_user_accepted_best","balance_rest","shoulder_setup","7073","7073","mpv2_balance_use_best;mpv2_balance_complete","70","false","","7323","2554","3554","10377","10627","","","","played_fully","","false","","confirmed_deterministic_model","Use-best action is available while rest narration may still be playing."
"recovery_screen_retry","recovery_screen_retry:clara:L0:immediate","clara","L0","667","recovery_screen_retry_branch","recovery_screen","checkup_restart_or_navigation","0","","","","false","","","","","","","","","","not_emitted","","false","Recovery screen is visual only; retry/use-saved/open-profile actions have no voice guidance.","confirmed_source",""
"recovery_screen_retry","recovery_screen_retry:clara:L0:after_250ms","clara","L0","668","recovery_screen_retry_branch","recovery_screen","checkup_restart_or_navigation","0","","","","false","","","","","","","","","","not_emitted","","false","Recovery screen is visual only; retry/use-saved/open-profile actions have no voice guidance.","confirmed_source",""
"recovery_screen_retry","recovery_screen_retry:clara:L0:after_current_speech","clara","L0","669","recovery_screen_retry_branch","recovery_screen","checkup_restart_or_navigation","0","","","","false","","","","","","","","","","not_emitted","","false","Recovery screen is visual only; retry/use-saved/open-profile actions have no voice guidance.","confirmed_source",""
"recovery_screen_retry","recovery_screen_retry:clara:L100:immediate","clara","L100","670","recovery_screen_retry_branch","recovery_screen","checkup_restart_or_navigation","0","","","","false","","","","","","","","","","not_emitted","","false","Recovery screen is visual only; retry/use-saved/open-profile actions have no voice guidance.","confirmed_source",""
"recovery_screen_retry","recovery_screen_retry:clara:L100:after_250ms","clara","L100","671","recovery_screen_retry_branch","recovery_screen","checkup_restart_or_navigation","0","","","","false","","","","","","","","","","not_emitted","","false","Recovery screen is visual only; retry/use-saved/open-profile actions have no voice guidance.","confirmed_source",""
"recovery_screen_retry","recovery_screen_retry:clara:L100:after_current_speech","clara","L100","672","recovery_screen_retry_branch","recovery_screen","checkup_restart_or_navigation","0","","","","false","","","","","","","","","","not_emitted","","false","Recovery screen is visual only; retry/use-saved/open-profile actions have no voice guidance.","confirmed_source",""
"recovery_screen_retry","recovery_screen_retry:clara:L250:immediate","clara","L250","673","recovery_screen_retry_branch","recovery_screen","checkup_restart_or_navigation","0","","","","false","","","","","","","","","","not_emitted","","false","Recovery screen is visual only; retry/use-saved/open-profile actions have no voice guidance.","confirmed_source",""
"recovery_screen_retry","recovery_screen_retry:clara:L250:after_250ms","clara","L250","674","recovery_screen_retry_branch","recovery_screen","checkup_restart_or_navigation","0","","","","false","","","","","","","","","","not_emitted","","false","Recovery screen is visual only; retry/use-saved/open-profile actions have no voice guidance.","confirmed_source",""
"recovery_screen_retry","recovery_screen_retry:clara:L250:after_current_speech","clara","L250","675","recovery_screen_retry_branch","recovery_screen","checkup_restart_or_navigation","0","","","","false","","","","","","","","","","not_emitted","","false","Recovery screen is visual only; retry/use-saved/open-profile actions have no voice guidance.","confirmed_source",""
"recovery_screen_retry","recovery_screen_retry:marcus:L0:immediate","marcus","L0","676","recovery_screen_retry_branch","recovery_screen","checkup_restart_or_navigation","0","","","","false","","","","","","","","","","not_emitted","","false","Recovery screen is visual only; retry/use-saved/open-profile actions have no voice guidance.","confirmed_source",""
"recovery_screen_retry","recovery_screen_retry:marcus:L0:after_250ms","marcus","L0","677","recovery_screen_retry_branch","recovery_screen","checkup_restart_or_navigation","0","","","","false","","","","","","","","","","not_emitted","","false","Recovery screen is visual only; retry/use-saved/open-profile actions have no voice guidance.","confirmed_source",""
"recovery_screen_retry","recovery_screen_retry:marcus:L0:after_current_speech","marcus","L0","678","recovery_screen_retry_branch","recovery_screen","checkup_restart_or_navigation","0","","","","false","","","","","","","","","","not_emitted","","false","Recovery screen is visual only; retry/use-saved/open-profile actions have no voice guidance.","confirmed_source",""
"recovery_screen_retry","recovery_screen_retry:marcus:L100:immediate","marcus","L100","679","recovery_screen_retry_branch","recovery_screen","checkup_restart_or_navigation","0","","","","false","","","","","","","","","","not_emitted","","false","Recovery screen is visual only; retry/use-saved/open-profile actions have no voice guidance.","confirmed_source",""
"recovery_screen_retry","recovery_screen_retry:marcus:L100:after_250ms","marcus","L100","680","recovery_screen_retry_branch","recovery_screen","checkup_restart_or_navigation","0","","","","false","","","","","","","","","","not_emitted","","false","Recovery screen is visual only; retry/use-saved/open-profile actions have no voice guidance.","confirmed_source",""
"recovery_screen_retry","recovery_screen_retry:marcus:L100:after_current_speech","marcus","L100","681","recovery_screen_retry_branch","recovery_screen","checkup_restart_or_navigation","0","","","","false","","","","","","","","","","not_emitted","","false","Recovery screen is visual only; retry/use-saved/open-profile actions have no voice guidance.","confirmed_source",""
"recovery_screen_retry","recovery_screen_retry:marcus:L250:immediate","marcus","L250","682","recovery_screen_retry_branch","recovery_screen","checkup_restart_or_navigation","0","","","","false","","","","","","","","","","not_emitted","","false","Recovery screen is visual only; retry/use-saved/open-profile actions have no voice guidance.","confirmed_source",""
"recovery_screen_retry","recovery_screen_retry:marcus:L250:after_250ms","marcus","L250","683","recovery_screen_retry_branch","recovery_screen","checkup_restart_or_navigation","0","","","","false","","","","","","","","","","not_emitted","","false","Recovery screen is visual only; retry/use-saved/open-profile actions have no voice guidance.","confirmed_source",""
"recovery_screen_retry","recovery_screen_retry:marcus:L250:after_current_speech","marcus","L250","684","recovery_screen_retry_branch","recovery_screen","checkup_restart_or_navigation","0","","","","false","","","","","","","","","","not_emitted","","false","Recovery screen is visual only; retry/use-saved/open-profile actions have no voice guidance.","confirmed_source",""
"navigation_unmount_during_speech","navigation_unmount_during_speech:clara:L0:immediate","clara","L0","685","hinge_recorded_valid","hinge_active","raw_complete","0","0","mpv2_hinge_complete;checkup-complete-v21","70","false","","0","3623","3623","0","0","","","0","cancelled_on_stop","","true","completion narration can be cancelled by navigation/unmount","confirmed_deterministic_model","Completion speech begins at raw_complete. Cancelled by navigation_state_exit."
"navigation_unmount_during_speech","navigation_unmount_during_speech:clara:L0:immediate","clara","L0","686","navigation_state_exit","raw_complete","unmounted","0","","","","true","cleared","","","","","","","","0","cancelled_on_stop","","false","voice channel stopped and pending cues cleared","confirmed_source",""
"navigation_unmount_during_speech","navigation_unmount_during_speech:clara:L0:after_250ms","clara","L0","687","hinge_recorded_valid","hinge_active","raw_complete","0","0","mpv2_hinge_complete;checkup-complete-v21","70","false","","0","3623","3623","250","250","","","250","cancelled_on_stop","","true","completion narration can be cancelled by navigation/unmount","confirmed_deterministic_model","Completion speech begins at raw_complete. Cancelled by navigation_state_exit."
"navigation_unmount_during_speech","navigation_unmount_during_speech:clara:L0:after_250ms","clara","L0","688","navigation_state_exit","raw_complete","unmounted","250","","","","true","cleared","","","","","","","","250","cancelled_on_stop","","false","voice channel stopped and pending cues cleared","confirmed_source",""
"navigation_unmount_during_speech","navigation_unmount_during_speech:clara:L0:after_current_speech","clara","L0","689","hinge_recorded_valid","hinge_active","raw_complete","0","0","mpv2_hinge_complete;checkup-complete-v21","70","false","","0","3623","3623","3623","3623","","","4123","played_fully","","false","completion narration can be cancelled by navigation/unmount","confirmed_deterministic_model","Completion speech begins at raw_complete."
"navigation_unmount_during_speech","navigation_unmount_during_speech:clara:L0:after_current_speech","clara","L0","690","navigation_state_exit","raw_complete","unmounted","4123","","","","false","","","","","","","","","4123","not_applicable","","false","voice channel stopped and pending cues cleared","confirmed_source",""
"navigation_unmount_during_speech","navigation_unmount_during_speech:clara:L100:immediate","clara","L100","691","hinge_recorded_valid","hinge_active","raw_complete","0","0","mpv2_hinge_complete;checkup-complete-v21","70","false","","100","3623","4023","0","0","","","0","cancelled_on_stop","","true","completion narration can be cancelled by navigation/unmount","confirmed_deterministic_model","Completion speech begins at raw_complete. Cancelled by navigation_state_exit."
"navigation_unmount_during_speech","navigation_unmount_during_speech:clara:L100:immediate","clara","L100","692","navigation_state_exit","raw_complete","unmounted","0","","","","true","cleared","","","","","","","","0","cancelled_on_stop","","false","voice channel stopped and pending cues cleared","confirmed_source",""
"navigation_unmount_during_speech","navigation_unmount_during_speech:clara:L100:after_250ms","clara","L100","693","hinge_recorded_valid","hinge_active","raw_complete","0","0","mpv2_hinge_complete;checkup-complete-v21","70","false","","100","3623","4023","250","250","","","250","cancelled_on_stop","","true","completion narration can be cancelled by navigation/unmount","confirmed_deterministic_model","Completion speech begins at raw_complete. Cancelled by navigation_state_exit."
"navigation_unmount_during_speech","navigation_unmount_during_speech:clara:L100:after_250ms","clara","L100","694","navigation_state_exit","raw_complete","unmounted","250","","","","true","cleared","","","","","","","","250","cancelled_on_stop","","false","voice channel stopped and pending cues cleared","confirmed_source",""
"navigation_unmount_during_speech","navigation_unmount_during_speech:clara:L100:after_current_speech","clara","L100","695","hinge_recorded_valid","hinge_active","raw_complete","0","0","mpv2_hinge_complete;checkup-complete-v21","70","false","","100","3623","4023","3923","4023","","","4523","played_fully","","false","completion narration can be cancelled by navigation/unmount","confirmed_deterministic_model","Completion speech begins at raw_complete."
"navigation_unmount_during_speech","navigation_unmount_during_speech:clara:L100:after_current_speech","clara","L100","696","navigation_state_exit","raw_complete","unmounted","4523","","","","false","","","","","","","","","4523","not_applicable","","false","voice channel stopped and pending cues cleared","confirmed_source",""
"navigation_unmount_during_speech","navigation_unmount_during_speech:clara:L250:immediate","clara","L250","697","hinge_recorded_valid","hinge_active","raw_complete","0","0","mpv2_hinge_complete;checkup-complete-v21","70","false","","250","3623","4623","0","0","","","0","cancelled_on_stop","","true","completion narration can be cancelled by navigation/unmount","confirmed_deterministic_model","Completion speech begins at raw_complete. Cancelled by navigation_state_exit."
"navigation_unmount_during_speech","navigation_unmount_during_speech:clara:L250:immediate","clara","L250","698","navigation_state_exit","raw_complete","unmounted","0","","","","true","cleared","","","","","","","","0","cancelled_on_stop","","false","voice channel stopped and pending cues cleared","confirmed_source",""
"navigation_unmount_during_speech","navigation_unmount_during_speech:clara:L250:after_250ms","clara","L250","699","hinge_recorded_valid","hinge_active","raw_complete","0","0","mpv2_hinge_complete;checkup-complete-v21","70","false","","250","3623","4623","250","250","","","250","cancelled_on_stop","","true","completion narration can be cancelled by navigation/unmount","confirmed_deterministic_model","Completion speech begins at raw_complete. Cancelled by navigation_state_exit."
"navigation_unmount_during_speech","navigation_unmount_during_speech:clara:L250:after_250ms","clara","L250","700","navigation_state_exit","raw_complete","unmounted","250","","","","true","cleared","","","","","","","","250","cancelled_on_stop","","false","voice channel stopped and pending cues cleared","confirmed_source",""
"navigation_unmount_during_speech","navigation_unmount_during_speech:clara:L250:after_current_speech","clara","L250","701","hinge_recorded_valid","hinge_active","raw_complete","0","0","mpv2_hinge_complete;checkup-complete-v21","70","false","","250","3623","4623","4373","4623","","","5123","played_fully","","false","completion narration can be cancelled by navigation/unmount","confirmed_deterministic_model","Completion speech begins at raw_complete."
"navigation_unmount_during_speech","navigation_unmount_during_speech:clara:L250:after_current_speech","clara","L250","702","navigation_state_exit","raw_complete","unmounted","5123","","","","false","","","","","","","","","5123","not_applicable","","false","voice channel stopped and pending cues cleared","confirmed_source",""
"navigation_unmount_during_speech","navigation_unmount_during_speech:marcus:L0:immediate","marcus","L0","703","hinge_recorded_valid","hinge_active","raw_complete","0","0","mpv2_hinge_complete;checkup-complete-v21","70","false","","0","3808","3808","0","0","","","0","cancelled_on_stop","","true","completion narration can be cancelled by navigation/unmount","confirmed_deterministic_model","Completion speech begins at raw_complete. Cancelled by navigation_state_exit."
"navigation_unmount_during_speech","navigation_unmount_during_speech:marcus:L0:immediate","marcus","L0","704","navigation_state_exit","raw_complete","unmounted","0","","","","true","cleared","","","","","","","","0","cancelled_on_stop","","false","voice channel stopped and pending cues cleared","confirmed_source",""
"navigation_unmount_during_speech","navigation_unmount_during_speech:marcus:L0:after_250ms","marcus","L0","705","hinge_recorded_valid","hinge_active","raw_complete","0","0","mpv2_hinge_complete;checkup-complete-v21","70","false","","0","3808","3808","250","250","","","250","cancelled_on_stop","","true","completion narration can be cancelled by navigation/unmount","confirmed_deterministic_model","Completion speech begins at raw_complete. Cancelled by navigation_state_exit."
"navigation_unmount_during_speech","navigation_unmount_during_speech:marcus:L0:after_250ms","marcus","L0","706","navigation_state_exit","raw_complete","unmounted","250","","","","true","cleared","","","","","","","","250","cancelled_on_stop","","false","voice channel stopped and pending cues cleared","confirmed_source",""
"navigation_unmount_during_speech","navigation_unmount_during_speech:marcus:L0:after_current_speech","marcus","L0","707","hinge_recorded_valid","hinge_active","raw_complete","0","0","mpv2_hinge_complete;checkup-complete-v21","70","false","","0","3808","3808","3808","3808","","","4308","played_fully","","false","completion narration can be cancelled by navigation/unmount","confirmed_deterministic_model","Completion speech begins at raw_complete."
"navigation_unmount_during_speech","navigation_unmount_during_speech:marcus:L0:after_current_speech","marcus","L0","708","navigation_state_exit","raw_complete","unmounted","4308","","","","false","","","","","","","","","4308","not_applicable","","false","voice channel stopped and pending cues cleared","confirmed_source",""
"navigation_unmount_during_speech","navigation_unmount_during_speech:marcus:L100:immediate","marcus","L100","709","hinge_recorded_valid","hinge_active","raw_complete","0","0","mpv2_hinge_complete;checkup-complete-v21","70","false","","100","3808","4208","0","0","","","0","cancelled_on_stop","","true","completion narration can be cancelled by navigation/unmount","confirmed_deterministic_model","Completion speech begins at raw_complete. Cancelled by navigation_state_exit."
"navigation_unmount_during_speech","navigation_unmount_during_speech:marcus:L100:immediate","marcus","L100","710","navigation_state_exit","raw_complete","unmounted","0","","","","true","cleared","","","","","","","","0","cancelled_on_stop","","false","voice channel stopped and pending cues cleared","confirmed_source",""
"navigation_unmount_during_speech","navigation_unmount_during_speech:marcus:L100:after_250ms","marcus","L100","711","hinge_recorded_valid","hinge_active","raw_complete","0","0","mpv2_hinge_complete;checkup-complete-v21","70","false","","100","3808","4208","250","250","","","250","cancelled_on_stop","","true","completion narration can be cancelled by navigation/unmount","confirmed_deterministic_model","Completion speech begins at raw_complete. Cancelled by navigation_state_exit."
"navigation_unmount_during_speech","navigation_unmount_during_speech:marcus:L100:after_250ms","marcus","L100","712","navigation_state_exit","raw_complete","unmounted","250","","","","true","cleared","","","","","","","","250","cancelled_on_stop","","false","voice channel stopped and pending cues cleared","confirmed_source",""
"navigation_unmount_during_speech","navigation_unmount_during_speech:marcus:L100:after_current_speech","marcus","L100","713","hinge_recorded_valid","hinge_active","raw_complete","0","0","mpv2_hinge_complete;checkup-complete-v21","70","false","","100","3808","4208","4108","4208","","","4708","played_fully","","false","completion narration can be cancelled by navigation/unmount","confirmed_deterministic_model","Completion speech begins at raw_complete."
"navigation_unmount_during_speech","navigation_unmount_during_speech:marcus:L100:after_current_speech","marcus","L100","714","navigation_state_exit","raw_complete","unmounted","4708","","","","false","","","","","","","","","4708","not_applicable","","false","voice channel stopped and pending cues cleared","confirmed_source",""
"navigation_unmount_during_speech","navigation_unmount_during_speech:marcus:L250:immediate","marcus","L250","715","hinge_recorded_valid","hinge_active","raw_complete","0","0","mpv2_hinge_complete;checkup-complete-v21","70","false","","250","3808","4808","0","0","","","0","cancelled_on_stop","","true","completion narration can be cancelled by navigation/unmount","confirmed_deterministic_model","Completion speech begins at raw_complete. Cancelled by navigation_state_exit."
"navigation_unmount_during_speech","navigation_unmount_during_speech:marcus:L250:immediate","marcus","L250","716","navigation_state_exit","raw_complete","unmounted","0","","","","true","cleared","","","","","","","","0","cancelled_on_stop","","false","voice channel stopped and pending cues cleared","confirmed_source",""
"navigation_unmount_during_speech","navigation_unmount_during_speech:marcus:L250:after_250ms","marcus","L250","717","hinge_recorded_valid","hinge_active","raw_complete","0","0","mpv2_hinge_complete;checkup-complete-v21","70","false","","250","3808","4808","250","250","","","250","cancelled_on_stop","","true","completion narration can be cancelled by navigation/unmount","confirmed_deterministic_model","Completion speech begins at raw_complete. Cancelled by navigation_state_exit."
"navigation_unmount_during_speech","navigation_unmount_during_speech:marcus:L250:after_250ms","marcus","L250","718","navigation_state_exit","raw_complete","unmounted","250","","","","true","cleared","","","","","","","","250","cancelled_on_stop","","false","voice channel stopped and pending cues cleared","confirmed_source",""
"navigation_unmount_during_speech","navigation_unmount_during_speech:marcus:L250:after_current_speech","marcus","L250","719","hinge_recorded_valid","hinge_active","raw_complete","0","0","mpv2_hinge_complete;checkup-complete-v21","70","false","","250","3808","4808","4558","4808","","","5308","played_fully","","false","completion narration can be cancelled by navigation/unmount","confirmed_deterministic_model","Completion speech begins at raw_complete."
"navigation_unmount_during_speech","navigation_unmount_during_speech:marcus:L250:after_current_speech","marcus","L250","720","navigation_state_exit","raw_complete","unmounted","5308","","","","false","","","","","","","","","5308","not_applicable","","false","voice channel stopped and pending cues cleared","confirmed_source",""
"app_background_foreground","app_background_foreground:clara:L0:immediate","clara","L0","721","balance_lift_detected_to_trial","balance_ready","balance_trial","0","0","mpv2_balance_attempt_start","60","false","","0","4737","4737","1000","1000","0","","","cancelled_on_stop","-4737","false","","confirmed_deterministic_model","Cancelled by app_background_voice_stop."
"app_background_foreground","app_background_foreground:clara:L0:immediate","clara","L0","722","app_background_voice_stop","balance_trial","balance_rest_backgrounded","1000","","","","true","cleared","","","","","","","","1000","cancelled_on_stop","","false","voice channel stopped and pending cues cleared","confirmed_source","voice.stop() is called in AppState background handler."
"app_background_foreground","app_background_foreground:clara:L0:immediate","clara","L0","723","balance_invalid_trial_to_rest_after_background","balance_trial","balance_rest","1000","1000","mpv2_balance_tracking_retry","100","false","","1000","6037","6037","7037","7037","","","","played_fully","","false","background transition can create silent or stale recovery context; foreground does not replay essential guidance","confirmed_deterministic_model","The live snapshot effect can still see the background-induced transition after voice.stop()."
"app_background_foreground","app_background_foreground:clara:L0:immediate","clara","L0","724","app_foreground_resume","backgrounded","balance_rest","5000","","","","true","100","","","","","","","","","not_emitted","","false","foreground resume does not replay essential context","confirmed_source",""
"app_background_foreground","app_background_foreground:clara:L0:after_250ms","clara","L0","725","balance_lift_detected_to_trial","balance_ready","balance_trial","0","0","mpv2_balance_attempt_start","60","false","","0","4737","4737","1000","1000","0","","","cancelled_on_stop","-4737","false","","confirmed_deterministic_model","Cancelled by app_background_voice_stop."
"app_background_foreground","app_background_foreground:clara:L0:after_250ms","clara","L0","726","app_background_voice_stop","balance_trial","balance_rest_backgrounded","1000","","","","true","cleared","","","","","","","","1000","cancelled_on_stop","","false","voice channel stopped and pending cues cleared","confirmed_source","voice.stop() is called in AppState background handler."
"app_background_foreground","app_background_foreground:clara:L0:after_250ms","clara","L0","727","balance_invalid_trial_to_rest_after_background","balance_trial","balance_rest","1000","1000","mpv2_balance_tracking_retry","100","false","","1000","6037","6037","7037","7037","","","","played_fully","","false","background transition can create silent or stale recovery context; foreground does not replay essential guidance","confirmed_deterministic_model","The live snapshot effect can still see the background-induced transition after voice.stop()."
"app_background_foreground","app_background_foreground:clara:L0:after_250ms","clara","L0","728","app_foreground_resume","backgrounded","balance_rest","5000","","","","true","100","","","","","","","","","not_emitted","","false","foreground resume does not replay essential context","confirmed_source",""
"app_background_foreground","app_background_foreground:clara:L0:after_current_speech","clara","L0","729","balance_lift_detected_to_trial","balance_ready","balance_trial","0","0","mpv2_balance_attempt_start","60","false","","0","4737","4737","1000","1000","0","","","cancelled_on_stop","-4737","false","","confirmed_deterministic_model","Cancelled by app_background_voice_stop."
"app_background_foreground","app_background_foreground:clara:L0:after_current_speech","clara","L0","730","app_background_voice_stop","balance_trial","balance_rest_backgrounded","1000","","","","true","cleared","","","","","","","","1000","cancelled_on_stop","","false","voice channel stopped and pending cues cleared","confirmed_source","voice.stop() is called in AppState background handler."
"app_background_foreground","app_background_foreground:clara:L0:after_current_speech","clara","L0","731","balance_invalid_trial_to_rest_after_background","balance_trial","balance_rest","1000","1000","mpv2_balance_tracking_retry","100","false","","1000","6037","6037","7037","7037","","","","played_fully","","false","background transition can create silent or stale recovery context; foreground does not replay essential guidance","confirmed_deterministic_model","The live snapshot effect can still see the background-induced transition after voice.stop()."
"app_background_foreground","app_background_foreground:clara:L0:after_current_speech","clara","L0","732","app_foreground_resume","backgrounded","balance_rest","5000","","","","true","100","","","","","","","","","not_emitted","","false","foreground resume does not replay essential context","confirmed_source",""
"app_background_foreground","app_background_foreground:clara:L100:immediate","clara","L100","733","balance_lift_detected_to_trial","balance_ready","balance_trial","0","0","mpv2_balance_attempt_start","60","false","","100","4737","4937","1000","1000","0","","","cancelled_on_stop","-4837","false","","confirmed_deterministic_model","Cancelled by app_background_voice_stop."
"app_background_foreground","app_background_foreground:clara:L100:immediate","clara","L100","734","app_background_voice_stop","balance_trial","balance_rest_backgrounded","1000","","","","true","cleared","","","","","","","","1000","cancelled_on_stop","","false","voice channel stopped and pending cues cleared","confirmed_source","voice.stop() is called in AppState background handler."
"app_background_foreground","app_background_foreground:clara:L100:immediate","clara","L100","735","balance_invalid_trial_to_rest_after_background","balance_trial","balance_rest","1000","1000","mpv2_balance_tracking_retry","100","false","","1100","6037","6237","7137","7237","","","","played_fully","","false","background transition can create silent or stale recovery context; foreground does not replay essential guidance","confirmed_deterministic_model","The live snapshot effect can still see the background-induced transition after voice.stop()."
"app_background_foreground","app_background_foreground:clara:L100:immediate","clara","L100","736","app_foreground_resume","backgrounded","balance_rest","5000","","","","true","100","","","","","","","","","not_emitted","","false","foreground resume does not replay essential context","confirmed_source",""
"app_background_foreground","app_background_foreground:clara:L100:after_250ms","clara","L100","737","balance_lift_detected_to_trial","balance_ready","balance_trial","0","0","mpv2_balance_attempt_start","60","false","","100","4737","4937","1000","1000","0","","","cancelled_on_stop","-4837","false","","confirmed_deterministic_model","Cancelled by app_background_voice_stop."
"app_background_foreground","app_background_foreground:clara:L100:after_250ms","clara","L100","738","app_background_voice_stop","balance_trial","balance_rest_backgrounded","1000","","","","true","cleared","","","","","","","","1000","cancelled_on_stop","","false","voice channel stopped and pending cues cleared","confirmed_source","voice.stop() is called in AppState background handler."
"app_background_foreground","app_background_foreground:clara:L100:after_250ms","clara","L100","739","balance_invalid_trial_to_rest_after_background","balance_trial","balance_rest","1000","1000","mpv2_balance_tracking_retry","100","false","","1100","6037","6237","7137","7237","","","","played_fully","","false","background transition can create silent or stale recovery context; foreground does not replay essential guidance","confirmed_deterministic_model","The live snapshot effect can still see the background-induced transition after voice.stop()."
"app_background_foreground","app_background_foreground:clara:L100:after_250ms","clara","L100","740","app_foreground_resume","backgrounded","balance_rest","5000","","","","true","100","","","","","","","","","not_emitted","","false","foreground resume does not replay essential context","confirmed_source",""
"app_background_foreground","app_background_foreground:clara:L100:after_current_speech","clara","L100","741","balance_lift_detected_to_trial","balance_ready","balance_trial","0","0","mpv2_balance_attempt_start","60","false","","100","4737","4937","1000","1000","0","","","cancelled_on_stop","-4837","false","","confirmed_deterministic_model","Cancelled by app_background_voice_stop."
"app_background_foreground","app_background_foreground:clara:L100:after_current_speech","clara","L100","742","app_background_voice_stop","balance_trial","balance_rest_backgrounded","1000","","","","true","cleared","","","","","","","","1000","cancelled_on_stop","","false","voice channel stopped and pending cues cleared","confirmed_source","voice.stop() is called in AppState background handler."
"app_background_foreground","app_background_foreground:clara:L100:after_current_speech","clara","L100","743","balance_invalid_trial_to_rest_after_background","balance_trial","balance_rest","1000","1000","mpv2_balance_tracking_retry","100","false","","1100","6037","6237","7137","7237","","","","played_fully","","false","background transition can create silent or stale recovery context; foreground does not replay essential guidance","confirmed_deterministic_model","The live snapshot effect can still see the background-induced transition after voice.stop()."
"app_background_foreground","app_background_foreground:clara:L100:after_current_speech","clara","L100","744","app_foreground_resume","backgrounded","balance_rest","5000","","","","true","100","","","","","","","","","not_emitted","","false","foreground resume does not replay essential context","confirmed_source",""
"app_background_foreground","app_background_foreground:clara:L250:immediate","clara","L250","745","balance_lift_detected_to_trial","balance_ready","balance_trial","0","0","mpv2_balance_attempt_start","60","false","","250","4737","5237","1000","1000","0","","","cancelled_on_stop","-4987","false","","confirmed_deterministic_model","Cancelled by app_background_voice_stop."
"app_background_foreground","app_background_foreground:clara:L250:immediate","clara","L250","746","app_background_voice_stop","balance_trial","balance_rest_backgrounded","1000","","","","true","cleared","","","","","","","","1000","cancelled_on_stop","","false","voice channel stopped and pending cues cleared","confirmed_source","voice.stop() is called in AppState background handler."
"app_background_foreground","app_background_foreground:clara:L250:immediate","clara","L250","747","balance_invalid_trial_to_rest_after_background","balance_trial","balance_rest","1000","1000","mpv2_balance_tracking_retry","100","false","","1250","6037","6537","7287","7537","","","","played_fully","","false","background transition can create silent or stale recovery context; foreground does not replay essential guidance","confirmed_deterministic_model","The live snapshot effect can still see the background-induced transition after voice.stop()."
"app_background_foreground","app_background_foreground:clara:L250:immediate","clara","L250","748","app_foreground_resume","backgrounded","balance_rest","5000","","","","true","100","","","","","","","","","not_emitted","","false","foreground resume does not replay essential context","confirmed_source",""
"app_background_foreground","app_background_foreground:clara:L250:after_250ms","clara","L250","749","balance_lift_detected_to_trial","balance_ready","balance_trial","0","0","mpv2_balance_attempt_start","60","false","","250","4737","5237","1000","1000","0","","","cancelled_on_stop","-4987","false","","confirmed_deterministic_model","Cancelled by app_background_voice_stop."
"app_background_foreground","app_background_foreground:clara:L250:after_250ms","clara","L250","750","app_background_voice_stop","balance_trial","balance_rest_backgrounded","1000","","","","true","cleared","","","","","","","","1000","cancelled_on_stop","","false","voice channel stopped and pending cues cleared","confirmed_source","voice.stop() is called in AppState background handler."
"app_background_foreground","app_background_foreground:clara:L250:after_250ms","clara","L250","751","balance_invalid_trial_to_rest_after_background","balance_trial","balance_rest","1000","1000","mpv2_balance_tracking_retry","100","false","","1250","6037","6537","7287","7537","","","","played_fully","","false","background transition can create silent or stale recovery context; foreground does not replay essential guidance","confirmed_deterministic_model","The live snapshot effect can still see the background-induced transition after voice.stop()."
"app_background_foreground","app_background_foreground:clara:L250:after_250ms","clara","L250","752","app_foreground_resume","backgrounded","balance_rest","5000","","","","true","100","","","","","","","","","not_emitted","","false","foreground resume does not replay essential context","confirmed_source",""
"app_background_foreground","app_background_foreground:clara:L250:after_current_speech","clara","L250","753","balance_lift_detected_to_trial","balance_ready","balance_trial","0","0","mpv2_balance_attempt_start","60","false","","250","4737","5237","1000","1000","0","","","cancelled_on_stop","-4987","false","","confirmed_deterministic_model","Cancelled by app_background_voice_stop."
"app_background_foreground","app_background_foreground:clara:L250:after_current_speech","clara","L250","754","app_background_voice_stop","balance_trial","balance_rest_backgrounded","1000","","","","true","cleared","","","","","","","","1000","cancelled_on_stop","","false","voice channel stopped and pending cues cleared","confirmed_source","voice.stop() is called in AppState background handler."
"app_background_foreground","app_background_foreground:clara:L250:after_current_speech","clara","L250","755","balance_invalid_trial_to_rest_after_background","balance_trial","balance_rest","1000","1000","mpv2_balance_tracking_retry","100","false","","1250","6037","6537","7287","7537","","","","played_fully","","false","background transition can create silent or stale recovery context; foreground does not replay essential guidance","confirmed_deterministic_model","The live snapshot effect can still see the background-induced transition after voice.stop()."
"app_background_foreground","app_background_foreground:clara:L250:after_current_speech","clara","L250","756","app_foreground_resume","backgrounded","balance_rest","5000","","","","true","100","","","","","","","","","not_emitted","","false","foreground resume does not replay essential context","confirmed_source",""
"app_background_foreground","app_background_foreground:marcus:L0:immediate","marcus","L0","757","balance_lift_detected_to_trial","balance_ready","balance_trial","0","0","mpv2_balance_attempt_start","60","false","","0","4412","4412","1000","1000","0","","","cancelled_on_stop","-4412","false","","confirmed_deterministic_model","Cancelled by app_background_voice_stop."
"app_background_foreground","app_background_foreground:marcus:L0:immediate","marcus","L0","758","app_background_voice_stop","balance_trial","balance_rest_backgrounded","1000","","","","true","cleared","","","","","","","","1000","cancelled_on_stop","","false","voice channel stopped and pending cues cleared","confirmed_source","voice.stop() is called in AppState background handler."
"app_background_foreground","app_background_foreground:marcus:L0:immediate","marcus","L0","759","balance_invalid_trial_to_rest_after_background","balance_trial","balance_rest","1000","1000","mpv2_balance_tracking_retry","100","false","","1000","5666","5666","6666","6666","","","","played_fully","","false","background transition can create silent or stale recovery context; foreground does not replay essential guidance","confirmed_deterministic_model","The live snapshot effect can still see the background-induced transition after voice.stop()."
"app_background_foreground","app_background_foreground:marcus:L0:immediate","marcus","L0","760","app_foreground_resume","backgrounded","balance_rest","5000","","","","true","100","","","","","","","","","not_emitted","","false","foreground resume does not replay essential context","confirmed_source",""
"app_background_foreground","app_background_foreground:marcus:L0:after_250ms","marcus","L0","761","balance_lift_detected_to_trial","balance_ready","balance_trial","0","0","mpv2_balance_attempt_start","60","false","","0","4412","4412","1000","1000","0","","","cancelled_on_stop","-4412","false","","confirmed_deterministic_model","Cancelled by app_background_voice_stop."
"app_background_foreground","app_background_foreground:marcus:L0:after_250ms","marcus","L0","762","app_background_voice_stop","balance_trial","balance_rest_backgrounded","1000","","","","true","cleared","","","","","","","","1000","cancelled_on_stop","","false","voice channel stopped and pending cues cleared","confirmed_source","voice.stop() is called in AppState background handler."
"app_background_foreground","app_background_foreground:marcus:L0:after_250ms","marcus","L0","763","balance_invalid_trial_to_rest_after_background","balance_trial","balance_rest","1000","1000","mpv2_balance_tracking_retry","100","false","","1000","5666","5666","6666","6666","","","","played_fully","","false","background transition can create silent or stale recovery context; foreground does not replay essential guidance","confirmed_deterministic_model","The live snapshot effect can still see the background-induced transition after voice.stop()."
"app_background_foreground","app_background_foreground:marcus:L0:after_250ms","marcus","L0","764","app_foreground_resume","backgrounded","balance_rest","5000","","","","true","100","","","","","","","","","not_emitted","","false","foreground resume does not replay essential context","confirmed_source",""
"app_background_foreground","app_background_foreground:marcus:L0:after_current_speech","marcus","L0","765","balance_lift_detected_to_trial","balance_ready","balance_trial","0","0","mpv2_balance_attempt_start","60","false","","0","4412","4412","1000","1000","0","","","cancelled_on_stop","-4412","false","","confirmed_deterministic_model","Cancelled by app_background_voice_stop."
"app_background_foreground","app_background_foreground:marcus:L0:after_current_speech","marcus","L0","766","app_background_voice_stop","balance_trial","balance_rest_backgrounded","1000","","","","true","cleared","","","","","","","","1000","cancelled_on_stop","","false","voice channel stopped and pending cues cleared","confirmed_source","voice.stop() is called in AppState background handler."
"app_background_foreground","app_background_foreground:marcus:L0:after_current_speech","marcus","L0","767","balance_invalid_trial_to_rest_after_background","balance_trial","balance_rest","1000","1000","mpv2_balance_tracking_retry","100","false","","1000","5666","5666","6666","6666","","","","played_fully","","false","background transition can create silent or stale recovery context; foreground does not replay essential guidance","confirmed_deterministic_model","The live snapshot effect can still see the background-induced transition after voice.stop()."
"app_background_foreground","app_background_foreground:marcus:L0:after_current_speech","marcus","L0","768","app_foreground_resume","backgrounded","balance_rest","5000","","","","true","100","","","","","","","","","not_emitted","","false","foreground resume does not replay essential context","confirmed_source",""
"app_background_foreground","app_background_foreground:marcus:L100:immediate","marcus","L100","769","balance_lift_detected_to_trial","balance_ready","balance_trial","0","0","mpv2_balance_attempt_start","60","false","","100","4412","4612","1000","1000","0","","","cancelled_on_stop","-4512","false","","confirmed_deterministic_model","Cancelled by app_background_voice_stop."
"app_background_foreground","app_background_foreground:marcus:L100:immediate","marcus","L100","770","app_background_voice_stop","balance_trial","balance_rest_backgrounded","1000","","","","true","cleared","","","","","","","","1000","cancelled_on_stop","","false","voice channel stopped and pending cues cleared","confirmed_source","voice.stop() is called in AppState background handler."
"app_background_foreground","app_background_foreground:marcus:L100:immediate","marcus","L100","771","balance_invalid_trial_to_rest_after_background","balance_trial","balance_rest","1000","1000","mpv2_balance_tracking_retry","100","false","","1100","5666","5866","6766","6866","","","","played_fully","","false","background transition can create silent or stale recovery context; foreground does not replay essential guidance","confirmed_deterministic_model","The live snapshot effect can still see the background-induced transition after voice.stop()."
"app_background_foreground","app_background_foreground:marcus:L100:immediate","marcus","L100","772","app_foreground_resume","backgrounded","balance_rest","5000","","","","true","100","","","","","","","","","not_emitted","","false","foreground resume does not replay essential context","confirmed_source",""
"app_background_foreground","app_background_foreground:marcus:L100:after_250ms","marcus","L100","773","balance_lift_detected_to_trial","balance_ready","balance_trial","0","0","mpv2_balance_attempt_start","60","false","","100","4412","4612","1000","1000","0","","","cancelled_on_stop","-4512","false","","confirmed_deterministic_model","Cancelled by app_background_voice_stop."
"app_background_foreground","app_background_foreground:marcus:L100:after_250ms","marcus","L100","774","app_background_voice_stop","balance_trial","balance_rest_backgrounded","1000","","","","true","cleared","","","","","","","","1000","cancelled_on_stop","","false","voice channel stopped and pending cues cleared","confirmed_source","voice.stop() is called in AppState background handler."
"app_background_foreground","app_background_foreground:marcus:L100:after_250ms","marcus","L100","775","balance_invalid_trial_to_rest_after_background","balance_trial","balance_rest","1000","1000","mpv2_balance_tracking_retry","100","false","","1100","5666","5866","6766","6866","","","","played_fully","","false","background transition can create silent or stale recovery context; foreground does not replay essential guidance","confirmed_deterministic_model","The live snapshot effect can still see the background-induced transition after voice.stop()."
"app_background_foreground","app_background_foreground:marcus:L100:after_250ms","marcus","L100","776","app_foreground_resume","backgrounded","balance_rest","5000","","","","true","100","","","","","","","","","not_emitted","","false","foreground resume does not replay essential context","confirmed_source",""
"app_background_foreground","app_background_foreground:marcus:L100:after_current_speech","marcus","L100","777","balance_lift_detected_to_trial","balance_ready","balance_trial","0","0","mpv2_balance_attempt_start","60","false","","100","4412","4612","1000","1000","0","","","cancelled_on_stop","-4512","false","","confirmed_deterministic_model","Cancelled by app_background_voice_stop."
"app_background_foreground","app_background_foreground:marcus:L100:after_current_speech","marcus","L100","778","app_background_voice_stop","balance_trial","balance_rest_backgrounded","1000","","","","true","cleared","","","","","","","","1000","cancelled_on_stop","","false","voice channel stopped and pending cues cleared","confirmed_source","voice.stop() is called in AppState background handler."
"app_background_foreground","app_background_foreground:marcus:L100:after_current_speech","marcus","L100","779","balance_invalid_trial_to_rest_after_background","balance_trial","balance_rest","1000","1000","mpv2_balance_tracking_retry","100","false","","1100","5666","5866","6766","6866","","","","played_fully","","false","background transition can create silent or stale recovery context; foreground does not replay essential guidance","confirmed_deterministic_model","The live snapshot effect can still see the background-induced transition after voice.stop()."
"app_background_foreground","app_background_foreground:marcus:L100:after_current_speech","marcus","L100","780","app_foreground_resume","backgrounded","balance_rest","5000","","","","true","100","","","","","","","","","not_emitted","","false","foreground resume does not replay essential context","confirmed_source",""
"app_background_foreground","app_background_foreground:marcus:L250:immediate","marcus","L250","781","balance_lift_detected_to_trial","balance_ready","balance_trial","0","0","mpv2_balance_attempt_start","60","false","","250","4412","4912","1000","1000","0","","","cancelled_on_stop","-4662","false","","confirmed_deterministic_model","Cancelled by app_background_voice_stop."
"app_background_foreground","app_background_foreground:marcus:L250:immediate","marcus","L250","782","app_background_voice_stop","balance_trial","balance_rest_backgrounded","1000","","","","true","cleared","","","","","","","","1000","cancelled_on_stop","","false","voice channel stopped and pending cues cleared","confirmed_source","voice.stop() is called in AppState background handler."
"app_background_foreground","app_background_foreground:marcus:L250:immediate","marcus","L250","783","balance_invalid_trial_to_rest_after_background","balance_trial","balance_rest","1000","1000","mpv2_balance_tracking_retry","100","false","","1250","5666","6166","6916","7166","","","","played_fully","","false","background transition can create silent or stale recovery context; foreground does not replay essential guidance","confirmed_deterministic_model","The live snapshot effect can still see the background-induced transition after voice.stop()."
"app_background_foreground","app_background_foreground:marcus:L250:immediate","marcus","L250","784","app_foreground_resume","backgrounded","balance_rest","5000","","","","true","100","","","","","","","","","not_emitted","","false","foreground resume does not replay essential context","confirmed_source",""
"app_background_foreground","app_background_foreground:marcus:L250:after_250ms","marcus","L250","785","balance_lift_detected_to_trial","balance_ready","balance_trial","0","0","mpv2_balance_attempt_start","60","false","","250","4412","4912","1000","1000","0","","","cancelled_on_stop","-4662","false","","confirmed_deterministic_model","Cancelled by app_background_voice_stop."
"app_background_foreground","app_background_foreground:marcus:L250:after_250ms","marcus","L250","786","app_background_voice_stop","balance_trial","balance_rest_backgrounded","1000","","","","true","cleared","","","","","","","","1000","cancelled_on_stop","","false","voice channel stopped and pending cues cleared","confirmed_source","voice.stop() is called in AppState background handler."
"app_background_foreground","app_background_foreground:marcus:L250:after_250ms","marcus","L250","787","balance_invalid_trial_to_rest_after_background","balance_trial","balance_rest","1000","1000","mpv2_balance_tracking_retry","100","false","","1250","5666","6166","6916","7166","","","","played_fully","","false","background transition can create silent or stale recovery context; foreground does not replay essential guidance","confirmed_deterministic_model","The live snapshot effect can still see the background-induced transition after voice.stop()."
"app_background_foreground","app_background_foreground:marcus:L250:after_250ms","marcus","L250","788","app_foreground_resume","backgrounded","balance_rest","5000","","","","true","100","","","","","","","","","not_emitted","","false","foreground resume does not replay essential context","confirmed_source",""
"app_background_foreground","app_background_foreground:marcus:L250:after_current_speech","marcus","L250","789","balance_lift_detected_to_trial","balance_ready","balance_trial","0","0","mpv2_balance_attempt_start","60","false","","250","4412","4912","1000","1000","0","","","cancelled_on_stop","-4662","false","","confirmed_deterministic_model","Cancelled by app_background_voice_stop."
"app_background_foreground","app_background_foreground:marcus:L250:after_current_speech","marcus","L250","790","app_background_voice_stop","balance_trial","balance_rest_backgrounded","1000","","","","true","cleared","","","","","","","","1000","cancelled_on_stop","","false","voice channel stopped and pending cues cleared","confirmed_source","voice.stop() is called in AppState background handler."
"app_background_foreground","app_background_foreground:marcus:L250:after_current_speech","marcus","L250","791","balance_invalid_trial_to_rest_after_background","balance_trial","balance_rest","1000","1000","mpv2_balance_tracking_retry","100","false","","1250","5666","6166","6916","7166","","","","played_fully","","false","background transition can create silent or stale recovery context; foreground does not replay essential guidance","confirmed_deterministic_model","The live snapshot effect can still see the background-induced transition after voice.stop()."
"app_background_foreground","app_background_foreground:marcus:L250:after_current_speech","marcus","L250","792","app_foreground_resume","backgrounded","balance_rest","5000","","","","true","100","","","","","","","","","not_emitted","","false","foreground resume does not replay essential context","confirmed_source",""
"voice_change_while_screen_mounted_channel_exists","voice_change_while_screen_mounted_channel_exists:clara:L0:immediate","clara","L0","793","mpv2_entry_initial_intro","screen_mount","chair_setup","0","0","mpv2_checkup_intro","60","false","","0","5016","5016","5016","5016","","","","played_fully","","false","","confirmed_deterministic_model",""
"voice_change_while_screen_mounted_channel_exists","voice_change_while_screen_mounted_channel_exists:clara:L0:immediate","clara","L0","794","voice_change_while_mounted","mounted_with_initial_voice","mounted_with_same_voice_channel","500","","","","true","60","","","","","","","","","not_applicable","","false","VoiceChannel is created once in React state; changing prefs voiceId while mounted does not rebuild the channel.","confirmed_source",""
"voice_change_while_screen_mounted_channel_exists","voice_change_while_screen_mounted_channel_exists:clara:L0:after_250ms","clara","L0","795","mpv2_entry_initial_intro","screen_mount","chair_setup","0","0","mpv2_checkup_intro","60","false","","0","5016","5016","5016","5016","","","","played_fully","","false","","confirmed_deterministic_model",""
"voice_change_while_screen_mounted_channel_exists","voice_change_while_screen_mounted_channel_exists:clara:L0:after_250ms","clara","L0","796","voice_change_while_mounted","mounted_with_initial_voice","mounted_with_same_voice_channel","500","","","","true","60","","","","","","","","","not_applicable","","false","VoiceChannel is created once in React state; changing prefs voiceId while mounted does not rebuild the channel.","confirmed_source",""
"voice_change_while_screen_mounted_channel_exists","voice_change_while_screen_mounted_channel_exists:clara:L0:after_current_speech","clara","L0","797","mpv2_entry_initial_intro","screen_mount","chair_setup","0","0","mpv2_checkup_intro","60","false","","0","5016","5016","5016","5016","","","","played_fully","","false","","confirmed_deterministic_model",""
"voice_change_while_screen_mounted_channel_exists","voice_change_while_screen_mounted_channel_exists:clara:L0:after_current_speech","clara","L0","798","voice_change_while_mounted","mounted_with_initial_voice","mounted_with_same_voice_channel","500","","","","true","60","","","","","","","","","not_applicable","","false","VoiceChannel is created once in React state; changing prefs voiceId while mounted does not rebuild the channel.","confirmed_source",""
"voice_change_while_screen_mounted_channel_exists","voice_change_while_screen_mounted_channel_exists:clara:L100:immediate","clara","L100","799","mpv2_entry_initial_intro","screen_mount","chair_setup","0","0","mpv2_checkup_intro","60","false","","100","5016","5216","5116","5216","","","","played_fully","","false","","confirmed_deterministic_model",""
"voice_change_while_screen_mounted_channel_exists","voice_change_while_screen_mounted_channel_exists:clara:L100:immediate","clara","L100","800","voice_change_while_mounted","mounted_with_initial_voice","mounted_with_same_voice_channel","500","","","","true","60","","","","","","","","","not_applicable","","false","VoiceChannel is created once in React state; changing prefs voiceId while mounted does not rebuild the channel.","confirmed_source",""
"voice_change_while_screen_mounted_channel_exists","voice_change_while_screen_mounted_channel_exists:clara:L100:after_250ms","clara","L100","801","mpv2_entry_initial_intro","screen_mount","chair_setup","0","0","mpv2_checkup_intro","60","false","","100","5016","5216","5116","5216","","","","played_fully","","false","","confirmed_deterministic_model",""
"voice_change_while_screen_mounted_channel_exists","voice_change_while_screen_mounted_channel_exists:clara:L100:after_250ms","clara","L100","802","voice_change_while_mounted","mounted_with_initial_voice","mounted_with_same_voice_channel","500","","","","true","60","","","","","","","","","not_applicable","","false","VoiceChannel is created once in React state; changing prefs voiceId while mounted does not rebuild the channel.","confirmed_source",""
"voice_change_while_screen_mounted_channel_exists","voice_change_while_screen_mounted_channel_exists:clara:L100:after_current_speech","clara","L100","803","mpv2_entry_initial_intro","screen_mount","chair_setup","0","0","mpv2_checkup_intro","60","false","","100","5016","5216","5116","5216","","","","played_fully","","false","","confirmed_deterministic_model",""
"voice_change_while_screen_mounted_channel_exists","voice_change_while_screen_mounted_channel_exists:clara:L100:after_current_speech","clara","L100","804","voice_change_while_mounted","mounted_with_initial_voice","mounted_with_same_voice_channel","500","","","","true","60","","","","","","","","","not_applicable","","false","VoiceChannel is created once in React state; changing prefs voiceId while mounted does not rebuild the channel.","confirmed_source",""
"voice_change_while_screen_mounted_channel_exists","voice_change_while_screen_mounted_channel_exists:clara:L250:immediate","clara","L250","805","mpv2_entry_initial_intro","screen_mount","chair_setup","0","0","mpv2_checkup_intro","60","false","","250","5016","5516","5266","5516","","","","played_fully","","false","","confirmed_deterministic_model",""
"voice_change_while_screen_mounted_channel_exists","voice_change_while_screen_mounted_channel_exists:clara:L250:immediate","clara","L250","806","voice_change_while_mounted","mounted_with_initial_voice","mounted_with_same_voice_channel","500","","","","true","60","","","","","","","","","not_applicable","","false","VoiceChannel is created once in React state; changing prefs voiceId while mounted does not rebuild the channel.","confirmed_source",""
"voice_change_while_screen_mounted_channel_exists","voice_change_while_screen_mounted_channel_exists:clara:L250:after_250ms","clara","L250","807","mpv2_entry_initial_intro","screen_mount","chair_setup","0","0","mpv2_checkup_intro","60","false","","250","5016","5516","5266","5516","","","","played_fully","","false","","confirmed_deterministic_model",""
"voice_change_while_screen_mounted_channel_exists","voice_change_while_screen_mounted_channel_exists:clara:L250:after_250ms","clara","L250","808","voice_change_while_mounted","mounted_with_initial_voice","mounted_with_same_voice_channel","500","","","","true","60","","","","","","","","","not_applicable","","false","VoiceChannel is created once in React state; changing prefs voiceId while mounted does not rebuild the channel.","confirmed_source",""
"voice_change_while_screen_mounted_channel_exists","voice_change_while_screen_mounted_channel_exists:clara:L250:after_current_speech","clara","L250","809","mpv2_entry_initial_intro","screen_mount","chair_setup","0","0","mpv2_checkup_intro","60","false","","250","5016","5516","5266","5516","","","","played_fully","","false","","confirmed_deterministic_model",""
"voice_change_while_screen_mounted_channel_exists","voice_change_while_screen_mounted_channel_exists:clara:L250:after_current_speech","clara","L250","810","voice_change_while_mounted","mounted_with_initial_voice","mounted_with_same_voice_channel","500","","","","true","60","","","","","","","","","not_applicable","","false","VoiceChannel is created once in React state; changing prefs voiceId while mounted does not rebuild the channel.","confirmed_source",""
"voice_change_while_screen_mounted_channel_exists","voice_change_while_screen_mounted_channel_exists:marcus:L0:immediate","marcus","L0","811","mpv2_entry_initial_intro","screen_mount","chair_setup","0","0","mpv2_checkup_intro","60","false","","0","4876","4876","4876","4876","","","","played_fully","","false","","confirmed_deterministic_model",""
"voice_change_while_screen_mounted_channel_exists","voice_change_while_screen_mounted_channel_exists:marcus:L0:immediate","marcus","L0","812","voice_change_while_mounted","mounted_with_initial_voice","mounted_with_same_voice_channel","500","","","","true","60","","","","","","","","","not_applicable","","false","VoiceChannel is created once in React state; changing prefs voiceId while mounted does not rebuild the channel.","confirmed_source",""
"voice_change_while_screen_mounted_channel_exists","voice_change_while_screen_mounted_channel_exists:marcus:L0:after_250ms","marcus","L0","813","mpv2_entry_initial_intro","screen_mount","chair_setup","0","0","mpv2_checkup_intro","60","false","","0","4876","4876","4876","4876","","","","played_fully","","false","","confirmed_deterministic_model",""
"voice_change_while_screen_mounted_channel_exists","voice_change_while_screen_mounted_channel_exists:marcus:L0:after_250ms","marcus","L0","814","voice_change_while_mounted","mounted_with_initial_voice","mounted_with_same_voice_channel","500","","","","true","60","","","","","","","","","not_applicable","","false","VoiceChannel is created once in React state; changing prefs voiceId while mounted does not rebuild the channel.","confirmed_source",""
"voice_change_while_screen_mounted_channel_exists","voice_change_while_screen_mounted_channel_exists:marcus:L0:after_current_speech","marcus","L0","815","mpv2_entry_initial_intro","screen_mount","chair_setup","0","0","mpv2_checkup_intro","60","false","","0","4876","4876","4876","4876","","","","played_fully","","false","","confirmed_deterministic_model",""
"voice_change_while_screen_mounted_channel_exists","voice_change_while_screen_mounted_channel_exists:marcus:L0:after_current_speech","marcus","L0","816","voice_change_while_mounted","mounted_with_initial_voice","mounted_with_same_voice_channel","500","","","","true","60","","","","","","","","","not_applicable","","false","VoiceChannel is created once in React state; changing prefs voiceId while mounted does not rebuild the channel.","confirmed_source",""
"voice_change_while_screen_mounted_channel_exists","voice_change_while_screen_mounted_channel_exists:marcus:L100:immediate","marcus","L100","817","mpv2_entry_initial_intro","screen_mount","chair_setup","0","0","mpv2_checkup_intro","60","false","","100","4876","5076","4976","5076","","","","played_fully","","false","","confirmed_deterministic_model",""
"voice_change_while_screen_mounted_channel_exists","voice_change_while_screen_mounted_channel_exists:marcus:L100:immediate","marcus","L100","818","voice_change_while_mounted","mounted_with_initial_voice","mounted_with_same_voice_channel","500","","","","true","60","","","","","","","","","not_applicable","","false","VoiceChannel is created once in React state; changing prefs voiceId while mounted does not rebuild the channel.","confirmed_source",""
"voice_change_while_screen_mounted_channel_exists","voice_change_while_screen_mounted_channel_exists:marcus:L100:after_250ms","marcus","L100","819","mpv2_entry_initial_intro","screen_mount","chair_setup","0","0","mpv2_checkup_intro","60","false","","100","4876","5076","4976","5076","","","","played_fully","","false","","confirmed_deterministic_model",""
"voice_change_while_screen_mounted_channel_exists","voice_change_while_screen_mounted_channel_exists:marcus:L100:after_250ms","marcus","L100","820","voice_change_while_mounted","mounted_with_initial_voice","mounted_with_same_voice_channel","500","","","","true","60","","","","","","","","","not_applicable","","false","VoiceChannel is created once in React state; changing prefs voiceId while mounted does not rebuild the channel.","confirmed_source",""
"voice_change_while_screen_mounted_channel_exists","voice_change_while_screen_mounted_channel_exists:marcus:L100:after_current_speech","marcus","L100","821","mpv2_entry_initial_intro","screen_mount","chair_setup","0","0","mpv2_checkup_intro","60","false","","100","4876","5076","4976","5076","","","","played_fully","","false","","confirmed_deterministic_model",""
"voice_change_while_screen_mounted_channel_exists","voice_change_while_screen_mounted_channel_exists:marcus:L100:after_current_speech","marcus","L100","822","voice_change_while_mounted","mounted_with_initial_voice","mounted_with_same_voice_channel","500","","","","true","60","","","","","","","","","not_applicable","","false","VoiceChannel is created once in React state; changing prefs voiceId while mounted does not rebuild the channel.","confirmed_source",""
"voice_change_while_screen_mounted_channel_exists","voice_change_while_screen_mounted_channel_exists:marcus:L250:immediate","marcus","L250","823","mpv2_entry_initial_intro","screen_mount","chair_setup","0","0","mpv2_checkup_intro","60","false","","250","4876","5376","5126","5376","","","","played_fully","","false","","confirmed_deterministic_model",""
"voice_change_while_screen_mounted_channel_exists","voice_change_while_screen_mounted_channel_exists:marcus:L250:immediate","marcus","L250","824","voice_change_while_mounted","mounted_with_initial_voice","mounted_with_same_voice_channel","500","","","","true","60","","","","","","","","","not_applicable","","false","VoiceChannel is created once in React state; changing prefs voiceId while mounted does not rebuild the channel.","confirmed_source",""
"voice_change_while_screen_mounted_channel_exists","voice_change_while_screen_mounted_channel_exists:marcus:L250:after_250ms","marcus","L250","825","mpv2_entry_initial_intro","screen_mount","chair_setup","0","0","mpv2_checkup_intro","60","false","","250","4876","5376","5126","5376","","","","played_fully","","false","","confirmed_deterministic_model",""
"voice_change_while_screen_mounted_channel_exists","voice_change_while_screen_mounted_channel_exists:marcus:L250:after_250ms","marcus","L250","826","voice_change_while_mounted","mounted_with_initial_voice","mounted_with_same_voice_channel","500","","","","true","60","","","","","","","","","not_applicable","","false","VoiceChannel is created once in React state; changing prefs voiceId while mounted does not rebuild the channel.","confirmed_source",""
"voice_change_while_screen_mounted_channel_exists","voice_change_while_screen_mounted_channel_exists:marcus:L250:after_current_speech","marcus","L250","827","mpv2_entry_initial_intro","screen_mount","chair_setup","0","0","mpv2_checkup_intro","60","false","","250","4876","5376","5126","5376","","","","played_fully","","false","","confirmed_deterministic_model",""
"voice_change_while_screen_mounted_channel_exists","voice_change_while_screen_mounted_channel_exists:marcus:L250:after_current_speech","marcus","L250","828","voice_change_while_mounted","mounted_with_initial_voice","mounted_with_same_voice_channel","500","","","","true","60","","","","","","","","","not_applicable","","false","VoiceChannel is created once in React state; changing prefs voiceId while mounted does not rebuild the channel.","confirmed_source",""
"priority_50_100_mapping","priority_50_100_mapping:clara:L0:default","clara","L0","829","setup_priority_60","chair_setup","chair_practice","0","0","mpv2_chair_practice_start","60","false","","0","2972","2972","250","250","","","","played_partially_then_interrupted","","false","","confirmed_deterministic_model","Interrupted by completion_priority_70 at 250ms."
"priority_50_100_mapping","priority_50_100_mapping:clara:L0:default","clara","L0","830","completion_priority_70","balance_trial","balance_rest","250","250","mpv2_balance_attempt_saved","70","true","60","250","1393","1393","500","500","","","","played_partially_then_interrupted","","false","","confirmed_deterministic_model","Priority 70 interrupts setup priority 60. Interrupted by critical_priority_100 at 500ms."
"priority_50_100_mapping","priority_50_100_mapping:clara:L0:default","clara","L0","831","critical_priority_100","balance_trial","balance_rest","500","500","mpv2_balance_tracking_retry","100","true","70","500","6037","6037","6537","6537","","","","played_fully","","false","","confirmed_deterministic_model","Priority 100 interrupts completion priority 70."
"priority_50_100_mapping","priority_50_100_mapping:clara:L100:default","clara","L100","832","setup_priority_60","chair_setup","chair_practice","0","0","mpv2_chair_practice_start","60","false","","100","2972","3172","250","250","","","","played_partially_then_interrupted","","false","","confirmed_deterministic_model","Interrupted by completion_priority_70 at 250ms."
"priority_50_100_mapping","priority_50_100_mapping:clara:L100:default","clara","L100","833","completion_priority_70","balance_trial","balance_rest","250","250","mpv2_balance_attempt_saved","70","true","60","350","1393","1593","500","500","","","","played_partially_then_interrupted","","false","","confirmed_deterministic_model","Priority 70 interrupts setup priority 60. Interrupted by critical_priority_100 at 500ms."
"priority_50_100_mapping","priority_50_100_mapping:clara:L100:default","clara","L100","834","critical_priority_100","balance_trial","balance_rest","500","500","mpv2_balance_tracking_retry","100","true","70","600","6037","6237","6637","6737","","","","played_fully","","false","","confirmed_deterministic_model","Priority 100 interrupts completion priority 70."
"priority_50_100_mapping","priority_50_100_mapping:clara:L250:default","clara","L250","835","setup_priority_60","chair_setup","chair_practice","0","0","mpv2_chair_practice_start","60","false","","250","2972","3472","250","250","","","","played_partially_then_interrupted","","false","","confirmed_deterministic_model","Interrupted by completion_priority_70 at 250ms."
"priority_50_100_mapping","priority_50_100_mapping:clara:L250:default","clara","L250","836","completion_priority_70","balance_trial","balance_rest","250","250","mpv2_balance_attempt_saved","70","true","60","500","1393","1893","500","500","","","","played_partially_then_interrupted","","false","","confirmed_deterministic_model","Priority 70 interrupts setup priority 60. Interrupted by critical_priority_100 at 500ms."
"priority_50_100_mapping","priority_50_100_mapping:clara:L250:default","clara","L250","837","critical_priority_100","balance_trial","balance_rest","500","500","mpv2_balance_tracking_retry","100","true","70","750","6037","6537","6787","7037","","","","played_fully","","false","","confirmed_deterministic_model","Priority 100 interrupts completion priority 70."
"priority_50_100_mapping","priority_50_100_mapping:marcus:L0:default","marcus","L0","838","setup_priority_60","chair_setup","chair_practice","0","0","mpv2_chair_practice_start","60","false","","0","2694","2694","250","250","","","","played_partially_then_interrupted","","false","","confirmed_deterministic_model","Interrupted by completion_priority_70 at 250ms."
"priority_50_100_mapping","priority_50_100_mapping:marcus:L0:default","marcus","L0","839","completion_priority_70","balance_trial","balance_rest","250","250","mpv2_balance_attempt_saved","70","true","60","250","1486","1486","500","500","","","","played_partially_then_interrupted","","false","","confirmed_deterministic_model","Priority 70 interrupts setup priority 60. Interrupted by critical_priority_100 at 500ms."
"priority_50_100_mapping","priority_50_100_mapping:marcus:L0:default","marcus","L0","840","critical_priority_100","balance_trial","balance_rest","500","500","mpv2_balance_tracking_retry","100","true","70","500","5666","5666","6166","6166","","","","played_fully","","false","","confirmed_deterministic_model","Priority 100 interrupts completion priority 70."
"priority_50_100_mapping","priority_50_100_mapping:marcus:L100:default","marcus","L100","841","setup_priority_60","chair_setup","chair_practice","0","0","mpv2_chair_practice_start","60","false","","100","2694","2894","250","250","","","","played_partially_then_interrupted","","false","","confirmed_deterministic_model","Interrupted by completion_priority_70 at 250ms."
"priority_50_100_mapping","priority_50_100_mapping:marcus:L100:default","marcus","L100","842","completion_priority_70","balance_trial","balance_rest","250","250","mpv2_balance_attempt_saved","70","true","60","350","1486","1686","500","500","","","","played_partially_then_interrupted","","false","","confirmed_deterministic_model","Priority 70 interrupts setup priority 60. Interrupted by critical_priority_100 at 500ms."
"priority_50_100_mapping","priority_50_100_mapping:marcus:L100:default","marcus","L100","843","critical_priority_100","balance_trial","balance_rest","500","500","mpv2_balance_tracking_retry","100","true","70","600","5666","5866","6266","6366","","","","played_fully","","false","","confirmed_deterministic_model","Priority 100 interrupts completion priority 70."
"priority_50_100_mapping","priority_50_100_mapping:marcus:L250:default","marcus","L250","844","setup_priority_60","chair_setup","chair_practice","0","0","mpv2_chair_practice_start","60","false","","250","2694","3194","250","250","","","","played_partially_then_interrupted","","false","","confirmed_deterministic_model","Interrupted by completion_priority_70 at 250ms."
"priority_50_100_mapping","priority_50_100_mapping:marcus:L250:default","marcus","L250","845","completion_priority_70","balance_trial","balance_rest","250","250","mpv2_balance_attempt_saved","70","true","60","500","1486","1986","500","500","","","","played_partially_then_interrupted","","false","","confirmed_deterministic_model","Priority 70 interrupts setup priority 60. Interrupted by critical_priority_100 at 500ms."
"priority_50_100_mapping","priority_50_100_mapping:marcus:L250:default","marcus","L250","846","critical_priority_100","balance_trial","balance_rest","500","500","mpv2_balance_tracking_retry","100","true","70","750","5666","6166","6416","6666","","","","played_fully","","false","","confirmed_deterministic_model","Priority 100 interrupts completion priority 70."
"fail_closed_required_cue_behavior","fail_closed_required_cue_behavior:clara:L0:default","clara","L0","847","fail_closed_required_cue_behavior","chair_setup","chair_practice","0","","","60","false","","","","","","","","","","skipped_resolution_error","","false","required instruction is skipped; controller would still progress in current implementation","confirmed_source","Failure injection is modelled without modifying physical assets."
"fail_closed_required_cue_behavior","fail_closed_required_cue_behavior:clara:L100:default","clara","L100","848","fail_closed_required_cue_behavior","chair_setup","chair_practice","0","","","60","false","","","","","","","","","","skipped_resolution_error","","false","required instruction is skipped; controller would still progress in current implementation","confirmed_source","Failure injection is modelled without modifying physical assets."
"fail_closed_required_cue_behavior","fail_closed_required_cue_behavior:clara:L250:default","clara","L250","849","fail_closed_required_cue_behavior","chair_setup","chair_practice","0","","","60","false","","","","","","","","","","skipped_resolution_error","","false","required instruction is skipped; controller would still progress in current implementation","confirmed_source","Failure injection is modelled without modifying physical assets."
"fail_closed_required_cue_behavior","fail_closed_required_cue_behavior:marcus:L0:default","marcus","L0","850","fail_closed_required_cue_behavior","chair_setup","chair_practice","0","","","60","false","","","","","","","","","","skipped_resolution_error","","false","required instruction is skipped; controller would still progress in current implementation","confirmed_source","Failure injection is modelled without modifying physical assets."
"fail_closed_required_cue_behavior","fail_closed_required_cue_behavior:marcus:L100:default","marcus","L100","851","fail_closed_required_cue_behavior","chair_setup","chair_practice","0","","","60","false","","","","","","","","","","skipped_resolution_error","","false","required instruction is skipped; controller would still progress in current implementation","confirmed_source","Failure injection is modelled without modifying physical assets."
"fail_closed_required_cue_behavior","fail_closed_required_cue_behavior:marcus:L250:default","marcus","L250","852","fail_closed_required_cue_behavior","chair_setup","chair_practice","0","","","60","false","","","","","","","","","","skipped_resolution_error","","false","required instruction is skipped; controller would still progress in current implementation","confirmed_source","Failure injection is modelled without modifying physical assets."
"droppable_setup_reassurance_cues","droppable_setup_reassurance_cues:clara:L0:default","clara","L0","853","setup_priority_60","chair_setup","chair_practice","0","0","mpv2_chair_practice_start","60","false","","0","2972","2972","250","250","","","","played_partially_then_interrupted","","false","","confirmed_deterministic_model","Interrupted by completion_priority_70 at 250ms."
"droppable_setup_reassurance_cues","droppable_setup_reassurance_cues:clara:L0:default","clara","L0","854","completion_priority_70","balance_trial","balance_rest","250","250","mpv2_balance_attempt_saved","70","true","60","250","1393","1393","500","500","","","","played_partially_then_interrupted","","false","","confirmed_deterministic_model","Priority 70 interrupts setup priority 60. Interrupted by critical_priority_100 at 500ms."
"droppable_setup_reassurance_cues","droppable_setup_reassurance_cues:clara:L0:default","clara","L0","855","critical_priority_100","balance_trial","balance_rest","500","500","mpv2_balance_tracking_retry","100","true","70","500","6037","6037","6537","6537","","","","played_fully","","false","","confirmed_deterministic_model","Priority 100 interrupts completion priority 70."
"droppable_setup_reassurance_cues","droppable_setup_reassurance_cues:clara:L100:default","clara","L100","856","setup_priority_60","chair_setup","chair_practice","0","0","mpv2_chair_practice_start","60","false","","100","2972","3172","250","250","","","","played_partially_then_interrupted","","false","","confirmed_deterministic_model","Interrupted by completion_priority_70 at 250ms."
"droppable_setup_reassurance_cues","droppable_setup_reassurance_cues:clara:L100:default","clara","L100","857","completion_priority_70","balance_trial","balance_rest","250","250","mpv2_balance_attempt_saved","70","true","60","350","1393","1593","500","500","","","","played_partially_then_interrupted","","false","","confirmed_deterministic_model","Priority 70 interrupts setup priority 60. Interrupted by critical_priority_100 at 500ms."
"droppable_setup_reassurance_cues","droppable_setup_reassurance_cues:clara:L100:default","clara","L100","858","critical_priority_100","balance_trial","balance_rest","500","500","mpv2_balance_tracking_retry","100","true","70","600","6037","6237","6637","6737","","","","played_fully","","false","","confirmed_deterministic_model","Priority 100 interrupts completion priority 70."
"droppable_setup_reassurance_cues","droppable_setup_reassurance_cues:clara:L250:default","clara","L250","859","setup_priority_60","chair_setup","chair_practice","0","0","mpv2_chair_practice_start","60","false","","250","2972","3472","250","250","","","","played_partially_then_interrupted","","false","","confirmed_deterministic_model","Interrupted by completion_priority_70 at 250ms."
"droppable_setup_reassurance_cues","droppable_setup_reassurance_cues:clara:L250:default","clara","L250","860","completion_priority_70","balance_trial","balance_rest","250","250","mpv2_balance_attempt_saved","70","true","60","500","1393","1893","500","500","","","","played_partially_then_interrupted","","false","","confirmed_deterministic_model","Priority 70 interrupts setup priority 60. Interrupted by critical_priority_100 at 500ms."
"droppable_setup_reassurance_cues","droppable_setup_reassurance_cues:clara:L250:default","clara","L250","861","critical_priority_100","balance_trial","balance_rest","500","500","mpv2_balance_tracking_retry","100","true","70","750","6037","6537","6787","7037","","","","played_fully","","false","","confirmed_deterministic_model","Priority 100 interrupts completion priority 70."
"droppable_setup_reassurance_cues","droppable_setup_reassurance_cues:marcus:L0:default","marcus","L0","862","setup_priority_60","chair_setup","chair_practice","0","0","mpv2_chair_practice_start","60","false","","0","2694","2694","250","250","","","","played_partially_then_interrupted","","false","","confirmed_deterministic_model","Interrupted by completion_priority_70 at 250ms."
"droppable_setup_reassurance_cues","droppable_setup_reassurance_cues:marcus:L0:default","marcus","L0","863","completion_priority_70","balance_trial","balance_rest","250","250","mpv2_balance_attempt_saved","70","true","60","250","1486","1486","500","500","","","","played_partially_then_interrupted","","false","","confirmed_deterministic_model","Priority 70 interrupts setup priority 60. Interrupted by critical_priority_100 at 500ms."
"droppable_setup_reassurance_cues","droppable_setup_reassurance_cues:marcus:L0:default","marcus","L0","864","critical_priority_100","balance_trial","balance_rest","500","500","mpv2_balance_tracking_retry","100","true","70","500","5666","5666","6166","6166","","","","played_fully","","false","","confirmed_deterministic_model","Priority 100 interrupts completion priority 70."
"droppable_setup_reassurance_cues","droppable_setup_reassurance_cues:marcus:L100:default","marcus","L100","865","setup_priority_60","chair_setup","chair_practice","0","0","mpv2_chair_practice_start","60","false","","100","2694","2894","250","250","","","","played_partially_then_interrupted","","false","","confirmed_deterministic_model","Interrupted by completion_priority_70 at 250ms."
"droppable_setup_reassurance_cues","droppable_setup_reassurance_cues:marcus:L100:default","marcus","L100","866","completion_priority_70","balance_trial","balance_rest","250","250","mpv2_balance_attempt_saved","70","true","60","350","1486","1686","500","500","","","","played_partially_then_interrupted","","false","","confirmed_deterministic_model","Priority 70 interrupts setup priority 60. Interrupted by critical_priority_100 at 500ms."
"droppable_setup_reassurance_cues","droppable_setup_reassurance_cues:marcus:L100:default","marcus","L100","867","critical_priority_100","balance_trial","balance_rest","500","500","mpv2_balance_tracking_retry","100","true","70","600","5666","5866","6266","6366","","","","played_fully","","false","","confirmed_deterministic_model","Priority 100 interrupts completion priority 70."
"droppable_setup_reassurance_cues","droppable_setup_reassurance_cues:marcus:L250:default","marcus","L250","868","setup_priority_60","chair_setup","chair_practice","0","0","mpv2_chair_practice_start","60","false","","250","2694","3194","250","250","","","","played_partially_then_interrupted","","false","","confirmed_deterministic_model","Interrupted by completion_priority_70 at 250ms."
"droppable_setup_reassurance_cues","droppable_setup_reassurance_cues:marcus:L250:default","marcus","L250","869","completion_priority_70","balance_trial","balance_rest","250","250","mpv2_balance_attempt_saved","70","true","60","500","1486","1986","500","500","","","","played_partially_then_interrupted","","false","","confirmed_deterministic_model","Priority 70 interrupts setup priority 60. Interrupted by critical_priority_100 at 500ms."
"droppable_setup_reassurance_cues","droppable_setup_reassurance_cues:marcus:L250:default","marcus","L250","870","critical_priority_100","balance_trial","balance_rest","500","500","mpv2_balance_tracking_retry","100","true","70","750","5666","6166","6416","6666","","","","played_fully","","false","","confirmed_deterministic_model","Priority 100 interrupts completion priority 70."
"no_stale_mpv2_operational_cue_after_state_change","no_stale_mpv2_operational_cue_after_state_change:clara:L0:default","clara","L0","871","hinge_recorded_valid","hinge_active","raw_complete","0","0","mpv2_hinge_complete;checkup-complete-v21","70","false","","0","3623","3623","0","0","","","0","cancelled_on_stop","","true","completion narration can be cancelled by navigation/unmount","confirmed_deterministic_model","Completion speech begins at raw_complete. Cancelled by navigation_state_exit."
"no_stale_mpv2_operational_cue_after_state_change","no_stale_mpv2_operational_cue_after_state_change:clara:L0:default","clara","L0","872","navigation_state_exit","raw_complete","unmounted","0","","","","true","cleared","","","","","","","","0","cancelled_on_stop","","false","voice channel stopped and pending cues cleared","confirmed_source",""
"no_stale_mpv2_operational_cue_after_state_change","no_stale_mpv2_operational_cue_after_state_change:clara:L100:default","clara","L100","873","hinge_recorded_valid","hinge_active","raw_complete","0","0","mpv2_hinge_complete;checkup-complete-v21","70","false","","100","3623","4023","0","0","","","0","cancelled_on_stop","","true","completion narration can be cancelled by navigation/unmount","confirmed_deterministic_model","Completion speech begins at raw_complete. Cancelled by navigation_state_exit."
"no_stale_mpv2_operational_cue_after_state_change","no_stale_mpv2_operational_cue_after_state_change:clara:L100:default","clara","L100","874","navigation_state_exit","raw_complete","unmounted","0","","","","true","cleared","","","","","","","","0","cancelled_on_stop","","false","voice channel stopped and pending cues cleared","confirmed_source",""
"no_stale_mpv2_operational_cue_after_state_change","no_stale_mpv2_operational_cue_after_state_change:clara:L250:default","clara","L250","875","hinge_recorded_valid","hinge_active","raw_complete","0","0","mpv2_hinge_complete;checkup-complete-v21","70","false","","250","3623","4623","0","0","","","0","cancelled_on_stop","","true","completion narration can be cancelled by navigation/unmount","confirmed_deterministic_model","Completion speech begins at raw_complete. Cancelled by navigation_state_exit."
"no_stale_mpv2_operational_cue_after_state_change","no_stale_mpv2_operational_cue_after_state_change:clara:L250:default","clara","L250","876","navigation_state_exit","raw_complete","unmounted","0","","","","true","cleared","","","","","","","","0","cancelled_on_stop","","false","voice channel stopped and pending cues cleared","confirmed_source",""
"no_stale_mpv2_operational_cue_after_state_change","no_stale_mpv2_operational_cue_after_state_change:marcus:L0:default","marcus","L0","877","hinge_recorded_valid","hinge_active","raw_complete","0","0","mpv2_hinge_complete;checkup-complete-v21","70","false","","0","3808","3808","0","0","","","0","cancelled_on_stop","","true","completion narration can be cancelled by navigation/unmount","confirmed_deterministic_model","Completion speech begins at raw_complete. Cancelled by navigation_state_exit."
"no_stale_mpv2_operational_cue_after_state_change","no_stale_mpv2_operational_cue_after_state_change:marcus:L0:default","marcus","L0","878","navigation_state_exit","raw_complete","unmounted","0","","","","true","cleared","","","","","","","","0","cancelled_on_stop","","false","voice channel stopped and pending cues cleared","confirmed_source",""
"no_stale_mpv2_operational_cue_after_state_change","no_stale_mpv2_operational_cue_after_state_change:marcus:L100:default","marcus","L100","879","hinge_recorded_valid","hinge_active","raw_complete","0","0","mpv2_hinge_complete;checkup-complete-v21","70","false","","100","3808","4208","0","0","","","0","cancelled_on_stop","","true","completion narration can be cancelled by navigation/unmount","confirmed_deterministic_model","Completion speech begins at raw_complete. Cancelled by navigation_state_exit."
"no_stale_mpv2_operational_cue_after_state_change","no_stale_mpv2_operational_cue_after_state_change:marcus:L100:default","marcus","L100","880","navigation_state_exit","raw_complete","unmounted","0","","","","true","cleared","","","","","","","","0","cancelled_on_stop","","false","voice channel stopped and pending cues cleared","confirmed_source",""
"no_stale_mpv2_operational_cue_after_state_change","no_stale_mpv2_operational_cue_after_state_change:marcus:L250:default","marcus","L250","881","hinge_recorded_valid","hinge_active","raw_complete","0","0","mpv2_hinge_complete;checkup-complete-v21","70","false","","250","3808","4808","0","0","","","0","cancelled_on_stop","","true","completion narration can be cancelled by navigation/unmount","confirmed_deterministic_model","Completion speech begins at raw_complete. Cancelled by navigation_state_exit."
"no_stale_mpv2_operational_cue_after_state_change","no_stale_mpv2_operational_cue_after_state_change:marcus:L250:default","marcus","L250","882","navigation_state_exit","raw_complete","unmounted","0","","","","true","cleared","","","","","","","","0","cancelled_on_stop","","false","voice channel stopped and pending cues cleared","confirmed_source",""
"clara_marcus_duration_differences_do_not_alter_state_outcome","clara_marcus_duration_differences_do_not_alter_state_outcome:clara:L0:default","clara","L0","883","chair_setup_confirmed_to_practice","chair_setup","chair_practice","0","0","mpv2_chair_practice_start","60","false","","0","2972","2972","0","0","","","","played_partially_then_interrupted","","false","","confirmed_deterministic_model","Interrupted by chair_practice_completed_to_countdown at 0ms."
"clara_marcus_duration_differences_do_not_alter_state_outcome","clara_marcus_duration_differences_do_not_alter_state_outcome:clara:L0:default","clara","L0","884","chair_practice_completed_to_countdown","chair_practice","chair_countdown","0","0","mpv2_chair_official_ready","90","true","60","0","3483","3483","3483","3483","3000","","","played_fully","-483","false","official 30-second measurement starts without an audible go and before ready cue end","confirmed_deterministic_model","Practice can complete while the practice cue is still playing."
"clara_marcus_duration_differences_do_not_alter_state_outcome","clara_marcus_duration_differences_do_not_alter_state_outcome:clara:L0:default","clara","L0","885","chair_countdown_elapsed_to_active","chair_countdown","chair_active","3000","","","","true","90","","","","","","3000","","","not_emitted","","false","missing audible start signal","confirmed_source","No countdown-three/two/one/go emitted by current MPV2."
"clara_marcus_duration_differences_do_not_alter_state_outcome","clara_marcus_duration_differences_do_not_alter_state_outcome:clara:L100:default","clara","L100","886","chair_setup_confirmed_to_practice","chair_setup","chair_practice","0","0","mpv2_chair_practice_start","60","false","","100","2972","3172","0","0","","","","played_partially_then_interrupted","","false","","confirmed_deterministic_model","Interrupted by chair_practice_completed_to_countdown at 0ms."
"clara_marcus_duration_differences_do_not_alter_state_outcome","clara_marcus_duration_differences_do_not_alter_state_outcome:clara:L100:default","clara","L100","887","chair_practice_completed_to_countdown","chair_practice","chair_countdown","0","0","mpv2_chair_official_ready","90","true","60","100","3483","3683","3583","3683","3000","","","played_fully","-583","false","official 30-second measurement starts without an audible go and before ready cue end","confirmed_deterministic_model","Practice can complete while the practice cue is still playing."
"clara_marcus_duration_differences_do_not_alter_state_outcome","clara_marcus_duration_differences_do_not_alter_state_outcome:clara:L100:default","clara","L100","888","chair_countdown_elapsed_to_active","chair_countdown","chair_active","3000","","","","true","90","","","","","","3000","","","not_emitted","","false","missing audible start signal","confirmed_source","No countdown-three/two/one/go emitted by current MPV2."
"clara_marcus_duration_differences_do_not_alter_state_outcome","clara_marcus_duration_differences_do_not_alter_state_outcome:clara:L250:default","clara","L250","889","chair_setup_confirmed_to_practice","chair_setup","chair_practice","0","0","mpv2_chair_practice_start","60","false","","250","2972","3472","0","0","","","","played_partially_then_interrupted","","false","","confirmed_deterministic_model","Interrupted by chair_practice_completed_to_countdown at 0ms."
"clara_marcus_duration_differences_do_not_alter_state_outcome","clara_marcus_duration_differences_do_not_alter_state_outcome:clara:L250:default","clara","L250","890","chair_practice_completed_to_countdown","chair_practice","chair_countdown","0","0","mpv2_chair_official_ready","90","true","60","250","3483","3983","3733","3983","3000","","","played_fully","-733","false","official 30-second measurement starts without an audible go and before ready cue end","confirmed_deterministic_model","Practice can complete while the practice cue is still playing."
"clara_marcus_duration_differences_do_not_alter_state_outcome","clara_marcus_duration_differences_do_not_alter_state_outcome:clara:L250:default","clara","L250","891","chair_countdown_elapsed_to_active","chair_countdown","chair_active","3000","","","","true","90","","","","","","3000","","","not_emitted","","false","missing audible start signal","confirmed_source","No countdown-three/two/one/go emitted by current MPV2."
"clara_marcus_duration_differences_do_not_alter_state_outcome","clara_marcus_duration_differences_do_not_alter_state_outcome:marcus:L0:default","marcus","L0","892","chair_setup_confirmed_to_practice","chair_setup","chair_practice","0","0","mpv2_chair_practice_start","60","false","","0","2694","2694","0","0","","","","played_partially_then_interrupted","","false","","confirmed_deterministic_model","Interrupted by chair_practice_completed_to_countdown at 0ms."
"clara_marcus_duration_differences_do_not_alter_state_outcome","clara_marcus_duration_differences_do_not_alter_state_outcome:marcus:L0:default","marcus","L0","893","chair_practice_completed_to_countdown","chair_practice","chair_countdown","0","0","mpv2_chair_official_ready","90","true","60","0","3622","3622","3622","3622","3000","","","played_fully","-622","false","official 30-second measurement starts without an audible go and before ready cue end","confirmed_deterministic_model","Practice can complete while the practice cue is still playing."
"clara_marcus_duration_differences_do_not_alter_state_outcome","clara_marcus_duration_differences_do_not_alter_state_outcome:marcus:L0:default","marcus","L0","894","chair_countdown_elapsed_to_active","chair_countdown","chair_active","3000","","","","true","90","","","","","","3000","","","not_emitted","","false","missing audible start signal","confirmed_source","No countdown-three/two/one/go emitted by current MPV2."
"clara_marcus_duration_differences_do_not_alter_state_outcome","clara_marcus_duration_differences_do_not_alter_state_outcome:marcus:L100:default","marcus","L100","895","chair_setup_confirmed_to_practice","chair_setup","chair_practice","0","0","mpv2_chair_practice_start","60","false","","100","2694","2894","0","0","","","","played_partially_then_interrupted","","false","","confirmed_deterministic_model","Interrupted by chair_practice_completed_to_countdown at 0ms."
"clara_marcus_duration_differences_do_not_alter_state_outcome","clara_marcus_duration_differences_do_not_alter_state_outcome:marcus:L100:default","marcus","L100","896","chair_practice_completed_to_countdown","chair_practice","chair_countdown","0","0","mpv2_chair_official_ready","90","true","60","100","3622","3822","3722","3822","3000","","","played_fully","-722","false","official 30-second measurement starts without an audible go and before ready cue end","confirmed_deterministic_model","Practice can complete while the practice cue is still playing."
"clara_marcus_duration_differences_do_not_alter_state_outcome","clara_marcus_duration_differences_do_not_alter_state_outcome:marcus:L100:default","marcus","L100","897","chair_countdown_elapsed_to_active","chair_countdown","chair_active","3000","","","","true","90","","","","","","3000","","","not_emitted","","false","missing audible start signal","confirmed_source","No countdown-three/two/one/go emitted by current MPV2."
"clara_marcus_duration_differences_do_not_alter_state_outcome","clara_marcus_duration_differences_do_not_alter_state_outcome:marcus:L250:default","marcus","L250","898","chair_setup_confirmed_to_practice","chair_setup","chair_practice","0","0","mpv2_chair_practice_start","60","false","","250","2694","3194","0","0","","","","played_partially_then_interrupted","","false","","confirmed_deterministic_model","Interrupted by chair_practice_completed_to_countdown at 0ms."
"clara_marcus_duration_differences_do_not_alter_state_outcome","clara_marcus_duration_differences_do_not_alter_state_outcome:marcus:L250:default","marcus","L250","899","chair_practice_completed_to_countdown","chair_practice","chair_countdown","0","0","mpv2_chair_official_ready","90","true","60","250","3622","4122","3872","4122","3000","","","played_fully","-872","false","official 30-second measurement starts without an audible go and before ready cue end","confirmed_deterministic_model","Practice can complete while the practice cue is still playing."
"clara_marcus_duration_differences_do_not_alter_state_outcome","clara_marcus_duration_differences_do_not_alter_state_outcome:marcus:L250:default","marcus","L250","900","chair_countdown_elapsed_to_active","chair_countdown","chair_active","3000","","","","true","90","","","","","","3000","","","not_emitted","","false","missing audible start signal","confirmed_source","No countdown-three/two/one/go emitted by current MPV2."
"missing_clara_asset","missing_clara_asset:clara:injected","clara","injected_failure","100000","missing_clara_asset","varies","progresses_without_voice_block","0","0","mpv2_chair_practice_start","","false","","","","","","","","","","skipped_missing_asset","","","nothing for the failed cue","confirmed_deterministic_model","first cue missing for selected voice"
"missing_marcus_asset","missing_marcus_asset:marcus:injected","marcus","injected_failure","100001","missing_marcus_asset","varies","progresses_without_voice_block","0","0","mpv2_chair_practice_start","","false","","","","","","","","","","skipped_missing_asset","","","nothing for the failed cue","confirmed_deterministic_model","first cue missing for selected voice"
"manifest_lookup_throw","manifest_lookup_throw:clara:injected","clara","injected_failure","100002","manifest_lookup_throw","varies","progresses_without_voice_block","0","0","mpv2_chair_practice_start","","false","","","","","","","","","","skipped_resolution_error","","","nothing for the failed cue","confirmed_deterministic_model","resolver throws required MPV2 cue error"
"player_creation_throw","player_creation_throw:clara:injected","clara","injected_failure","100003","player_creation_throw","varies","progresses_without_voice_block","0","0","mpv2_chair_practice_start","","false","","","","","","","","","","skipped_playback_creation_error","","","nothing for the failed cue","confirmed_deterministic_model","createAudioPlayer unavailable or malformed"
"playback_start_throw","playback_start_throw:clara:injected","clara","injected_failure","100004","playback_start_throw","varies","progresses_without_voice_block","0","0","mpv2_chair_practice_start","","false","","","","","","","","","","skipped_playback_start_error","","","nothing for the failed cue","confirmed_deterministic_model","player.play throws"
"no_completion_callback","no_completion_callback:clara:injected","clara","injected_failure","100005","no_completion_callback","varies","progresses_without_voice_block","0","0","mpv2_balance_attempt_start","","false","","","","","","","","","","statically_indeterminate","","","current cue may audibly play, but future lower/equal cues remain blocked if completion callback never arrives","confirmed_deterministic_model","channel remains busy until interrupted or stopped"
"late_completion_after_stop","late_completion_after_stop:clara:injected","clara","injected_failure","100006","late_completion_after_stop","varies","progresses_without_voice_block","0","0","mpv2_balance_attempt_start","","false","","","","","","","","","","cancelled_on_stop","","","nothing for the failed cue","confirmed_deterministic_model","listener identity guard ignores released player callback"
"multi_sequence_first_cue_failure","multi_sequence_first_cue_failure:clara:injected","clara","injected_failure","100007","multi_sequence_first_cue_failure","varies","progresses_without_voice_block","0","0","mpv2_hinge_complete;checkup-complete-v21","","false","","","","","","","","","","skipped_resolution_error","","","remaining pending cues only","confirmed_deterministic_model","first cue skipped, pending completion cue continues"
"multi_sequence_middle_cue_failure","multi_sequence_middle_cue_failure:clara:injected","clara","injected_failure","100008","multi_sequence_middle_cue_failure","varies","progresses_without_voice_block","0","0","mpv2_checkup_intro;checkup-chair-stand-intro-v21;checkup-chair-stand-setup-v21","","false","","","","","","","","","","skipped_resolution_error","","","first and final cues only","confirmed_deterministic_model","middle cue skipped, final setup cue continues"
"multi_sequence_final_cue_failure","multi_sequence_final_cue_failure:clara:injected","clara","injected_failure","100009","multi_sequence_final_cue_failure","varies","progresses_without_voice_block","0","0","mpv2_hinge_complete;checkup-complete-v21","","false","","","","","","","","","","skipped_resolution_error","","","earlier cues only","confirmed_deterministic_model","final cue skipped, busy state clears"
