physicalCueKey,voiceId,path,exists,sha256,durationMs,manifestRegistered,verifyAudioCovered,generationMetadataPresent,fingerprintStatus,referencedByLogicalCueKeys,legacyReachability,v21Reachability,classification,notes
rep-credit,sfx,assets/audio/sfx/rep-credit.wav,true,1d35f4f51fa625be1dd9362e237f61cca1b2e7f1e702bd7a36efc04135bfff94,160,true,false,false,baseline_audio_without_required_fingerprint_gate,,legacy_shared_or_current_manifest,not_in_default_v21,sfx_asset,Non-voice session sound.
balance-feet-together,clara,assets/audio/voice/clara/balance-feet-together.mp3,true,ef625d83ef99af9764f59cd4a8409a39aa3514234703732c889bf483d3558abf,2368,true,false,false,baseline_audio_without_required_fingerprint_gate,checkup-balance-feet-together-v21,legacy_shared_or_current_manifest,candidate_not_reused,script_mismatch_candidate_not_reused,Measured from current task-start physical corpus.
balance-intro,clara,assets/audio/voice/clara/balance-intro.mp3,true,c9b87c7a2c690efafdcd581247c3cf1cb299136c7ad65a52bbebe0457724dcc3,9660,true,false,false,baseline_audio_without_required_fingerprint_gate,,legacy_shared_or_current_manifest,not_in_default_v21,legacy_only,Measured from current task-start physical corpus.
balance-semi-tandem,clara,assets/audio/voice/clara/balance-semi-tandem.mp3,true,e8f952e2a3e1fadfa407699bc6844eadb93182061d8728330957cfeee898463c,4551,true,false,false,baseline_audio_without_required_fingerprint_gate,checkup-balance-semi-tandem-left-v21;checkup-balance-semi-tandem-right-v21,legacy_shared_or_current_manifest,candidate_not_reused,script_mismatch_candidate_not_reused,Measured from current task-start physical corpus.
balance-setup,clara,assets/audio/voice/clara/balance-setup.mp3,true,e1c9e71acba2fa89a613013630e35a772e2afb25a4cab032c8c7bf128b85ba6a,7338,true,false,false,baseline_audio_without_required_fingerprint_gate,,legacy_shared_or_current_manifest,not_in_default_v21,legacy_only,Measured from current task-start physical corpus.
balance-single-leg,clara,assets/audio/voice/clara/balance-single-leg.mp3,true,9ba13a7675048087f9b5e1c4969aa9db4922b1488d82035d6e8c35dc3be4e748,3901,true,false,false,baseline_audio_without_required_fingerprint_gate,,legacy_shared_or_current_manifest,not_in_default_v21,legacy_only,Measured from current task-start physical corpus.
balance-tandem,clara,assets/audio/voice/clara/balance-tandem.mp3,true,5973ed9f2e15a91fefe37c7a6e9b12cbe7808de87e450f8f807c1d1c75f44c83,3390,true,false,false,baseline_audio_without_required_fingerprint_gate,checkup-balance-tandem-left-v21;checkup-balance-tandem-right-v21,legacy_shared_or_current_manifest,candidate_not_reused,script_mismatch_candidate_not_reused,Measured from current task-start physical corpus.
balance_no_eyes_closed_or_unstable_surface,clara,assets/audio/voice/clara/balance_no_eyes_closed_or_unstable_surface.mp3,true,4d1aeac66b272f327115e889ad58717e220ff98cd1c74121d4635c490cc79c17,4505,true,true,true,verified_by_verify_audio,,legacy_safety_or_setup,not_in_default_v21,legacy_only,Measured from current task-start physical corpus.
balance_stop_if_unsteady,clara,assets/audio/voice/clara/balance_stop_if_unsteady.mp3,true,69b56666c5c8cbb4797ed658703212781fb1c6cddab42ba881e1f9b2347c8c9b,2833,true,true,true,verified_by_verify_audio,,legacy_safety_or_setup,not_in_default_v21,legacy_only,Measured from current task-start physical corpus.
balance_support_within_reach,clara,assets/audio/voice/clara/balance_support_within_reach.mp3,true,960038b9920717181043cc64acb8678731de400833aa38109789a7bc345424fc,4226,true,true,true,verified_by_verify_audio,equip-balance-support-v21,legacy_safety_or_setup,candidate_not_reused,script_mismatch_candidate_not_reused,Measured from current task-start physical corpus.
balance_supported_if_hesitant,clara,assets/audio/voice/clara/balance_supported_if_hesitant.mp3,true,92e31ae7bd0e90f64d9fa24ed6dc6038d5438a634b90e187f8dbae8d50425f85,2276,true,true,true,verified_by_verify_audio,,legacy_safety_or_setup,not_in_default_v21,legacy_only,Measured from current task-start physical corpus.
band_anchor_feet_secure,clara,assets/audio/voice/clara/band_anchor_feet_secure.mp3,true,2bbb258cdf096f92fb6ded59af2c693462d033f866c2ae71a6905697fc281fbc,4598,true,true,true,verified_by_verify_audio,,legacy_safety_or_setup,not_in_default_v21,legacy_only,Measured from current task-start physical corpus.
band_controlled_return,clara,assets/audio/voice/clara/band_controlled_return.mp3,true,2eb0402b064c0690661484f6d585606283af8948abdba64daf9319376e71ff18,2368,true,true,true,verified_by_verify_audio,,legacy_safety_or_setup,not_in_default_v21,legacy_only,Measured from current task-start physical corpus.
band_do_not_overstretch,clara,assets/audio/voice/clara/band_do_not_overstretch.mp3,true,d42d142e8f44126ced588982277bbba88e843b13416c54381aecd41d04d4d573,3529,true,true,true,verified_by_verify_audio,,legacy_safety_or_setup,not_in_default_v21,legacy_only,Measured from current task-start physical corpus.
band_face_and_eyes_clear,clara,assets/audio/voice/clara/band_face_and_eyes_clear.mp3,true,7fe226f7367431ce7461c6d7a431551e57debdde112402482eb82f5288408546,2926,true,true,true,verified_by_verify_audio,,legacy_safety_or_setup,not_in_default_v21,legacy_only,Measured from current task-start physical corpus.
band_inspect_before_use,clara,assets/audio/voice/clara/band_inspect_before_use.mp3,true,39b4f0a495aecca591ed76575a6e81e4efc8557ce73a52d4badbd240a2fc3815,5108,true,true,true,verified_by_verify_audio,,legacy_safety_or_setup,not_in_default_v21,legacy_only,Measured from current task-start physical corpus.
band_never_release_under_tension,clara,assets/audio/voice/clara/band_never_release_under_tension.mp3,true,6c1549b8f49ffe27fa2388cccd3b39ca94a053e45df593ffcf625005fedf6cd5,1950,true,true,true,verified_by_verify_audio,,legacy_safety_or_setup,not_in_default_v21,legacy_only,Measured from current task-start physical corpus.
band_secure_grip,clara,assets/audio/voice/clara/band_secure_grip.mp3,true,90f7b0734a6809610bb4fd33028f26a4e3edbd1299ccf93b5ffada4260e7b26e,3111,true,true,true,verified_by_verify_audio,,legacy_safety_or_setup,not_in_default_v21,legacy_only,Measured from current task-start physical corpus.
band_stable_stance,clara,assets/audio/voice/clara/band_stable_stance.mp3,true,a5e05f4682e50f924ea9053967ca96c3d65b1ed8fbfa03040297326f43916fcf,3251,true,true,true,verified_by_verify_audio,,legacy_safety_or_setup,not_in_default_v21,legacy_only,Measured from current task-start physical corpus.
band_stop_if_slips_or_shifts,clara,assets/audio/voice/clara/band_stop_if_slips_or_shifts.mp3,true,d9edcf831beb7631afd8d1e5e0e8e1537683a70ad326ef2eaff2a4f5f026b48e,5294,true,true,true,verified_by_verify_audio,,legacy_safety_or_setup,not_in_default_v21,legacy_only,Measured from current task-start physical corpus.
center-yourself,clara,assets/audio/voice/clara/center-yourself.mp3,true,e5e05d47f0a4afef76154cfabc3e1a00326ca25479036f3c5dcd832846f8732b,2090,true,false,false,baseline_audio_without_required_fingerprint_gate,setup-center-v21,legacy_shared_or_current_manifest,candidate_not_reused,script_mismatch_candidate_not_reused,Measured from current task-start physical corpus.
chair-stand-intro,clara,assets/audio/voice/clara/chair-stand-intro.mp3,true,1f5289f343e15713cbc63c56c4254b5eed6856724e850797b1ed21778bec34ea,9474,true,false,false,baseline_audio_without_required_fingerprint_gate,,legacy_shared_or_current_manifest,not_in_default_v21,legacy_only,Measured from current task-start physical corpus.
chair-stand-setup,clara,assets/audio/voice/clara/chair-stand-setup.mp3,true,f9ecdc501d8eff499a583ae6cc3f6959f1926c66072c0d254b433fb4d9384809,10031,true,false,false,baseline_audio_without_required_fingerprint_gate,,legacy_shared_or_current_manifest,not_in_default_v21,legacy_only,Measured from current task-start physical corpus.
chair_controlled_sit,clara,assets/audio/voice/clara/chair_controlled_sit.mp3,true,cc4e642f3572261679f5973b2dfbc3bddfad359b3616de1ef3f9f39ac9ddc996,3019,true,true,true,verified_by_verify_audio,,legacy_safety_or_setup,not_in_default_v21,legacy_only,Measured from current task-start physical corpus.
chair_use_sturdy_chair,clara,assets/audio/voice/clara/chair_use_sturdy_chair.mp3,true,c5df146871d164d6f887df2a30fd159e1195348814c407254b39fc3eb7130f4c,2926,true,true,true,verified_by_verify_audio,equip-chair-stable-v21,legacy_safety_or_setup,candidate_not_reused,script_mismatch_candidate_not_reused,Measured from current task-start physical corpus.
checkup-balance-intro-v21,clara,assets/audio/voice/clara/checkup-balance-intro-v21.mp3,true,d50f2797e1a4e219547db5114c6900755aa4a8c320e03ae26b3da96fac315365,4690,true,true,true,verified_by_verify_audio,checkup-balance-intro-v21,movement_checkup,active_v21_exact_reuse,physical_ready_exact_pair,Measured from current task-start physical corpus.
checkup-balance-single-leg-v21,clara,assets/audio/voice/clara/checkup-balance-single-leg-v21.mp3,true,150f92299310232b0a58dbd793883816c901fbd30594462b0ff08b49760f282c,4690,true,true,true,verified_by_verify_audio,checkup-balance-single-leg-left-v21;checkup-balance-single-leg-right-v21;checkup-balance-single-leg-v21,movement_checkup,active_v21_exact_reuse,physical_ready_exact_pair,Measured from current task-start physical corpus.
checkup-chair-stand-intro-v21,clara,assets/audio/voice/clara/checkup-chair-stand-intro-v21.mp3,true,78e07bb6e09b12918fd688eac88178b0b5a3f9e9b76cb72934ee176606aedcce,4737,true,true,true,verified_by_verify_audio,checkup-chair-stand-intro-v21,movement_checkup,active_v21_exact_reuse,physical_ready_exact_pair,Measured from current task-start physical corpus.
checkup-chair-stand-setup-v21,clara,assets/audio/voice/clara/checkup-chair-stand-setup-v21.mp3,true,28a340ea76a15341a3848e117bb914da604f900dfc2c1320babc8e9ad69d56b5,5619,true,true,true,verified_by_verify_audio,checkup-chair-stand-setup-v21,movement_checkup,active_v21_exact_reuse,physical_ready_exact_pair,Measured from current task-start physical corpus.
checkup-complete-v21,clara,assets/audio/voice/clara/checkup-complete-v21.mp3,true,f5dc277ca5d4290279149f8497c4e64f1f1addefeddbb43ed175e977ee3bbf9e,2601,true,true,true,verified_by_verify_audio,checkup-complete-v21,movement_checkup,active_v21_exact_reuse,physical_ready_exact_pair,Measured from current task-start physical corpus.
checkup-complete,clara,assets/audio/voice/clara/checkup-complete.mp3,true,91aaaf9bb6b7b06c4ac37aa33944b7e7e4dfbdec701e69409516d5eefacf9c3a,5201,true,false,false,baseline_audio_without_required_fingerprint_gate,,movement_checkup,not_in_default_v21,legacy_only,Measured from current task-start physical corpus.
checkup-hinge-setup-v21,clara,assets/audio/voice/clara/checkup-hinge-setup-v21.mp3,true,ed41360d9bfe88a1fcc1c336e57c9de216abdf760ff210b9fccb9884bb565e7e,6641,true,true,true,verified_by_verify_audio,checkup-hinge-setup-v21,movement_checkup,active_v21_exact_reuse,physical_ready_exact_pair,Measured from current task-start physical corpus.
checkup-intro,clara,assets/audio/voice/clara/checkup-intro.mp3,true,f8615e112d44fc487f412af2cff86d391e5423829511017c91e108a440b4433e,12492,true,false,false,baseline_audio_without_required_fingerprint_gate,,movement_checkup,not_in_default_v21,legacy_only,Measured from current task-start physical corpus.
checkup-shoulder-raise-left-v21,clara,assets/audio/voice/clara/checkup-shoulder-raise-left-v21.mp3,true,6565233b8651dd52422b09c612c0a5faa021f6dcb1a968d92eb7ba88b8acebb2,4690,true,true,true,verified_by_verify_audio,checkup-shoulder-raise-left-v21,movement_checkup,active_v21_exact_reuse,physical_ready_exact_pair,Measured from current task-start physical corpus.
checkup-shoulder-raise-right-v21,clara,assets/audio/voice/clara/checkup-shoulder-raise-right-v21.mp3,true,1e92ab429a5ac3343299277aecc242c06cb3d98731636a9e2335d5b2a2c12315,5155,true,true,true,verified_by_verify_audio,checkup-shoulder-raise-right-v21,movement_checkup,active_v21_exact_reuse,physical_ready_exact_pair,Measured from current task-start physical corpus.
checkup-shoulder-turn-left-v21,clara,assets/audio/voice/clara/checkup-shoulder-turn-left-v21.mp3,true,52374e4bf3a58c023cf310729bd585676e2cbc0e800c0c98c847a785fc2fc93b,2601,true,true,true,verified_by_verify_audio,checkup-shoulder-turn-left-v21,movement_checkup,active_v21_exact_reuse,physical_ready_exact_pair,Measured from current task-start physical corpus.
checkup-shoulder-turn-right-v21,clara,assets/audio/voice/clara/checkup-shoulder-turn-right-v21.mp3,true,5da47d97f2c31c6650ea0dae62838b6e2cf52d0358d8d95024bd1a403088edb5,2554,true,true,true,verified_by_verify_audio,checkup-shoulder-turn-right-v21,movement_checkup,active_v21_exact_reuse,physical_ready_exact_pair,Measured from current task-start physical corpus.
close-your-eyes,clara,assets/audio/voice/clara/close-your-eyes.mp3,true,596221b014a55929130b8c7c4e5a1bf98369a263916ed2a56d350b22dcc9c5f7,2461,true,false,false,baseline_audio_without_required_fingerprint_gate,close-your-eyes,conditional_legacy_balance,candidate_not_reused,script_mismatch_candidate_not_reused,Measured from current task-start physical corpus.
comfortable_range_only,clara,assets/audio/voice/clara/comfortable_range_only.mp3,true,60583faa7b2fcf7cb8f132d42bf741a0cc73d5421b0d39567b1ced8480868986,2136,true,true,true,verified_by_verify_audio,,legacy_safety_or_setup,not_in_default_v21,legacy_only,Measured from current task-start physical corpus.
cooldown-now,clara,assets/audio/voice/clara/cooldown-now.mp3,true,6bb0a9b428dafc1383c28de59cad1b0cb73ba8afddf146764cab45d50bbec84c,2601,true,false,false,baseline_audio_without_required_fingerprint_gate,,legacy_shared_or_current_manifest,not_in_default_v21,legacy_only,Measured from current task-start physical corpus.
countdown-one,clara,assets/audio/voice/clara/countdown-one.mp3,true,60897a7add547b8f1226c9bdea8477d732720c8190245fe0752c3524e5df5961,604,true,false,false,baseline_audio_without_required_fingerprint_gate,countdown-one,legacy_shared_or_current_manifest,active_v21_exact_reuse,physical_ready_exact_pair,Measured from current task-start physical corpus.
countdown-three,clara,assets/audio/voice/clara/countdown-three.mp3,true,f328b2ce277c8813452f39cf970b34008b7906baa3d51732b1b93707285b9bcf,789,true,false,false,baseline_audio_without_required_fingerprint_gate,countdown-three,legacy_shared_or_current_manifest,active_v21_exact_reuse,physical_ready_exact_pair,Measured from current task-start physical corpus.
countdown-two,clara,assets/audio/voice/clara/countdown-two.mp3,true,ffd95b7bd9220c741ce08c80f5e01d5ed06bc8bf31573638175daa4dc8936e6b,743,true,false,false,baseline_audio_without_required_fingerprint_gate,countdown-two,legacy_shared_or_current_manifest,active_v21_exact_reuse,physical_ready_exact_pair,Measured from current task-start physical corpus.
door_anchor_follow_manufacturer_setup,clara,assets/audio/voice/clara/door_anchor_follow_manufacturer_setup.mp3,true,4d0f15b7495800576df2d984dcb22581084086a591b5a87579beaf0ae42cba8e,4040,true,true,true,verified_by_verify_audio,,legacy_safety_or_setup,not_in_default_v21,legacy_only,Measured from current task-start physical corpus.
door_anchor_fully_closed,clara,assets/audio/voice/clara/door_anchor_fully_closed.mp3,true,34c3f0da39caaa93bb3335e92047812da861709861d17faa28cf34de95142f0b,3529,true,true,true,verified_by_verify_audio,,legacy_safety_or_setup,not_in_default_v21,legacy_only,Measured from current task-start physical corpus.
door_anchor_stay_out_of_door_path,clara,assets/audio/voice/clara/door_anchor_stay_out_of_door_path.mp3,true,4e6ee142b9e234ef97eadc96ae2fedc05c46a68a4f45b988131c8078756a7bfe,3297,true,true,true,verified_by_verify_audio,,legacy_safety_or_setup,not_in_default_v21,legacy_only,Measured from current task-start physical corpus.
door_anchor_stop_if_moves,clara,assets/audio/voice/clara/door_anchor_stop_if_moves.mp3,true,2ec77de5e47a867fe6e05c5d3f77f786e0c72c4f9ef4a43edd8a9c93b4a412b2,4830,true,true,true,verified_by_verify_audio,,legacy_safety_or_setup,not_in_default_v21,legacy_only,Measured from current task-start physical corpus.
door_anchor_test_light_tension,clara,assets/audio/voice/clara/door_anchor_test_light_tension.mp3,true,68d4880f66db25734091129a890e3fdcf211cef2760a77231b97de87de33c043,3297,true,true,true,verified_by_verify_audio,,legacy_safety_or_setup,not_in_default_v21,legacy_only,Measured from current task-start physical corpus.
ex-balance,clara,assets/audio/voice/clara/ex-balance.mp3,true,ea2b4e90e176988c6512a6daa67b5ad2d34aaf9aa17c36a06e5db8aff83816dc,8081,true,false,false,baseline_audio_without_required_fingerprint_gate,,legacy_training_family_instruction,not_in_default_v21,legacy_only,Measured from current task-start physical corpus.
ex-glute-bridge,clara,assets/audio/voice/clara/ex-glute-bridge.mp3,true,309733ea2a3d8a44fe6bdaffac9282192405ec76c20970792150e838e32035c6,8731,true,false,false,baseline_audio_without_required_fingerprint_gate,,legacy_training_family_instruction,not_in_default_v21,legacy_only,Measured from current task-start physical corpus.
ex-hamstring-reach,clara,assets/audio/voice/clara/ex-hamstring-reach.mp3,true,f317ec4c73a02cf05d36a469c9c91bc029a62e28b5057401a292e486e86f748d,10077,true,false,false,baseline_audio_without_required_fingerprint_gate,micro-mobility-left-v21;micro-mobility-right-v21,legacy_training_family_instruction,candidate_not_reused,script_mismatch_candidate_not_reused,Measured from current task-start physical corpus.
ex-heel-raise,clara,assets/audio/voice/clara/ex-heel-raise.mp3,true,61f4aee79175b7e9e32f676fe0d471a4e928c7887ca783b198643c06b9100578,9381,true,false,false,baseline_audio_without_required_fingerprint_gate,,legacy_training_family_instruction,not_in_default_v21,legacy_only,Measured from current task-start physical corpus.
ex-hip-hinge,clara,assets/audio/voice/clara/ex-hip-hinge.mp3,true,82fcd38126fcac55cddbd9ce7dbfdcbc71dea8c4e5076dc75e32878180ee02b3,10542,true,false,false,baseline_audio_without_required_fingerprint_gate,,legacy_training_family_instruction,not_in_default_v21,legacy_only,Measured from current task-start physical corpus.
ex-march,clara,assets/audio/voice/clara/ex-march.mp3,true,4fd135a1a59e1d5058f7cec061066f41828073d5bfd70a01bd0d13d1a977bbf8,7709,true,false,false,baseline_audio_without_required_fingerprint_gate,,legacy_training_family_instruction,not_in_default_v21,legacy_only,Measured from current task-start physical corpus.
ex-neck-rotation,clara,assets/audio/voice/clara/ex-neck-rotation.mp3,true,21fe9852827acac8d14e1dd710860c874a6e46630606f6f14c21b61b55f52b58,8452,true,false,false,baseline_audio_without_required_fingerprint_gate,,legacy_training_family_instruction,not_in_default_v21,legacy_only,Measured from current task-start physical corpus.
ex-overhead,clara,assets/audio/voice/clara/ex-overhead.mp3,true,94a8a318843f43983234bbf81a5b4d8e6890506bd5fbc2ff7d6cd3a1528f423b,6687,true,false,false,baseline_audio_without_required_fingerprint_gate,,legacy_training_family_instruction,not_in_default_v21,legacy_only,Measured from current task-start physical corpus.
ex-push-up,clara,assets/audio/voice/clara/ex-push-up.mp3,true,1fff6218cbfdb0496e2a9716467f70209588d9f225833798bc7c261f01702be2,8127,true,false,false,baseline_audio_without_required_fingerprint_gate,,legacy_training_family_instruction,not_in_default_v21,legacy_only,Measured from current task-start physical corpus.
ex-sit-to-stand,clara,assets/audio/voice/clara/ex-sit-to-stand.mp3,true,fe1fa08b6b0927fe22eb6d8f3669c9ce9db7a9499b8017974a648518165b1c37,10077,true,false,false,baseline_audio_without_required_fingerprint_gate,,legacy_training_family_instruction,not_in_default_v21,legacy_only,Measured from current task-start physical corpus.
ex-squat,clara,assets/audio/voice/clara/ex-squat.mp3,true,bc5a835d288d9c1ebf5674c38235887a6267898e08927d3f7ffd795b3d7f91c1,9009,true,false,false,baseline_audio_without_required_fingerprint_gate,,legacy_training_family_instruction,not_in_default_v21,legacy_only,Measured from current task-start physical corpus.
ex-step-up,clara,assets/audio/voice/clara/ex-step-up.mp3,true,b58c4d839ff667b53a3dde655ef7f205a6408573097d0008c8b8e395cc9a8e21,10449,true,false,false,baseline_audio_without_required_fingerprint_gate,,legacy_training_family_instruction,not_in_default_v21,legacy_only,Measured from current task-start physical corpus.
exercise-skipped,clara,assets/audio/voice/clara/exercise-skipped.mp3,true,cdf7387af7bd24f926d420b88a39f1e74809f3ce0204eebc9f18b8868c8eeac8,3344,true,false,false,baseline_audio_without_required_fingerprint_gate,training-skip-v21,legacy_shared_or_current_manifest,candidate_not_reused,script_mismatch_candidate_not_reused,Measured from current task-start physical corpus.
face-forward,clara,assets/audio/voice/clara/face-forward.mp3,true,8b164c0ccdc535390b4c7335d7400fa0dda2c6f921aa1c663edd151d03de491e,2879,true,false,false,baseline_audio_without_required_fingerprint_gate,,legacy_shared_or_current_manifest,not_in_default_v21,legacy_only,Measured from current task-start physical corpus.
final-position-set-v21,clara,assets/audio/voice/clara/final-position-set-v21.mp3,true,0bf9c47dee3527dd18ab9f53c0cc4f93160adb07ecc1640fd151a1efbf015dde,1115,true,true,true,verified_by_verify_audio,final-position-set-v21,legacy_shared_or_current_manifest,active_v21_exact_reuse,physical_ready_exact_pair,Measured from current task-start physical corpus.
floor_clear_space,clara,assets/audio/voice/clara/floor_clear_space.mp3,true,140b5e6bb7d0059d42cacb146cdfce708b0d81e051a4e09972d20adb5e8f3db3,3669,true,true,true,verified_by_verify_audio,,legacy_safety_or_setup,not_in_default_v21,legacy_only,Measured from current task-start physical corpus.
floor_slow_transition,clara,assets/audio/voice/clara/floor_slow_transition.mp3,true,96384016ed2b6c64b1234c0dc66809d53ced6bcd36587b814467c693409777b9,3065,true,true,true,verified_by_verify_audio,equip-floor-transition-v21,legacy_safety_or_setup,candidate_not_reused,script_mismatch_candidate_not_reused,Measured from current task-start physical corpus.
floor_stop_if_transfer_unsteady,clara,assets/audio/voice/clara/floor_stop_if_transfer_unsteady.mp3,true,6b6455f2eee335ad7301d7796d105cec05a3d5ed47293960a496e4c5225d0fba,4969,true,true,true,verified_by_verify_audio,,legacy_safety_or_setup,not_in_default_v21,legacy_only,Measured from current task-start physical corpus.
floor_use_support_for_transfer,clara,assets/audio/voice/clara/floor_use_support_for_transfer.mp3,true,6acf520ecab5eefa062f35e092b0daf4010d86279d0caae744d409b4f2d31261,3297,true,true,true,verified_by_verify_audio,,legacy_safety_or_setup,not_in_default_v21,legacy_only,Measured from current task-start physical corpus.
framing-ready,clara,assets/audio/voice/clara/framing-ready.mp3,true,122750274f075ac3b33e691bad168d0a85757d341e20e3cb29f3a87e9cd8760c,1858,true,false,false,baseline_audio_without_required_fingerprint_gate,,legacy_shared_or_current_manifest,not_in_default_v21,legacy_only,Measured from current task-start physical corpus.
global_breathe_normally,clara,assets/audio/voice/clara/global_breathe_normally.mp3,true,54cc21dd8c4943531227bc41fa2837011f6873cb7f9bd2b0eb228b7274d9fb4a,3019,true,true,true,verified_by_verify_audio,,legacy_safety_or_setup,not_in_default_v21,legacy_only,Measured from current task-start physical corpus.
global_clear_space,clara,assets/audio/voice/clara/global_clear_space.mp3,true,b56cf4db9f6035e0cfb3300487ccfe8e3d0af7b01734ea4d3f67e32eb561e15b,2601,true,true,true,verified_by_verify_audio,,legacy_safety_or_setup,not_in_default_v21,legacy_only,Measured from current task-start physical corpus.
global_pause_if_tracking_lost,clara,assets/audio/voice/clara/global_pause_if_tracking_lost.mp3,true,b1132d6dd1fdc5b0725754e1f5c02b893d5152c8b3c7ce3c301829768326d17c,4923,true,true,true,verified_by_verify_audio,,legacy_safety_or_setup,not_in_default_v21,legacy_only,Measured from current task-start physical corpus.
global_stop_dizzy_or_lightheaded,clara,assets/audio/voice/clara/global_stop_dizzy_or_lightheaded.mp3,true,f8a5a0c3f073a8c0dca162a0f2d33e146c4b5cf6ba462993fa09e863e25d8a64,3762,true,true,true,verified_by_verify_audio,,legacy_safety_or_setup,not_in_default_v21,legacy_only,Measured from current task-start physical corpus.
global_stop_if_support_moves,clara,assets/audio/voice/clara/global_stop_if_support_moves.mp3,true,e60dba614fccae2fee775d9da6eff9270a75c36fc1b3b7cb92bcb2ec03240d25,4458,true,true,true,verified_by_verify_audio,,legacy_safety_or_setup,not_in_default_v21,legacy_only,Measured from current task-start physical corpus.
global_stop_sharp_or_increasing_pain,clara,assets/audio/voice/clara/global_stop_sharp_or_increasing_pain.mp3,true,c88d16ff31233549fea5e84be6dae7f10c6b21f1560615e172ca0ef79c6fa1b9,3576,true,true,true,verified_by_verify_audio,,legacy_safety_or_setup,not_in_default_v21,legacy_only,Measured from current task-start physical corpus.
go,clara,assets/audio/voice/clara/go.mp3,true,988157c4832a6285bb155ebfbb10754f34dc88823e3709f2a054162304688323,789,true,false,false,baseline_audio_without_required_fingerprint_gate,go,legacy_shared_or_current_manifest,active_v21_exact_reuse,physical_ready_exact_pair,Measured from current task-start physical corpus.
hinge-intro,clara,assets/audio/voice/clara/hinge-intro.mp3,true,923f6ba1652de9e897e943bf987b9236b8279533342ac7b6c6dbbbfada893f04,6362,true,false,false,baseline_audio_without_required_fingerprint_gate,,legacy_shared_or_current_manifest,not_in_default_v21,legacy_only,Measured from current task-start physical corpus.
hinge-setup,clara,assets/audio/voice/clara/hinge-setup.mp3,true,cbed9e7bbe6b150812be423d203ade971d6b21d2493630c6490dc9bb276a265e,7988,true,false,false,baseline_audio_without_required_fingerprint_gate,,legacy_shared_or_current_manifest,not_in_default_v21,legacy_only,Measured from current task-start physical corpus.
hold-still,clara,assets/audio/voice/clara/hold-still.mp3,true,0edd24cd5c8e475413b71e0315c185177b84b37c5fe7639cfb5e8df698629469,2043,true,false,false,baseline_audio_without_required_fingerprint_gate,setup-hold-still-v21,legacy_shared_or_current_manifest,candidate_not_reused,script_mismatch_candidate_not_reused,Measured from current task-start physical corpus.
item-complete-v21,clara,assets/audio/voice/clara/item-complete-v21.mp3,true,98f8c402da4acb3620dc96facc429662a8fee8a7d888a793a492d58c98241df2,1022,true,true,true,verified_by_verify_audio,checkup-balance-next-stance-v21;item-complete-v21,legacy_shared_or_current_manifest,active_v21_exact_reuse,physical_ready_exact_pair,Measured from current task-start physical corpus.
item-complete,clara,assets/audio/voice/clara/item-complete.mp3,true,3e527fb07cdee459c8dc55e1d1934f369513ca6795628ede5298ee5a0ebae9cd,1115,true,false,false,baseline_audio_without_required_fingerprint_gate,,legacy_shared_or_current_manifest,not_in_default_v21,legacy_only,Measured from current task-start physical corpus.
last-set,clara,assets/audio/voice/clara/last-set.mp3,true,29c72f21b1e583d70bdd96faf42698208e67cdf6b4a0b995a66b5da7053c6013,2415,true,false,false,baseline_audio_without_required_fingerprint_gate,last-set-v21,legacy_shared_or_current_manifest,candidate_not_reused,script_mismatch_candidate_not_reused,Measured from current task-start physical corpus.
microcheck-balance,clara,assets/audio/voice/clara/microcheck-balance.mp3,true,76601b5b5dcb7232a978df26466ffd3e2227a65eefec553d36062ba67ce36cae,5991,true,false,false,baseline_audio_without_required_fingerprint_gate,micro-single-leg-left-v21;micro-single-leg-right-v21,legacy_micro_check,candidate_not_reused,script_mismatch_candidate_not_reused,Measured from current task-start physical corpus.
microcheck-chair,clara,assets/audio/voice/clara/microcheck-chair.mp3,true,d3916a69021e23c244d2c73e9f98d840e32f166b857854a53329015afb391b1d,9892,true,false,false,baseline_audio_without_required_fingerprint_gate,micro-chair-power-v21,legacy_micro_check,candidate_not_reused,script_mismatch_candidate_not_reused,Measured from current task-start physical corpus.
microcheck-complete,clara,assets/audio/voice/clara/microcheck-complete.mp3,true,f1f0d5250d6a3d555603893379a8d4c9bd96551309a9f8b3bc8865cdda3e8788,2647,true,false,false,baseline_audio_without_required_fingerprint_gate,microcheck-complete-v21,legacy_micro_check,candidate_not_reused,script_mismatch_candidate_not_reused,Measured from current task-start physical corpus.
microcheck-intro,clara,assets/audio/voice/clara/microcheck-intro.mp3,true,4efbb11c143733a9925780a0dca81e19cbe81bd7f83d27e08bed9bc6a17c9c46,4087,true,false,false,baseline_audio_without_required_fingerprint_gate,,legacy_micro_check,not_in_default_v21,retired,Measured from current task-start physical corpus.
mobility_no_forcing,clara,assets/audio/voice/clara/mobility_no_forcing.mp3,true,860235d6aa27476b753a0a1373c8b2d2d7409aa596a38dde9e1eeb6d8d0a4c7b,3344,true,true,true,verified_by_verify_audio,,legacy_safety_or_setup,not_in_default_v21,legacy_only,Measured from current task-start physical corpus.
mpv2_balance_attempt_saved,clara,assets/audio/voice/clara/mpv2_balance_attempt_saved.mp3,true,39c4bd68b2d146e76ee60e7a6be3943aed88b55aad313e523d08f46582ac5604,1533,true,true,true,verified_by_verify_audio,mpv2_balance_attempt_saved,movement_checkup,active_v21_exact_reuse,physical_ready_exact_pair,Measured from current task-start physical corpus.
mpv2_balance_attempt_start,clara,assets/audio/voice/clara/mpv2_balance_attempt_start.mp3,true,5fda2fc0f03e022f68deafc0a606c09a5b90d198edb8d0c45d82312d1d65953a,5062,true,true,true,verified_by_verify_audio,mpv2_balance_attempt_start,movement_checkup,active_v21_exact_reuse,physical_ready_exact_pair,Measured from current task-start physical corpus.
mpv2_balance_complete,clara,assets/audio/voice/clara/mpv2_balance_complete.mp3,true,b0d59757b2fd889b90764e01aa6787716bf100dd469f3b7405684ebfa9df1a86,1625,true,true,true,verified_by_verify_audio,checkup-balance-complete-v21;mpv2_balance_complete,movement_checkup,active_v21_exact_reuse,physical_ready_exact_pair,Measured from current task-start physical corpus.
mpv2_balance_full_hold,clara,assets/audio/voice/clara/mpv2_balance_full_hold.mp3,true,fc10ce523cf8708e45d50ff2f29809b317bcfbba3009b7cffdc0f84355038ae5,2647,true,true,true,verified_by_verify_audio,mpv2_balance_full_hold,movement_checkup,active_v21_exact_reuse,physical_ready_exact_pair,Measured from current task-start physical corpus.
mpv2_balance_ready_after_30,clara,assets/audio/voice/clara/mpv2_balance_ready_after_30.mp3,true,970f921a1c4635f3f33f33e39e23dbccf59683f6b02412f0512d312ba525aa2f,2647,true,true,true,verified_by_verify_audio,mpv2_balance_ready_after_30,movement_checkup,active_v21_exact_reuse,physical_ready_exact_pair,Measured from current task-start physical corpus.
mpv2_balance_ready_after_60,clara,assets/audio/voice/clara/mpv2_balance_ready_after_60.mp3,true,f9f41ef578e99619e7358f48ea3cbd12a5c4746e2bdc7063adfb332fcf78f937,1904,true,true,true,verified_by_verify_audio,mpv2_balance_ready_after_60,movement_checkup,active_v21_exact_reuse,physical_ready_exact_pair,Measured from current task-start physical corpus.
mpv2_balance_rest,clara,assets/audio/voice/clara/mpv2_balance_rest.mp3,true,16223f5594407c4f8986e1ea86d7fb10f5a1d53da5ec3f855104107387b31a7c,5387,true,true,true,verified_by_verify_audio,mpv2_balance_rest,movement_checkup,active_v21_exact_reuse,physical_ready_exact_pair,Measured from current task-start physical corpus.
mpv2_balance_tracking_retry,clara,assets/audio/voice/clara/mpv2_balance_tracking_retry.mp3,true,5609459bb2e625c9580c77762b451edeebd0edf7f8dc2841a19a423d420b8111,7430,true,true,true,verified_by_verify_audio,mpv2_balance_tracking_retry,movement_checkup,active_v21_exact_reuse,physical_ready_exact_pair,Measured from current task-start physical corpus.
mpv2_balance_use_best,clara,assets/audio/voice/clara/mpv2_balance_use_best.mp3,true,332044cb612f4814232b4b18e5cfeb352d5dd65516db5f3a4fb570e09e0ac06f,1625,true,true,true,verified_by_verify_audio,mpv2_balance_use_best,movement_checkup,active_v21_exact_reuse,physical_ready_exact_pair,Measured from current task-start physical corpus.
mpv2_chair_official_ready,clara,assets/audio/voice/clara/mpv2_chair_official_ready.mp3,true,3f6619a12b653ed63dd63148b81a306b5ef866f7f3ec19788c3dd34301c8f917,4133,true,true,true,verified_by_verify_audio,mpv2_chair_official_ready,movement_checkup,active_v21_exact_reuse,physical_ready_exact_pair,Measured from current task-start physical corpus.
mpv2_chair_practice_start,clara,assets/audio/voice/clara/mpv2_chair_practice_start.mp3,true,33a5e727a6b9483236d8ee7993834b8ffc144afbba8eb97251c19a3017a51ef5,3204,true,true,true,verified_by_verify_audio,mpv2_chair_practice_start,movement_checkup,active_v21_exact_reuse,physical_ready_exact_pair,Measured from current task-start physical corpus.
mpv2_checkup_intro,clara,assets/audio/voice/clara/mpv2_checkup_intro.mp3,true,474618fde1ddc116ca9ecca37f4b4f9a5c0485724b63f4361d4b9d8c25a21a56,5248,true,true,true,verified_by_verify_audio,mpv2_checkup_intro,movement_checkup,active_v21_exact_reuse,physical_ready_exact_pair,Measured from current task-start physical corpus.
mpv2_hinge_complete,clara,assets/audio/voice/clara/mpv2_hinge_complete.mp3,true,4da5c542d62fe242636f833ff4df1b2ff5d2d87280384a8aa3ac990be42e5da6,1625,true,true,true,verified_by_verify_audio,mpv2_hinge_complete,movement_checkup,active_v21_exact_reuse,physical_ready_exact_pair,Measured from current task-start physical corpus.
mpv2_hinge_no_measurement,clara,assets/audio/voice/clara/mpv2_hinge_no_measurement.mp3,true,d9d9b4356a620909995f2cd8576e1c859addf39767a6fa83591dc218ce33acdc,3808,true,true,true,verified_by_verify_audio,mpv2_hinge_no_measurement,movement_checkup,active_v21_exact_reuse,physical_ready_exact_pair,Measured from current task-start physical corpus.
mpv2_shoulder_tracking_retry,clara,assets/audio/voice/clara/mpv2_shoulder_tracking_retry.mp3,true,3a9b1b67759e64eb98d924c9102fcc4208adaf7db4845dfb9d345a1596b47a75,6084,true,true,true,verified_by_verify_audio,mpv2_shoulder_tracking_retry,movement_checkup,active_v21_exact_reuse,physical_ready_exact_pair,Measured from current task-start physical corpus.
next-exercise,clara,assets/audio/voice/clara/next-exercise.mp3,true,77598e90155c3857bec47af48c044e32ed1a16bae41c485d93d2170a12052242,2601,true,false,false,baseline_audio_without_required_fingerprint_gate,,legacy_shared_or_current_manifest,not_in_default_v21,legacy_only,Measured from current task-start physical corpus.
next-up,clara,assets/audio/voice/clara/next-up.mp3,true,5341027bd00c113796a5ecda260ef235f122a7cb5751491ff8be9d3aa6dba126,1904,true,false,false,baseline_audio_without_required_fingerprint_gate,next-exercise-v21,legacy_shared_or_current_manifest,candidate_not_reused,script_mismatch_candidate_not_reused,Measured from current task-start physical corpus.
no-reps,clara,assets/audio/voice/clara/no-reps.mp3,true,d21a07a238814771d47b94b1c4480fc246bca72475cc0e2689338339eca548fb,4737,true,false,false,baseline_audio_without_required_fingerprint_gate,,legacy_shared_or_current_manifest,not_in_default_v21,legacy_only,Measured from current task-start physical corpus.
num-0,clara,assets/audio/voice/clara/num-0.mp3,true,96bbe9f677a39f5092d2400e7b958437515e77dd82541f140bb886014a2b5a28,836,true,false,false,baseline_audio_without_required_fingerprint_gate,,legacy_results_number_stitching,not_in_default_v21,legacy_only,Measured from current task-start physical corpus.
num-1,clara,assets/audio/voice/clara/num-1.mp3,true,dbf0b4974cc643b6442a95c4245bc623461fe3ed7200ba43e5a9a20f0b9af517,604,true,false,false,baseline_audio_without_required_fingerprint_gate,,legacy_results_number_stitching,not_in_default_v21,legacy_only,Measured from current task-start physical corpus.
num-10,clara,assets/audio/voice/clara/num-10.mp3,true,0c0c8f59d9ebf409d5dbb83c579bee3872badca14c841f98e8d5867c52d3ec5e,789,true,false,false,baseline_audio_without_required_fingerprint_gate,,legacy_results_number_stitching,not_in_default_v21,legacy_only,Measured from current task-start physical corpus.
num-11,clara,assets/audio/voice/clara/num-11.mp3,true,efbd361d0768ebfdddc1ea2076ce0283fba6acd2afbfea427363e59faab63f5c,836,true,false,false,baseline_audio_without_required_fingerprint_gate,,legacy_results_number_stitching,not_in_default_v21,legacy_only,Measured from current task-start physical corpus.
num-12,clara,assets/audio/voice/clara/num-12.mp3,true,1e15bd4e1e27457b6bfa04c8af9afc8b0d82cbd30c788ee449c40a2004f06856,882,true,false,false,baseline_audio_without_required_fingerprint_gate,,legacy_results_number_stitching,not_in_default_v21,legacy_only,Measured from current task-start physical corpus.
num-13,clara,assets/audio/voice/clara/num-13.mp3,true,779b74f9d2410036e5ad45042100fa6889603d58e9f1412670724525e5589381,975,true,false,false,baseline_audio_without_required_fingerprint_gate,,legacy_results_number_stitching,not_in_default_v21,legacy_only,Measured from current task-start physical corpus.
num-14,clara,assets/audio/voice/clara/num-14.mp3,true,612f91c33409087dff6608f77f63d40de8adef36a0e8836a8023fe24f533e819,1022,true,false,false,baseline_audio_without_required_fingerprint_gate,,legacy_results_number_stitching,not_in_default_v21,legacy_only,Measured from current task-start physical corpus.
num-15,clara,assets/audio/voice/clara/num-15.mp3,true,3ccc68dc467153d2cca95e66fc5730e0b3ac780b6e82ec8cae87bdbb61073583,1022,true,false,false,baseline_audio_without_required_fingerprint_gate,,legacy_results_number_stitching,not_in_default_v21,legacy_only,Measured from current task-start physical corpus.
num-16,clara,assets/audio/voice/clara/num-16.mp3,true,3cc2ce1bfbb21b7f4005a202952f24e2d6c44674405a6ecf1b9a2e26593e5f5e,1068,true,false,false,baseline_audio_without_required_fingerprint_gate,,legacy_results_number_stitching,not_in_default_v21,legacy_only,Measured from current task-start physical corpus.
num-17,clara,assets/audio/voice/clara/num-17.mp3,true,495985d456cfbde052572b6e52df69e3e4ed8cbf40305eaec3a4a3fa5996ea2f,1115,true,false,false,baseline_audio_without_required_fingerprint_gate,,legacy_results_number_stitching,not_in_default_v21,legacy_only,Measured from current task-start physical corpus.
num-18,clara,assets/audio/voice/clara/num-18.mp3,true,9101d611cd1ed22fb1b0fcc99d42a2fc03e66b9413f8d9295bd8728e356f9a00,975,true,false,false,baseline_audio_without_required_fingerprint_gate,,legacy_results_number_stitching,not_in_default_v21,legacy_only,Measured from current task-start physical corpus.
num-19,clara,assets/audio/voice/clara/num-19.mp3,true,4eb51ebafd408f1f008ecd8a7a262b31abcfb1720583c3a7abd2563369779f10,975,true,false,false,baseline_audio_without_required_fingerprint_gate,,legacy_results_number_stitching,not_in_default_v21,legacy_only,Measured from current task-start physical corpus.
num-2,clara,assets/audio/voice/clara/num-2.mp3,true,3ef7a09cf87c4fbfffeeee97e9de6f3886c6050b1de4d7ddcb2237aefc782c0e,743,true,false,false,baseline_audio_without_required_fingerprint_gate,,legacy_results_number_stitching,not_in_default_v21,legacy_only,Measured from current task-start physical corpus.
num-20,clara,assets/audio/voice/clara/num-20.mp3,true,ec0e5ec69bd0aa75505201e705e35ec54506642102c8a9554e384b4e651193f3,929,true,false,false,baseline_audio_without_required_fingerprint_gate,,legacy_results_number_stitching,not_in_default_v21,legacy_only,Measured from current task-start physical corpus.
num-21,clara,assets/audio/voice/clara/num-21.mp3,true,1fefbbc70e98bcfc7f6165fd7bd82eb5620147a8358ae6dacde51dfcba35ff97,1068,true,false,false,baseline_audio_without_required_fingerprint_gate,,legacy_results_number_stitching,not_in_default_v21,legacy_only,Measured from current task-start physical corpus.
num-22,clara,assets/audio/voice/clara/num-22.mp3,true,713f47b93dec8fc302a5603299bedf8c0d58d9b3ce1abf39e7b1096cf056a298,1068,true,false,false,baseline_audio_without_required_fingerprint_gate,,legacy_results_number_stitching,not_in_default_v21,legacy_only,Measured from current task-start physical corpus.
num-23,clara,assets/audio/voice/clara/num-23.mp3,true,4bb2bd7e7b6a9719d61962a720b20f61ad3cb1b27e26719ecba7d6e87f81fca0,1161,true,false,false,baseline_audio_without_required_fingerprint_gate,,legacy_results_number_stitching,not_in_default_v21,legacy_only,Measured from current task-start physical corpus.
num-24,clara,assets/audio/voice/clara/num-24.mp3,true,170883d444138ee5c05b34f73c83920d3456f35b15b32183a6c38c8ec6e78d73,1115,true,false,false,baseline_audio_without_required_fingerprint_gate,,legacy_results_number_stitching,not_in_default_v21,legacy_only,Measured from current task-start physical corpus.
num-25,clara,assets/audio/voice/clara/num-25.mp3,true,ed0374bef5f4683f952e9d2e25bcc5f984e22693caa1fc535dab05ef70680833,1115,true,false,false,baseline_audio_without_required_fingerprint_gate,,legacy_results_number_stitching,not_in_default_v21,legacy_only,Measured from current task-start physical corpus.
num-26,clara,assets/audio/voice/clara/num-26.mp3,true,78f66d9b161d9fd158e6f8d7abc9059eadb159129950b548a5ccbe5f0f37adc1,1161,true,false,false,baseline_audio_without_required_fingerprint_gate,,legacy_results_number_stitching,not_in_default_v21,legacy_only,Measured from current task-start physical corpus.
num-27,clara,assets/audio/voice/clara/num-27.mp3,true,e4f94f6ffe85a1ac034059bbb8cc527b0b59f9dfd74b6ac2b8e4c2a9f0e0ca7e,1115,true,false,false,baseline_audio_without_required_fingerprint_gate,,legacy_results_number_stitching,not_in_default_v21,legacy_only,Measured from current task-start physical corpus.
num-28,clara,assets/audio/voice/clara/num-28.mp3,true,3b1028a8ca37f21dda234404e14cca7b12b4de2da8d3c09a734ebd4cb3b7f2df,1161,true,false,false,baseline_audio_without_required_fingerprint_gate,,legacy_results_number_stitching,not_in_default_v21,legacy_only,Measured from current task-start physical corpus.
num-29,clara,assets/audio/voice/clara/num-29.mp3,true,96c765886db587fd37f417c540df9330238a84fb543d14901b8959386cfabb15,1068,true,false,false,baseline_audio_without_required_fingerprint_gate,,legacy_results_number_stitching,not_in_default_v21,legacy_only,Measured from current task-start physical corpus.
num-3,clara,assets/audio/voice/clara/num-3.mp3,true,9a6e7707a81fdf8e0715ad2aab8eee49f5960df2d2577e3aee43379ce0cc4b99,789,true,false,false,baseline_audio_without_required_fingerprint_gate,,legacy_results_number_stitching,not_in_default_v21,legacy_only,Measured from current task-start physical corpus.
num-30,clara,assets/audio/voice/clara/num-30.mp3,true,f9614e828095a1fbee8a4f5de09ffe4dee7c8875c3483ee687aed756a05cf968,882,true,false,false,baseline_audio_without_required_fingerprint_gate,,legacy_results_number_stitching,not_in_default_v21,legacy_only,Measured from current task-start physical corpus.
num-31,clara,assets/audio/voice/clara/num-31.mp3,true,c7da33c371c53620c4e86ba33c124c244d05e0efe614b54f9b678fee035a0b53,1068,true,false,false,baseline_audio_without_required_fingerprint_gate,,legacy_results_number_stitching,not_in_default_v21,legacy_only,Measured from current task-start physical corpus.
num-32,clara,assets/audio/voice/clara/num-32.mp3,true,3f34ada60c522b63e79a794c9050876c1be5fe0ba8036a0a6c4844917d9379ea,1068,true,false,false,baseline_audio_without_required_fingerprint_gate,,legacy_results_number_stitching,not_in_default_v21,legacy_only,Measured from current task-start physical corpus.
num-33,clara,assets/audio/voice/clara/num-33.mp3,true,d117d3fba81d26e1619d59882076fc987495217d4919d288b6d18ff45b4dd134,1115,true,false,false,baseline_audio_without_required_fingerprint_gate,,legacy_results_number_stitching,not_in_default_v21,legacy_only,Measured from current task-start physical corpus.
num-34,clara,assets/audio/voice/clara/num-34.mp3,true,ac2b907b8af22437db457bbb9167b4c58fc192290588fad4a45779b33ddc2d5b,1115,true,false,false,baseline_audio_without_required_fingerprint_gate,,legacy_results_number_stitching,not_in_default_v21,legacy_only,Measured from current task-start physical corpus.
num-35,clara,assets/audio/voice/clara/num-35.mp3,true,32aaec63819264f948d3f87efabdda7232cbe76b3e595b492f2e92c85e219a21,1207,true,false,false,baseline_audio_without_required_fingerprint_gate,,legacy_results_number_stitching,not_in_default_v21,legacy_only,Measured from current task-start physical corpus.
num-36,clara,assets/audio/voice/clara/num-36.mp3,true,0a3221f7a6f3eb785d0a249affab09b5ce466bd483502dece6c0eed57db0c5a0,1115,true,false,false,baseline_audio_without_required_fingerprint_gate,,legacy_results_number_stitching,not_in_default_v21,legacy_only,Measured from current task-start physical corpus.
num-37,clara,assets/audio/voice/clara/num-37.mp3,true,0920f6a85b63a0c74cc3d1130baaf6727211eed1e487c37633ea3c648d96e053,1115,true,false,false,baseline_audio_without_required_fingerprint_gate,,legacy_results_number_stitching,not_in_default_v21,legacy_only,Measured from current task-start physical corpus.
num-38,clara,assets/audio/voice/clara/num-38.mp3,true,84b16231348fc53b6cca3aef3032d5ad8ad109262cae63ff4e46080ddcd9bd1b,1161,true,false,false,baseline_audio_without_required_fingerprint_gate,,legacy_results_number_stitching,not_in_default_v21,legacy_only,Measured from current task-start physical corpus.
num-39,clara,assets/audio/voice/clara/num-39.mp3,true,0fca86d9d8abd423fce8367654732f21b17ff219731b5d054e39d0da97fca5d6,1115,true,false,false,baseline_audio_without_required_fingerprint_gate,,legacy_results_number_stitching,not_in_default_v21,legacy_only,Measured from current task-start physical corpus.
num-4,clara,assets/audio/voice/clara/num-4.mp3,true,aab807d76f93d66140bf9de3cfdad7a8c060249aa860144e00a1ee2d64478b4a,743,true,false,false,baseline_audio_without_required_fingerprint_gate,,legacy_results_number_stitching,not_in_default_v21,legacy_only,Measured from current task-start physical corpus.
num-40,clara,assets/audio/voice/clara/num-40.mp3,true,ba443e9583bd6c0f29ec9e0aed86fe8f20026798c549247990ffc0c1df04eff6,975,true,false,false,baseline_audio_without_required_fingerprint_gate,,legacy_results_number_stitching,not_in_default_v21,legacy_only,Measured from current task-start physical corpus.
num-5,clara,assets/audio/voice/clara/num-5.mp3,true,92d9b27f4274c70d44d1f981c4ee7a26d0d63d540a9662c7ce96415b69d50bef,604,true,false,false,baseline_audio_without_required_fingerprint_gate,,legacy_results_number_stitching,not_in_default_v21,legacy_only,Measured from current task-start physical corpus.
num-6,clara,assets/audio/voice/clara/num-6.mp3,true,6138f2acd2a05aa030ebbba48ce3c91b57b527a8cece3f279a2425260c737190,789,true,false,false,baseline_audio_without_required_fingerprint_gate,,legacy_results_number_stitching,not_in_default_v21,legacy_only,Measured from current task-start physical corpus.
num-7,clara,assets/audio/voice/clara/num-7.mp3,true,2cd9e1de4603c898da6f54edbe6ffaf4158b3fdde2d222edf740fe9fb0f76d09,836,true,false,false,baseline_audio_without_required_fingerprint_gate,,legacy_results_number_stitching,not_in_default_v21,legacy_only,Measured from current task-start physical corpus.
num-8,clara,assets/audio/voice/clara/num-8.mp3,true,de8afa49444c5e4c6ad68a5b0807335cfdbfd81cbd187808cc09aa94b9313815,789,true,false,false,baseline_audio_without_required_fingerprint_gate,,legacy_results_number_stitching,not_in_default_v21,legacy_only,Measured from current task-start physical corpus.
num-9,clara,assets/audio/voice/clara/num-9.mp3,true,5aef5f72e933bea883d530e0a91abc1a76e96a85e5427c22ed21600ab3460b8b,697,true,false,false,baseline_audio_without_required_fingerprint_gate,,legacy_results_number_stitching,not_in_default_v21,legacy_only,Measured from current task-start physical corpus.
open-your-eyes,clara,assets/audio/voice/clara/open-your-eyes.mp3,true,21246a70dcff398c5351212df3ab99978c2a0a9f62c0dc10ba19acb64dee6924,1672,true,false,false,baseline_audio_without_required_fingerprint_gate,open-your-eyes,conditional_legacy_balance,candidate_not_reused,script_mismatch_candidate_not_reused,Measured from current task-start physical corpus.
relax-arm,clara,assets/audio/voice/clara/relax-arm.mp3,true,a4f739dc7aa3de39857dff4c6bc262c006924a5b4a60e15eaf86b73f1cec645f,2554,true,false,false,baseline_audio_without_required_fingerprint_gate,micro-relax-v21,legacy_shared_or_current_manifest,candidate_not_reused,script_mismatch_candidate_not_reused,Measured from current task-start physical corpus.
rest-now,clara,assets/audio/voice/clara/rest-now.mp3,true,776c6106a5d18c502ac54c8aebbee9ad649ab970d63a814aef5438ad4d208100,1625,true,false,false,baseline_audio_without_required_fingerprint_gate,rest-now-v21,legacy_shared_or_current_manifest,candidate_not_reused,script_mismatch_candidate_not_reused,Measured from current task-start physical corpus.
retry-v21,clara,assets/audio/voice/clara/retry-v21.mp3,true,a4ee75df0eb03b8d6097203761cc7fc920d19603e5a8d62dfd24e320c608a8ef,1347,true,true,true,verified_by_verify_audio,retry-v21,legacy_shared_or_current_manifest,active_v21_exact_reuse,physical_ready_exact_pair,Measured from current task-start physical corpus.
session-complete,clara,assets/audio/voice/clara/session-complete.mp3,true,3e69592788ee7cbab47e71403b3911cb4b740c2e9bcf69391515e57720b9e72a,5062,true,false,false,baseline_audio_without_required_fingerprint_gate,session-complete-v21,legacy_shared_or_current_manifest,candidate_not_reused,script_mismatch_candidate_not_reused,Measured from current task-start physical corpus.
set-done,clara,assets/audio/voice/clara/set-done.mp3,true,d49037ba2eef2799930aacd9fb2ea8a124e02820d8a3d0691cc50e52a3b8cc4e,1068,true,false,false,baseline_audio_without_required_fingerprint_gate,set-complete-v21,legacy_shared_or_current_manifest,candidate_not_reused,script_mismatch_candidate_not_reused,Measured from current task-start physical corpus.
shoulder-intro,clara,assets/audio/voice/clara/shoulder-intro.mp3,true,383f3a6ba9b9fceceb283e51dc836ead7c611670138764aec10494ddcbb4d518,6780,true,false,false,baseline_audio_without_required_fingerprint_gate,,legacy_shared_or_current_manifest,not_in_default_v21,legacy_only,Measured from current task-start physical corpus.
shoulder-setup,clara,assets/audio/voice/clara/shoulder-setup.mp3,true,a232043e57a0cacbcbb83499836e1fce2a8c062834373ac3610e542ab2133698,7059,true,false,false,baseline_audio_without_required_fingerprint_gate,,legacy_shared_or_current_manifest,not_in_default_v21,legacy_only,Measured from current task-start physical corpus.
stand-tall,clara,assets/audio/voice/clara/stand-tall.mp3,true,c015fa99a770a24b335b79195ac615143259ec412fcdf26d1cf070b196121461,2926,true,false,false,baseline_audio_without_required_fingerprint_gate,,legacy_shared_or_current_manifest,not_in_default_v21,legacy_only,Measured from current task-start physical corpus.
stands-suffix,clara,assets/audio/voice/clara/stands-suffix.mp3,true,7d8e1cab94cf5736e729a3b443e165f5da93c39776b05760a0dfa87ed1dcee2c,1718,true,false,false,baseline_audio_without_required_fingerprint_gate,,legacy_shared_or_current_manifest,not_in_default_v21,legacy_only,Measured from current task-start physical corpus.
step-back,clara,assets/audio/voice/clara/step-back.mp3,true,ddb216e9cb40700a0c0c1db1cac1003940ce047a5958466e68475c2fd9a3042c,1393,true,false,false,baseline_audio_without_required_fingerprint_gate,setup-back-v21,legacy_shared_or_current_manifest,candidate_not_reused,script_mismatch_candidate_not_reused,Measured from current task-start physical corpus.
step-closer,clara,assets/audio/voice/clara/step-closer.mp3,true,8fcd2d94d396dba7f3a160b41d32b0d3b6a4817aafdfca53a0e51ca6ec97d21b,1718,true,false,false,baseline_audio_without_required_fingerprint_gate,setup-closer-v21,legacy_shared_or_current_manifest,candidate_not_reused,script_mismatch_candidate_not_reused,Measured from current task-start physical corpus.
step-into-frame,clara,assets/audio/voice/clara/step-into-frame.mp3,true,5db89a05890b79d9016f755ed2beaeccf1284159010b7e9b9823104628b3862b,3483,true,false,false,baseline_audio_without_required_fingerprint_gate,setup-enter-view-v21,legacy_shared_or_current_manifest,candidate_not_reused,script_mismatch_candidate_not_reused,Measured from current task-start physical corpus.
step_clear_dry_area,clara,assets/audio/voice/clara/step_clear_dry_area.mp3,true,1c5406f94106025cc4611b898d25978db64aca3d153bcabcffe70fccb765206e,3111,true,true,true,verified_by_verify_audio,,legacy_safety_or_setup,not_in_default_v21,legacy_only,Measured from current task-start physical corpus.
step_controlled_return,clara,assets/audio/voice/clara/step_controlled_return.mp3,true,787e1fa9e36acf6f86c1eabb5c972926087d1a07a473991c9e66c0e2bf8c5448,3483,true,true,true,verified_by_verify_audio,,legacy_safety_or_setup,not_in_default_v21,legacy_only,Measured from current task-start physical corpus.
step_fixed_support_nearby,clara,assets/audio/voice/clara/step_fixed_support_nearby.mp3,true,9b85326f54f50a4dd8765b272433a9652b6c34f2e13da432737f07245d3f6637,4551,true,true,true,verified_by_verify_audio,,legacy_safety_or_setup,not_in_default_v21,legacy_only,Measured from current task-start physical corpus.
step_phone_out_of_path,clara,assets/audio/voice/clara/step_phone_out_of_path.mp3,true,74ad51098b96d57750b5df83224aef3d5f06eb0e189cf44b1a148dae5f963f90,2972,true,true,true,verified_by_verify_audio,,legacy_safety_or_setup,not_in_default_v21,legacy_only,Measured from current task-start physical corpus.
step_stop_if_unstable,clara,assets/audio/voice/clara/step_stop_if_unstable.mp3,true,3a084a2e0d1ceecb1ab84b659ddfa96d70207dfd6d4f0b5c83acd1a3db68ab84,4876,true,true,true,verified_by_verify_audio,,legacy_safety_or_setup,not_in_default_v21,legacy_only,Measured from current task-start physical corpus.
step_use_low_stable_step,clara,assets/audio/voice/clara/step_use_low_stable_step.mp3,true,53823043f61e4cea5dbc762ab2692c743f8dec59037c65598002be1fe09b2313,2926,true,true,true,verified_by_verify_audio,,legacy_safety_or_setup,not_in_default_v21,legacy_only,Measured from current task-start physical corpus.
support_keep_support_within_reach,clara,assets/audio/voice/clara/support_keep_support_within_reach.mp3,true,626ed92da17960a646a25dd77251a5353b17c5497ff02a24c52f43be94c97d5a,2786,true,true,true,verified_by_verify_audio,equip-support-close-v21,legacy_safety_or_setup,candidate_not_reused,script_mismatch_candidate_not_reused,Measured from current task-start physical corpus.
support_use_sturdy_support,clara,assets/audio/voice/clara/support_use_sturdy_support.mp3,true,f656d2cb7dc1cb79d8c0a594d7a2ab0c801c5f8fd5fec8e07024afba4813c5a8,3855,true,true,true,verified_by_verify_audio,,legacy_safety_or_setup,not_in_default_v21,legacy_only,Measured from current task-start physical corpus.
thats-your-set,clara,assets/audio/voice/clara/thats-your-set.mp3,true,d70803148b3928512244b8272918b96e0881312f25bd19ff8a4f57f37e947055,1393,true,false,false,baseline_audio_without_required_fingerprint_gate,,legacy_shared_or_current_manifest,not_in_default_v21,legacy_only,Measured from current task-start physical corpus.
time-to-retest,clara,assets/audio/voice/clara/time-to-retest.mp3,true,331473a517c812083a41d767e25450567a205056ae9c999b04591a8389e5a3ba,6177,true,false,false,baseline_audio_without_required_fingerprint_gate,,legacy_shared_or_current_manifest,not_in_default_v21,legacy_only,Measured from current task-start physical corpus.
times-up-v21,clara,assets/audio/voice/clara/times-up-v21.mp3,true,30e9a875b184c8280c74377703890e1f7a0c5d94207c07c59784539e41fe3d26,836,true,true,true,verified_by_verify_audio,times-up-v21,legacy_shared_or_current_manifest,active_v21_exact_reuse,physical_ready_exact_pair,Measured from current task-start physical corpus.
times-up,clara,assets/audio/voice/clara/times-up.mp3,true,a58c49ac2b985b51b94d7cc60c061283b1c2213cf147808479d91cfb0ff3e8bf,2508,true,false,false,baseline_audio_without_required_fingerprint_gate,,legacy_shared_or_current_manifest,not_in_default_v21,legacy_only,Measured from current task-start physical corpus.
tracking-loss-v21,clara,assets/audio/voice/clara/tracking-loss-v21.mp3,true,c47310fbdac858abcaa5080839cec952c4fd7a361ac97fc9333a23843fb67a08,2601,true,true,true,verified_by_verify_audio,tracking-loss-v21,legacy_shared_or_current_manifest,active_v21_exact_reuse,physical_ready_exact_pair,Measured from current task-start physical corpus.
tracking-recovered-v21,clara,assets/audio/voice/clara/tracking-recovered-v21.mp3,true,34168a533524aec52ea36d22b5f3b9a808fc8ab0cded155ba4032ca9564f2cca,2647,true,true,true,verified_by_verify_audio,tracking-recovered-v21,legacy_shared_or_current_manifest,active_v21_exact_reuse,physical_ready_exact_pair,Measured from current task-start physical corpus.
tracking_keep_full_body_in_view,clara,assets/audio/voice/clara/tracking_keep_full_body_in_view.mp3,true,60bf66bc47970a8b740f372d559cbc2c11a970e73e50f278cb5433369aae4d6f,3390,true,true,true,verified_by_verify_audio,,legacy_safety_or_setup,not_in_default_v21,legacy_only,Measured from current task-start physical corpus.
tracking_move_when_cued,clara,assets/audio/voice/clara/tracking_move_when_cued.mp3,true,7e45ba3490c900be16149fa2d880aa782b42ac4a28ee65d8d520a2d7b804ccb4,2508,true,true,true,verified_by_verify_audio,,legacy_safety_or_setup,not_in_default_v21,legacy_only,Measured from current task-start physical corpus.
tracking_no_rush_or_exaggerate,clara,assets/audio/voice/clara/tracking_no_rush_or_exaggerate.mp3,true,4a74b4096f0d84cd62f199eb95d674b025138676421072ee5b357261ea151935,3855,true,true,true,verified_by_verify_audio,,legacy_safety_or_setup,not_in_default_v21,legacy_only,Measured from current task-start physical corpus.
tracking_pause_and_reset,clara,assets/audio/voice/clara/tracking_pause_and_reset.mp3,true,9e1f8239d661eb3b4d435132dae53a09d39a5b2ca35246f371badf353202e29a,4783,true,true,true,verified_by_verify_audio,,legacy_safety_or_setup,not_in_default_v21,legacy_only,Measured from current task-start physical corpus.
training-intro,clara,assets/audio/voice/clara/training-intro.mp3,true,2d44a781e71f755b6e5f82946fc922173ea945455d5cdbcbd3a91c6335c4fd9a,9334,true,false,false,baseline_audio_without_required_fingerprint_gate,training-intro-v21,legacy_shared_or_current_manifest,candidate_not_reused,script_mismatch_candidate_not_reused,Measured from current task-start physical corpus.
tug-intro,clara,assets/audio/voice/clara/tug-intro.mp3,true,ea9329de21a246cabcb6e0dba6a154105742a1d4a0ba1a71c47ae78cd60ced40,7709,true,false,false,baseline_audio_without_required_fingerprint_gate,,conditional_legacy_tug,not_in_default_v21,conditional_legacy_only,Measured from current task-start physical corpus.
tug-setup,clara,assets/audio/voice/clara/tug-setup.mp3,true,8b0ea998bd366a7e0467a26a45036b5f14b178f8acfb52316e878ccba5cd0663,10031,true,false,false,baseline_audio_without_required_fingerprint_gate,,conditional_legacy_tug,not_in_default_v21,conditional_legacy_only,Measured from current task-start physical corpus.
turn-on-light,clara,assets/audio/voice/clara/turn-on-light.mp3,true,a7059e8bacf986a8109a20f18f1bbf461f85a6e1e29171fa18cd1c5e847bb876,3529,true,false,false,baseline_audio_without_required_fingerprint_gate,setup-light-v21,legacy_shared_or_current_manifest,candidate_not_reused,script_mismatch_candidate_not_reused,Measured from current task-start physical corpus.
turn-side-on,clara,assets/audio/voice/clara/turn-side-on.mp3,true,f13a4a6585356faf17cef91d0dc0f22dd60e450bace2a1b7892b5868ccaeb8e9,3576,true,false,false,baseline_audio_without_required_fingerprint_gate,,legacy_shared_or_current_manifest,not_in_default_v21,legacy_only,Measured from current task-start physical corpus.
voice-preview,clara,assets/audio/voice/clara/voice-preview.mp3,true,59c420eaf30eec7e2a3a45acb4a6fcde8da931547aafcc8fe54fa7da9cb1a8ee,3344,true,false,false,baseline_audio_without_required_fingerprint_gate,,legacy_shared_or_current_manifest,not_in_default_v21,legacy_only,Measured from current task-start physical corpus.
you-completed,clara,assets/audio/voice/clara/you-completed.mp3,true,0eb77a80a4c06c7048bf0e9340e76637fdbb94c8c1cfd6a5796f00e87aa9ad6e,1300,true,false,false,baseline_audio_without_required_fingerprint_gate,,legacy_shared_or_current_manifest,not_in_default_v21,legacy_only,Measured from current task-start physical corpus.
balance-feet-together,marcus,assets/audio/voice/marcus/balance-feet-together.mp3,true,1455e162b09bf601f04da59d6a5f5e7c96323eec0ddf937c7d898def697190a9,2183,true,false,false,baseline_audio_without_required_fingerprint_gate,checkup-balance-feet-together-v21,legacy_shared_or_current_manifest,candidate_not_reused,script_mismatch_candidate_not_reused,Measured from current task-start physical corpus.
balance-intro,marcus,assets/audio/voice/marcus/balance-intro.mp3,true,dc8cad8c1f97e463ce6a30012e83077a66a7c6ac8f4d632b787879ea9b3be4ab,8220,true,false,false,baseline_audio_without_required_fingerprint_gate,,legacy_shared_or_current_manifest,not_in_default_v21,legacy_only,Measured from current task-start physical corpus.
balance-semi-tandem,marcus,assets/audio/voice/marcus/balance-semi-tandem.mp3,true,9a4ba956d49dd7307998d12462622bbf6231556f563a02f305c85e601909f719,4365,true,false,false,baseline_audio_without_required_fingerprint_gate,checkup-balance-semi-tandem-left-v21;checkup-balance-semi-tandem-right-v21,legacy_shared_or_current_manifest,candidate_not_reused,script_mismatch_candidate_not_reused,Measured from current task-start physical corpus.
balance-setup,marcus,assets/audio/voice/marcus/balance-setup.mp3,true,3163578306947109facf627d59fe82bfe35ec2a56966ca9243d5ce53ac75b83b,7245,true,false,false,baseline_audio_without_required_fingerprint_gate,,legacy_shared_or_current_manifest,not_in_default_v21,legacy_only,Measured from current task-start physical corpus.
balance-single-leg,marcus,assets/audio/voice/marcus/balance-single-leg.mp3,true,9902f1e4169a6d47ebb5624c178bd98721dad5fdf5de5fa8073dcc672a78c7f7,3297,true,false,false,baseline_audio_without_required_fingerprint_gate,,legacy_shared_or_current_manifest,not_in_default_v21,legacy_only,Measured from current task-start physical corpus.
balance-tandem,marcus,assets/audio/voice/marcus/balance-tandem.mp3,true,c9af4b0f2d6b2b63f3a00edae53d9b13d3974f7369015b35b314df8d96bdd47e,3204,true,false,false,baseline_audio_without_required_fingerprint_gate,checkup-balance-tandem-left-v21;checkup-balance-tandem-right-v21,legacy_shared_or_current_manifest,candidate_not_reused,script_mismatch_candidate_not_reused,Measured from current task-start physical corpus.
balance_no_eyes_closed_or_unstable_surface,marcus,assets/audio/voice/marcus/balance_no_eyes_closed_or_unstable_surface.mp3,true,61004d31b1407107515b8eb79d8482a68b795a41da5335ff7bf8feec1d2ad3f0,4365,true,true,true,verified_by_verify_audio,,legacy_safety_or_setup,not_in_default_v21,legacy_only,Measured from current task-start physical corpus.
balance_stop_if_unsteady,marcus,assets/audio/voice/marcus/balance_stop_if_unsteady.mp3,true,07c8b8c03566adf1fe56a7cf80b044a08908e2e77821c661eee1d2f688fc6141,2508,true,true,true,verified_by_verify_audio,,legacy_safety_or_setup,not_in_default_v21,legacy_only,Measured from current task-start physical corpus.
balance_support_within_reach,marcus,assets/audio/voice/marcus/balance_support_within_reach.mp3,true,d4fe36119aed2655c2b7ba858194164b31342406cb151e36aeb69e74c8a280d3,4087,true,true,true,verified_by_verify_audio,equip-balance-support-v21,legacy_safety_or_setup,candidate_not_reused,script_mismatch_candidate_not_reused,Measured from current task-start physical corpus.
balance_supported_if_hesitant,marcus,assets/audio/voice/marcus/balance_supported_if_hesitant.mp3,true,0e6d42f398713443a64c30734f2c6c84950211df619a5a9746a573008e3d8575,2090,true,true,true,verified_by_verify_audio,,legacy_safety_or_setup,not_in_default_v21,legacy_only,Measured from current task-start physical corpus.
band_anchor_feet_secure,marcus,assets/audio/voice/marcus/band_anchor_feet_secure.mp3,true,b93225a2f15bbda3c83aa6af5789a3c7b55ce5c87a042a60b8f83718eeefbf6a,4319,true,true,true,verified_by_verify_audio,,legacy_safety_or_setup,not_in_default_v21,legacy_only,Measured from current task-start physical corpus.
band_controlled_return,marcus,assets/audio/voice/marcus/band_controlled_return.mp3,true,2d3c61cef7432c84689a5aed5c09c8c1bc1274e32ff5a0bf658da4e35db161c5,1997,true,true,true,verified_by_verify_audio,,legacy_safety_or_setup,not_in_default_v21,legacy_only,Measured from current task-start physical corpus.
band_do_not_overstretch,marcus,assets/audio/voice/marcus/band_do_not_overstretch.mp3,true,fec44b0c0870b8f32527f8a6c2f47af0e314f3dfbc4de490cefc7231c402263f,2972,true,true,true,verified_by_verify_audio,,legacy_safety_or_setup,not_in_default_v21,legacy_only,Measured from current task-start physical corpus.
band_face_and_eyes_clear,marcus,assets/audio/voice/marcus/band_face_and_eyes_clear.mp3,true,1d0b4591672f109aeef68e35454e57f124615264734aa4639e112ba30fe4a2e0,2647,true,true,true,verified_by_verify_audio,,legacy_safety_or_setup,not_in_default_v21,legacy_only,Measured from current task-start physical corpus.
band_inspect_before_use,marcus,assets/audio/voice/marcus/band_inspect_before_use.mp3,true,3ba59585148b801b8ed46ee36e4a8f8ec2d53a940bc7c96f7340dfe8dc677042,5062,true,true,true,verified_by_verify_audio,,legacy_safety_or_setup,not_in_default_v21,legacy_only,Measured from current task-start physical corpus.
band_never_release_under_tension,marcus,assets/audio/voice/marcus/band_never_release_under_tension.mp3,true,9dd37051c0972894656f8fd592d6eeb6a6d2eb8b38c5ec9d9300aa0ea885c952,1904,true,true,true,verified_by_verify_audio,,legacy_safety_or_setup,not_in_default_v21,legacy_only,Measured from current task-start physical corpus.
band_secure_grip,marcus,assets/audio/voice/marcus/band_secure_grip.mp3,true,317a0b0a10803a0cf3c925bda364c880d37c1b27939b10a3cc8e862579cafef9,2694,true,true,true,verified_by_verify_audio,,legacy_safety_or_setup,not_in_default_v21,legacy_only,Measured from current task-start physical corpus.
band_stable_stance,marcus,assets/audio/voice/marcus/band_stable_stance.mp3,true,f81c2e780aff7ec0b9296fff876fed17f7af89b33c041ec5c6dba912e3e6bb9d,2786,true,true,true,verified_by_verify_audio,,legacy_safety_or_setup,not_in_default_v21,legacy_only,Measured from current task-start physical corpus.
band_stop_if_slips_or_shifts,marcus,assets/audio/voice/marcus/band_stop_if_slips_or_shifts.mp3,true,4cf0248178fc3c747c783cb2902b1deb8fccf755ba02a78b2ee55543ca123030,5805,true,true,true,verified_by_verify_audio,,legacy_safety_or_setup,not_in_default_v21,legacy_only,Measured from current task-start physical corpus.
center-yourself,marcus,assets/audio/voice/marcus/center-yourself.mp3,true,17163d4582bfd58d61a7e8108bb60d13d08bd95d9ee964a7c0def967895bc76c,1950,true,false,false,baseline_audio_without_required_fingerprint_gate,setup-center-v21,legacy_shared_or_current_manifest,candidate_not_reused,script_mismatch_candidate_not_reused,Measured from current task-start physical corpus.
chair-stand-intro,marcus,assets/audio/voice/marcus/chair-stand-intro.mp3,true,fd98865deb1bfc2752ccb30ef86405bc8a0524f00fa39f0fd46d87d728472f24,10031,true,false,false,baseline_audio_without_required_fingerprint_gate,,legacy_shared_or_current_manifest,not_in_default_v21,legacy_only,Measured from current task-start physical corpus.
chair-stand-setup,marcus,assets/audio/voice/marcus/chair-stand-setup.mp3,true,c69c08f2a09fa21bd5490b706600dad752ded9bef5cb9cc2d153bfb172b66c23,11006,true,false,false,baseline_audio_without_required_fingerprint_gate,,legacy_shared_or_current_manifest,not_in_default_v21,legacy_only,Measured from current task-start physical corpus.
chair_controlled_sit,marcus,assets/audio/voice/marcus/chair_controlled_sit.mp3,true,f6ae6e2a8883467ea4c5f863789e5c7f7abe7612f6106ebac2ad5d00098fc225,2786,true,true,true,verified_by_verify_audio,,legacy_safety_or_setup,not_in_default_v21,legacy_only,Measured from current task-start physical corpus.
chair_use_sturdy_chair,marcus,assets/audio/voice/marcus/chair_use_sturdy_chair.mp3,true,e94bfbe40396fb751a61a3850e8f61f5a203d7f9e0415d2d04dfc2b6386a3e6d,2694,true,true,true,verified_by_verify_audio,equip-chair-stable-v21,legacy_safety_or_setup,candidate_not_reused,script_mismatch_candidate_not_reused,Measured from current task-start physical corpus.
checkup-balance-intro-v21,marcus,assets/audio/voice/marcus/checkup-balance-intro-v21.mp3,true,f973a9b48e5cb1954f9fc9391c2edd676ae507de6d58c31a64e4ef6680256ee0,5016,true,true,true,verified_by_verify_audio,checkup-balance-intro-v21,movement_checkup,active_v21_exact_reuse,physical_ready_exact_pair,Measured from current task-start physical corpus.
checkup-balance-single-leg-v21,marcus,assets/audio/voice/marcus/checkup-balance-single-leg-v21.mp3,true,4d42d9fc87151b1fc9bf618839f10098ede687a5775b32b0a2aaccabb0ecc3d5,4830,true,true,true,verified_by_verify_audio,checkup-balance-single-leg-left-v21;checkup-balance-single-leg-right-v21;checkup-balance-single-leg-v21,movement_checkup,active_v21_exact_reuse,physical_ready_exact_pair,Measured from current task-start physical corpus.
checkup-chair-stand-intro-v21,marcus,assets/audio/voice/marcus/checkup-chair-stand-intro-v21.mp3,true,99b027f676021df1f46c4017c44e9bda7b54eef86e8b096d7fd451abf4d3e37f,4644,true,true,true,verified_by_verify_audio,checkup-chair-stand-intro-v21,movement_checkup,active_v21_exact_reuse,physical_ready_exact_pair,Measured from current task-start physical corpus.
checkup-chair-stand-setup-v21,marcus,assets/audio/voice/marcus/checkup-chair-stand-setup-v21.mp3,true,fe09277e0786932ff48b6be745cf730746625b70f62470c6aac1be26ee0cf8b1,5248,true,true,true,verified_by_verify_audio,checkup-chair-stand-setup-v21,movement_checkup,active_v21_exact_reuse,physical_ready_exact_pair,Measured from current task-start physical corpus.
checkup-complete-v21,marcus,assets/audio/voice/marcus/checkup-complete-v21.mp3,true,f13f8816bfe27c601d9197fe0a8d3ec7a76ddf00eb75e99ac373d1414fddafbb,2090,true,true,true,verified_by_verify_audio,checkup-complete-v21,movement_checkup,active_v21_exact_reuse,physical_ready_exact_pair,Measured from current task-start physical corpus.
checkup-complete,marcus,assets/audio/voice/marcus/checkup-complete.mp3,true,64f5ce124907317bc84741b48a710453e375f6e9e419364cd826a1703a00aa8d,3994,true,false,false,baseline_audio_without_required_fingerprint_gate,,movement_checkup,not_in_default_v21,legacy_only,Measured from current task-start physical corpus.
checkup-hinge-setup-v21,marcus,assets/audio/voice/marcus/checkup-hinge-setup-v21.mp3,true,0705c2d169d8132e53c45fa852cc059e4f3c8086b3ab311b2d1dd327351ed3a9,6084,true,true,true,verified_by_verify_audio,checkup-hinge-setup-v21,movement_checkup,active_v21_exact_reuse,physical_ready_exact_pair,Measured from current task-start physical corpus.
checkup-intro,marcus,assets/audio/voice/marcus/checkup-intro.mp3,true,c5ea926e64b3960816df0233c0cd8dc9948a1c7856e2b1c4917e2175292d076c,12910,true,false,false,baseline_audio_without_required_fingerprint_gate,,movement_checkup,not_in_default_v21,legacy_only,Measured from current task-start physical corpus.
checkup-shoulder-raise-left-v21,marcus,assets/audio/voice/marcus/checkup-shoulder-raise-left-v21.mp3,true,52f2d7ab2d96002d3308991924be1cd845a493aef53bd6312261862f69f5a58b,4087,true,true,true,verified_by_verify_audio,checkup-shoulder-raise-left-v21,movement_checkup,active_v21_exact_reuse,physical_ready_exact_pair,Measured from current task-start physical corpus.
checkup-shoulder-raise-right-v21,marcus,assets/audio/voice/marcus/checkup-shoulder-raise-right-v21.mp3,true,2814dfc4190eb3000e6a6f40956f1d8c0586bd17423d84f5465a15326ab418e6,4180,true,true,true,verified_by_verify_audio,checkup-shoulder-raise-right-v21,movement_checkup,active_v21_exact_reuse,physical_ready_exact_pair,Measured from current task-start physical corpus.
checkup-shoulder-turn-left-v21,marcus,assets/audio/voice/marcus/checkup-shoulder-turn-left-v21.mp3,true,9d8db5289e6632aec48dd1740f51cf732b23d7a7db84740e989475a7c79f3017,2322,true,true,true,verified_by_verify_audio,checkup-shoulder-turn-left-v21,movement_checkup,active_v21_exact_reuse,physical_ready_exact_pair,Measured from current task-start physical corpus.
checkup-shoulder-turn-right-v21,marcus,assets/audio/voice/marcus/checkup-shoulder-turn-right-v21.mp3,true,8a96888a13a3581ba9f59e1a21707b5f9b355ac374df3d2483c5c6de428745cc,2276,true,true,true,verified_by_verify_audio,checkup-shoulder-turn-right-v21,movement_checkup,active_v21_exact_reuse,physical_ready_exact_pair,Measured from current task-start physical corpus.
close-your-eyes,marcus,assets/audio/voice/marcus/close-your-eyes.mp3,true,eb7c3ed43be1e9bb35d71cdae491d499477d11d140e6f924d01ed02149eb9e2a,2043,true,false,false,baseline_audio_without_required_fingerprint_gate,close-your-eyes,conditional_legacy_balance,candidate_not_reused,script_mismatch_candidate_not_reused,Measured from current task-start physical corpus.
comfortable_range_only,marcus,assets/audio/voice/marcus/comfortable_range_only.mp3,true,208e4c8eca1b377a65fee6a7afa47eb2bca06cdb710c64442e9b44aae2dd26c1,1950,true,true,true,verified_by_verify_audio,,legacy_safety_or_setup,not_in_default_v21,legacy_only,Measured from current task-start physical corpus.
cooldown-now,marcus,assets/audio/voice/marcus/cooldown-now.mp3,true,b50340dddde2f8fdba98f43172d1d70ea6532400ddb86e0b633d9143e0bdf880,2508,true,false,false,baseline_audio_without_required_fingerprint_gate,,legacy_shared_or_current_manifest,not_in_default_v21,legacy_only,Measured from current task-start physical corpus.
countdown-one,marcus,assets/audio/voice/marcus/countdown-one.mp3,true,da321ac124d192e8423bf074f3c5c027840a0b0e25884195116d70c34c225ff4,604,true,false,false,baseline_audio_without_required_fingerprint_gate,countdown-one,legacy_shared_or_current_manifest,active_v21_exact_reuse,physical_ready_exact_pair,Measured from current task-start physical corpus.
countdown-three,marcus,assets/audio/voice/marcus/countdown-three.mp3,true,a953bfde0b8641897fd01e4095d6847ab9b5b52de917052a8f2edaafc35dc8a8,789,true,false,false,baseline_audio_without_required_fingerprint_gate,countdown-three,legacy_shared_or_current_manifest,active_v21_exact_reuse,physical_ready_exact_pair,Measured from current task-start physical corpus.
countdown-two,marcus,assets/audio/voice/marcus/countdown-two.mp3,true,765398a75a42490b8b037d29f5fa9f657f73eab78717d2967d44978687bfc9b9,743,true,false,false,baseline_audio_without_required_fingerprint_gate,countdown-two,legacy_shared_or_current_manifest,active_v21_exact_reuse,physical_ready_exact_pair,Measured from current task-start physical corpus.
door_anchor_follow_manufacturer_setup,marcus,assets/audio/voice/marcus/door_anchor_follow_manufacturer_setup.mp3,true,16b2dc5d2fa5b489d6f3450c5c20df775b5c0cd2cfd55837b6c22caed8f9ab8e,3947,true,true,true,verified_by_verify_audio,,legacy_safety_or_setup,not_in_default_v21,legacy_only,Measured from current task-start physical corpus.
door_anchor_fully_closed,marcus,assets/audio/voice/marcus/door_anchor_fully_closed.mp3,true,e09c730743583b8d86ccba63f8a039e503f6a8e70b6c50c89ffde3f7538b5736,3019,true,true,true,verified_by_verify_audio,,legacy_safety_or_setup,not_in_default_v21,legacy_only,Measured from current task-start physical corpus.
door_anchor_stay_out_of_door_path,marcus,assets/audio/voice/marcus/door_anchor_stay_out_of_door_path.mp3,true,dabf3b2c3f495bbe06416e004fee45526890e8360231fb8daf2982d5ba7edf2c,3065,true,true,true,verified_by_verify_audio,,legacy_safety_or_setup,not_in_default_v21,legacy_only,Measured from current task-start physical corpus.
door_anchor_stop_if_moves,marcus,assets/audio/voice/marcus/door_anchor_stop_if_moves.mp3,true,448dc5db4f31b8a4a47a7f5ed8ea76709c97612249a7d945322357d526a3def8,4365,true,true,true,verified_by_verify_audio,,legacy_safety_or_setup,not_in_default_v21,legacy_only,Measured from current task-start physical corpus.
door_anchor_test_light_tension,marcus,assets/audio/voice/marcus/door_anchor_test_light_tension.mp3,true,9b5b06b4d3a18fd0028e36c395a51256d7db3b9680789f012088392bf6130639,3158,true,true,true,verified_by_verify_audio,,legacy_safety_or_setup,not_in_default_v21,legacy_only,Measured from current task-start physical corpus.
ex-balance,marcus,assets/audio/voice/marcus/ex-balance.mp3,true,bfbe6d2d69387fbff02e641acded41a86b2d2b153e40200b1d50defd3d0273c1,7616,true,false,false,baseline_audio_without_required_fingerprint_gate,,legacy_training_family_instruction,not_in_default_v21,legacy_only,Measured from current task-start physical corpus.
ex-glute-bridge,marcus,assets/audio/voice/marcus/ex-glute-bridge.mp3,true,11cf52fb2ddc3e42da5b08b4bd37b186278cfcaef3082aa7addad20ac53d038e,7988,true,false,false,baseline_audio_without_required_fingerprint_gate,,legacy_training_family_instruction,not_in_default_v21,legacy_only,Measured from current task-start physical corpus.
ex-hamstring-reach,marcus,assets/audio/voice/marcus/ex-hamstring-reach.mp3,true,6fb37f89976d292aa9a893ebe48229cbb0ccd237909a8e9ac90526281dc54b5d,9799,true,false,false,baseline_audio_without_required_fingerprint_gate,micro-mobility-left-v21;micro-mobility-right-v21,legacy_training_family_instruction,candidate_not_reused,script_mismatch_candidate_not_reused,Measured from current task-start physical corpus.
ex-heel-raise,marcus,assets/audio/voice/marcus/ex-heel-raise.mp3,true,c40f2282513172ae709743277b6b8a2b85df842ccdbebaf87fe761ebcf99a678,9938,true,false,false,baseline_audio_without_required_fingerprint_gate,,legacy_training_family_instruction,not_in_default_v21,legacy_only,Measured from current task-start physical corpus.
ex-hip-hinge,marcus,assets/audio/voice/marcus/ex-hip-hinge.mp3,true,d1646bdf3ef9d6b381ccff1cd915c71513bfd79ccd3523a18e8b5c4354f93a5c,11517,true,false,false,baseline_audio_without_required_fingerprint_gate,,legacy_training_family_instruction,not_in_default_v21,legacy_only,Measured from current task-start physical corpus.
ex-march,marcus,assets/audio/voice/marcus/ex-march.mp3,true,072b97d930527a7dfe6f502292e018b679d30d2b7673760d3ed8b9da5b7d0ce6,6502,true,false,false,baseline_audio_without_required_fingerprint_gate,,legacy_training_family_instruction,not_in_default_v21,legacy_only,Measured from current task-start physical corpus.
ex-neck-rotation,marcus,assets/audio/voice/marcus/ex-neck-rotation.mp3,true,28fa0b2d15da2a7d45171e311adcc4fddac673595ecea4ad8235f999b20319a2,7338,true,false,false,baseline_audio_without_required_fingerprint_gate,,legacy_training_family_instruction,not_in_default_v21,legacy_only,Measured from current task-start physical corpus.
ex-overhead,marcus,assets/audio/voice/marcus/ex-overhead.mp3,true,da357733bf4dda5c32860af6f5d935342deac7ccab0bf3d627bb5201cf1ca5f1,6502,true,false,false,baseline_audio_without_required_fingerprint_gate,,legacy_training_family_instruction,not_in_default_v21,legacy_only,Measured from current task-start physical corpus.
ex-push-up,marcus,assets/audio/voice/marcus/ex-push-up.mp3,true,461dca046c6299516bf0ee32910f7fa424ec8bc669575cbf372e1e363d8d3e9f,7245,true,false,false,baseline_audio_without_required_fingerprint_gate,,legacy_training_family_instruction,not_in_default_v21,legacy_only,Measured from current task-start physical corpus.
ex-sit-to-stand,marcus,assets/audio/voice/marcus/ex-sit-to-stand.mp3,true,d85b0b37afa8971986f818b4ad04e8fc38966284487d85e5977030bf0d91283c,9660,true,false,false,baseline_audio_without_required_fingerprint_gate,,legacy_training_family_instruction,not_in_default_v21,legacy_only,Measured from current task-start physical corpus.
ex-squat,marcus,assets/audio/voice/marcus/ex-squat.mp3,true,d80d4dfb04d54a6457eac75ba17e8af35b75537181a49fa45becc1916b74aad5,8127,true,false,false,baseline_audio_without_required_fingerprint_gate,,legacy_training_family_instruction,not_in_default_v21,legacy_only,Measured from current task-start physical corpus.
ex-step-up,marcus,assets/audio/voice/marcus/ex-step-up.mp3,true,86e4c62d7c01a1acdd6761086fbfdc7015ad664b96b240e1ea22df5f99a06d50,8731,true,false,false,baseline_audio_without_required_fingerprint_gate,,legacy_training_family_instruction,not_in_default_v21,legacy_only,Measured from current task-start physical corpus.
exercise-skipped,marcus,assets/audio/voice/marcus/exercise-skipped.mp3,true,6df9e8b351a0706e826455fda98df1f933861f1ded207a5b7f40da95788de178,2833,true,false,false,baseline_audio_without_required_fingerprint_gate,training-skip-v21,legacy_shared_or_current_manifest,candidate_not_reused,script_mismatch_candidate_not_reused,Measured from current task-start physical corpus.
face-forward,marcus,assets/audio/voice/marcus/face-forward.mp3,true,43f1b6fdb0db3bc40d0cc634d4504c15b3d976227ca4de84b1666c623206ead9,2601,true,false,false,baseline_audio_without_required_fingerprint_gate,,legacy_shared_or_current_manifest,not_in_default_v21,legacy_only,Measured from current task-start physical corpus.
final-position-set-v21,marcus,assets/audio/voice/marcus/final-position-set-v21.mp3,true,26f95b44810d8b6e6cc8730bf0a6b9b187e759e2164dfe20161507fbc72dc696,975,true,true,true,verified_by_verify_audio,final-position-set-v21,legacy_shared_or_current_manifest,active_v21_exact_reuse,physical_ready_exact_pair,Measured from current task-start physical corpus.
floor_clear_space,marcus,assets/audio/voice/marcus/floor_clear_space.mp3,true,fe1e89144741fd1d997f8bd9ee843f7561b264e6bd57345be5b28bcd02099ab1,3297,true,true,true,verified_by_verify_audio,,legacy_safety_or_setup,not_in_default_v21,legacy_only,Measured from current task-start physical corpus.
floor_slow_transition,marcus,assets/audio/voice/marcus/floor_slow_transition.mp3,true,7e4f0f8a9d105eccca217bd0883ade21dfa489a983a75629bd2af22ada968ea3,2972,true,true,true,verified_by_verify_audio,equip-floor-transition-v21,legacy_safety_or_setup,candidate_not_reused,script_mismatch_candidate_not_reused,Measured from current task-start physical corpus.
floor_stop_if_transfer_unsteady,marcus,assets/audio/voice/marcus/floor_stop_if_transfer_unsteady.mp3,true,7fcc35229bcef9449d7e6bf93bf54e3fb385d9a176cfcc81c6d4756722e91a06,4644,true,true,true,verified_by_verify_audio,,legacy_safety_or_setup,not_in_default_v21,legacy_only,Measured from current task-start physical corpus.
floor_use_support_for_transfer,marcus,assets/audio/voice/marcus/floor_use_support_for_transfer.mp3,true,d22667ca08e59347c25306213846759c2d4569002d73f6fe6fe6091e00db6287,2926,true,true,true,verified_by_verify_audio,,legacy_safety_or_setup,not_in_default_v21,legacy_only,Measured from current task-start physical corpus.
framing-ready,marcus,assets/audio/voice/marcus/framing-ready.mp3,true,3591978acf4a569267f825876cac319413409bdec2d0780b97c9e2155dae478e,1254,true,false,false,baseline_audio_without_required_fingerprint_gate,,legacy_shared_or_current_manifest,not_in_default_v21,legacy_only,Measured from current task-start physical corpus.
global_breathe_normally,marcus,assets/audio/voice/marcus/global_breathe_normally.mp3,true,c09d8d8a2af3ddfc7e6f48165876f0f3665c943ed6b76fa4e7c5db87284f1384,2740,true,true,true,verified_by_verify_audio,,legacy_safety_or_setup,not_in_default_v21,legacy_only,Measured from current task-start physical corpus.
global_clear_space,marcus,assets/audio/voice/marcus/global_clear_space.mp3,true,ab020836711bfd85872d236ac3c40306b1f8e9afd341e17aaf4ba853cffd56db,2136,true,true,true,verified_by_verify_audio,,legacy_safety_or_setup,not_in_default_v21,legacy_only,Measured from current task-start physical corpus.
global_pause_if_tracking_lost,marcus,assets/audio/voice/marcus/global_pause_if_tracking_lost.mp3,true,18e73ef98bd91f6b5c29ca76a0bd0b8414dfdc3d3e0b46da88022027e213f049,4690,true,true,true,verified_by_verify_audio,,legacy_safety_or_setup,not_in_default_v21,legacy_only,Measured from current task-start physical corpus.
global_stop_dizzy_or_lightheaded,marcus,assets/audio/voice/marcus/global_stop_dizzy_or_lightheaded.mp3,true,1ccd938a8bfebb45dded52559159ddc6d650f41f7785a83e890f2036a2e67bf5,3622,true,true,true,verified_by_verify_audio,,legacy_safety_or_setup,not_in_default_v21,legacy_only,Measured from current task-start physical corpus.
global_stop_if_support_moves,marcus,assets/audio/voice/marcus/global_stop_if_support_moves.mp3,true,a3a98a5dff0f6dbd9ebf1a86e138a9b6ceb773c17f0a400283c888a819c5430e,4319,true,true,true,verified_by_verify_audio,,legacy_safety_or_setup,not_in_default_v21,legacy_only,Measured from current task-start physical corpus.
global_stop_sharp_or_increasing_pain,marcus,assets/audio/voice/marcus/global_stop_sharp_or_increasing_pain.mp3,true,159ab1a39ed1d77d0de51207282f785ea053012b4df41524924ad64d02396802,3622,true,true,true,verified_by_verify_audio,,legacy_safety_or_setup,not_in_default_v21,legacy_only,Measured from current task-start physical corpus.
go,marcus,assets/audio/voice/marcus/go.mp3,true,b27dc828a2c58649e7882dc296a462b5584655ac290651226e11bafdede6ae27,557,true,false,false,baseline_audio_without_required_fingerprint_gate,go,legacy_shared_or_current_manifest,active_v21_exact_reuse,physical_ready_exact_pair,Measured from current task-start physical corpus.
hinge-intro,marcus,assets/audio/voice/marcus/hinge-intro.mp3,true,7edd51c6f809fa861bd984b90c676ea44339d4350536f49fdc1f4b32c7d84eae,5016,true,false,false,baseline_audio_without_required_fingerprint_gate,,legacy_shared_or_current_manifest,not_in_default_v21,legacy_only,Measured from current task-start physical corpus.
hinge-setup,marcus,assets/audio/voice/marcus/hinge-setup.mp3,true,c8bc2b2a80fa50901ad43196d655e538281c38bf3673f674013094cd61e89e61,7152,true,false,false,baseline_audio_without_required_fingerprint_gate,,legacy_shared_or_current_manifest,not_in_default_v21,legacy_only,Measured from current task-start physical corpus.
hold-still,marcus,assets/audio/voice/marcus/hold-still.mp3,true,3d0182196b38d46d4eac03e690a8fce83f8c986b4ed71f0f6654e8776b9ebe1f,1579,true,false,false,baseline_audio_without_required_fingerprint_gate,setup-hold-still-v21,legacy_shared_or_current_manifest,candidate_not_reused,script_mismatch_candidate_not_reused,Measured from current task-start physical corpus.
item-complete-v21,marcus,assets/audio/voice/marcus/item-complete-v21.mp3,true,b9219a267f0847c0b1db8bdde9d73ed7e4a23ec8f9a6f34d463ccb62f3647465,929,true,true,true,verified_by_verify_audio,checkup-balance-next-stance-v21;item-complete-v21,legacy_shared_or_current_manifest,active_v21_exact_reuse,physical_ready_exact_pair,Measured from current task-start physical corpus.
item-complete,marcus,assets/audio/voice/marcus/item-complete.mp3,true,9d18b32b09fc788b90ffd7769a9b2302b4ad9361eef59273e32724fb94408491,1068,true,false,false,baseline_audio_without_required_fingerprint_gate,,legacy_shared_or_current_manifest,not_in_default_v21,legacy_only,Measured from current task-start physical corpus.
last-set,marcus,assets/audio/voice/marcus/last-set.mp3,true,22454165c573ff07bec7fd5ca89f7db8784197751b020ef310a682bfc96bfc67,1997,true,false,false,baseline_audio_without_required_fingerprint_gate,last-set-v21,legacy_shared_or_current_manifest,candidate_not_reused,script_mismatch_candidate_not_reused,Measured from current task-start physical corpus.
microcheck-balance,marcus,assets/audio/voice/marcus/microcheck-balance.mp3,true,988bc7942a480e0cc3bf228defb0e1f9b52dd1f0e3fa107c4a1d820dcaa4c942,5341,true,false,false,baseline_audio_without_required_fingerprint_gate,micro-single-leg-left-v21;micro-single-leg-right-v21,legacy_micro_check,candidate_not_reused,script_mismatch_candidate_not_reused,Measured from current task-start physical corpus.
microcheck-chair,marcus,assets/audio/voice/marcus/microcheck-chair.mp3,true,0351c94cac2a22087aa6909da96e78dfcedf34c69715234d104e42c75c5149f8,9892,true,false,false,baseline_audio_without_required_fingerprint_gate,micro-chair-power-v21,legacy_micro_check,candidate_not_reused,script_mismatch_candidate_not_reused,Measured from current task-start physical corpus.
microcheck-complete,marcus,assets/audio/voice/marcus/microcheck-complete.mp3,true,96241d61119cfca6d171a3920431d7f9a3451cd355f990ec4fc9c8ed4b518028,2322,true,false,false,baseline_audio_without_required_fingerprint_gate,microcheck-complete-v21,legacy_micro_check,candidate_not_reused,script_mismatch_candidate_not_reused,Measured from current task-start physical corpus.
microcheck-intro,marcus,assets/audio/voice/marcus/microcheck-intro.mp3,true,01a47791cd2c0efbbeddcdf731e60798b52437183f6b6a5e5eba139b1fbd7dbe,3019,true,false,false,baseline_audio_without_required_fingerprint_gate,,legacy_micro_check,not_in_default_v21,retired,Measured from current task-start physical corpus.
mobility_no_forcing,marcus,assets/audio/voice/marcus/mobility_no_forcing.mp3,true,c3b2997a3160856cade0a57df77fb19aca97a6f4c89de27dff9afcbfb960f347,3019,true,true,true,verified_by_verify_audio,,legacy_safety_or_setup,not_in_default_v21,legacy_only,Measured from current task-start physical corpus.
mpv2_balance_attempt_saved,marcus,assets/audio/voice/marcus/mpv2_balance_attempt_saved.mp3,true,e764c0e5aeb7093289d09e775f799835a9d9718bae7ebdbc901995b9f21b6383,1486,true,true,true,verified_by_verify_audio,mpv2_balance_attempt_saved,movement_checkup,active_v21_exact_reuse,physical_ready_exact_pair,Measured from current task-start physical corpus.
mpv2_balance_attempt_start,marcus,assets/audio/voice/marcus/mpv2_balance_attempt_start.mp3,true,839f3d8884f4bf7d976a66dc10d28c2481e44594fe37cda402c645e3c81ee937,4783,true,true,true,verified_by_verify_audio,mpv2_balance_attempt_start,movement_checkup,active_v21_exact_reuse,physical_ready_exact_pair,Measured from current task-start physical corpus.
mpv2_balance_complete,marcus,assets/audio/voice/marcus/mpv2_balance_complete.mp3,true,71df1c042bade53fdd561ea5d0591ab84692f319eb1b742953c024ebfdb3a448,1440,true,true,true,verified_by_verify_audio,checkup-balance-complete-v21;mpv2_balance_complete,movement_checkup,active_v21_exact_reuse,physical_ready_exact_pair,Measured from current task-start physical corpus.
mpv2_balance_full_hold,marcus,assets/audio/voice/marcus/mpv2_balance_full_hold.mp3,true,faa8b40b8e17866465528097c0ae36f909175a6df3c7228ffa679de380965a6a,2415,true,true,true,verified_by_verify_audio,mpv2_balance_full_hold,movement_checkup,active_v21_exact_reuse,physical_ready_exact_pair,Measured from current task-start physical corpus.
mpv2_balance_ready_after_30,marcus,assets/audio/voice/marcus/mpv2_balance_ready_after_30.mp3,true,b3fc1a6c5ab12980a67d61ff6bdc8df25c354b7992c14da654aa194f4c85fde4,2508,true,true,true,verified_by_verify_audio,mpv2_balance_ready_after_30,movement_checkup,active_v21_exact_reuse,physical_ready_exact_pair,Measured from current task-start physical corpus.
mpv2_balance_ready_after_60,marcus,assets/audio/voice/marcus/mpv2_balance_ready_after_60.mp3,true,440cdb65b33d5e9d77a54deb2affcf7b59cf15ecd48688f7f5f29d2c9617b85c,1765,true,true,true,verified_by_verify_audio,mpv2_balance_ready_after_60,movement_checkup,active_v21_exact_reuse,physical_ready_exact_pair,Measured from current task-start physical corpus.
mpv2_balance_rest,marcus,assets/audio/voice/marcus/mpv2_balance_rest.mp3,true,bae248b357ab3cf274810e1c3d719620d4309a14bd72c98b816361b0abad413a,4458,true,true,true,verified_by_verify_audio,mpv2_balance_rest,movement_checkup,active_v21_exact_reuse,physical_ready_exact_pair,Measured from current task-start physical corpus.
mpv2_balance_tracking_retry,marcus,assets/audio/voice/marcus/mpv2_balance_tracking_retry.mp3,true,e005145f67a15ce9d07f07f6e18d5f253f5bfc68658db20ddf47092bc194e924,6594,true,true,true,verified_by_verify_audio,mpv2_balance_tracking_retry,movement_checkup,active_v21_exact_reuse,physical_ready_exact_pair,Measured from current task-start physical corpus.
mpv2_balance_use_best,marcus,assets/audio/voice/marcus/mpv2_balance_use_best.mp3,true,72e5adc10e9ee5b9d0110615118c218b940d4b12524715aa9ed69855cd45ea1f,1440,true,true,true,verified_by_verify_audio,mpv2_balance_use_best,movement_checkup,active_v21_exact_reuse,physical_ready_exact_pair,Measured from current task-start physical corpus.
mpv2_chair_official_ready,marcus,assets/audio/voice/marcus/mpv2_chair_official_ready.mp3,true,201412a94bbf5c79cc38cd1ace3f5ff18535ab8f557258b39b9a40181a3e13ba,3111,true,true,true,verified_by_verify_audio,mpv2_chair_official_ready,movement_checkup,active_v21_exact_reuse,physical_ready_exact_pair,Measured from current task-start physical corpus.
mpv2_chair_practice_start,marcus,assets/audio/voice/marcus/mpv2_chair_practice_start.mp3,true,fdb9588142bada63ca795ecf1e1ede8b18078e06aa70950a9e04b98df479e30c,2740,true,true,true,verified_by_verify_audio,mpv2_chair_practice_start,movement_checkup,active_v21_exact_reuse,physical_ready_exact_pair,Measured from current task-start physical corpus.
mpv2_checkup_intro,marcus,assets/audio/voice/marcus/mpv2_checkup_intro.mp3,true,c062bc616080c261dfeff5d16646defe486ea0b2de423648e94199981e04bef1,5294,true,true,true,verified_by_verify_audio,mpv2_checkup_intro,movement_checkup,active_v21_exact_reuse,physical_ready_exact_pair,Measured from current task-start physical corpus.
mpv2_hinge_complete,marcus,assets/audio/voice/marcus/mpv2_hinge_complete.mp3,true,9c9a62e2856ce9575b6943679ff98002708a993d190a30567e4269b3d35d939c,1254,true,true,true,verified_by_verify_audio,mpv2_hinge_complete,movement_checkup,active_v21_exact_reuse,physical_ready_exact_pair,Measured from current task-start physical corpus.
mpv2_hinge_no_measurement,marcus,assets/audio/voice/marcus/mpv2_hinge_no_measurement.mp3,true,5179db2255a1246462fad3570ac242a56d7dac370b2bde3de0a0a67183e9c547,3344,true,true,true,verified_by_verify_audio,mpv2_hinge_no_measurement,movement_checkup,active_v21_exact_reuse,physical_ready_exact_pair,Measured from current task-start physical corpus.
mpv2_shoulder_tracking_retry,marcus,assets/audio/voice/marcus/mpv2_shoulder_tracking_retry.mp3,true,5c4d877e4da6ecead85a29d53104eb54704d0b09a7e53878256976b61a924177,5433,true,true,true,verified_by_verify_audio,mpv2_shoulder_tracking_retry,movement_checkup,active_v21_exact_reuse,physical_ready_exact_pair,Measured from current task-start physical corpus.
next-exercise,marcus,assets/audio/voice/marcus/next-exercise.mp3,true,2c018e19b3261f7b2f17feb3972a14021565a7b96663d5a4683932c39caa449b,2136,true,false,false,baseline_audio_without_required_fingerprint_gate,,legacy_shared_or_current_manifest,not_in_default_v21,legacy_only,Measured from current task-start physical corpus.
next-up,marcus,assets/audio/voice/marcus/next-up.mp3,true,75d8e76785a86eb667daba1eeddf2bb888b7c79e189f3b0936f6c37b33a5c88a,1625,true,false,false,baseline_audio_without_required_fingerprint_gate,next-exercise-v21,legacy_shared_or_current_manifest,candidate_not_reused,script_mismatch_candidate_not_reused,Measured from current task-start physical corpus.
no-reps,marcus,assets/audio/voice/marcus/no-reps.mp3,true,5b8164cf6159992ff9b85caf5385e9a87928b86074740cd5d13fae16c3ae95aa,3762,true,false,false,baseline_audio_without_required_fingerprint_gate,,legacy_shared_or_current_manifest,not_in_default_v21,legacy_only,Measured from current task-start physical corpus.
num-0,marcus,assets/audio/voice/marcus/num-0.mp3,true,1ace491c981616dfacc709ac7c055dfecc3994058cca03e12c7d45002636c77f,836,true,false,false,baseline_audio_without_required_fingerprint_gate,,legacy_results_number_stitching,not_in_default_v21,legacy_only,Measured from current task-start physical corpus.
num-1,marcus,assets/audio/voice/marcus/num-1.mp3,true,4a17c23aef329d7e39c5112bef7ba0034a40fa6f17505d8d3cfb0b0678aef0e3,557,true,false,false,baseline_audio_without_required_fingerprint_gate,,legacy_results_number_stitching,not_in_default_v21,legacy_only,Measured from current task-start physical corpus.
num-10,marcus,assets/audio/voice/marcus/num-10.mp3,true,e57c52eabc62ac8f68b9f2f795b63357e51633b88f32a497550643dc1e7ab994,743,true,false,false,baseline_audio_without_required_fingerprint_gate,,legacy_results_number_stitching,not_in_default_v21,legacy_only,Measured from current task-start physical corpus.
num-11,marcus,assets/audio/voice/marcus/num-11.mp3,true,0e755774121fa2c819d8702e493de237520fdd644f2a070dc9a67548927965a7,789,true,false,false,baseline_audio_without_required_fingerprint_gate,,legacy_results_number_stitching,not_in_default_v21,legacy_only,Measured from current task-start physical corpus.
num-12,marcus,assets/audio/voice/marcus/num-12.mp3,true,4a32fb7301b67d1f8bc183d5a0e2e6d9dd7b61b55a6d2860fb097f4143f021dc,929,true,false,false,baseline_audio_without_required_fingerprint_gate,,legacy_results_number_stitching,not_in_default_v21,legacy_only,Measured from current task-start physical corpus.
num-13,marcus,assets/audio/voice/marcus/num-13.mp3,true,1ea711c5b096b4e56b88da68756b9e9b466c65e5359c913ade882ba06d8d8669,1022,true,false,false,baseline_audio_without_required_fingerprint_gate,,legacy_results_number_stitching,not_in_default_v21,legacy_only,Measured from current task-start physical corpus.
num-14,marcus,assets/audio/voice/marcus/num-14.mp3,true,926e3db09b0d11b40800257591a6d7b34b01b6aaa3a51bb3decee6f102f4d623,929,true,false,false,baseline_audio_without_required_fingerprint_gate,,legacy_results_number_stitching,not_in_default_v21,legacy_only,Measured from current task-start physical corpus.
num-15,marcus,assets/audio/voice/marcus/num-15.mp3,true,0e3aaaaa502ba24e5dfe4892cee89d0a1b145682aa3e45ad7e5092ef4425ba89,836,true,false,false,baseline_audio_without_required_fingerprint_gate,,legacy_results_number_stitching,not_in_default_v21,legacy_only,Measured from current task-start physical corpus.
num-16,marcus,assets/audio/voice/marcus/num-16.mp3,true,178af191ba00d3aa01e131d048848905300f30b2a8686865cb9996d8cbbf73c1,882,true,false,false,baseline_audio_without_required_fingerprint_gate,,legacy_results_number_stitching,not_in_default_v21,legacy_only,Measured from current task-start physical corpus.
num-17,marcus,assets/audio/voice/marcus/num-17.mp3,true,488154e3b3029769b6d717a37186c23567436240ab0d207db2f95865d160b93d,836,true,false,false,baseline_audio_without_required_fingerprint_gate,,legacy_results_number_stitching,not_in_default_v21,legacy_only,Measured from current task-start physical corpus.
num-18,marcus,assets/audio/voice/marcus/num-18.mp3,true,fc10eb03f6e5d341c78be10374713023e736046aa29f71ce73d4820d93b435f9,975,true,false,false,baseline_audio_without_required_fingerprint_gate,,legacy_results_number_stitching,not_in_default_v21,legacy_only,Measured from current task-start physical corpus.
num-19,marcus,assets/audio/voice/marcus/num-19.mp3,true,38372f0347d022f4c925f403acbcb1564996bbb0636ba9d82d6b5a6f3bf778cc,882,true,false,false,baseline_audio_without_required_fingerprint_gate,,legacy_results_number_stitching,not_in_default_v21,legacy_only,Measured from current task-start physical corpus.
num-2,marcus,assets/audio/voice/marcus/num-2.mp3,true,8fdd3ab387b3d33cfe2ff29d0d70462de8459491959486adbecfa816856c0fa6,697,true,false,false,baseline_audio_without_required_fingerprint_gate,,legacy_results_number_stitching,not_in_default_v21,legacy_only,Measured from current task-start physical corpus.
num-20,marcus,assets/audio/voice/marcus/num-20.mp3,true,519bf5279b81a18a8a83469e73b98f6123b30f09906b7c57109a154ef47f4475,789,true,false,false,baseline_audio_without_required_fingerprint_gate,,legacy_results_number_stitching,not_in_default_v21,legacy_only,Measured from current task-start physical corpus.
num-21,marcus,assets/audio/voice/marcus/num-21.mp3,true,6e75c073be6aeceaaca9cdbffca5ccd7e569fdf838d4fb2e673de83d780b0761,1022,true,false,false,baseline_audio_without_required_fingerprint_gate,,legacy_results_number_stitching,not_in_default_v21,legacy_only,Measured from current task-start physical corpus.
num-22,marcus,assets/audio/voice/marcus/num-22.mp3,true,91de4f253a2dd9f2d48183d73c9f043b69759612a5cd24b4ae439349d66a82d9,1068,true,false,false,baseline_audio_without_required_fingerprint_gate,,legacy_results_number_stitching,not_in_default_v21,legacy_only,Measured from current task-start physical corpus.
num-23,marcus,assets/audio/voice/marcus/num-23.mp3,true,ea76a521116068340f00ff40e47952643050c5f5bfe064a76dbc54e40877e4fa,975,true,false,false,baseline_audio_without_required_fingerprint_gate,,legacy_results_number_stitching,not_in_default_v21,legacy_only,Measured from current task-start physical corpus.
num-24,marcus,assets/audio/voice/marcus/num-24.mp3,true,32b5e7ac533e38c25f96b80dbc74a30b63ef2a33fe6bee0d88497b0953151bde,1161,true,false,false,baseline_audio_without_required_fingerprint_gate,,legacy_results_number_stitching,not_in_default_v21,legacy_only,Measured from current task-start physical corpus.
num-25,marcus,assets/audio/voice/marcus/num-25.mp3,true,39e3f09ec022526d070a8c47af833a4035ccf899b654f993da16bf5aafd0c266,882,true,false,false,baseline_audio_without_required_fingerprint_gate,,legacy_results_number_stitching,not_in_default_v21,legacy_only,Measured from current task-start physical corpus.
num-26,marcus,assets/audio/voice/marcus/num-26.mp3,true,6e0bc2821ad3a6ec92eac269966bbc3e99282b1f41ad2e2009af0db1d3ab52a2,1022,true,false,false,baseline_audio_without_required_fingerprint_gate,,legacy_results_number_stitching,not_in_default_v21,legacy_only,Measured from current task-start physical corpus.
num-27,marcus,assets/audio/voice/marcus/num-27.mp3,true,87d87b20907cda0d6591438de99c34dd71eac910ad4105599eb255d9f4165275,1068,true,false,false,baseline_audio_without_required_fingerprint_gate,,legacy_results_number_stitching,not_in_default_v21,legacy_only,Measured from current task-start physical corpus.
num-28,marcus,assets/audio/voice/marcus/num-28.mp3,true,c1ecf0fc23c5e63f1a8f1ad6930a95c043bca270fb045d9fe40ed3a69a90b78e,975,true,false,false,baseline_audio_without_required_fingerprint_gate,,legacy_results_number_stitching,not_in_default_v21,legacy_only,Measured from current task-start physical corpus.
num-29,marcus,assets/audio/voice/marcus/num-29.mp3,true,53458de222310bd5d204c1e5b0c36d6e24ab19d7ce46cbf3af241f3d011d7e77,1068,true,false,false,baseline_audio_without_required_fingerprint_gate,,legacy_results_number_stitching,not_in_default_v21,legacy_only,Measured from current task-start physical corpus.
num-3,marcus,assets/audio/voice/marcus/num-3.mp3,true,322d3a89ffaceaddb000bf45f4b0f2b1bba632f96dc9fedf27c3bec432d641fc,743,true,false,false,baseline_audio_without_required_fingerprint_gate,,legacy_results_number_stitching,not_in_default_v21,legacy_only,Measured from current task-start physical corpus.
num-30,marcus,assets/audio/voice/marcus/num-30.mp3,true,9f6b524037a43c35bbd8279a76a1c636dc952f2fa3b0fc47ea73bd128db58253,836,true,false,false,baseline_audio_without_required_fingerprint_gate,,legacy_results_number_stitching,not_in_default_v21,legacy_only,Measured from current task-start physical corpus.
num-31,marcus,assets/audio/voice/marcus/num-31.mp3,true,355c79d95f7562232daa45189092d12986258e000c1d67603b4ed15a82b44b27,929,true,false,false,baseline_audio_without_required_fingerprint_gate,,legacy_results_number_stitching,not_in_default_v21,legacy_only,Measured from current task-start physical corpus.
num-32,marcus,assets/audio/voice/marcus/num-32.mp3,true,1d5125f8f693bb3cd23c30f4ecfd85cf071f74693049f33bc21038643f4e4936,975,true,false,false,baseline_audio_without_required_fingerprint_gate,,legacy_results_number_stitching,not_in_default_v21,legacy_only,Measured from current task-start physical corpus.
num-33,marcus,assets/audio/voice/marcus/num-33.mp3,true,e492667bc4c5f843df4c8113635208260fbdef228f6817612f42ef3168ff112c,1022,true,false,false,baseline_audio_without_required_fingerprint_gate,,legacy_results_number_stitching,not_in_default_v21,legacy_only,Measured from current task-start physical corpus.
num-34,marcus,assets/audio/voice/marcus/num-34.mp3,true,8a398c691e02c502720990d5048abd2cf8707a029ae6a4a68632faaa057c0a45,789,true,false,false,baseline_audio_without_required_fingerprint_gate,,legacy_results_number_stitching,not_in_default_v21,legacy_only,Measured from current task-start physical corpus.
num-35,marcus,assets/audio/voice/marcus/num-35.mp3,true,9ccffd613e9a53f609c9590da7d39326d7d2a8f68f1aa8f87ee49fdcc743e20b,1115,true,false,false,baseline_audio_without_required_fingerprint_gate,,legacy_results_number_stitching,not_in_default_v21,legacy_only,Measured from current task-start physical corpus.
num-36,marcus,assets/audio/voice/marcus/num-36.mp3,true,a51d3438a0e4ded741ce90bbcfb6516e5348165d36ff44103754f4f0d3a6ebd2,1022,true,false,false,baseline_audio_without_required_fingerprint_gate,,legacy_results_number_stitching,not_in_default_v21,legacy_only,Measured from current task-start physical corpus.
num-37,marcus,assets/audio/voice/marcus/num-37.mp3,true,ade55b973de0abbcd753416c05f992db5fd2ef3bd23537c03bda29f39a502a39,1022,true,false,false,baseline_audio_without_required_fingerprint_gate,,legacy_results_number_stitching,not_in_default_v21,legacy_only,Measured from current task-start physical corpus.
num-38,marcus,assets/audio/voice/marcus/num-38.mp3,true,880528b3ea013c1fb42bd6332a4be3991b0c083b6a3f0b124372dcc02e1bcc82,975,true,false,false,baseline_audio_without_required_fingerprint_gate,,legacy_results_number_stitching,not_in_default_v21,legacy_only,Measured from current task-start physical corpus.
num-39,marcus,assets/audio/voice/marcus/num-39.mp3,true,f08da52ec0b20c4ca620631ab81152d303a84929db9df260f6976e84799e96bb,975,true,false,false,baseline_audio_without_required_fingerprint_gate,,legacy_results_number_stitching,not_in_default_v21,legacy_only,Measured from current task-start physical corpus.
num-4,marcus,assets/audio/voice/marcus/num-4.mp3,true,ba48db646725966dec531f6ec91b985c198eca0353c51e79c6f2139266002fb5,697,true,false,false,baseline_audio_without_required_fingerprint_gate,,legacy_results_number_stitching,not_in_default_v21,legacy_only,Measured from current task-start physical corpus.
num-40,marcus,assets/audio/voice/marcus/num-40.mp3,true,0cd74f61ab4574a73f0172aa5bf6c83e833753a110725c8e2b616383aadffc36,743,true,false,false,baseline_audio_without_required_fingerprint_gate,,legacy_results_number_stitching,not_in_default_v21,legacy_only,Measured from current task-start physical corpus.
num-5,marcus,assets/audio/voice/marcus/num-5.mp3,true,4fc9dfe29c50ede821d0d178bdb37f4d9abd837250242beaa8011f053e33635b,789,true,false,false,baseline_audio_without_required_fingerprint_gate,,legacy_results_number_stitching,not_in_default_v21,legacy_only,Measured from current task-start physical corpus.
num-6,marcus,assets/audio/voice/marcus/num-6.mp3,true,f75640590248a066dfe9dfac300729eed50519ad883c4c0afb5e87aac40bc5c5,789,true,false,false,baseline_audio_without_required_fingerprint_gate,,legacy_results_number_stitching,not_in_default_v21,legacy_only,Measured from current task-start physical corpus.
num-7,marcus,assets/audio/voice/marcus/num-7.mp3,true,b0bd0378a537c21265e9825ca107feb651a5869706237b8b03f4a5bd99bd53bd,743,true,false,false,baseline_audio_without_required_fingerprint_gate,,legacy_results_number_stitching,not_in_default_v21,legacy_only,Measured from current task-start physical corpus.
num-8,marcus,assets/audio/voice/marcus/num-8.mp3,true,a32cd97a636b5b39b778359fafbd2c18e35e61742ba696439f97f78972122535,650,true,false,false,baseline_audio_without_required_fingerprint_gate,,legacy_results_number_stitching,not_in_default_v21,legacy_only,Measured from current task-start physical corpus.
num-9,marcus,assets/audio/voice/marcus/num-9.mp3,true,9b5dad2cd841c03fb84e000f6a28312ca6335128879d39a50c75654f561a2799,743,true,false,false,baseline_audio_without_required_fingerprint_gate,,legacy_results_number_stitching,not_in_default_v21,legacy_only,Measured from current task-start physical corpus.
open-your-eyes,marcus,assets/audio/voice/marcus/open-your-eyes.mp3,true,3bd3152c7be047551a998d3cb627db417b831108dbca554bc9cf03e84e86bb8a,1254,true,false,false,baseline_audio_without_required_fingerprint_gate,open-your-eyes,conditional_legacy_balance,candidate_not_reused,script_mismatch_candidate_not_reused,Measured from current task-start physical corpus.
relax-arm,marcus,assets/audio/voice/marcus/relax-arm.mp3,true,80a7864114973dc4982079a7ddee79423217a83de2e500086f1678fd0bbbbb59,2136,true,false,false,baseline_audio_without_required_fingerprint_gate,micro-relax-v21,legacy_shared_or_current_manifest,candidate_not_reused,script_mismatch_candidate_not_reused,Measured from current task-start physical corpus.
rest-now,marcus,assets/audio/voice/marcus/rest-now.mp3,true,f307e57bb047ed20d0ebd1af6136168d890e987deafa98e0a4e8675e2faa3ec2,1440,true,false,false,baseline_audio_without_required_fingerprint_gate,rest-now-v21,legacy_shared_or_current_manifest,candidate_not_reused,script_mismatch_candidate_not_reused,Measured from current task-start physical corpus.
retry-v21,marcus,assets/audio/voice/marcus/retry-v21.mp3,true,8b7cc0f876a9af004a780231599d3d12f2eaa0616c4bfbaba192024e651ce92c,1254,true,true,true,verified_by_verify_audio,retry-v21,legacy_shared_or_current_manifest,active_v21_exact_reuse,physical_ready_exact_pair,Measured from current task-start physical corpus.
session-complete,marcus,assets/audio/voice/marcus/session-complete.mp3,true,29061227eaee6b7a43c01178590f6c1d0be0211b6b88338b51b1f52890fc3f06,4505,true,false,false,baseline_audio_without_required_fingerprint_gate,session-complete-v21,legacy_shared_or_current_manifest,candidate_not_reused,script_mismatch_candidate_not_reused,Measured from current task-start physical corpus.
set-done,marcus,assets/audio/voice/marcus/set-done.mp3,true,9cf0525cd2f0447357ddb0a75f85db634ce7c009b3c4483b6b43db7768307f0f,929,true,false,false,baseline_audio_without_required_fingerprint_gate,set-complete-v21,legacy_shared_or_current_manifest,candidate_not_reused,script_mismatch_candidate_not_reused,Measured from current task-start physical corpus.
shoulder-intro,marcus,assets/audio/voice/marcus/shoulder-intro.mp3,true,fae40a410680cce831c9aed69672d19fc238087ee7944567248409be94a2664e,6920,true,false,false,baseline_audio_without_required_fingerprint_gate,,legacy_shared_or_current_manifest,not_in_default_v21,legacy_only,Measured from current task-start physical corpus.
shoulder-setup,marcus,assets/audio/voice/marcus/shoulder-setup.mp3,true,61ad9dc8d334ea3ba510f9b026086561a6a14383ca3eca60a39fa22219744edb,6455,true,false,false,baseline_audio_without_required_fingerprint_gate,,legacy_shared_or_current_manifest,not_in_default_v21,legacy_only,Measured from current task-start physical corpus.
stand-tall,marcus,assets/audio/voice/marcus/stand-tall.mp3,true,5705127476827ebe56db0534c50dea2eb106189cce876e6a19ed84cac618086f,2786,true,false,false,baseline_audio_without_required_fingerprint_gate,,legacy_shared_or_current_manifest,not_in_default_v21,legacy_only,Measured from current task-start physical corpus.
stands-suffix,marcus,assets/audio/voice/marcus/stands-suffix.mp3,true,e3791b413694e8dea8d2205669a7d14ea0f9fa391c71eb71ca47186259b2e0e9,1718,true,false,false,baseline_audio_without_required_fingerprint_gate,,legacy_shared_or_current_manifest,not_in_default_v21,legacy_only,Measured from current task-start physical corpus.
step-back,marcus,assets/audio/voice/marcus/step-back.mp3,true,1ab6a17126aa28b1d4967651a454127cdeae8de81c94ae00a7311896914a7a75,1393,true,false,false,baseline_audio_without_required_fingerprint_gate,setup-back-v21,legacy_shared_or_current_manifest,candidate_not_reused,script_mismatch_candidate_not_reused,Measured from current task-start physical corpus.
step-closer,marcus,assets/audio/voice/marcus/step-closer.mp3,true,75cce5c551236ecc7e76903ebde645ea3fb7673fd687af961692b128fcb9b69c,1393,true,false,false,baseline_audio_without_required_fingerprint_gate,setup-closer-v21,legacy_shared_or_current_manifest,candidate_not_reused,script_mismatch_candidate_not_reused,Measured from current task-start physical corpus.
step-into-frame,marcus,assets/audio/voice/marcus/step-into-frame.mp3,true,59746a2ea387b6a5f5f675dfa57fc97a74cc1d88c1ad5f0baca381127889811c,3204,true,false,false,baseline_audio_without_required_fingerprint_gate,setup-enter-view-v21,legacy_shared_or_current_manifest,candidate_not_reused,script_mismatch_candidate_not_reused,Measured from current task-start physical corpus.
step_clear_dry_area,marcus,assets/audio/voice/marcus/step_clear_dry_area.mp3,true,327cf4967f0bb2ab1718c981f59ef4c05edf735918dc370e4f0714454903381d,2833,true,true,true,verified_by_verify_audio,,legacy_safety_or_setup,not_in_default_v21,legacy_only,Measured from current task-start physical corpus.
step_controlled_return,marcus,assets/audio/voice/marcus/step_controlled_return.mp3,true,cee04bed3357d8c77ad48875bb305d45a49c370289e1d176227f77b5c0791243,3251,true,true,true,verified_by_verify_audio,,legacy_safety_or_setup,not_in_default_v21,legacy_only,Measured from current task-start physical corpus.
step_fixed_support_nearby,marcus,assets/audio/voice/marcus/step_fixed_support_nearby.mp3,true,83b65fdde12f1cf1ae2c9d929398a26116ea36a61a7f1fc706ab999429f84dd8,4505,true,true,true,verified_by_verify_audio,,legacy_safety_or_setup,not_in_default_v21,legacy_only,Measured from current task-start physical corpus.
step_phone_out_of_path,marcus,assets/audio/voice/marcus/step_phone_out_of_path.mp3,true,89f91117f4d3655cd677db71cf7a2b0d1eb4773bd0d1f2178d5f47c309947a18,2647,true,true,true,verified_by_verify_audio,,legacy_safety_or_setup,not_in_default_v21,legacy_only,Measured from current task-start physical corpus.
step_stop_if_unstable,marcus,assets/audio/voice/marcus/step_stop_if_unstable.mp3,true,c9c9de3fbea22e648192d9c1957c5bebdf9b7dca0769428cddee7e1331039779,5155,true,true,true,verified_by_verify_audio,,legacy_safety_or_setup,not_in_default_v21,legacy_only,Measured from current task-start physical corpus.
step_use_low_stable_step,marcus,assets/audio/voice/marcus/step_use_low_stable_step.mp3,true,646bb7df31767d30df41c6a751871dccec3d696807ff080b95121b59911d7c30,2554,true,true,true,verified_by_verify_audio,,legacy_safety_or_setup,not_in_default_v21,legacy_only,Measured from current task-start physical corpus.
support_keep_support_within_reach,marcus,assets/audio/voice/marcus/support_keep_support_within_reach.mp3,true,b8b49b9599671c88ead5ae55435fa1b653db65bd700a4c4b28816de103be5b96,2647,true,true,true,verified_by_verify_audio,equip-support-close-v21,legacy_safety_or_setup,candidate_not_reused,script_mismatch_candidate_not_reused,Measured from current task-start physical corpus.
support_use_sturdy_support,marcus,assets/audio/voice/marcus/support_use_sturdy_support.mp3,true,e1cf0e25582d1e0a6d7e21057ef22678eb95bbc67f5294db2aaaf45b0dce29b2,3204,true,true,true,verified_by_verify_audio,,legacy_safety_or_setup,not_in_default_v21,legacy_only,Measured from current task-start physical corpus.
thats-your-set,marcus,assets/audio/voice/marcus/thats-your-set.mp3,true,676ed4954f33b1111ef5cc3a933ad795bf81f9a0d8fa11ae727c57e2aa8c2c36,1393,true,false,false,baseline_audio_without_required_fingerprint_gate,,legacy_shared_or_current_manifest,not_in_default_v21,legacy_only,Measured from current task-start physical corpus.
time-to-retest,marcus,assets/audio/voice/marcus/time-to-retest.mp3,true,f486b5f4057340faeea638c5ad8f84166c9a8e02dfdaeec99d4cd29d184319f8,5666,true,false,false,baseline_audio_without_required_fingerprint_gate,,legacy_shared_or_current_manifest,not_in_default_v21,legacy_only,Measured from current task-start physical corpus.
times-up-v21,marcus,assets/audio/voice/marcus/times-up-v21.mp3,true,9ab93874228039943241ca98f8be965a6a98f9381c9a4ef70dbc0e1fbe69c0f7,743,true,true,true,verified_by_verify_audio,times-up-v21,legacy_shared_or_current_manifest,active_v21_exact_reuse,physical_ready_exact_pair,Measured from current task-start physical corpus.
times-up,marcus,assets/audio/voice/marcus/times-up.mp3,true,2cff694d2626514a68a387b846f486565550a1c99d184bc3fb22990e29b9f7a1,2229,true,false,false,baseline_audio_without_required_fingerprint_gate,,legacy_shared_or_current_manifest,not_in_default_v21,legacy_only,Measured from current task-start physical corpus.
tracking-loss-v21,marcus,assets/audio/voice/marcus/tracking-loss-v21.mp3,true,4794d7e802f59c6084aef66be8d2d4aaf074ec3388fd950637bf4bec8ea86b8d,2694,true,true,true,verified_by_verify_audio,tracking-loss-v21,legacy_shared_or_current_manifest,active_v21_exact_reuse,physical_ready_exact_pair,Measured from current task-start physical corpus.
tracking-recovered-v21,marcus,assets/audio/voice/marcus/tracking-recovered-v21.mp3,true,d1ce6dcc563eda65fbbfabece0a3494e00e5383a568ec376e19d1191a2cb633a,2368,true,true,true,verified_by_verify_audio,tracking-recovered-v21,legacy_shared_or_current_manifest,active_v21_exact_reuse,physical_ready_exact_pair,Measured from current task-start physical corpus.
tracking_keep_full_body_in_view,marcus,assets/audio/voice/marcus/tracking_keep_full_body_in_view.mp3,true,c0cf2515f797688e2b865807ac9e7f5b2ce749d3001ab4541ae87c05118f75c5,3065,true,true,true,verified_by_verify_audio,,legacy_safety_or_setup,not_in_default_v21,legacy_only,Measured from current task-start physical corpus.
tracking_move_when_cued,marcus,assets/audio/voice/marcus/tracking_move_when_cued.mp3,true,fb90aa310f9282641f5add6cf33101d56cad10f7f862e7015397df438fe51380,2368,true,true,true,verified_by_verify_audio,,legacy_safety_or_setup,not_in_default_v21,legacy_only,Measured from current task-start physical corpus.
tracking_no_rush_or_exaggerate,marcus,assets/audio/voice/marcus/tracking_no_rush_or_exaggerate.mp3,true,66ea9d862bfde333c83872f8a67ebc7a64bc5ee275c94e76578e31f4bcdf75f0,3529,true,true,true,verified_by_verify_audio,,legacy_safety_or_setup,not_in_default_v21,legacy_only,Measured from current task-start physical corpus.
tracking_pause_and_reset,marcus,assets/audio/voice/marcus/tracking_pause_and_reset.mp3,true,b34aee4ec8497a83031cbbf9ce9a72ed319c641579d59ff63d21b6bb73499de1,4319,true,true,true,verified_by_verify_audio,,legacy_safety_or_setup,not_in_default_v21,legacy_only,Measured from current task-start physical corpus.
training-intro,marcus,assets/audio/voice/marcus/training-intro.mp3,true,afeabe0b197fe53f62c388b894cb8822cea996297315236e608be0276e1ded47,8220,true,false,false,baseline_audio_without_required_fingerprint_gate,training-intro-v21,legacy_shared_or_current_manifest,candidate_not_reused,script_mismatch_candidate_not_reused,Measured from current task-start physical corpus.
tug-intro,marcus,assets/audio/voice/marcus/tug-intro.mp3,true,6aa33c2ee798054ce51c029b5f74a7549e08f1f2277c6396c7ddd173f43191b1,6734,true,false,false,baseline_audio_without_required_fingerprint_gate,,conditional_legacy_tug,not_in_default_v21,conditional_legacy_only,Measured from current task-start physical corpus.
tug-setup,marcus,assets/audio/voice/marcus/tug-setup.mp3,true,40e7ef8cc42539c9a8d3a12113ee61d2f617a10e47117a4c62411893ab796d2f,9149,true,false,false,baseline_audio_without_required_fingerprint_gate,,conditional_legacy_tug,not_in_default_v21,conditional_legacy_only,Measured from current task-start physical corpus.
turn-on-light,marcus,assets/audio/voice/marcus/turn-on-light.mp3,true,1705ee39ff3dba3462e45b35bc85b2afec69d332cd3c40ed3eb9eb9a1aec4e59,2601,true,false,false,baseline_audio_without_required_fingerprint_gate,setup-light-v21,legacy_shared_or_current_manifest,candidate_not_reused,script_mismatch_candidate_not_reused,Measured from current task-start physical corpus.
turn-side-on,marcus,assets/audio/voice/marcus/turn-side-on.mp3,true,c1029f6f74dd895d0aa6d6291f2469508b4d2d7acfe869428e62e33b1b213d04,3437,true,false,false,baseline_audio_without_required_fingerprint_gate,,legacy_shared_or_current_manifest,not_in_default_v21,legacy_only,Measured from current task-start physical corpus.
voice-preview,marcus,assets/audio/voice/marcus/voice-preview.mp3,true,f1c13abcd838a9c791eb7536fdba5680b41117f99e46bd67706899e995f7d64b,2972,true,false,false,baseline_audio_without_required_fingerprint_gate,,legacy_shared_or_current_manifest,not_in_default_v21,legacy_only,Measured from current task-start physical corpus.
you-completed,marcus,assets/audio/voice/marcus/you-completed.mp3,true,f02fdd933ab98cfe43c1a5887dabeb7ebec56f7ad8f2c45ca3fdec27b4f8bf98,1022,true,false,false,baseline_audio_without_required_fingerprint_gate,,legacy_shared_or_current_manifest,not_in_default_v21,legacy_only,Measured from current task-start physical corpus.
