queueId,reviewGroup,priority,voiceId,logicalCueKey,physicalCueKey,path,durationMs,script,reason,approvalStatus,notes
post-v21-listen-0001,generated_script_mismatch_replacement,P1,clara,checkup-balance-feet-together-v21,checkup-balance-feet-together-v21,assets/audio/voice/clara/checkup-balance-feet-together-v21.mp3,3947,Feet together. Keep your eyes open and support within reach.,Every generated V2.1 asset requires founder listening.,not_reviewed,Existing generic cue omits eyes-open/support language.
post-v21-listen-0002,generated_script_mismatch_replacement,P1,marcus,checkup-balance-feet-together-v21,checkup-balance-feet-together-v21,assets/audio/voice/marcus/checkup-balance-feet-together-v21.mp3,3576,Feet together. Keep your eyes open and support within reach.,Every generated V2.1 asset requires founder listening.,not_reviewed,Existing generic cue omits eyes-open/support language.
post-v21-listen-0003,critical_exact_ready_shared_cue,P1,clara,checkup-balance-intro-v21,checkup-balance-intro-v21,assets/audio/voice/clara/checkup-balance-intro-v21.mp3,4690,Balance check. Keep support within easy reach. I will guide each stance.,Critical shared/countdown/check-up cue; include even if exact-ready before this generation pass.,not_reviewed,Shared cue should be heard in context before approval.
post-v21-listen-0004,critical_exact_ready_shared_cue,P1,marcus,checkup-balance-intro-v21,checkup-balance-intro-v21,assets/audio/voice/marcus/checkup-balance-intro-v21.mp3,5016,Balance check. Keep support within easy reach. I will guide each stance.,Critical shared/countdown/check-up cue; include even if exact-ready before this generation pass.,not_reviewed,Shared cue should be heard in context before approval.
post-v21-listen-0005,generated_script_mismatch_replacement,P1,clara,checkup-balance-next-stance-v21,checkup-balance-next-stance-v21,assets/audio/voice/clara/checkup-balance-next-stance-v21.mp3,2601,Nicely done. I will guide the next stance.,Every generated V2.1 asset requires founder listening.,not_reviewed,Generic completion lacks next-stance meaning.
post-v21-listen-0006,generated_script_mismatch_replacement,P1,marcus,checkup-balance-next-stance-v21,checkup-balance-next-stance-v21,assets/audio/voice/marcus/checkup-balance-next-stance-v21.mp3,2136,Nicely done. I will guide the next stance.,Every generated V2.1 asset requires founder listening.,not_reviewed,Generic completion lacks next-stance meaning.
post-v21-listen-0007,generated_script_mismatch_replacement,P1,clara,checkup-balance-semi-tandem-left-v21,checkup-balance-semi-tandem-left-v21,assets/audio/voice/clara/checkup-balance-semi-tandem-left-v21.mp3,3622,Place your left foot half a step forward. Keep your eyes open.,Every generated V2.1 asset requires founder listening.,not_reviewed,Existing cue has no selected lead-foot side.
post-v21-listen-0008,generated_script_mismatch_replacement,P1,marcus,checkup-balance-semi-tandem-left-v21,checkup-balance-semi-tandem-left-v21,assets/audio/voice/marcus/checkup-balance-semi-tandem-left-v21.mp3,3390,Place your left foot half a step forward. Keep your eyes open.,Every generated V2.1 asset requires founder listening.,not_reviewed,Existing cue has no selected lead-foot side.
post-v21-listen-0009,generated_script_mismatch_replacement,P1,clara,checkup-balance-semi-tandem-right-v21,checkup-balance-semi-tandem-right-v21,assets/audio/voice/clara/checkup-balance-semi-tandem-right-v21.mp3,3715,Place your right foot half a step forward. Keep your eyes open.,Every generated V2.1 asset requires founder listening.,not_reviewed,Existing cue has no selected lead-foot side.
post-v21-listen-0010,generated_script_mismatch_replacement,P1,marcus,checkup-balance-semi-tandem-right-v21,checkup-balance-semi-tandem-right-v21,assets/audio/voice/marcus/checkup-balance-semi-tandem-right-v21.mp3,3251,Place your right foot half a step forward. Keep your eyes open.,Every generated V2.1 asset requires founder listening.,not_reviewed,Existing cue has no selected lead-foot side.
post-v21-listen-0011,generated_script_mismatch_replacement,P1,clara,checkup-balance-single-leg-left-v21,checkup-balance-single-leg-left-v21,assets/audio/voice/clara/checkup-balance-single-leg-left-v21.mp3,3251,Stand on your left leg and lift your right foot slightly.,Every generated V2.1 asset requires founder listening.,not_reviewed,Existing cue uses placeholder selected leg.
post-v21-listen-0012,generated_script_mismatch_replacement,P1,marcus,checkup-balance-single-leg-left-v21,checkup-balance-single-leg-left-v21,assets/audio/voice/marcus/checkup-balance-single-leg-left-v21.mp3,3019,Stand on your left leg and lift your right foot slightly.,Every generated V2.1 asset requires founder listening.,not_reviewed,Existing cue uses placeholder selected leg.
post-v21-listen-0013,generated_script_mismatch_replacement,P1,clara,checkup-balance-single-leg-right-v21,checkup-balance-single-leg-right-v21,assets/audio/voice/clara/checkup-balance-single-leg-right-v21.mp3,3251,Stand on your right leg and lift your left foot slightly.,Every generated V2.1 asset requires founder listening.,not_reviewed,Existing cue uses placeholder selected leg.
post-v21-listen-0014,generated_script_mismatch_replacement,P1,marcus,checkup-balance-single-leg-right-v21,checkup-balance-single-leg-right-v21,assets/audio/voice/marcus/checkup-balance-single-leg-right-v21.mp3,2786,Stand on your right leg and lift your left foot slightly.,Every generated V2.1 asset requires founder listening.,not_reviewed,Existing cue uses placeholder selected leg.
post-v21-listen-0015,critical_exact_ready_shared_cue,P1,clara,checkup-balance-single-leg-v21,checkup-balance-single-leg-v21,assets/audio/voice/clara/checkup-balance-single-leg-v21.mp3,4690,Single-leg. Stand on your selected leg and lift the other foot slightly.,Critical shared/countdown/check-up cue; include even if exact-ready before this generation pass.,not_reviewed,Shared cue should be heard in context before approval.
post-v21-listen-0016,critical_exact_ready_shared_cue,P1,marcus,checkup-balance-single-leg-v21,checkup-balance-single-leg-v21,assets/audio/voice/marcus/checkup-balance-single-leg-v21.mp3,4830,Single-leg. Stand on your selected leg and lift the other foot slightly.,Critical shared/countdown/check-up cue; include even if exact-ready before this generation pass.,not_reviewed,Shared cue should be heard in context before approval.
post-v21-listen-0017,generated_script_mismatch_replacement,P1,clara,checkup-balance-tandem-left-v21,checkup-balance-tandem-left-v21,assets/audio/voice/clara/checkup-balance-tandem-left-v21.mp3,4505,Place your left foot directly in front heel to toe. Keep your eyes open.,Every generated V2.1 asset requires founder listening.,not_reviewed,Existing cue has no selected lead-foot side.
post-v21-listen-0018,generated_script_mismatch_replacement,P1,marcus,checkup-balance-tandem-left-v21,checkup-balance-tandem-left-v21,assets/audio/voice/marcus/checkup-balance-tandem-left-v21.mp3,4598,Place your left foot directly in front heel to toe. Keep your eyes open.,Every generated V2.1 asset requires founder listening.,not_reviewed,Existing cue has no selected lead-foot side.
post-v21-listen-0019,generated_script_mismatch_replacement,P1,clara,checkup-balance-tandem-right-v21,checkup-balance-tandem-right-v21,assets/audio/voice/clara/checkup-balance-tandem-right-v21.mp3,4737,Place your right foot directly in front heel to toe. Keep your eyes open.,Every generated V2.1 asset requires founder listening.,not_reviewed,Existing cue has no selected lead-foot side.
post-v21-listen-0020,generated_script_mismatch_replacement,P1,marcus,checkup-balance-tandem-right-v21,checkup-balance-tandem-right-v21,assets/audio/voice/marcus/checkup-balance-tandem-right-v21.mp3,4412,Place your right foot directly in front heel to toe. Keep your eyes open.,Every generated V2.1 asset requires founder listening.,not_reviewed,Existing cue has no selected lead-foot side.
post-v21-listen-0021,critical_exact_ready_shared_cue,P1,clara,checkup-chair-stand-intro-v21,checkup-chair-stand-intro-v21,assets/audio/voice/clara/checkup-chair-stand-intro-v21.mp3,4737,"Chair stand. Sit in the middle of a sturdy chair, side-on to the phone.",Critical shared/countdown/check-up cue; include even if exact-ready before this generation pass.,not_reviewed,Shared cue should be heard in context before approval.
post-v21-listen-0022,critical_exact_ready_shared_cue,P1,marcus,checkup-chair-stand-intro-v21,checkup-chair-stand-intro-v21,assets/audio/voice/marcus/checkup-chair-stand-intro-v21.mp3,4644,"Chair stand. Sit in the middle of a sturdy chair, side-on to the phone.",Critical shared/countdown/check-up cue; include even if exact-ready before this generation pass.,not_reviewed,Shared cue should be heard in context before approval.
post-v21-listen-0023,critical_exact_ready_shared_cue,P1,clara,checkup-chair-stand-setup-v21,checkup-chair-stand-setup-v21,assets/audio/voice/clara/checkup-chair-stand-setup-v21.mp3,5619,"Cross your arms. When I say go, stand fully and sit with control until I say time.",Critical shared/countdown/check-up cue; include even if exact-ready before this generation pass.,not_reviewed,Shared cue should be heard in context before approval.
post-v21-listen-0024,critical_exact_ready_shared_cue,P1,marcus,checkup-chair-stand-setup-v21,checkup-chair-stand-setup-v21,assets/audio/voice/marcus/checkup-chair-stand-setup-v21.mp3,5248,"Cross your arms. When I say go, stand fully and sit with control until I say time.",Critical shared/countdown/check-up cue; include even if exact-ready before this generation pass.,not_reviewed,Shared cue should be heard in context before approval.
post-v21-listen-0025,critical_exact_ready_shared_cue,P1,clara,checkup-complete-v21,checkup-complete-v21,assets/audio/voice/clara/checkup-complete-v21.mp3,2601,Check-up complete. Your results are ready.,Critical shared/countdown/check-up cue; include even if exact-ready before this generation pass.,not_reviewed,Shared cue should be heard in context before approval.
post-v21-listen-0026,critical_exact_ready_shared_cue,P1,marcus,checkup-complete-v21,checkup-complete-v21,assets/audio/voice/marcus/checkup-complete-v21.mp3,2090,Check-up complete. Your results are ready.,Critical shared/countdown/check-up cue; include even if exact-ready before this generation pass.,not_reviewed,Shared cue should be heard in context before approval.
post-v21-listen-0027,critical_exact_ready_shared_cue,P1,clara,checkup-hinge-setup-v21,checkup-hinge-setup-v21,assets/audio/voice/clara/checkup-hinge-setup-v21.mp3,6641,Slowly fold from your hips and reach toward the floor. Hold there until I say stand tall.,Critical shared/countdown/check-up cue; include even if exact-ready before this generation pass.,not_reviewed,Shared cue should be heard in context before approval.
post-v21-listen-0028,critical_exact_ready_shared_cue,P1,marcus,checkup-hinge-setup-v21,checkup-hinge-setup-v21,assets/audio/voice/marcus/checkup-hinge-setup-v21.mp3,6084,Slowly fold from your hips and reach toward the floor. Hold there until I say stand tall.,Critical shared/countdown/check-up cue; include even if exact-ready before this generation pass.,not_reviewed,Shared cue should be heard in context before approval.
post-v21-listen-0029,critical_exact_ready_shared_cue,P1,clara,checkup-shoulder-raise-left-v21,checkup-shoulder-raise-left-v21,assets/audio/voice/clara/checkup-shoulder-raise-left-v21.mp3,4690,Raise your left arm as high as comfortable. Hold there until I say relax.,Critical shared/countdown/check-up cue; include even if exact-ready before this generation pass.,not_reviewed,Shared cue should be heard in context before approval.
post-v21-listen-0030,critical_exact_ready_shared_cue,P1,marcus,checkup-shoulder-raise-left-v21,checkup-shoulder-raise-left-v21,assets/audio/voice/marcus/checkup-shoulder-raise-left-v21.mp3,4087,Raise your left arm as high as comfortable. Hold there until I say relax.,Critical shared/countdown/check-up cue; include even if exact-ready before this generation pass.,not_reviewed,Shared cue should be heard in context before approval.
post-v21-listen-0031,critical_exact_ready_shared_cue,P1,clara,checkup-shoulder-raise-right-v21,checkup-shoulder-raise-right-v21,assets/audio/voice/clara/checkup-shoulder-raise-right-v21.mp3,5155,Raise your right arm as high as comfortable. Hold there until I say relax.,Critical shared/countdown/check-up cue; include even if exact-ready before this generation pass.,not_reviewed,Shared cue should be heard in context before approval.
post-v21-listen-0032,critical_exact_ready_shared_cue,P1,marcus,checkup-shoulder-raise-right-v21,checkup-shoulder-raise-right-v21,assets/audio/voice/marcus/checkup-shoulder-raise-right-v21.mp3,4180,Raise your right arm as high as comfortable. Hold there until I say relax.,Critical shared/countdown/check-up cue; include even if exact-ready before this generation pass.,not_reviewed,Shared cue should be heard in context before approval.
post-v21-listen-0033,critical_exact_ready_shared_cue,P1,clara,checkup-shoulder-turn-left-v21,checkup-shoulder-turn-left-v21,assets/audio/voice/clara/checkup-shoulder-turn-left-v21.mp3,2601,Turn so your left side is nearest the phone.,Critical shared/countdown/check-up cue; include even if exact-ready before this generation pass.,not_reviewed,Shared cue should be heard in context before approval.
post-v21-listen-0034,critical_exact_ready_shared_cue,P1,marcus,checkup-shoulder-turn-left-v21,checkup-shoulder-turn-left-v21,assets/audio/voice/marcus/checkup-shoulder-turn-left-v21.mp3,2322,Turn so your left side is nearest the phone.,Critical shared/countdown/check-up cue; include even if exact-ready before this generation pass.,not_reviewed,Shared cue should be heard in context before approval.
post-v21-listen-0035,critical_exact_ready_shared_cue,P1,clara,checkup-shoulder-turn-right-v21,checkup-shoulder-turn-right-v21,assets/audio/voice/clara/checkup-shoulder-turn-right-v21.mp3,2554,Turn so your right side is nearest the phone.,Critical shared/countdown/check-up cue; include even if exact-ready before this generation pass.,not_reviewed,Shared cue should be heard in context before approval.
post-v21-listen-0036,critical_exact_ready_shared_cue,P1,marcus,checkup-shoulder-turn-right-v21,checkup-shoulder-turn-right-v21,assets/audio/voice/marcus/checkup-shoulder-turn-right-v21.mp3,2276,Turn so your right side is nearest the phone.,Critical shared/countdown/check-up cue; include even if exact-ready before this generation pass.,not_reviewed,Shared cue should be heard in context before approval.
post-v21-listen-0037,critical_exact_ready_shared_cue,P1,clara,countdown-one,countdown-one,assets/audio/voice/clara/countdown-one.mp3,604,One.,Critical shared/countdown/check-up cue; include even if exact-ready before this generation pass.,not_reviewed,Shared cue should be heard in context before approval.
post-v21-listen-0038,critical_exact_ready_shared_cue,P1,marcus,countdown-one,countdown-one,assets/audio/voice/marcus/countdown-one.mp3,604,One.,Critical shared/countdown/check-up cue; include even if exact-ready before this generation pass.,not_reviewed,Shared cue should be heard in context before approval.
post-v21-listen-0039,critical_exact_ready_shared_cue,P1,clara,countdown-three,countdown-three,assets/audio/voice/clara/countdown-three.mp3,789,Three.,Critical shared/countdown/check-up cue; include even if exact-ready before this generation pass.,not_reviewed,Shared cue should be heard in context before approval.
post-v21-listen-0040,critical_exact_ready_shared_cue,P1,marcus,countdown-three,countdown-three,assets/audio/voice/marcus/countdown-three.mp3,789,Three.,Critical shared/countdown/check-up cue; include even if exact-ready before this generation pass.,not_reviewed,Shared cue should be heard in context before approval.
post-v21-listen-0041,critical_exact_ready_shared_cue,P1,clara,countdown-two,countdown-two,assets/audio/voice/clara/countdown-two.mp3,743,Two.,Critical shared/countdown/check-up cue; include even if exact-ready before this generation pass.,not_reviewed,Shared cue should be heard in context before approval.
post-v21-listen-0042,critical_exact_ready_shared_cue,P1,marcus,countdown-two,countdown-two,assets/audio/voice/marcus/countdown-two.mp3,743,Two.,Critical shared/countdown/check-up cue; include even if exact-ready before this generation pass.,not_reviewed,Shared cue should be heard in context before approval.
post-v21-listen-0043,generated_script_mismatch_replacement,P1,clara,equip-balance-support-v21,equip-balance-support-v21,assets/audio/voice/clara/equip-balance-support-v21.mp3,2043,Keep support within easy reach.,Every generated V2.1 asset requires founder listening.,not_reviewed,"A physical candidate exists, but V2.1 requires a separate exact logical cue."
post-v21-listen-0044,generated_script_mismatch_replacement,P1,marcus,equip-balance-support-v21,equip-balance-support-v21,assets/audio/voice/marcus/equip-balance-support-v21.mp3,1765,Keep support within easy reach.,Every generated V2.1 asset requires founder listening.,not_reviewed,"A physical candidate exists, but V2.1 requires a separate exact logical cue."
post-v21-listen-0045,generated_script_mismatch_replacement,P1,clara,equip-chair-stable-v21,equip-chair-stable-v21,assets/audio/voice/clara/equip-chair-stable-v21.mp3,2461,Use a sturdy chair that will not slide.,Every generated V2.1 asset requires founder listening.,not_reviewed,"A physical candidate exists, but V2.1 requires a separate exact logical cue."
post-v21-listen-0046,generated_script_mismatch_replacement,P1,marcus,equip-chair-stable-v21,equip-chair-stable-v21,assets/audio/voice/marcus/equip-chair-stable-v21.mp3,2276,Use a sturdy chair that will not slide.,Every generated V2.1 asset requires founder listening.,not_reviewed,"A physical candidate exists, but V2.1 requires a separate exact logical cue."
post-v21-listen-0047,generated_script_mismatch_replacement,P1,clara,equip-door-anchor-v21,equip-door-anchor-v21,assets/audio/voice/clara/equip-door-anchor-v21.mp3,3994,Use a secure closed door anchor and test light tension first.,Every generated V2.1 asset requires founder listening.,not_reviewed,"A physical candidate exists, but V2.1 requires a separate exact logical cue."
post-v21-listen-0048,generated_script_mismatch_replacement,P1,marcus,equip-door-anchor-v21,equip-door-anchor-v21,assets/audio/voice/marcus/equip-door-anchor-v21.mp3,3344,Use a secure closed door anchor and test light tension first.,Every generated V2.1 asset requires founder listening.,not_reviewed,"A physical candidate exists, but V2.1 requires a separate exact logical cue."
post-v21-listen-0049,generated_script_mismatch_replacement,P1,clara,equip-floor-transition-v21,equip-floor-transition-v21,assets/audio/voice/clara/equip-floor-transition-v21.mp3,3019,Move down to the floor and settle into the start position.,Every generated V2.1 asset requires founder listening.,not_reviewed,"A physical candidate exists, but V2.1 requires a separate exact logical cue."
post-v21-listen-0050,generated_script_mismatch_replacement,P1,marcus,equip-floor-transition-v21,equip-floor-transition-v21,assets/audio/voice/marcus/equip-floor-transition-v21.mp3,3111,Move down to the floor and settle into the start position.,Every generated V2.1 asset requires founder listening.,not_reviewed,"A physical candidate exists, but V2.1 requires a separate exact logical cue."
post-v21-listen-0051,generated_script_mismatch_replacement,P1,clara,equip-long-band-v21,equip-long-band-v21,assets/audio/voice/clara/equip-long-band-v21.mp3,3111,Check the band first and keep it away from your face.,Every generated V2.1 asset requires founder listening.,not_reviewed,"A physical candidate exists, but V2.1 requires a separate exact logical cue."
post-v21-listen-0052,generated_script_mismatch_replacement,P1,marcus,equip-long-band-v21,equip-long-band-v21,assets/audio/voice/marcus/equip-long-band-v21.mp3,2926,Check the band first and keep it away from your face.,Every generated V2.1 asset requires founder listening.,not_reviewed,"A physical candidate exists, but V2.1 requires a separate exact logical cue."
post-v21-listen-0053,generated_script_mismatch_replacement,P1,clara,equip-step-stable-v21,equip-step-stable-v21,assets/audio/voice/clara/equip-step-stable-v21.mp3,2926,"Use the lowest stable step, with support nearby.",Every generated V2.1 asset requires founder listening.,not_reviewed,"A physical candidate exists, but V2.1 requires a separate exact logical cue."
post-v21-listen-0054,generated_script_mismatch_replacement,P1,marcus,equip-step-stable-v21,equip-step-stable-v21,assets/audio/voice/marcus/equip-step-stable-v21.mp3,3019,"Use the lowest stable step, with support nearby.",Every generated V2.1 asset requires founder listening.,not_reviewed,"A physical candidate exists, but V2.1 requires a separate exact logical cue."
post-v21-listen-0055,generated_script_mismatch_replacement,P1,clara,equip-support-close-v21,equip-support-close-v21,assets/audio/voice/clara/equip-support-close-v21.mp3,2322,Keep sturdy support within easy reach.,Every generated V2.1 asset requires founder listening.,not_reviewed,"A physical candidate exists, but V2.1 requires a separate exact logical cue."
post-v21-listen-0056,generated_script_mismatch_replacement,P1,marcus,equip-support-close-v21,equip-support-close-v21,assets/audio/voice/marcus/equip-support-close-v21.mp3,2183,Keep sturdy support within easy reach.,Every generated V2.1 asset requires founder listening.,not_reviewed,"A physical candidate exists, but V2.1 requires a separate exact logical cue."
post-v21-listen-0057,critical_exact_ready_shared_cue,P1,clara,final-position-set-v21,final-position-set-v21,assets/audio/voice/clara/final-position-set-v21.mp3,1115,You're set.,Critical shared/countdown/check-up cue; include even if exact-ready before this generation pass.,not_reviewed,Shared cue should be heard in context before approval.
post-v21-listen-0058,critical_exact_ready_shared_cue,P1,marcus,final-position-set-v21,final-position-set-v21,assets/audio/voice/marcus/final-position-set-v21.mp3,975,You're set.,Critical shared/countdown/check-up cue; include even if exact-ready before this generation pass.,not_reviewed,Shared cue should be heard in context before approval.
post-v21-listen-0059,critical_exact_ready_shared_cue,P1,clara,go,go,assets/audio/voice/clara/go.mp3,789,Go!,Critical shared/countdown/check-up cue; include even if exact-ready before this generation pass.,not_reviewed,Shared cue should be heard in context before approval.
post-v21-listen-0060,critical_exact_ready_shared_cue,P1,marcus,go,go,assets/audio/voice/marcus/go.mp3,557,Go!,Critical shared/countdown/check-up cue; include even if exact-ready before this generation pass.,not_reviewed,Shared cue should be heard in context before approval.
post-v21-listen-0061,critical_exact_ready_shared_cue,P1,clara,item-complete-v21,item-complete-v21,assets/audio/voice/clara/item-complete-v21.mp3,1022,Complete.,Critical shared/countdown/check-up cue; include even if exact-ready before this generation pass.,not_reviewed,Shared cue should be heard in context before approval.
post-v21-listen-0062,critical_exact_ready_shared_cue,P1,marcus,item-complete-v21,item-complete-v21,assets/audio/voice/marcus/item-complete-v21.mp3,929,Complete.,Critical shared/countdown/check-up cue; include even if exact-ready before this generation pass.,not_reviewed,Shared cue should be heard in context before approval.
post-v21-listen-0063,generated_script_mismatch_replacement,P1,clara,last-set-v21,last-set-v21,assets/audio/voice/clara/last-set-v21.mp3,1115,Last set.,Every generated V2.1 asset requires founder listening.,not_reviewed,"A physical candidate exists, but V2.1 requires a separate exact logical cue."
post-v21-listen-0064,generated_script_mismatch_replacement,P1,marcus,last-set-v21,last-set-v21,assets/audio/voice/marcus/last-set-v21.mp3,1022,Last set.,Every generated V2.1 asset requires founder listening.,not_reviewed,"A physical candidate exists, but V2.1 requires a separate exact logical cue."
post-v21-listen-0065,generated_script_mismatch_replacement,P1,clara,micro-chair-power-v21,micro-chair-power-v21,assets/audio/voice/clara/micro-chair-power-v21.mp3,6502,Five quick chair stands. Arms crossed. Stand and sit five times as quickly as safely comfortable.,Every generated V2.1 asset requires founder listening.,not_reviewed,"A legacy physical candidate exists, but V2.1 requires a separate exact logical cue."
post-v21-listen-0066,generated_script_mismatch_replacement,P1,marcus,micro-chair-power-v21,micro-chair-power-v21,assets/audio/voice/marcus/micro-chair-power-v21.mp3,7709,Five quick chair stands. Arms crossed. Stand and sit five times as quickly as safely comfortable.,Every generated V2.1 asset requires founder listening.,not_reviewed,"A legacy physical candidate exists, but V2.1 requires a separate exact logical cue."
post-v21-listen-0067,generated_script_mismatch_replacement,P1,clara,micro-mobility-left-v21,micro-mobility-left-v21,assets/audio/voice/clara/micro-mobility-left-v21.mp3,5341,Quick mobility check. Extend your left leg and reach gently until I say relax.,Every generated V2.1 asset requires founder listening.,not_reviewed,"A legacy physical candidate exists, but V2.1 requires a separate exact logical cue."
post-v21-listen-0068,generated_script_mismatch_replacement,P1,marcus,micro-mobility-left-v21,micro-mobility-left-v21,assets/audio/voice/marcus/micro-mobility-left-v21.mp3,4830,Quick mobility check. Extend your left leg and reach gently until I say relax.,Every generated V2.1 asset requires founder listening.,not_reviewed,"A legacy physical candidate exists, but V2.1 requires a separate exact logical cue."
post-v21-listen-0069,generated_script_mismatch_replacement,P1,clara,micro-mobility-right-v21,micro-mobility-right-v21,assets/audio/voice/clara/micro-mobility-right-v21.mp3,5155,Quick mobility check. Extend your right leg and reach gently until I say relax.,Every generated V2.1 asset requires founder listening.,not_reviewed,"A legacy physical candidate exists, but V2.1 requires a separate exact logical cue."
post-v21-listen-0070,generated_script_mismatch_replacement,P1,marcus,micro-mobility-right-v21,micro-mobility-right-v21,assets/audio/voice/marcus/micro-mobility-right-v21.mp3,4876,Quick mobility check. Extend your right leg and reach gently until I say relax.,Every generated V2.1 asset requires founder listening.,not_reviewed,"A legacy physical candidate exists, but V2.1 requires a separate exact logical cue."
post-v21-listen-0071,generated_script_mismatch_replacement,P1,clara,micro-relax-v21,micro-relax-v21,assets/audio/voice/clara/micro-relax-v21.mp3,1022,Relax.,Every generated V2.1 asset requires founder listening.,not_reviewed,"A legacy physical candidate exists, but V2.1 requires a separate exact logical cue."
post-v21-listen-0072,generated_script_mismatch_replacement,P1,marcus,micro-relax-v21,micro-relax-v21,assets/audio/voice/marcus/micro-relax-v21.mp3,929,Relax.,Every generated V2.1 asset requires founder listening.,not_reviewed,"A legacy physical candidate exists, but V2.1 requires a separate exact logical cue."
post-v21-listen-0073,generated_script_mismatch_replacement,P1,clara,micro-single-leg-left-v21,micro-single-leg-left-v21,assets/audio/voice/clara/micro-single-leg-left-v21.mp3,5619,Quick balance check. Stand on your left leg with support nearby. Hold as long as comfortable.,Every generated V2.1 asset requires founder listening.,not_reviewed,"A legacy physical candidate exists, but V2.1 requires a separate exact logical cue."
post-v21-listen-0074,generated_script_mismatch_replacement,P1,marcus,micro-single-leg-left-v21,micro-single-leg-left-v21,assets/audio/voice/marcus/micro-single-leg-left-v21.mp3,5387,Quick balance check. Stand on your left leg with support nearby. Hold as long as comfortable.,Every generated V2.1 asset requires founder listening.,not_reviewed,"A legacy physical candidate exists, but V2.1 requires a separate exact logical cue."
post-v21-listen-0075,generated_script_mismatch_replacement,P1,clara,micro-single-leg-right-v21,micro-single-leg-right-v21,assets/audio/voice/clara/micro-single-leg-right-v21.mp3,5805,Quick balance check. Stand on your right leg with support nearby. Hold as long as comfortable.,Every generated V2.1 asset requires founder listening.,not_reviewed,"A legacy physical candidate exists, but V2.1 requires a separate exact logical cue."
post-v21-listen-0076,generated_script_mismatch_replacement,P1,marcus,micro-single-leg-right-v21,micro-single-leg-right-v21,assets/audio/voice/marcus/micro-single-leg-right-v21.mp3,5991,Quick balance check. Stand on your right leg with support nearby. Hold as long as comfortable.,Every generated V2.1 asset requires founder listening.,not_reviewed,"A legacy physical candidate exists, but V2.1 requires a separate exact logical cue."
post-v21-listen-0077,generated_script_mismatch_replacement,P1,clara,microcheck-complete-v21,microcheck-complete-v21,assets/audio/voice/clara/microcheck-complete-v21.mp3,1300,Check complete.,Every generated V2.1 asset requires founder listening.,not_reviewed,"A legacy physical candidate exists, but V2.1 requires a separate exact logical cue."
post-v21-listen-0078,generated_script_mismatch_replacement,P1,marcus,microcheck-complete-v21,microcheck-complete-v21,assets/audio/voice/marcus/microcheck-complete-v21.mp3,1161,Check complete.,Every generated V2.1 asset requires founder listening.,not_reviewed,"A legacy physical candidate exists, but V2.1 requires a separate exact logical cue."
post-v21-listen-0079,critical_exact_ready_shared_cue,P1,clara,mpv2_chair_official_ready,mpv2_chair_official_ready,assets/audio/voice/clara/mpv2_chair_official_ready.mp3,4133,Sit back down. The 30-second check starts after the countdown.,Critical shared/countdown/check-up cue; include even if exact-ready before this generation pass.,not_reviewed,Shared cue should be heard in context before approval.
post-v21-listen-0080,critical_exact_ready_shared_cue,P1,marcus,mpv2_chair_official_ready,mpv2_chair_official_ready,assets/audio/voice/marcus/mpv2_chair_official_ready.mp3,3111,Sit back down. The 30-second check starts after the countdown.,Critical shared/countdown/check-up cue; include even if exact-ready before this generation pass.,not_reviewed,Shared cue should be heard in context before approval.
post-v21-listen-0081,critical_exact_ready_shared_cue,P1,clara,mpv2_checkup_intro,mpv2_checkup_intro,assets/audio/voice/clara/mpv2_checkup_intro.mp3,5248,Movement Profile Check-Up. I will guide each capture and save what the camera can measure.,Critical shared/countdown/check-up cue; include even if exact-ready before this generation pass.,not_reviewed,Shared cue should be heard in context before approval.
post-v21-listen-0082,critical_exact_ready_shared_cue,P1,marcus,mpv2_checkup_intro,mpv2_checkup_intro,assets/audio/voice/marcus/mpv2_checkup_intro.mp3,5294,Movement Profile Check-Up. I will guide each capture and save what the camera can measure.,Critical shared/countdown/check-up cue; include even if exact-ready before this generation pass.,not_reviewed,Shared cue should be heard in context before approval.
post-v21-listen-0083,generated_script_mismatch_replacement,P1,clara,next-exercise-v21,next-exercise-v21,assets/audio/voice/clara/next-exercise-v21.mp3,1207,Next exercise.,Every generated V2.1 asset requires founder listening.,not_reviewed,"A physical candidate exists, but V2.1 requires a separate exact logical cue."
post-v21-listen-0084,generated_script_mismatch_replacement,P1,marcus,next-exercise-v21,next-exercise-v21,assets/audio/voice/marcus/next-exercise-v21.mp3,1254,Next exercise.,Every generated V2.1 asset requires founder listening.,not_reviewed,"A physical candidate exists, but V2.1 requires a separate exact logical cue."
post-v21-listen-0085,generated_script_mismatch_replacement,P1,clara,rest-now-v21,rest-now-v21,assets/audio/voice/clara/rest-now-v21.mp3,1068,Rest now.,Every generated V2.1 asset requires founder listening.,not_reviewed,"A physical candidate exists, but V2.1 requires a separate exact logical cue."
post-v21-listen-0086,generated_script_mismatch_replacement,P1,marcus,rest-now-v21,rest-now-v21,assets/audio/voice/marcus/rest-now-v21.mp3,929,Rest now.,Every generated V2.1 asset requires founder listening.,not_reviewed,"A physical candidate exists, but V2.1 requires a separate exact logical cue."
post-v21-listen-0087,critical_exact_ready_shared_cue,P1,clara,retry-v21,retry-v21,assets/audio/voice/clara/retry-v21.mp3,1347,Let's try that again.,Critical shared/countdown/check-up cue; include even if exact-ready before this generation pass.,not_reviewed,Shared cue should be heard in context before approval.
post-v21-listen-0088,critical_exact_ready_shared_cue,P1,marcus,retry-v21,retry-v21,assets/audio/voice/marcus/retry-v21.mp3,1254,Let's try that again.,Critical shared/countdown/check-up cue; include even if exact-ready before this generation pass.,not_reviewed,Shared cue should be heard in context before approval.
post-v21-listen-0089,generated_script_mismatch_replacement,P1,clara,session-complete-v21,session-complete-v21,assets/audio/voice/clara/session-complete-v21.mp3,1347,Session complete.,Every generated V2.1 asset requires founder listening.,not_reviewed,"A physical candidate exists, but V2.1 requires a separate exact logical cue."
post-v21-listen-0090,generated_script_mismatch_replacement,P1,marcus,session-complete-v21,session-complete-v21,assets/audio/voice/marcus/session-complete-v21.mp3,1207,Session complete.,Every generated V2.1 asset requires founder listening.,not_reviewed,"A physical candidate exists, but V2.1 requires a separate exact logical cue."
post-v21-listen-0091,generated_script_mismatch_replacement,P1,clara,set-complete-v21,set-complete-v21,assets/audio/voice/clara/set-complete-v21.mp3,1207,Set complete.,Every generated V2.1 asset requires founder listening.,not_reviewed,"A physical candidate exists, but V2.1 requires a separate exact logical cue."
post-v21-listen-0092,generated_script_mismatch_replacement,P1,marcus,set-complete-v21,set-complete-v21,assets/audio/voice/marcus/set-complete-v21.mp3,1115,Set complete.,Every generated V2.1 asset requires founder listening.,not_reviewed,"A physical candidate exists, but V2.1 requires a separate exact logical cue."
post-v21-listen-0093,generated_script_mismatch_replacement,P1,clara,setup-back-v21,setup-back-v21,assets/audio/voice/clara/setup-back-v21.mp3,1579,Move a little farther back.,Every generated V2.1 asset requires founder listening.,not_reviewed,"A physical candidate exists, but V2.1 requires a separate exact logical cue."
post-v21-listen-0094,generated_script_mismatch_replacement,P1,marcus,setup-back-v21,setup-back-v21,assets/audio/voice/marcus/setup-back-v21.mp3,1440,Move a little farther back.,Every generated V2.1 asset requires founder listening.,not_reviewed,"A physical candidate exists, but V2.1 requires a separate exact logical cue."
post-v21-listen-0095,generated_script_mismatch_replacement,P1,clara,setup-center-v21,setup-center-v21,assets/audio/voice/clara/setup-center-v21.mp3,1718,Move to the centre of the view.,Every generated V2.1 asset requires founder listening.,not_reviewed,"A physical candidate exists, but V2.1 requires a separate exact logical cue."
post-v21-listen-0096,generated_script_mismatch_replacement,P1,marcus,setup-center-v21,setup-center-v21,assets/audio/voice/marcus/setup-center-v21.mp3,1672,Move to the centre of the view.,Every generated V2.1 asset requires founder listening.,not_reviewed,"A physical candidate exists, but V2.1 requires a separate exact logical cue."
post-v21-listen-0097,generated_script_mismatch_replacement,P1,clara,setup-closer-v21,setup-closer-v21,assets/audio/voice/clara/setup-closer-v21.mp3,1393,Move a little closer.,Every generated V2.1 asset requires founder listening.,not_reviewed,"A physical candidate exists, but V2.1 requires a separate exact logical cue."
post-v21-listen-0098,generated_script_mismatch_replacement,P1,marcus,setup-closer-v21,setup-closer-v21,assets/audio/voice/marcus/setup-closer-v21.mp3,1393,Move a little closer.,Every generated V2.1 asset requires founder listening.,not_reviewed,"A physical candidate exists, but V2.1 requires a separate exact logical cue."
post-v21-listen-0099,generated_script_mismatch_replacement,P1,clara,setup-enter-view-v21,setup-enter-view-v21,assets/audio/voice/clara/setup-enter-view-v21.mp3,2694,Step into view so your whole body is visible.,Every generated V2.1 asset requires founder listening.,not_reviewed,"A physical candidate exists, but V2.1 requires a separate exact logical cue."
post-v21-listen-0100,generated_script_mismatch_replacement,P1,marcus,setup-enter-view-v21,setup-enter-view-v21,assets/audio/voice/marcus/setup-enter-view-v21.mp3,2415,Step into view so your whole body is visible.,Every generated V2.1 asset requires founder listening.,not_reviewed,"A physical candidate exists, but V2.1 requires a separate exact logical cue."
post-v21-listen-0101,generated_script_mismatch_replacement,P1,clara,setup-hold-still-v21,setup-hold-still-v21,assets/audio/voice/clara/setup-hold-still-v21.mp3,1672,Hold still for a moment.,Every generated V2.1 asset requires founder listening.,not_reviewed,"A physical candidate exists, but V2.1 requires a separate exact logical cue."
post-v21-listen-0102,generated_script_mismatch_replacement,P1,marcus,setup-hold-still-v21,setup-hold-still-v21,assets/audio/voice/marcus/setup-hold-still-v21.mp3,1300,Hold still for a moment.,Every generated V2.1 asset requires founder listening.,not_reviewed,"A physical candidate exists, but V2.1 requires a separate exact logical cue."
post-v21-listen-0103,generated_script_mismatch_replacement,P1,clara,setup-light-v21,setup-light-v21,assets/audio/voice/clara/setup-light-v21.mp3,1718,Please turn on the main light.,Every generated V2.1 asset requires founder listening.,not_reviewed,"A physical candidate exists, but V2.1 requires a separate exact logical cue."
post-v21-listen-0104,generated_script_mismatch_replacement,P1,marcus,setup-light-v21,setup-light-v21,assets/audio/voice/marcus/setup-light-v21.mp3,1486,Please turn on the main light.,Every generated V2.1 asset requires founder listening.,not_reviewed,"A physical candidate exists, but V2.1 requires a separate exact logical cue."
post-v21-listen-0105,critical_exact_ready_shared_cue,P1,clara,times-up-v21,times-up-v21,assets/audio/voice/clara/times-up-v21.mp3,836,Time.,Critical shared/countdown/check-up cue; include even if exact-ready before this generation pass.,not_reviewed,Shared cue should be heard in context before approval.
post-v21-listen-0106,critical_exact_ready_shared_cue,P1,marcus,times-up-v21,times-up-v21,assets/audio/voice/marcus/times-up-v21.mp3,743,Time.,Critical shared/countdown/check-up cue; include even if exact-ready before this generation pass.,not_reviewed,Shared cue should be heard in context before approval.
post-v21-listen-0107,critical_exact_ready_shared_cue,P1,clara,tracking-loss-v21,tracking-loss-v21,assets/audio/voice/clara/tracking-loss-v21.mp3,2601,Pause. Return to the setup position.,Critical shared/countdown/check-up cue; include even if exact-ready before this generation pass.,not_reviewed,Shared cue should be heard in context before approval.
post-v21-listen-0108,critical_exact_ready_shared_cue,P1,marcus,tracking-loss-v21,tracking-loss-v21,assets/audio/voice/marcus/tracking-loss-v21.mp3,2694,Pause. Return to the setup position.,Critical shared/countdown/check-up cue; include even if exact-ready before this generation pass.,not_reviewed,Shared cue should be heard in context before approval.
post-v21-listen-0109,critical_exact_ready_shared_cue,P1,clara,tracking-recovered-v21,tracking-recovered-v21,assets/audio/voice/clara/tracking-recovered-v21.mp3,2647,You're back in position. We'll restart.,Critical shared/countdown/check-up cue; include even if exact-ready before this generation pass.,not_reviewed,Shared cue should be heard in context before approval.
post-v21-listen-0110,critical_exact_ready_shared_cue,P1,marcus,tracking-recovered-v21,tracking-recovered-v21,assets/audio/voice/marcus/tracking-recovered-v21.mp3,2368,You're back in position. We'll restart.,Critical shared/countdown/check-up cue; include even if exact-ready before this generation pass.,not_reviewed,Shared cue should be heard in context before approval.
post-v21-listen-0111,generated_script_mismatch_replacement,P1,clara,training-intro-v21,training-intro-v21,assets/audio/voice/clara/training-intro-v21.mp3,7059,"Time to train. I will guide the setup, work, and rests. Follow my voice and pause whenever you need.",Every generated V2.1 asset requires founder listening.,not_reviewed,"A physical candidate exists, but V2.1 requires a separate exact logical cue."
post-v21-listen-0112,generated_script_mismatch_replacement,P1,marcus,training-intro-v21,training-intro-v21,assets/audio/voice/marcus/training-intro-v21.mp3,7198,"Time to train. I will guide the setup, work, and rests. Follow my voice and pause whenever you need.",Every generated V2.1 asset requires founder listening.,not_reviewed,"A physical candidate exists, but V2.1 requires a separate exact logical cue."
post-v21-listen-0113,generated_script_mismatch_replacement,P1,clara,training-skip-v21,training-skip-v21,assets/audio/voice/clara/training-skip-v21.mp3,1625,Skipped. Moving on.,Every generated V2.1 asset requires founder listening.,not_reviewed,"A physical candidate exists, but V2.1 requires a separate exact logical cue."
post-v21-listen-0114,generated_script_mismatch_replacement,P1,marcus,training-skip-v21,training-skip-v21,assets/audio/voice/marcus/training-skip-v21.mp3,1486,Skipped. Moving on.,Every generated V2.1 asset requires founder listening.,not_reviewed,"A physical candidate exists, but V2.1 requires a separate exact logical cue."
post-v21-listen-0115,generated_new_pair,P2,clara,checkup-balance-support-touch-v21,checkup-balance-support-touch-v21,assets/audio/voice/clara/checkup-balance-support-touch-v21.mp3,3111,Support touch noted. Balance check complete.,Every generated V2.1 asset requires founder listening.,not_reviewed,Needed if explicit support-touch action should be acknowledged by voice.
post-v21-listen-0116,generated_new_pair,P2,marcus,checkup-balance-support-touch-v21,checkup-balance-support-touch-v21,assets/audio/voice/marcus/checkup-balance-support-touch-v21.mp3,2647,Support touch noted. Balance check complete.,Every generated V2.1 asset requires founder listening.,not_reviewed,Needed if explicit support-touch action should be acknowledged by voice.
post-v21-listen-0117,generated_new_pair,P2,clara,ex-balance-feet-together-hold-first-v21,ex-balance-feet-together-hold-first-v21,assets/audio/voice/clara/ex-balance-feet-together-hold-first-v21.mp3,5480,"Feet-together hold. Stand with feet together, fingertips near support, eyes open.",Every generated V2.1 asset requires founder listening.,not_reviewed,No current physical pair exists for this logical Training Voice V2.1 cue.
post-v21-listen-0118,generated_new_pair,P2,marcus,ex-balance-feet-together-hold-first-v21,ex-balance-feet-together-hold-first-v21,assets/audio/voice/marcus/ex-balance-feet-together-hold-first-v21.mp3,5108,"Feet-together hold. Stand with feet together, fingertips near support, eyes open.",Every generated V2.1 asset requires founder listening.,not_reviewed,No current physical pair exists for this logical Training Voice V2.1 cue.
post-v21-listen-0119,generated_new_pair,P2,clara,ex-balance-feet-together-hold-next-v21,ex-balance-feet-together-hold-next-v21,assets/audio/voice/clara/ex-balance-feet-together-hold-next-v21.mp3,1440,Feet-together hold.,Every generated V2.1 asset requires founder listening.,not_reviewed,No current physical pair exists for this logical Training Voice V2.1 cue.
post-v21-listen-0120,generated_new_pair,P2,marcus,ex-balance-feet-together-hold-next-v21,ex-balance-feet-together-hold-next-v21,assets/audio/voice/marcus/ex-balance-feet-together-hold-next-v21.mp3,1393,Feet-together hold.,Every generated V2.1 asset requires founder listening.,not_reviewed,No current physical pair exists for this logical Training Voice V2.1 cue.
post-v21-listen-0121,generated_new_pair,P2,clara,ex-balance-single-leg-hold-first-v21,ex-balance-single-leg-hold-first-v21,assets/audio/voice/clara/ex-balance-single-leg-hold-first-v21.mp3,2647,Single-leg hold. Keep support close.,Every generated V2.1 asset requires founder listening.,not_reviewed,No current physical pair exists for this logical Training Voice V2.1 cue.
post-v21-listen-0122,generated_new_pair,P2,marcus,ex-balance-single-leg-hold-first-v21,ex-balance-single-leg-hold-first-v21,assets/audio/voice/marcus/ex-balance-single-leg-hold-first-v21.mp3,2183,Single-leg hold. Keep support close.,Every generated V2.1 asset requires founder listening.,not_reviewed,No current physical pair exists for this logical Training Voice V2.1 cue.
post-v21-listen-0123,generated_new_pair,P2,clara,ex-balance-single-leg-hold-next-v21,ex-balance-single-leg-hold-next-v21,assets/audio/voice/clara/ex-balance-single-leg-hold-next-v21.mp3,1393,Single-leg hold.,Every generated V2.1 asset requires founder listening.,not_reviewed,No current physical pair exists for this logical Training Voice V2.1 cue.
post-v21-listen-0124,generated_new_pair,P2,marcus,ex-balance-single-leg-hold-next-v21,ex-balance-single-leg-hold-next-v21,assets/audio/voice/marcus/ex-balance-single-leg-hold-next-v21.mp3,1254,Single-leg hold.,Every generated V2.1 asset requires founder listening.,not_reviewed,No current physical pair exists for this logical Training Voice V2.1 cue.
post-v21-listen-0125,generated_new_pair,P2,clara,ex-balance-tandem-hold-first-v21,ex-balance-tandem-hold-first-v21,assets/audio/voice/clara/ex-balance-tandem-hold-first-v21.mp3,2322,Tandem hold. Keep support close.,Every generated V2.1 asset requires founder listening.,not_reviewed,No current physical pair exists for this logical Training Voice V2.1 cue.
post-v21-listen-0126,generated_new_pair,P2,marcus,ex-balance-tandem-hold-first-v21,ex-balance-tandem-hold-first-v21,assets/audio/voice/marcus/ex-balance-tandem-hold-first-v21.mp3,2229,Tandem hold. Keep support close.,Every generated V2.1 asset requires founder listening.,not_reviewed,No current physical pair exists for this logical Training Voice V2.1 cue.
post-v21-listen-0127,generated_new_pair,P2,clara,ex-balance-tandem-hold-next-v21,ex-balance-tandem-hold-next-v21,assets/audio/voice/clara/ex-balance-tandem-hold-next-v21.mp3,1161,Tandem hold.,Every generated V2.1 asset requires founder listening.,not_reviewed,No current physical pair exists for this logical Training Voice V2.1 cue.
post-v21-listen-0128,generated_new_pair,P2,marcus,ex-balance-tandem-hold-next-v21,ex-balance-tandem-hold-next-v21,assets/audio/voice/marcus/ex-balance-tandem-hold-next-v21.mp3,975,Tandem hold.,Every generated V2.1 asset requires founder listening.,not_reviewed,No current physical pair exists for this logical Training Voice V2.1 cue.
post-v21-listen-0129,generated_new_pair,P2,clara,ex-band-pull-apart-first-v21,ex-band-pull-apart-first-v21,assets/audio/voice/clara/ex-band-pull-apart-first-v21.mp3,6594,"Band pull-apart. Hold a light band at chest height. Pull your hands wide, then return slowly.",Every generated V2.1 asset requires founder listening.,not_reviewed,No current physical pair exists for this logical Training Voice V2.1 cue.
post-v21-listen-0130,generated_new_pair,P2,marcus,ex-band-pull-apart-first-v21,ex-band-pull-apart-first-v21,assets/audio/voice/marcus/ex-band-pull-apart-first-v21.mp3,6548,"Band pull-apart. Hold a light band at chest height. Pull your hands wide, then return slowly.",Every generated V2.1 asset requires founder listening.,not_reviewed,No current physical pair exists for this logical Training Voice V2.1 cue.
post-v21-listen-0131,generated_new_pair,P2,clara,ex-band-pull-apart-next-v21,ex-band-pull-apart-next-v21,assets/audio/voice/clara/ex-band-pull-apart-next-v21.mp3,1486,Band pull-apart.,Every generated V2.1 asset requires founder listening.,not_reviewed,No current physical pair exists for this logical Training Voice V2.1 cue.
post-v21-listen-0132,generated_new_pair,P2,marcus,ex-band-pull-apart-next-v21,ex-band-pull-apart-next-v21,assets/audio/voice/marcus/ex-band-pull-apart-next-v21.mp3,1393,Band pull-apart.,Every generated V2.1 asset requires founder listening.,not_reviewed,No current physical pair exists for this logical Training Voice V2.1 cue.
post-v21-listen-0133,generated_new_pair,P2,clara,ex-chair-supported-split-squat-first-v21,ex-chair-supported-split-squat-first-v21,assets/audio/voice/clara/ex-chair-supported-split-squat-first-v21.mp3,3669,Supported split squat. Keep fingertips near sturdy support.,Every generated V2.1 asset requires founder listening.,not_reviewed,No current physical pair exists for this logical Training Voice V2.1 cue.
post-v21-listen-0134,generated_new_pair,P2,marcus,ex-chair-supported-split-squat-first-v21,ex-chair-supported-split-squat-first-v21,assets/audio/voice/marcus/ex-chair-supported-split-squat-first-v21.mp3,3576,Supported split squat. Keep fingertips near sturdy support.,Every generated V2.1 asset requires founder listening.,not_reviewed,No current physical pair exists for this logical Training Voice V2.1 cue.
post-v21-listen-0135,generated_new_pair,P2,clara,ex-chair-supported-split-squat-next-v21,ex-chair-supported-split-squat-next-v21,assets/audio/voice/clara/ex-chair-supported-split-squat-next-v21.mp3,1393,Supported split squat.,Every generated V2.1 asset requires founder listening.,not_reviewed,No current physical pair exists for this logical Training Voice V2.1 cue.
post-v21-listen-0136,generated_new_pair,P2,marcus,ex-chair-supported-split-squat-next-v21,ex-chair-supported-split-squat-next-v21,assets/audio/voice/marcus/ex-chair-supported-split-squat-next-v21.mp3,1486,Supported split squat.,Every generated V2.1 asset requires founder listening.,not_reviewed,No current physical pair exists for this logical Training Voice V2.1 cue.
post-v21-listen-0137,generated_new_pair,P2,clara,ex-glute-bridge-hold-first-v21,ex-glute-bridge-hold-first-v21,assets/audio/voice/clara/ex-glute-bridge-hold-first-v21.mp3,5480,"Bridge hold. Lie on your back, knees bent, feet flat. Lift your hips and hold.",Every generated V2.1 asset requires founder listening.,not_reviewed,No current physical pair exists for this logical Training Voice V2.1 cue.
post-v21-listen-0138,generated_new_pair,P2,marcus,ex-glute-bridge-hold-first-v21,ex-glute-bridge-hold-first-v21,assets/audio/voice/marcus/ex-glute-bridge-hold-first-v21.mp3,5062,"Bridge hold. Lie on your back, knees bent, feet flat. Lift your hips and hold.",Every generated V2.1 asset requires founder listening.,not_reviewed,No current physical pair exists for this logical Training Voice V2.1 cue.
post-v21-listen-0139,generated_new_pair,P2,clara,ex-glute-bridge-hold-next-v21,ex-glute-bridge-hold-next-v21,assets/audio/voice/clara/ex-glute-bridge-hold-next-v21.mp3,1068,Bridge hold.,Every generated V2.1 asset requires founder listening.,not_reviewed,No current physical pair exists for this logical Training Voice V2.1 cue.
post-v21-listen-0140,generated_new_pair,P2,marcus,ex-glute-bridge-hold-next-v21,ex-glute-bridge-hold-next-v21,assets/audio/voice/marcus/ex-glute-bridge-hold-next-v21.mp3,975,Bridge hold.,Every generated V2.1 asset requires founder listening.,not_reviewed,No current physical pair exists for this logical Training Voice V2.1 cue.
post-v21-listen-0141,generated_new_pair,P2,clara,ex-glute-bridge-reps-first-v21,ex-glute-bridge-reps-first-v21,assets/audio/voice/clara/ex-glute-bridge-reps-first-v21.mp3,8034,"Glute bridge. Lie on your back, knees bent, feet flat. Lift your hips, then lower with control.",Every generated V2.1 asset requires founder listening.,not_reviewed,No current physical pair exists for this logical Training Voice V2.1 cue.
post-v21-listen-0142,generated_new_pair,P2,marcus,ex-glute-bridge-reps-first-v21,ex-glute-bridge-reps-first-v21,assets/audio/voice/marcus/ex-glute-bridge-reps-first-v21.mp3,6780,"Glute bridge. Lie on your back, knees bent, feet flat. Lift your hips, then lower with control.",Every generated V2.1 asset requires founder listening.,not_reviewed,No current physical pair exists for this logical Training Voice V2.1 cue.
post-v21-listen-0143,generated_new_pair,P2,clara,ex-glute-bridge-reps-next-v21,ex-glute-bridge-reps-next-v21,assets/audio/voice/clara/ex-glute-bridge-reps-next-v21.mp3,1161,Glute bridge.,Every generated V2.1 asset requires founder listening.,not_reviewed,No current physical pair exists for this logical Training Voice V2.1 cue.
post-v21-listen-0144,generated_new_pair,P2,marcus,ex-glute-bridge-reps-next-v21,ex-glute-bridge-reps-next-v21,assets/audio/voice/marcus/ex-glute-bridge-reps-next-v21.mp3,1068,Glute bridge.,Every generated V2.1 asset requires founder listening.,not_reviewed,No current physical pair exists for this logical Training Voice V2.1 cue.
post-v21-listen-0145,generated_new_pair,P2,clara,ex-heel-raise-free-first-v21,ex-heel-raise-free-first-v21,assets/audio/voice/clara/ex-heel-raise-free-first-v21.mp3,5805,"Heel raise. Stand tall. Rise onto the balls of your feet, then lower slowly.",Every generated V2.1 asset requires founder listening.,not_reviewed,No current physical pair exists for this logical Training Voice V2.1 cue.
post-v21-listen-0146,generated_new_pair,P2,marcus,ex-heel-raise-free-first-v21,ex-heel-raise-free-first-v21,assets/audio/voice/marcus/ex-heel-raise-free-first-v21.mp3,5387,"Heel raise. Stand tall. Rise onto the balls of your feet, then lower slowly.",Every generated V2.1 asset requires founder listening.,not_reviewed,No current physical pair exists for this logical Training Voice V2.1 cue.
post-v21-listen-0147,generated_new_pair,P2,clara,ex-heel-raise-free-next-v21,ex-heel-raise-free-next-v21,assets/audio/voice/clara/ex-heel-raise-free-next-v21.mp3,1207,Heel raise.,Every generated V2.1 asset requires founder listening.,not_reviewed,No current physical pair exists for this logical Training Voice V2.1 cue.
post-v21-listen-0148,generated_new_pair,P2,marcus,ex-heel-raise-free-next-v21,ex-heel-raise-free-next-v21,assets/audio/voice/marcus/ex-heel-raise-free-next-v21.mp3,1068,Heel raise.,Every generated V2.1 asset requires founder listening.,not_reviewed,No current physical pair exists for this logical Training Voice V2.1 cue.
post-v21-listen-0149,generated_new_pair,P2,clara,ex-heel-raise-supported-first-v21,ex-heel-raise-supported-first-v21,assets/audio/voice/clara/ex-heel-raise-supported-first-v21.mp3,7384,"Supported heel raise. Fingertips near support. Rise onto the balls of your feet, then lower slowly.",Every generated V2.1 asset requires founder listening.,not_reviewed,No current physical pair exists for this logical Training Voice V2.1 cue.
post-v21-listen-0150,generated_new_pair,P2,marcus,ex-heel-raise-supported-first-v21,ex-heel-raise-supported-first-v21,assets/audio/voice/marcus/ex-heel-raise-supported-first-v21.mp3,7152,"Supported heel raise. Fingertips near support. Rise onto the balls of your feet, then lower slowly.",Every generated V2.1 asset requires founder listening.,not_reviewed,No current physical pair exists for this logical Training Voice V2.1 cue.
post-v21-listen-0151,generated_new_pair,P2,clara,ex-heel-raise-supported-next-v21,ex-heel-raise-supported-next-v21,assets/audio/voice/clara/ex-heel-raise-supported-next-v21.mp3,1579,Supported heel raise.,Every generated V2.1 asset requires founder listening.,not_reviewed,No current physical pair exists for this logical Training Voice V2.1 cue.
post-v21-listen-0152,generated_new_pair,P2,marcus,ex-heel-raise-supported-next-v21,ex-heel-raise-supported-next-v21,assets/audio/voice/marcus/ex-heel-raise-supported-next-v21.mp3,1393,Supported heel raise.,Every generated V2.1 asset requires founder listening.,not_reviewed,No current physical pair exists for this logical Training Voice V2.1 cue.
post-v21-listen-0153,generated_new_pair,P2,clara,ex-hip-hinge-free-first-v21,ex-hip-hinge-free-first-v21,assets/audio/voice/clara/ex-hip-hinge-free-first-v21.mp3,6269,"Hip hinge. Feet under hips. Send hips back with a long spine, then stand tall.",Every generated V2.1 asset requires founder listening.,not_reviewed,No current physical pair exists for this logical Training Voice V2.1 cue.
post-v21-listen-0154,generated_new_pair,P2,marcus,ex-hip-hinge-free-first-v21,ex-hip-hinge-free-first-v21,assets/audio/voice/marcus/ex-hip-hinge-free-first-v21.mp3,5666,"Hip hinge. Feet under hips. Send hips back with a long spine, then stand tall.",Every generated V2.1 asset requires founder listening.,not_reviewed,No current physical pair exists for this logical Training Voice V2.1 cue.
post-v21-listen-0155,generated_new_pair,P2,clara,ex-hip-hinge-free-next-v21,ex-hip-hinge-free-next-v21,assets/audio/voice/clara/ex-hip-hinge-free-next-v21.mp3,1115,Hip hinge.,Every generated V2.1 asset requires founder listening.,not_reviewed,No current physical pair exists for this logical Training Voice V2.1 cue.
post-v21-listen-0156,generated_new_pair,P2,marcus,ex-hip-hinge-free-next-v21,ex-hip-hinge-free-next-v21,assets/audio/voice/marcus/ex-hip-hinge-free-next-v21.mp3,1115,Hip hinge.,Every generated V2.1 asset requires founder listening.,not_reviewed,No current physical pair exists for this logical Training Voice V2.1 cue.
post-v21-listen-0157,generated_new_pair,P2,clara,ex-hip-hinge-wall-first-v21,ex-hip-hinge-wall-first-v21,assets/audio/voice/clara/ex-hip-hinge-wall-first-v21.mp3,6827,"Wall-tap hinge. Stand a step from the wall. Send hips back to tap the wall, then stand tall.",Every generated V2.1 asset requires founder listening.,not_reviewed,No current physical pair exists for this logical Training Voice V2.1 cue.
post-v21-listen-0158,generated_new_pair,P2,marcus,ex-hip-hinge-wall-first-v21,ex-hip-hinge-wall-first-v21,assets/audio/voice/marcus/ex-hip-hinge-wall-first-v21.mp3,6177,"Wall-tap hinge. Stand a step from the wall. Send hips back to tap the wall, then stand tall.",Every generated V2.1 asset requires founder listening.,not_reviewed,No current physical pair exists for this logical Training Voice V2.1 cue.
post-v21-listen-0159,generated_new_pair,P2,clara,ex-hip-hinge-wall-next-v21,ex-hip-hinge-wall-next-v21,assets/audio/voice/clara/ex-hip-hinge-wall-next-v21.mp3,1393,Wall-tap hinge.,Every generated V2.1 asset requires founder listening.,not_reviewed,No current physical pair exists for this logical Training Voice V2.1 cue.
post-v21-listen-0160,generated_new_pair,P2,marcus,ex-hip-hinge-wall-next-v21,ex-hip-hinge-wall-next-v21,assets/audio/voice/marcus/ex-hip-hinge-wall-next-v21.mp3,1254,Wall-tap hinge.,Every generated V2.1 asset requires founder listening.,not_reviewed,No current physical pair exists for this logical Training Voice V2.1 cue.
post-v21-listen-0161,generated_new_pair,P2,clara,ex-loaded-march-first-v21,ex-loaded-march-first-v21,assets/audio/voice/clara/ex-loaded-march-first-v21.mp3,4923,March in place. Stand tall near support and march with a steady rhythm.,Every generated V2.1 asset requires founder listening.,not_reviewed,No current physical pair exists for this logical Training Voice V2.1 cue.
post-v21-listen-0162,generated_new_pair,P2,marcus,ex-loaded-march-first-v21,ex-loaded-march-first-v21,assets/audio/voice/marcus/ex-loaded-march-first-v21.mp3,4505,March in place. Stand tall near support and march with a steady rhythm.,Every generated V2.1 asset requires founder listening.,not_reviewed,No current physical pair exists for this logical Training Voice V2.1 cue.
post-v21-listen-0163,generated_new_pair,P2,clara,ex-loaded-march-next-v21,ex-loaded-march-next-v21,assets/audio/voice/clara/ex-loaded-march-next-v21.mp3,1347,March in place.,Every generated V2.1 asset requires founder listening.,not_reviewed,No current physical pair exists for this logical Training Voice V2.1 cue.
post-v21-listen-0164,generated_new_pair,P2,marcus,ex-loaded-march-next-v21,ex-loaded-march-next-v21,assets/audio/voice/marcus/ex-loaded-march-next-v21.mp3,1300,March in place.,Every generated V2.1 asset requires founder listening.,not_reviewed,No current physical pair exists for this logical Training Voice V2.1 cue.
post-v21-listen-0165,generated_new_pair,P2,clara,ex-loaded-sit-to-stand-first-v21,ex-loaded-sit-to-stand-first-v21,assets/audio/voice/clara/ex-loaded-sit-to-stand-first-v21.mp3,6269,"Loaded sit-to-stand. Hold the load close to your chest. Stand fully, then sit with control.",Every generated V2.1 asset requires founder listening.,not_reviewed,No current physical pair exists for this logical Training Voice V2.1 cue.
post-v21-listen-0166,generated_new_pair,P2,marcus,ex-loaded-sit-to-stand-first-v21,ex-loaded-sit-to-stand-first-v21,assets/audio/voice/marcus/ex-loaded-sit-to-stand-first-v21.mp3,6548,"Loaded sit-to-stand. Hold the load close to your chest. Stand fully, then sit with control.",Every generated V2.1 asset requires founder listening.,not_reviewed,No current physical pair exists for this logical Training Voice V2.1 cue.
post-v21-listen-0167,generated_new_pair,P2,clara,ex-loaded-sit-to-stand-next-v21,ex-loaded-sit-to-stand-next-v21,assets/audio/voice/clara/ex-loaded-sit-to-stand-next-v21.mp3,1672,Loaded sit-to-stand.,Every generated V2.1 asset requires founder listening.,not_reviewed,No current physical pair exists for this logical Training Voice V2.1 cue.
post-v21-listen-0168,generated_new_pair,P2,marcus,ex-loaded-sit-to-stand-next-v21,ex-loaded-sit-to-stand-next-v21,assets/audio/voice/marcus/ex-loaded-sit-to-stand-next-v21.mp3,1486,Loaded sit-to-stand.,Every generated V2.1 asset requires founder listening.,not_reviewed,No current physical pair exists for this logical Training Voice V2.1 cue.
post-v21-listen-0169,generated_new_pair,P2,clara,ex-mini-band-lateral-walk-first-v21,ex-mini-band-lateral-walk-first-v21,assets/audio/voice/clara/ex-mini-band-lateral-walk-first-v21.mp3,6594,Mini-band lateral walk. Band above your knees. Take small controlled steps both directions.,Every generated V2.1 asset requires founder listening.,not_reviewed,No current physical pair exists for this logical Training Voice V2.1 cue.
post-v21-listen-0170,generated_new_pair,P2,marcus,ex-mini-band-lateral-walk-first-v21,ex-mini-band-lateral-walk-first-v21,assets/audio/voice/marcus/ex-mini-band-lateral-walk-first-v21.mp3,5712,Mini-band lateral walk. Band above your knees. Take small controlled steps both directions.,Every generated V2.1 asset requires founder listening.,not_reviewed,No current physical pair exists for this logical Training Voice V2.1 cue.
post-v21-listen-0171,generated_new_pair,P2,clara,ex-mini-band-lateral-walk-next-v21,ex-mini-band-lateral-walk-next-v21,assets/audio/voice/clara/ex-mini-band-lateral-walk-next-v21.mp3,1625,Mini-band lateral walk.,Every generated V2.1 asset requires founder listening.,not_reviewed,No current physical pair exists for this logical Training Voice V2.1 cue.
post-v21-listen-0172,generated_new_pair,P2,marcus,ex-mini-band-lateral-walk-next-v21,ex-mini-band-lateral-walk-next-v21,assets/audio/voice/marcus/ex-mini-band-lateral-walk-next-v21.mp3,1533,Mini-band lateral walk.,Every generated V2.1 asset requires founder listening.,not_reviewed,No current physical pair exists for this logical Training Voice V2.1 cue.
post-v21-listen-0173,generated_new_pair,P2,clara,ex-neck-rotation-first-v21,ex-neck-rotation-first-v21,assets/audio/voice/clara/ex-neck-rotation-first-v21.mp3,7384,"Neck rotations. Face the phone, sit or stand tall, and slowly look over one shoulder, then the other.",Every generated V2.1 asset requires founder listening.,not_reviewed,No current physical pair exists for this logical Training Voice V2.1 cue.
post-v21-listen-0174,generated_new_pair,P2,marcus,ex-neck-rotation-first-v21,ex-neck-rotation-first-v21,assets/audio/voice/marcus/ex-neck-rotation-first-v21.mp3,6223,"Neck rotations. Face the phone, sit or stand tall, and slowly look over one shoulder, then the other.",Every generated V2.1 asset requires founder listening.,not_reviewed,No current physical pair exists for this logical Training Voice V2.1 cue.
post-v21-listen-0175,generated_new_pair,P2,clara,ex-neck-rotation-next-v21,ex-neck-rotation-next-v21,assets/audio/voice/clara/ex-neck-rotation-next-v21.mp3,1440,Neck rotations.,Every generated V2.1 asset requires founder listening.,not_reviewed,No current physical pair exists for this logical Training Voice V2.1 cue.
post-v21-listen-0176,generated_new_pair,P2,marcus,ex-neck-rotation-next-v21,ex-neck-rotation-next-v21,assets/audio/voice/marcus/ex-neck-rotation-next-v21.mp3,1347,Neck rotations.,Every generated V2.1 asset requires founder listening.,not_reviewed,No current physical pair exists for this logical Training Voice V2.1 cue.
post-v21-listen-0177,generated_new_pair,P2,clara,ex-overhead-press-band-first-v21,ex-overhead-press-band-first-v21,assets/audio/voice/clara/ex-overhead-press-band-first-v21.mp3,6409,"Band overhead press. Stand tall with light band tension. Press overhead, then return slowly.",Every generated V2.1 asset requires founder listening.,not_reviewed,No current physical pair exists for this logical Training Voice V2.1 cue.
post-v21-listen-0178,generated_new_pair,P2,marcus,ex-overhead-press-band-first-v21,ex-overhead-press-band-first-v21,assets/audio/voice/marcus/ex-overhead-press-band-first-v21.mp3,6223,"Band overhead press. Stand tall with light band tension. Press overhead, then return slowly.",Every generated V2.1 asset requires founder listening.,not_reviewed,No current physical pair exists for this logical Training Voice V2.1 cue.
post-v21-listen-0179,generated_new_pair,P2,clara,ex-overhead-press-band-next-v21,ex-overhead-press-band-next-v21,assets/audio/voice/clara/ex-overhead-press-band-next-v21.mp3,1533,Band overhead press.,Every generated V2.1 asset requires founder listening.,not_reviewed,No current physical pair exists for this logical Training Voice V2.1 cue.
post-v21-listen-0180,generated_new_pair,P2,marcus,ex-overhead-press-band-next-v21,ex-overhead-press-band-next-v21,assets/audio/voice/marcus/ex-overhead-press-band-next-v21.mp3,1440,Band overhead press.,Every generated V2.1 asset requires founder listening.,not_reviewed,No current physical pair exists for this logical Training Voice V2.1 cue.
post-v21-listen-0181,generated_new_pair,P2,clara,ex-overhead-reach-first-v21,ex-overhead-reach-first-v21,assets/audio/voice/clara/ex-overhead-reach-first-v21.mp3,5898,"Overhead reach. Stand tall. Reach both arms overhead as far as comfortable, then lower.",Every generated V2.1 asset requires founder listening.,not_reviewed,No current physical pair exists for this logical Training Voice V2.1 cue.
post-v21-listen-0182,generated_new_pair,P2,marcus,ex-overhead-reach-first-v21,ex-overhead-reach-first-v21,assets/audio/voice/marcus/ex-overhead-reach-first-v21.mp3,5108,"Overhead reach. Stand tall. Reach both arms overhead as far as comfortable, then lower.",Every generated V2.1 asset requires founder listening.,not_reviewed,No current physical pair exists for this logical Training Voice V2.1 cue.
post-v21-listen-0183,generated_new_pair,P2,clara,ex-overhead-reach-next-v21,ex-overhead-reach-next-v21,assets/audio/voice/clara/ex-overhead-reach-next-v21.mp3,1300,Overhead reach.,Every generated V2.1 asset requires founder listening.,not_reviewed,No current physical pair exists for this logical Training Voice V2.1 cue.
post-v21-listen-0184,generated_new_pair,P2,marcus,ex-overhead-reach-next-v21,ex-overhead-reach-next-v21,assets/audio/voice/marcus/ex-overhead-reach-next-v21.mp3,1115,Overhead reach.,Every generated V2.1 asset requires founder listening.,not_reviewed,No current physical pair exists for this logical Training Voice V2.1 cue.
post-v21-listen-0185,generated_new_pair,P2,clara,ex-push-up-incline-first-v21,ex-push-up-incline-first-v21,assets/audio/voice/clara/ex-push-up-incline-first-v21.mp3,7430,"Incline push-up. Hands on a stable counter or sturdy chair. Lower in with control, then press away.",Every generated V2.1 asset requires founder listening.,not_reviewed,No current physical pair exists for this logical Training Voice V2.1 cue.
post-v21-listen-0186,generated_new_pair,P2,marcus,ex-push-up-incline-first-v21,ex-push-up-incline-first-v21,assets/audio/voice/marcus/ex-push-up-incline-first-v21.mp3,6780,"Incline push-up. Hands on a stable counter or sturdy chair. Lower in with control, then press away.",Every generated V2.1 asset requires founder listening.,not_reviewed,No current physical pair exists for this logical Training Voice V2.1 cue.
post-v21-listen-0187,generated_new_pair,P2,clara,ex-push-up-incline-next-v21,ex-push-up-incline-next-v21,assets/audio/voice/clara/ex-push-up-incline-next-v21.mp3,1393,Incline push-up.,Every generated V2.1 asset requires founder listening.,not_reviewed,No current physical pair exists for this logical Training Voice V2.1 cue.
post-v21-listen-0188,generated_new_pair,P2,marcus,ex-push-up-incline-next-v21,ex-push-up-incline-next-v21,assets/audio/voice/marcus/ex-push-up-incline-next-v21.mp3,1161,Incline push-up.,Every generated V2.1 asset requires founder listening.,not_reviewed,No current physical pair exists for this logical Training Voice V2.1 cue.
post-v21-listen-0189,generated_new_pair,P2,clara,ex-push-up-standard-first-v21,ex-push-up-standard-first-v21,assets/audio/voice/clara/ex-push-up-standard-first-v21.mp3,5480,"Push-up. Start from the floor position. Lower with control, then press up.",Every generated V2.1 asset requires founder listening.,not_reviewed,No current physical pair exists for this logical Training Voice V2.1 cue.
post-v21-listen-0190,generated_new_pair,P2,marcus,ex-push-up-standard-first-v21,ex-push-up-standard-first-v21,assets/audio/voice/marcus/ex-push-up-standard-first-v21.mp3,5016,"Push-up. Start from the floor position. Lower with control, then press up.",Every generated V2.1 asset requires founder listening.,not_reviewed,No current physical pair exists for this logical Training Voice V2.1 cue.
post-v21-listen-0191,generated_new_pair,P2,clara,ex-push-up-standard-next-v21,ex-push-up-standard-next-v21,assets/audio/voice/clara/ex-push-up-standard-next-v21.mp3,929,Push-up.,Every generated V2.1 asset requires founder listening.,not_reviewed,No current physical pair exists for this logical Training Voice V2.1 cue.
post-v21-listen-0192,generated_new_pair,P2,marcus,ex-push-up-standard-next-v21,ex-push-up-standard-next-v21,assets/audio/voice/marcus/ex-push-up-standard-next-v21.mp3,929,Push-up.,Every generated V2.1 asset requires founder listening.,not_reviewed,No current physical pair exists for this logical Training Voice V2.1 cue.
post-v21-listen-0193,generated_new_pair,P2,clara,ex-push-up-wall-first-v21,ex-push-up-wall-first-v21,assets/audio/voice/clara/ex-push-up-wall-first-v21.mp3,5387,"Wall push-up. Hands on the wall. Lower in with control, then press away.",Every generated V2.1 asset requires founder listening.,not_reviewed,No current physical pair exists for this logical Training Voice V2.1 cue.
post-v21-listen-0194,generated_new_pair,P2,marcus,ex-push-up-wall-first-v21,ex-push-up-wall-first-v21,assets/audio/voice/marcus/ex-push-up-wall-first-v21.mp3,4412,"Wall push-up. Hands on the wall. Lower in with control, then press away.",Every generated V2.1 asset requires founder listening.,not_reviewed,No current physical pair exists for this logical Training Voice V2.1 cue.
post-v21-listen-0195,generated_new_pair,P2,clara,ex-push-up-wall-next-v21,ex-push-up-wall-next-v21,assets/audio/voice/clara/ex-push-up-wall-next-v21.mp3,1207,Wall push-up.,Every generated V2.1 asset requires founder listening.,not_reviewed,No current physical pair exists for this logical Training Voice V2.1 cue.
post-v21-listen-0196,generated_new_pair,P2,marcus,ex-push-up-wall-next-v21,ex-push-up-wall-next-v21,assets/audio/voice/marcus/ex-push-up-wall-next-v21.mp3,1022,Wall push-up.,Every generated V2.1 asset requires founder listening.,not_reviewed,No current physical pair exists for this logical Training Voice V2.1 cue.
post-v21-listen-0197,generated_new_pair,P2,clara,ex-seated-band-row-first-v21,ex-seated-band-row-first-v21,assets/audio/voice/clara/ex-seated-band-row-first-v21.mp3,8824,"Seated band row. Sit tall on a sturdy chair with the band anchored under both feet. Pull elbows back, then return slowly.",Every generated V2.1 asset requires founder listening.,not_reviewed,No current physical pair exists for this logical Training Voice V2.1 cue.
post-v21-listen-0198,generated_new_pair,P2,marcus,ex-seated-band-row-first-v21,ex-seated-band-row-first-v21,assets/audio/voice/marcus/ex-seated-band-row-first-v21.mp3,8406,"Seated band row. Sit tall on a sturdy chair with the band anchored under both feet. Pull elbows back, then return slowly.",Every generated V2.1 asset requires founder listening.,not_reviewed,No current physical pair exists for this logical Training Voice V2.1 cue.
post-v21-listen-0199,generated_new_pair,P2,clara,ex-seated-band-row-next-v21,ex-seated-band-row-next-v21,assets/audio/voice/clara/ex-seated-band-row-next-v21.mp3,1347,Seated band row.,Every generated V2.1 asset requires founder listening.,not_reviewed,No current physical pair exists for this logical Training Voice V2.1 cue.
post-v21-listen-0200,generated_new_pair,P2,marcus,ex-seated-band-row-next-v21,ex-seated-band-row-next-v21,assets/audio/voice/marcus/ex-seated-band-row-next-v21.mp3,1347,Seated band row.,Every generated V2.1 asset requires founder listening.,not_reviewed,No current physical pair exists for this logical Training Voice V2.1 cue.
post-v21-listen-0201,generated_new_pair,P2,clara,ex-seated-hamstring-reach-first-v21,ex-seated-hamstring-reach-first-v21,assets/audio/voice/clara/ex-seated-hamstring-reach-first-v21.mp3,3437,Seated hamstring reach. Sit tall at the chair edge.,Every generated V2.1 asset requires founder listening.,not_reviewed,No current physical pair exists for this logical Training Voice V2.1 cue.
post-v21-listen-0202,generated_new_pair,P2,marcus,ex-seated-hamstring-reach-first-v21,ex-seated-hamstring-reach-first-v21,assets/audio/voice/marcus/ex-seated-hamstring-reach-first-v21.mp3,3065,Seated hamstring reach. Sit tall at the chair edge.,Every generated V2.1 asset requires founder listening.,not_reviewed,No current physical pair exists for this logical Training Voice V2.1 cue.
post-v21-listen-0203,generated_new_pair,P2,clara,ex-seated-hamstring-reach-next-v21,ex-seated-hamstring-reach-next-v21,assets/audio/voice/clara/ex-seated-hamstring-reach-next-v21.mp3,1672,Seated hamstring reach.,Every generated V2.1 asset requires founder listening.,not_reviewed,No current physical pair exists for this logical Training Voice V2.1 cue.
post-v21-listen-0204,generated_new_pair,P2,marcus,ex-seated-hamstring-reach-next-v21,ex-seated-hamstring-reach-next-v21,assets/audio/voice/marcus/ex-seated-hamstring-reach-next-v21.mp3,1393,Seated hamstring reach.,Every generated V2.1 asset requires founder listening.,not_reviewed,No current physical pair exists for this logical Training Voice V2.1 cue.
post-v21-listen-0205,generated_new_pair,P2,clara,ex-squat-free-first-v21,ex-squat-free-first-v21,assets/audio/voice/clara/ex-squat-free-first-v21.mp3,5898,"Squat. Feet about hip width. Lower as if to sit, then stand with control.",Every generated V2.1 asset requires founder listening.,not_reviewed,No current physical pair exists for this logical Training Voice V2.1 cue.
post-v21-listen-0206,generated_new_pair,P2,marcus,ex-squat-free-first-v21,ex-squat-free-first-v21,assets/audio/voice/marcus/ex-squat-free-first-v21.mp3,5526,"Squat. Feet about hip width. Lower as if to sit, then stand with control.",Every generated V2.1 asset requires founder listening.,not_reviewed,No current physical pair exists for this logical Training Voice V2.1 cue.
post-v21-listen-0207,generated_new_pair,P2,clara,ex-squat-free-next-v21,ex-squat-free-next-v21,assets/audio/voice/clara/ex-squat-free-next-v21.mp3,882,Squat.,Every generated V2.1 asset requires founder listening.,not_reviewed,No current physical pair exists for this logical Training Voice V2.1 cue.
post-v21-listen-0208,generated_new_pair,P2,marcus,ex-squat-free-next-v21,ex-squat-free-next-v21,assets/audio/voice/marcus/ex-squat-free-next-v21.mp3,836,Squat.,Every generated V2.1 asset requires founder listening.,not_reviewed,No current physical pair exists for this logical Training Voice V2.1 cue.
post-v21-listen-0209,generated_new_pair,P2,clara,ex-squat-loaded-first-v21,ex-squat-loaded-first-v21,assets/audio/voice/clara/ex-squat-loaded-first-v21.mp3,6362,"Loaded squat. Hold the load close to your chest. Lower into a squat, then stand with control.",Every generated V2.1 asset requires founder listening.,not_reviewed,No current physical pair exists for this logical Training Voice V2.1 cue.
post-v21-listen-0210,generated_new_pair,P2,marcus,ex-squat-loaded-first-v21,ex-squat-loaded-first-v21,assets/audio/voice/marcus/ex-squat-loaded-first-v21.mp3,6362,"Loaded squat. Hold the load close to your chest. Lower into a squat, then stand with control.",Every generated V2.1 asset requires founder listening.,not_reviewed,No current physical pair exists for this logical Training Voice V2.1 cue.
post-v21-listen-0211,generated_new_pair,P2,clara,ex-squat-loaded-next-v21,ex-squat-loaded-next-v21,assets/audio/voice/clara/ex-squat-loaded-next-v21.mp3,1300,Loaded squat.,Every generated V2.1 asset requires founder listening.,not_reviewed,No current physical pair exists for this logical Training Voice V2.1 cue.
post-v21-listen-0212,generated_new_pair,P2,marcus,ex-squat-loaded-next-v21,ex-squat-loaded-next-v21,assets/audio/voice/marcus/ex-squat-loaded-next-v21.mp3,1207,Loaded squat.,Every generated V2.1 asset requires founder listening.,not_reviewed,No current physical pair exists for this logical Training Voice V2.1 cue.
post-v21-listen-0213,generated_new_pair,P2,clara,ex-squat-slow-eccentric-first-v21,ex-squat-slow-eccentric-first-v21,assets/audio/voice/clara/ex-squat-slow-eccentric-first-v21.mp3,3947,"Slow-lower squat. Lower slowly, then stand with control.",Every generated V2.1 asset requires founder listening.,not_reviewed,No current physical pair exists for this logical Training Voice V2.1 cue.
post-v21-listen-0214,generated_new_pair,P2,marcus,ex-squat-slow-eccentric-first-v21,ex-squat-slow-eccentric-first-v21,assets/audio/voice/marcus/ex-squat-slow-eccentric-first-v21.mp3,3808,"Slow-lower squat. Lower slowly, then stand with control.",Every generated V2.1 asset requires founder listening.,not_reviewed,No current physical pair exists for this logical Training Voice V2.1 cue.
post-v21-listen-0215,generated_new_pair,P2,clara,ex-squat-slow-eccentric-next-v21,ex-squat-slow-eccentric-next-v21,assets/audio/voice/clara/ex-squat-slow-eccentric-next-v21.mp3,1486,Slow-lower squat.,Every generated V2.1 asset requires founder listening.,not_reviewed,No current physical pair exists for this logical Training Voice V2.1 cue.
post-v21-listen-0216,generated_new_pair,P2,marcus,ex-squat-slow-eccentric-next-v21,ex-squat-slow-eccentric-next-v21,assets/audio/voice/marcus/ex-squat-slow-eccentric-next-v21.mp3,1347,Slow-lower squat.,Every generated V2.1 asset requires founder listening.,not_reviewed,No current physical pair exists for this logical Training Voice V2.1 cue.
post-v21-listen-0217,generated_new_pair,P2,clara,ex-squat-supported-first-v21,ex-squat-supported-first-v21,assets/audio/voice/clara/ex-squat-supported-first-v21.mp3,6409,"Supported squat. Stand near sturdy support. Lower as if to sit, then stand with control.",Every generated V2.1 asset requires founder listening.,not_reviewed,No current physical pair exists for this logical Training Voice V2.1 cue.
post-v21-listen-0218,generated_new_pair,P2,marcus,ex-squat-supported-first-v21,ex-squat-supported-first-v21,assets/audio/voice/marcus/ex-squat-supported-first-v21.mp3,5898,"Supported squat. Stand near sturdy support. Lower as if to sit, then stand with control.",Every generated V2.1 asset requires founder listening.,not_reviewed,No current physical pair exists for this logical Training Voice V2.1 cue.
post-v21-listen-0219,generated_new_pair,P2,clara,ex-squat-supported-next-v21,ex-squat-supported-next-v21,assets/audio/voice/clara/ex-squat-supported-next-v21.mp3,1347,Supported squat.,Every generated V2.1 asset requires founder listening.,not_reviewed,No current physical pair exists for this logical Training Voice V2.1 cue.
post-v21-listen-0220,generated_new_pair,P2,marcus,ex-squat-supported-next-v21,ex-squat-supported-next-v21,assets/audio/voice/marcus/ex-squat-supported-next-v21.mp3,1207,Supported squat.,Every generated V2.1 asset requires founder listening.,not_reviewed,No current physical pair exists for this logical Training Voice V2.1 cue.
post-v21-listen-0221,generated_new_pair,P2,clara,ex-standing-band-row-first-v21,ex-standing-band-row-first-v21,assets/audio/voice/clara/ex-standing-band-row-first-v21.mp3,7663,"Standing band row. Face the secure door anchor in a stable stance. Pull elbows back, then return slowly.",Every generated V2.1 asset requires founder listening.,not_reviewed,No current physical pair exists for this logical Training Voice V2.1 cue.
post-v21-listen-0222,generated_new_pair,P2,marcus,ex-standing-band-row-first-v21,ex-standing-band-row-first-v21,assets/audio/voice/marcus/ex-standing-band-row-first-v21.mp3,7895,"Standing band row. Face the secure door anchor in a stable stance. Pull elbows back, then return slowly.",Every generated V2.1 asset requires founder listening.,not_reviewed,No current physical pair exists for this logical Training Voice V2.1 cue.
post-v21-listen-0223,generated_new_pair,P2,clara,ex-standing-band-row-next-v21,ex-standing-band-row-next-v21,assets/audio/voice/clara/ex-standing-band-row-next-v21.mp3,1486,Standing band row.,Every generated V2.1 asset requires founder listening.,not_reviewed,No current physical pair exists for this logical Training Voice V2.1 cue.
post-v21-listen-0224,generated_new_pair,P2,marcus,ex-standing-band-row-next-v21,ex-standing-band-row-next-v21,assets/audio/voice/marcus/ex-standing-band-row-next-v21.mp3,1300,Standing band row.,Every generated V2.1 asset requires founder listening.,not_reviewed,No current physical pair exists for this logical Training Voice V2.1 cue.
post-v21-listen-0225,generated_new_pair,P2,clara,ex-step-up-first-v21,ex-step-up-first-v21,assets/audio/voice/clara/ex-step-up-first-v21.mp3,7477,Step-up. Use the lowest stable step with support nearby. Return both feet to the floor after each rep.,Every generated V2.1 asset requires founder listening.,not_reviewed,No current physical pair exists for this logical Training Voice V2.1 cue.
post-v21-listen-0226,generated_new_pair,P2,marcus,ex-step-up-first-v21,ex-step-up-first-v21,assets/audio/voice/marcus/ex-step-up-first-v21.mp3,7245,Step-up. Use the lowest stable step with support nearby. Return both feet to the floor after each rep.,Every generated V2.1 asset requires founder listening.,not_reviewed,No current physical pair exists for this logical Training Voice V2.1 cue.
post-v21-listen-0227,generated_new_pair,P2,clara,ex-step-up-next-v21,ex-step-up-next-v21,assets/audio/voice/clara/ex-step-up-next-v21.mp3,3483,Step-up. Return both feet to the floor after each rep.,Every generated V2.1 asset requires founder listening.,not_reviewed,No current physical pair exists for this logical Training Voice V2.1 cue.
post-v21-listen-0228,generated_new_pair,P2,marcus,ex-step-up-next-v21,ex-step-up-next-v21,assets/audio/voice/marcus/ex-step-up-next-v21.mp3,3251,Step-up. Return both feet to the floor after each rep.,Every generated V2.1 asset requires founder listening.,not_reviewed,No current physical pair exists for this logical Training Voice V2.1 cue.
post-v21-listen-0229,generated_new_pair,P2,clara,ex-sts-cushion-first-v21,ex-sts-cushion-first-v21,assets/audio/voice/clara/ex-sts-cushion-first-v21.mp3,7291,"Cushion sit-to-stand. Sit tall on the cushion, feet flat. Stand fully, then sit with control.",Every generated V2.1 asset requires founder listening.,not_reviewed,No current physical pair exists for this logical Training Voice V2.1 cue.
post-v21-listen-0230,generated_new_pair,P2,marcus,ex-sts-cushion-first-v21,ex-sts-cushion-first-v21,assets/audio/voice/marcus/ex-sts-cushion-first-v21.mp3,7338,"Cushion sit-to-stand. Sit tall on the cushion, feet flat. Stand fully, then sit with control.",Every generated V2.1 asset requires founder listening.,not_reviewed,No current physical pair exists for this logical Training Voice V2.1 cue.
post-v21-listen-0231,generated_new_pair,P2,clara,ex-sts-cushion-next-v21,ex-sts-cushion-next-v21,assets/audio/voice/clara/ex-sts-cushion-next-v21.mp3,1486,Cushion sit-to-stand.,Every generated V2.1 asset requires founder listening.,not_reviewed,No current physical pair exists for this logical Training Voice V2.1 cue.
post-v21-listen-0232,generated_new_pair,P2,marcus,ex-sts-cushion-next-v21,ex-sts-cushion-next-v21,assets/audio/voice/marcus/ex-sts-cushion-next-v21.mp3,1347,Cushion sit-to-stand.,Every generated V2.1 asset requires founder listening.,not_reviewed,No current physical pair exists for this logical Training Voice V2.1 cue.
post-v21-listen-0233,generated_new_pair,P2,clara,ex-sts-power-first-v21,ex-sts-power-first-v21,assets/audio/voice/clara/ex-sts-power-first-v21.mp3,6084,"Power sit-to-stand. Sit tall, drive up briskly to standing, then sit with control.",Every generated V2.1 asset requires founder listening.,not_reviewed,No current physical pair exists for this logical Training Voice V2.1 cue.
post-v21-listen-0234,generated_new_pair,P2,marcus,ex-sts-power-first-v21,ex-sts-power-first-v21,assets/audio/voice/marcus/ex-sts-power-first-v21.mp3,4969,"Power sit-to-stand. Sit tall, drive up briskly to standing, then sit with control.",Every generated V2.1 asset requires founder listening.,not_reviewed,No current physical pair exists for this logical Training Voice V2.1 cue.
post-v21-listen-0235,generated_new_pair,P2,clara,ex-sts-power-next-v21,ex-sts-power-next-v21,assets/audio/voice/clara/ex-sts-power-next-v21.mp3,1440,Power sit-to-stand.,Every generated V2.1 asset requires founder listening.,not_reviewed,No current physical pair exists for this logical Training Voice V2.1 cue.
post-v21-listen-0236,generated_new_pair,P2,marcus,ex-sts-power-next-v21,ex-sts-power-next-v21,assets/audio/voice/marcus/ex-sts-power-next-v21.mp3,1347,Power sit-to-stand.,Every generated V2.1 asset requires founder listening.,not_reviewed,No current physical pair exists for this logical Training Voice V2.1 cue.
post-v21-listen-0237,generated_new_pair,P2,clara,ex-sts-slow-eccentric-first-v21,ex-sts-slow-eccentric-first-v21,assets/audio/voice/clara/ex-sts-slow-eccentric-first-v21.mp3,6548,"Slow-lower sit-to-stand. Stand fully, then lower slowly and steadily before the next rep.",Every generated V2.1 asset requires founder listening.,not_reviewed,No current physical pair exists for this logical Training Voice V2.1 cue.
post-v21-listen-0238,generated_new_pair,P2,marcus,ex-sts-slow-eccentric-first-v21,ex-sts-slow-eccentric-first-v21,assets/audio/voice/marcus/ex-sts-slow-eccentric-first-v21.mp3,6827,"Slow-lower sit-to-stand. Stand fully, then lower slowly and steadily before the next rep.",Every generated V2.1 asset requires founder listening.,not_reviewed,No current physical pair exists for this logical Training Voice V2.1 cue.
post-v21-listen-0239,generated_new_pair,P2,clara,ex-sts-slow-eccentric-next-v21,ex-sts-slow-eccentric-next-v21,assets/audio/voice/clara/ex-sts-slow-eccentric-next-v21.mp3,1625,Slow-lower sit-to-stand.,Every generated V2.1 asset requires founder listening.,not_reviewed,No current physical pair exists for this logical Training Voice V2.1 cue.
post-v21-listen-0240,generated_new_pair,P2,marcus,ex-sts-slow-eccentric-next-v21,ex-sts-slow-eccentric-next-v21,assets/audio/voice/marcus/ex-sts-slow-eccentric-next-v21.mp3,1533,Slow-lower sit-to-stand.,Every generated V2.1 asset requires founder listening.,not_reviewed,No current physical pair exists for this logical Training Voice V2.1 cue.
post-v21-listen-0241,generated_new_pair,P2,clara,ex-sts-standard-first-v21,ex-sts-standard-first-v21,assets/audio/voice/clara/ex-sts-standard-first-v21.mp3,7941,"Sit-to-stand. Sit tall in the middle of the chair, feet flat. Stand fully, then sit with control.",Every generated V2.1 asset requires founder listening.,not_reviewed,No current physical pair exists for this logical Training Voice V2.1 cue.
post-v21-listen-0242,generated_new_pair,P2,marcus,ex-sts-standard-first-v21,ex-sts-standard-first-v21,assets/audio/voice/marcus/ex-sts-standard-first-v21.mp3,7895,"Sit-to-stand. Sit tall in the middle of the chair, feet flat. Stand fully, then sit with control.",Every generated V2.1 asset requires founder listening.,not_reviewed,No current physical pair exists for this logical Training Voice V2.1 cue.
post-v21-listen-0243,generated_new_pair,P2,clara,ex-sts-standard-next-v21,ex-sts-standard-next-v21,assets/audio/voice/clara/ex-sts-standard-next-v21.mp3,1207,Sit-to-stand.,Every generated V2.1 asset requires founder listening.,not_reviewed,No current physical pair exists for this logical Training Voice V2.1 cue.
post-v21-listen-0244,generated_new_pair,P2,marcus,ex-sts-standard-next-v21,ex-sts-standard-next-v21,assets/audio/voice/marcus/ex-sts-standard-next-v21.mp3,1207,Sit-to-stand.,Every generated V2.1 asset requires founder listening.,not_reviewed,No current physical pair exists for this logical Training Voice V2.1 cue.
post-v21-listen-0245,generated_new_pair,P2,clara,ex-supported-hip-flexor-stretch-first-v21,ex-supported-hip-flexor-stretch-first-v21,assets/audio/voice/clara/ex-supported-hip-flexor-stretch-first-v21.mp3,3622,Supported hip-flexor stretch. Keep fingertips near support.,Every generated V2.1 asset requires founder listening.,not_reviewed,No current physical pair exists for this logical Training Voice V2.1 cue.
post-v21-listen-0246,generated_new_pair,P2,marcus,ex-supported-hip-flexor-stretch-first-v21,ex-supported-hip-flexor-stretch-first-v21,assets/audio/voice/marcus/ex-supported-hip-flexor-stretch-first-v21.mp3,3483,Supported hip-flexor stretch. Keep fingertips near support.,Every generated V2.1 asset requires founder listening.,not_reviewed,No current physical pair exists for this logical Training Voice V2.1 cue.
post-v21-listen-0247,generated_new_pair,P2,clara,ex-supported-hip-flexor-stretch-next-v21,ex-supported-hip-flexor-stretch-next-v21,assets/audio/voice/clara/ex-supported-hip-flexor-stretch-next-v21.mp3,1765,Supported hip-flexor stretch.,Every generated V2.1 asset requires founder listening.,not_reviewed,No current physical pair exists for this logical Training Voice V2.1 cue.
post-v21-listen-0248,generated_new_pair,P2,marcus,ex-supported-hip-flexor-stretch-next-v21,ex-supported-hip-flexor-stretch-next-v21,assets/audio/voice/marcus/ex-supported-hip-flexor-stretch-next-v21.mp3,1625,Supported hip-flexor stretch.,Every generated V2.1 asset requires founder listening.,not_reviewed,No current physical pair exists for this logical Training Voice V2.1 cue.
post-v21-listen-0249,generated_new_pair,P2,clara,ex-supported-side-step-first-v21,ex-supported-side-step-first-v21,assets/audio/voice/clara/ex-supported-side-step-first-v21.mp3,7755,"Supported side step. Stand near a counter. Step to the side, bring the other foot in, and continue with control.",Every generated V2.1 asset requires founder listening.,not_reviewed,No current physical pair exists for this logical Training Voice V2.1 cue.
post-v21-listen-0250,generated_new_pair,P2,marcus,ex-supported-side-step-first-v21,ex-supported-side-step-first-v21,assets/audio/voice/marcus/ex-supported-side-step-first-v21.mp3,6502,"Supported side step. Stand near a counter. Step to the side, bring the other foot in, and continue with control.",Every generated V2.1 asset requires founder listening.,not_reviewed,No current physical pair exists for this logical Training Voice V2.1 cue.
post-v21-listen-0251,generated_new_pair,P2,clara,ex-supported-side-step-next-v21,ex-supported-side-step-next-v21,assets/audio/voice/clara/ex-supported-side-step-next-v21.mp3,1533,Supported side step.,Every generated V2.1 asset requires founder listening.,not_reviewed,No current physical pair exists for this logical Training Voice V2.1 cue.
post-v21-listen-0252,generated_new_pair,P2,marcus,ex-supported-side-step-next-v21,ex-supported-side-step-next-v21,assets/audio/voice/marcus/ex-supported-side-step-next-v21.mp3,1440,Supported side step.,Every generated V2.1 asset requires founder listening.,not_reviewed,No current physical pair exists for this logical Training Voice V2.1 cue.
post-v21-listen-0253,generated_new_pair,P2,clara,ex-thoracic-rotation-first-v21,ex-thoracic-rotation-first-v21,assets/audio/voice/clara/ex-thoracic-rotation-first-v21.mp3,8266,"Thoracic rotation. Sit or stand tall with arms crossed. Rotate one way, return to center, then rotate the other way.",Every generated V2.1 asset requires founder listening.,not_reviewed,No current physical pair exists for this logical Training Voice V2.1 cue.
post-v21-listen-0254,generated_new_pair,P2,marcus,ex-thoracic-rotation-first-v21,ex-thoracic-rotation-first-v21,assets/audio/voice/marcus/ex-thoracic-rotation-first-v21.mp3,7245,"Thoracic rotation. Sit or stand tall with arms crossed. Rotate one way, return to center, then rotate the other way.",Every generated V2.1 asset requires founder listening.,not_reviewed,No current physical pair exists for this logical Training Voice V2.1 cue.
post-v21-listen-0255,generated_new_pair,P2,clara,ex-thoracic-rotation-next-v21,ex-thoracic-rotation-next-v21,assets/audio/voice/clara/ex-thoracic-rotation-next-v21.mp3,1533,Thoracic rotation.,Every generated V2.1 asset requires founder listening.,not_reviewed,No current physical pair exists for this logical Training Voice V2.1 cue.
post-v21-listen-0256,generated_new_pair,P2,marcus,ex-thoracic-rotation-next-v21,ex-thoracic-rotation-next-v21,assets/audio/voice/marcus/ex-thoracic-rotation-next-v21.mp3,1440,Thoracic rotation.,Every generated V2.1 asset requires founder listening.,not_reviewed,No current physical pair exists for this logical Training Voice V2.1 cue.
post-v21-listen-0257,generated_new_pair,P2,clara,ex-toe-raise-supported-first-v21,ex-toe-raise-supported-first-v21,assets/audio/voice/clara/ex-toe-raise-supported-first-v21.mp3,5387,"Supported toe raise. Keep heels down, lift the front of your feet, then lower slowly.",Every generated V2.1 asset requires founder listening.,not_reviewed,No current physical pair exists for this logical Training Voice V2.1 cue.
post-v21-listen-0258,generated_new_pair,P2,marcus,ex-toe-raise-supported-first-v21,ex-toe-raise-supported-first-v21,assets/audio/voice/marcus/ex-toe-raise-supported-first-v21.mp3,4458,"Supported toe raise. Keep heels down, lift the front of your feet, then lower slowly.",Every generated V2.1 asset requires founder listening.,not_reviewed,No current physical pair exists for this logical Training Voice V2.1 cue.
post-v21-listen-0259,generated_new_pair,P2,clara,ex-toe-raise-supported-next-v21,ex-toe-raise-supported-next-v21,assets/audio/voice/clara/ex-toe-raise-supported-next-v21.mp3,1579,Supported toe raise.,Every generated V2.1 asset requires founder listening.,not_reviewed,No current physical pair exists for this logical Training Voice V2.1 cue.
post-v21-listen-0260,generated_new_pair,P2,marcus,ex-toe-raise-supported-next-v21,ex-toe-raise-supported-next-v21,assets/audio/voice/marcus/ex-toe-raise-supported-next-v21.mp3,1440,Supported toe raise.,Every generated V2.1 asset requires founder listening.,not_reviewed,No current physical pair exists for this logical Training Voice V2.1 cue.
post-v21-listen-0261,generated_new_pair,P2,clara,ex-wall-calf-stretch-first-v21,ex-wall-calf-stretch-first-v21,assets/audio/voice/clara/ex-wall-calf-stretch-first-v21.mp3,2601,Wall calf stretch. Hands on the wall.,Every generated V2.1 asset requires founder listening.,not_reviewed,No current physical pair exists for this logical Training Voice V2.1 cue.
post-v21-listen-0262,generated_new_pair,P2,marcus,ex-wall-calf-stretch-first-v21,ex-wall-calf-stretch-first-v21,assets/audio/voice/marcus/ex-wall-calf-stretch-first-v21.mp3,1950,Wall calf stretch. Hands on the wall.,Every generated V2.1 asset requires founder listening.,not_reviewed,No current physical pair exists for this logical Training Voice V2.1 cue.
post-v21-listen-0263,generated_new_pair,P2,clara,ex-wall-calf-stretch-next-v21,ex-wall-calf-stretch-next-v21,assets/audio/voice/clara/ex-wall-calf-stretch-next-v21.mp3,1486,Wall calf stretch.,Every generated V2.1 asset requires founder listening.,not_reviewed,No current physical pair exists for this logical Training Voice V2.1 cue.
post-v21-listen-0264,generated_new_pair,P2,marcus,ex-wall-calf-stretch-next-v21,ex-wall-calf-stretch-next-v21,assets/audio/voice/marcus/ex-wall-calf-stretch-next-v21.mp3,1440,Wall calf stretch.,Every generated V2.1 asset requires founder listening.,not_reviewed,No current physical pair exists for this logical Training Voice V2.1 cue.
post-v21-listen-0265,generated_new_pair,P2,clara,five-seconds-left-v21,five-seconds-left-v21,assets/audio/voice/clara/five-seconds-left-v21.mp3,1393,Five seconds left.,Every generated V2.1 asset requires founder listening.,not_reviewed,No current physical pair exists for this logical Training Voice V2.1 cue.
post-v21-listen-0266,generated_new_pair,P2,marcus,five-seconds-left-v21,five-seconds-left-v21,assets/audio/voice/marcus/five-seconds-left-v21.mp3,1300,Five seconds left.,Every generated V2.1 asset requires founder listening.,not_reviewed,No current physical pair exists for this logical Training Voice V2.1 cue.
post-v21-listen-0267,generated_new_pair,P2,clara,floor-gate-question-v21,floor-gate-question-v21,assets/audio/voice/clara/floor-gate-question-v21.mp3,3715,Can you safely get down to the floor and back up without assistance?,Every generated V2.1 asset requires founder listening.,not_reviewed,No current physical pair exists for this logical Training Voice V2.1 cue.
post-v21-listen-0268,generated_new_pair,P2,marcus,floor-gate-question-v21,floor-gate-question-v21,assets/audio/voice/marcus/floor-gate-question-v21.mp3,3251,Can you safely get down to the floor and back up without assistance?,Every generated V2.1 asset requires founder listening.,not_reviewed,No current physical pair exists for this logical Training Voice V2.1 cue.
post-v21-listen-0269,generated_new_pair,P2,clara,halfway-v21,halfway-v21,assets/audio/voice/clara/halfway-v21.mp3,975,Halfway.,Every generated V2.1 asset requires founder listening.,not_reviewed,No current physical pair exists for this logical Training Voice V2.1 cue.
post-v21-listen-0270,generated_new_pair,P2,marcus,halfway-v21,halfway-v21,assets/audio/voice/marcus/halfway-v21.mp3,882,Halfway.,Every generated V2.1 asset requires founder listening.,not_reviewed,No current physical pair exists for this logical Training Voice V2.1 cue.
post-v21-listen-0271,generated_new_pair,P2,clara,micro-discard-v21,micro-discard-v21,assets/audio/voice/clara/micro-discard-v21.mp3,1300,Check discarded.,Every generated V2.1 asset requires founder listening.,not_reviewed,No current physical pair exists for this logical Micro-Check Voice V2.1 cue.
post-v21-listen-0272,generated_new_pair,P2,marcus,micro-discard-v21,micro-discard-v21,assets/audio/voice/marcus/micro-discard-v21.mp3,1254,Check discarded.,Every generated V2.1 asset requires founder listening.,not_reviewed,No current physical pair exists for this logical Micro-Check Voice V2.1 cue.
post-v21-listen-0273,generated_new_pair,P2,clara,paused-v21,paused-v21,assets/audio/voice/clara/paused-v21.mp3,975,Paused.,Every generated V2.1 asset requires founder listening.,not_reviewed,No current physical pair exists for this logical Micro-Check Voice V2.1 cue. No current physical pair exists for this logical Training Voice V2.1 cue.
post-v21-listen-0274,generated_new_pair,P2,marcus,paused-v21,paused-v21,assets/audio/voice/marcus/paused-v21.mp3,650,Paused.,Every generated V2.1 asset requires founder listening.,not_reviewed,No current physical pair exists for this logical Micro-Check Voice V2.1 cue. No current physical pair exists for this logical Training Voice V2.1 cue.
post-v21-listen-0275,generated_new_pair,P2,clara,resuming-v21,resuming-v21,assets/audio/voice/clara/resuming-v21.mp3,1022,Resuming.,Every generated V2.1 asset requires founder listening.,not_reviewed,No current physical pair exists for this logical Micro-Check Voice V2.1 cue. No current physical pair exists for this logical Training Voice V2.1 cue.
post-v21-listen-0276,generated_new_pair,P2,marcus,resuming-v21,resuming-v21,assets/audio/voice/marcus/resuming-v21.mp3,882,Resuming.,Every generated V2.1 asset requires founder listening.,not_reviewed,No current physical pair exists for this logical Micro-Check Voice V2.1 cue. No current physical pair exists for this logical Training Voice V2.1 cue.
post-v21-listen-0277,generated_new_pair,P2,clara,safe-session-start-v21,safe-session-start-v21,assets/audio/voice/clara/safe-session-start-v21.mp3,5201,"Clear the space around you. Stop for sharp pain, dizziness, or feeling unwell.",Every generated V2.1 asset requires founder listening.,not_reviewed,No current physical pair exists for this logical Training Voice V2.1 cue.
post-v21-listen-0278,generated_new_pair,P2,marcus,safe-session-start-v21,safe-session-start-v21,assets/audio/voice/marcus/safe-session-start-v21.mp3,4969,"Clear the space around you. Stop for sharp pain, dizziness, or feeling unwell.",Every generated V2.1 asset requires founder listening.,not_reviewed,No current physical pair exists for this logical Training Voice V2.1 cue.
post-v21-listen-0279,generated_new_pair,P2,clara,setup-clearer-view-v21,setup-clearer-view-v21,assets/audio/voice/clara/setup-clearer-view-v21.mp3,3669,I need a clearer view. Make sure your whole body is visible.,Every generated V2.1 asset requires founder listening.,not_reviewed,No current physical pair exists for this logical Training Voice V2.1 cue.
post-v21-listen-0280,generated_new_pair,P2,marcus,setup-clearer-view-v21,setup-clearer-view-v21,assets/audio/voice/marcus/setup-clearer-view-v21.mp3,3297,I need a clearer view. Make sure your whole body is visible.,Every generated V2.1 asset requires founder listening.,not_reviewed,No current physical pair exists for this logical Training Voice V2.1 cue.
post-v21-listen-0281,generated_new_pair,P2,clara,side-calf-left-back-v21,side-calf-left-back-v21,assets/audio/voice/clara/side-calf-left-back-v21.mp3,2368,"Step your left leg back, heel down.",Every generated V2.1 asset requires founder listening.,not_reviewed,No current physical pair exists for this logical Training Voice V2.1 cue.
post-v21-listen-0282,generated_new_pair,P2,marcus,side-calf-left-back-v21,side-calf-left-back-v21,assets/audio/voice/marcus/side-calf-left-back-v21.mp3,2229,"Step your left leg back, heel down.",Every generated V2.1 asset requires founder listening.,not_reviewed,No current physical pair exists for this logical Training Voice V2.1 cue.
post-v21-listen-0283,generated_new_pair,P2,clara,side-calf-right-back-v21,side-calf-right-back-v21,assets/audio/voice/clara/side-calf-right-back-v21.mp3,2461,"Step your right leg back, heel down.",Every generated V2.1 asset requires founder listening.,not_reviewed,No current physical pair exists for this logical Training Voice V2.1 cue.
post-v21-listen-0284,generated_new_pair,P2,marcus,side-calf-right-back-v21,side-calf-right-back-v21,assets/audio/voice/marcus/side-calf-right-back-v21.mp3,2368,"Step your right leg back, heel down.",Every generated V2.1 asset requires founder listening.,not_reviewed,No current physical pair exists for this logical Training Voice V2.1 cue.
post-v21-listen-0285,generated_new_pair,P2,clara,side-hamstring-left-extended-v21,side-hamstring-left-extended-v21,assets/audio/voice/clara/side-hamstring-left-extended-v21.mp3,2461,"Extend your left leg, heel on the floor.",Every generated V2.1 asset requires founder listening.,not_reviewed,No current physical pair exists for this logical Training Voice V2.1 cue.
post-v21-listen-0286,generated_new_pair,P2,marcus,side-hamstring-left-extended-v21,side-hamstring-left-extended-v21,assets/audio/voice/marcus/side-hamstring-left-extended-v21.mp3,2461,"Extend your left leg, heel on the floor.",Every generated V2.1 asset requires founder listening.,not_reviewed,No current physical pair exists for this logical Training Voice V2.1 cue.
post-v21-listen-0287,generated_new_pair,P2,clara,side-hamstring-right-extended-v21,side-hamstring-right-extended-v21,assets/audio/voice/clara/side-hamstring-right-extended-v21.mp3,2461,"Extend your right leg, heel on the floor.",Every generated V2.1 asset requires founder listening.,not_reviewed,No current physical pair exists for this logical Training Voice V2.1 cue.
post-v21-listen-0288,generated_new_pair,P2,marcus,side-hamstring-right-extended-v21,side-hamstring-right-extended-v21,assets/audio/voice/marcus/side-hamstring-right-extended-v21.mp3,2276,"Extend your right leg, heel on the floor.",Every generated V2.1 asset requires founder listening.,not_reviewed,No current physical pair exists for this logical Training Voice V2.1 cue.
post-v21-listen-0289,generated_new_pair,P2,clara,side-hip-flexor-left-back-v21,side-hip-flexor-left-back-v21,assets/audio/voice/clara/side-hip-flexor-left-back-v21.mp3,3390,Step your right foot forward so your left hip side stretches.,Every generated V2.1 asset requires founder listening.,not_reviewed,No current physical pair exists for this logical Training Voice V2.1 cue.
post-v21-listen-0290,generated_new_pair,P2,marcus,side-hip-flexor-left-back-v21,side-hip-flexor-left-back-v21,assets/audio/voice/marcus/side-hip-flexor-left-back-v21.mp3,3251,Step your right foot forward so your left hip side stretches.,Every generated V2.1 asset requires founder listening.,not_reviewed,No current physical pair exists for this logical Training Voice V2.1 cue.
post-v21-listen-0291,generated_new_pair,P2,clara,side-hip-flexor-right-back-v21,side-hip-flexor-right-back-v21,assets/audio/voice/clara/side-hip-flexor-right-back-v21.mp3,3715,Step your left foot forward so your right hip side stretches.,Every generated V2.1 asset requires founder listening.,not_reviewed,No current physical pair exists for this logical Training Voice V2.1 cue.
post-v21-listen-0292,generated_new_pair,P2,marcus,side-hip-flexor-right-back-v21,side-hip-flexor-right-back-v21,assets/audio/voice/marcus/side-hip-flexor-right-back-v21.mp3,3204,Step your left foot forward so your right hip side stretches.,Every generated V2.1 asset requires founder listening.,not_reviewed,No current physical pair exists for this logical Training Voice V2.1 cue.
post-v21-listen-0293,generated_new_pair,P2,clara,side-single-leg-left-v21,side-single-leg-left-v21,assets/audio/voice/clara/side-single-leg-left-v21.mp3,3529,Start on your left leg. Lift your right foot slightly.,Every generated V2.1 asset requires founder listening.,not_reviewed,No current physical pair exists for this logical Training Voice V2.1 cue.
post-v21-listen-0294,generated_new_pair,P2,marcus,side-single-leg-left-v21,side-single-leg-left-v21,assets/audio/voice/marcus/side-single-leg-left-v21.mp3,3111,Start on your left leg. Lift your right foot slightly.,Every generated V2.1 asset requires founder listening.,not_reviewed,No current physical pair exists for this logical Training Voice V2.1 cue.
post-v21-listen-0295,generated_new_pair,P2,clara,side-single-leg-right-v21,side-single-leg-right-v21,assets/audio/voice/clara/side-single-leg-right-v21.mp3,3576,Start on your right leg. Lift your left foot slightly.,Every generated V2.1 asset requires founder listening.,not_reviewed,No current physical pair exists for this logical Training Voice V2.1 cue.
post-v21-listen-0296,generated_new_pair,P2,marcus,side-single-leg-right-v21,side-single-leg-right-v21,assets/audio/voice/marcus/side-single-leg-right-v21.mp3,3019,Start on your right leg. Lift your left foot slightly.,Every generated V2.1 asset requires founder listening.,not_reviewed,No current physical pair exists for this logical Training Voice V2.1 cue.
post-v21-listen-0297,generated_new_pair,P2,clara,side-split-squat-left-forward-v21,side-split-squat-left-forward-v21,assets/audio/voice/clara/side-split-squat-left-forward-v21.mp3,2508,"Left foot forward, small split stance.",Every generated V2.1 asset requires founder listening.,not_reviewed,No current physical pair exists for this logical Training Voice V2.1 cue.
post-v21-listen-0298,generated_new_pair,P2,marcus,side-split-squat-left-forward-v21,side-split-squat-left-forward-v21,assets/audio/voice/marcus/side-split-squat-left-forward-v21.mp3,2229,"Left foot forward, small split stance.",Every generated V2.1 asset requires founder listening.,not_reviewed,No current physical pair exists for this logical Training Voice V2.1 cue.
post-v21-listen-0299,generated_new_pair,P2,clara,side-split-squat-right-forward-v21,side-split-squat-right-forward-v21,assets/audio/voice/clara/side-split-squat-right-forward-v21.mp3,2647,"Right foot forward, small split stance.",Every generated V2.1 asset requires founder listening.,not_reviewed,No current physical pair exists for this logical Training Voice V2.1 cue.
post-v21-listen-0300,generated_new_pair,P2,marcus,side-split-squat-right-forward-v21,side-split-squat-right-forward-v21,assets/audio/voice/marcus/side-split-squat-right-forward-v21.mp3,2229,"Right foot forward, small split stance.",Every generated V2.1 asset requires founder listening.,not_reviewed,No current physical pair exists for this logical Training Voice V2.1 cue.
post-v21-listen-0301,generated_new_pair,P2,clara,side-tandem-left-front-v21,side-tandem-left-front-v21,assets/audio/voice/clara/side-tandem-left-front-v21.mp3,2415,"Place your left foot in front, heel to toe.",Every generated V2.1 asset requires founder listening.,not_reviewed,No current physical pair exists for this logical Training Voice V2.1 cue.
post-v21-listen-0302,generated_new_pair,P2,marcus,side-tandem-left-front-v21,side-tandem-left-front-v21,assets/audio/voice/marcus/side-tandem-left-front-v21.mp3,2276,"Place your left foot in front, heel to toe.",Every generated V2.1 asset requires founder listening.,not_reviewed,No current physical pair exists for this logical Training Voice V2.1 cue.
post-v21-listen-0303,generated_new_pair,P2,clara,side-tandem-right-front-v21,side-tandem-right-front-v21,assets/audio/voice/clara/side-tandem-right-front-v21.mp3,2694,"Place your right foot in front, heel to toe.",Every generated V2.1 asset requires founder listening.,not_reviewed,No current physical pair exists for this logical Training Voice V2.1 cue.
post-v21-listen-0304,generated_new_pair,P2,marcus,side-tandem-right-front-v21,side-tandem-right-front-v21,assets/audio/voice/marcus/side-tandem-right-front-v21.mp3,2554,"Place your right foot in front, heel to toe.",Every generated V2.1 asset requires founder listening.,not_reviewed,No current physical pair exists for this logical Training Voice V2.1 cue.
post-v21-listen-0305,generated_new_pair,P2,clara,step-up-next-left-v21,step-up-next-left-v21,assets/audio/voice/clara/step-up-next-left-v21.mp3,2183,Next rep starts with your left leg.,Every generated V2.1 asset requires founder listening.,not_reviewed,No current physical pair exists for this logical Training Voice V2.1 cue.
post-v21-listen-0306,generated_new_pair,P2,marcus,step-up-next-left-v21,step-up-next-left-v21,assets/audio/voice/marcus/step-up-next-left-v21.mp3,1904,Next rep starts with your left leg.,Every generated V2.1 asset requires founder listening.,not_reviewed,No current physical pair exists for this logical Training Voice V2.1 cue.
post-v21-listen-0307,generated_new_pair,P2,clara,step-up-next-right-v21,step-up-next-right-v21,assets/audio/voice/clara/step-up-next-right-v21.mp3,2183,Next rep starts with your right leg.,Every generated V2.1 asset requires founder listening.,not_reviewed,No current physical pair exists for this logical Training Voice V2.1 cue.
post-v21-listen-0308,generated_new_pair,P2,marcus,step-up-next-right-v21,step-up-next-right-v21,assets/audio/voice/marcus/step-up-next-right-v21.mp3,1950,Next rep starts with your right leg.,Every generated V2.1 asset requires founder listening.,not_reviewed,No current physical pair exists for this logical Training Voice V2.1 cue.
post-v21-listen-0309,generated_new_pair,P2,clara,step-up-start-left-v21,step-up-start-left-v21,assets/audio/voice/clara/step-up-start-left-v21.mp3,1533,Start with your left leg.,Every generated V2.1 asset requires founder listening.,not_reviewed,No current physical pair exists for this logical Training Voice V2.1 cue.
post-v21-listen-0310,generated_new_pair,P2,marcus,step-up-start-left-v21,step-up-start-left-v21,assets/audio/voice/marcus/step-up-start-left-v21.mp3,1440,Start with your left leg.,Every generated V2.1 asset requires founder listening.,not_reviewed,No current physical pair exists for this logical Training Voice V2.1 cue.
post-v21-listen-0311,generated_new_pair,P2,clara,step-up-start-right-v21,step-up-start-right-v21,assets/audio/voice/clara/step-up-start-right-v21.mp3,1579,Start with your right leg.,Every generated V2.1 asset requires founder listening.,not_reviewed,No current physical pair exists for this logical Training Voice V2.1 cue.
post-v21-listen-0312,generated_new_pair,P2,marcus,step-up-start-right-v21,step-up-start-right-v21,assets/audio/voice/marcus/step-up-start-right-v21.mp3,1486,Start with your right leg.,Every generated V2.1 asset requires founder listening.,not_reviewed,No current physical pair exists for this logical Training Voice V2.1 cue.
post-v21-listen-0313,generated_new_pair,P2,clara,step-up-wrong-left-v21,step-up-wrong-left-v21,assets/audio/voice/clara/step-up-wrong-left-v21.mp3,2926,No rep. Start the next one with your left leg.,Every generated V2.1 asset requires founder listening.,not_reviewed,No current physical pair exists for this logical Training Voice V2.1 cue.
post-v21-listen-0314,generated_new_pair,P2,marcus,step-up-wrong-left-v21,step-up-wrong-left-v21,assets/audio/voice/marcus/step-up-wrong-left-v21.mp3,2786,No rep. Start the next one with your left leg.,Every generated V2.1 asset requires founder listening.,not_reviewed,No current physical pair exists for this logical Training Voice V2.1 cue.
post-v21-listen-0315,generated_new_pair,P2,clara,step-up-wrong-right-v21,step-up-wrong-right-v21,assets/audio/voice/clara/step-up-wrong-right-v21.mp3,2972,No rep. Start the next one with your right leg.,Every generated V2.1 asset requires founder listening.,not_reviewed,No current physical pair exists for this logical Training Voice V2.1 cue.
post-v21-listen-0316,generated_new_pair,P2,marcus,step-up-wrong-right-v21,step-up-wrong-right-v21,assets/audio/voice/marcus/step-up-wrong-right-v21.mp3,2229,No rep. Start the next one with your right leg.,Every generated V2.1 asset requires founder listening.,not_reviewed,No current physical pair exists for this logical Training Voice V2.1 cue.
post-v21-listen-0317,generated_new_pair,P2,clara,switch-foot-positions-v21,switch-foot-positions-v21,assets/audio/voice/clara/switch-foot-positions-v21.mp3,1486,Switch foot positions.,Every generated V2.1 asset requires founder listening.,not_reviewed,No current physical pair exists for this logical Training Voice V2.1 cue.
post-v21-listen-0318,generated_new_pair,P2,marcus,switch-foot-positions-v21,switch-foot-positions-v21,assets/audio/voice/marcus/switch-foot-positions-v21.mp3,1300,Switch foot positions.,Every generated V2.1 asset requires founder listening.,not_reviewed,No current physical pair exists for this logical Training Voice V2.1 cue.
post-v21-listen-0319,generated_new_pair,P2,clara,switch-legs-v21,switch-legs-v21,assets/audio/voice/clara/switch-legs-v21.mp3,1161,Switch legs.,Every generated V2.1 asset requires founder listening.,not_reviewed,No current physical pair exists for this logical Training Voice V2.1 cue.
post-v21-listen-0320,generated_new_pair,P2,marcus,switch-legs-v21,switch-legs-v21,assets/audio/voice/marcus/switch-legs-v21.mp3,1022,Switch legs.,Every generated V2.1 asset requires founder listening.,not_reviewed,No current physical pair exists for this logical Training Voice V2.1 cue.
post-v21-listen-0321,generated_new_pair,P2,clara,switch-sides-v21,switch-sides-v21,assets/audio/voice/clara/switch-sides-v21.mp3,1022,Switch sides.,Every generated V2.1 asset requires founder listening.,not_reviewed,No current physical pair exists for this logical Training Voice V2.1 cue.
post-v21-listen-0322,generated_new_pair,P2,marcus,switch-sides-v21,switch-sides-v21,assets/audio/voice/marcus/switch-sides-v21.mp3,1115,Switch sides.,Every generated V2.1 asset requires founder listening.,not_reviewed,No current physical pair exists for this logical Training Voice V2.1 cue.
post-v21-listen-0323,generated_new_pair,P2,clara,target-balance-feet-together-hold-v21,target-balance-feet-together-hold-v21,assets/audio/voice/clara/target-balance-feet-together-hold-v21.mp3,1579,Hold for twenty seconds.,Every generated V2.1 asset requires founder listening.,not_reviewed,No current physical pair exists for this logical Training Voice V2.1 cue.
post-v21-listen-0324,generated_new_pair,P2,marcus,target-balance-feet-together-hold-v21,target-balance-feet-together-hold-v21,assets/audio/voice/marcus/target-balance-feet-together-hold-v21.mp3,1440,Hold for twenty seconds.,Every generated V2.1 asset requires founder listening.,not_reviewed,No current physical pair exists for this logical Training Voice V2.1 cue.
post-v21-listen-0325,generated_new_pair,P2,clara,target-balance-single-leg-hold-v21,target-balance-single-leg-hold-v21,assets/audio/voice/clara/target-balance-single-leg-hold-v21.mp3,1533,Hold for [duration].,Every generated V2.1 asset requires founder listening.,not_reviewed,No current physical pair exists for this logical Training Voice V2.1 cue.
post-v21-listen-0326,generated_new_pair,P2,marcus,target-balance-single-leg-hold-v21,target-balance-single-leg-hold-v21,assets/audio/voice/marcus/target-balance-single-leg-hold-v21.mp3,1347,Hold for [duration].,Every generated V2.1 asset requires founder listening.,not_reviewed,No current physical pair exists for this logical Training Voice V2.1 cue.
post-v21-listen-0327,generated_new_pair,P2,clara,target-balance-tandem-hold-v21,target-balance-tandem-hold-v21,assets/audio/voice/clara/target-balance-tandem-hold-v21.mp3,1533,Hold for [duration].,Every generated V2.1 asset requires founder listening.,not_reviewed,No current physical pair exists for this logical Training Voice V2.1 cue.
post-v21-listen-0328,generated_new_pair,P2,marcus,target-balance-tandem-hold-v21,target-balance-tandem-hold-v21,assets/audio/voice/marcus/target-balance-tandem-hold-v21.mp3,1486,Hold for [duration].,Every generated V2.1 asset requires founder listening.,not_reviewed,No current physical pair exists for this logical Training Voice V2.1 cue.
post-v21-listen-0329,generated_new_pair,P2,clara,target-band-pull-apart-v21,target-band-pull-apart-v21,assets/audio/voice/clara/target-band-pull-apart-v21.mp3,1579,Move for thirty seconds.,Every generated V2.1 asset requires founder listening.,not_reviewed,No current physical pair exists for this logical Training Voice V2.1 cue.
post-v21-listen-0330,generated_new_pair,P2,marcus,target-band-pull-apart-v21,target-band-pull-apart-v21,assets/audio/voice/marcus/target-band-pull-apart-v21.mp3,1440,Move for thirty seconds.,Every generated V2.1 asset requires founder listening.,not_reviewed,No current physical pair exists for this logical Training Voice V2.1 cue.
post-v21-listen-0331,generated_new_pair,P2,clara,target-chair-supported-split-squat-v21,target-chair-supported-split-squat-v21,assets/audio/voice/clara/target-chair-supported-split-squat-v21.mp3,1625,Aim for [reps] reps.,Every generated V2.1 asset requires founder listening.,not_reviewed,No current physical pair exists for this logical Training Voice V2.1 cue.
post-v21-listen-0332,generated_new_pair,P2,marcus,target-chair-supported-split-squat-v21,target-chair-supported-split-squat-v21,assets/audio/voice/marcus/target-chair-supported-split-squat-v21.mp3,1347,Aim for [reps] reps.,Every generated V2.1 asset requires founder listening.,not_reviewed,No current physical pair exists for this logical Training Voice V2.1 cue.
post-v21-listen-0333,generated_new_pair,P2,clara,target-glute-bridge-hold-v21,target-glute-bridge-hold-v21,assets/audio/voice/clara/target-glute-bridge-hold-v21.mp3,1579,Hold for twenty seconds.,Every generated V2.1 asset requires founder listening.,not_reviewed,No current physical pair exists for this logical Training Voice V2.1 cue.
post-v21-listen-0334,generated_new_pair,P2,marcus,target-glute-bridge-hold-v21,target-glute-bridge-hold-v21,assets/audio/voice/marcus/target-glute-bridge-hold-v21.mp3,1533,Hold for twenty seconds.,Every generated V2.1 asset requires founder listening.,not_reviewed,No current physical pair exists for this logical Training Voice V2.1 cue.
post-v21-listen-0335,generated_new_pair,P2,clara,target-glute-bridge-reps-v21,target-glute-bridge-reps-v21,assets/audio/voice/clara/target-glute-bridge-reps-v21.mp3,1486,Aim for twelve reps.,Every generated V2.1 asset requires founder listening.,not_reviewed,No current physical pair exists for this logical Training Voice V2.1 cue.
post-v21-listen-0336,generated_new_pair,P2,marcus,target-glute-bridge-reps-v21,target-glute-bridge-reps-v21,assets/audio/voice/marcus/target-glute-bridge-reps-v21.mp3,1300,Aim for twelve reps.,Every generated V2.1 asset requires founder listening.,not_reviewed,No current physical pair exists for this logical Training Voice V2.1 cue.
post-v21-listen-0337,generated_new_pair,P2,clara,target-heel-raise-free-v21,target-heel-raise-free-v21,assets/audio/voice/clara/target-heel-raise-free-v21.mp3,1579,Aim for eighteen reps.,Every generated V2.1 asset requires founder listening.,not_reviewed,No current physical pair exists for this logical Training Voice V2.1 cue.
post-v21-listen-0338,generated_new_pair,P2,marcus,target-heel-raise-free-v21,target-heel-raise-free-v21,assets/audio/voice/marcus/target-heel-raise-free-v21.mp3,1347,Aim for eighteen reps.,Every generated V2.1 asset requires founder listening.,not_reviewed,No current physical pair exists for this logical Training Voice V2.1 cue.
post-v21-listen-0339,generated_new_pair,P2,clara,target-heel-raise-supported-v21,target-heel-raise-supported-v21,assets/audio/voice/clara/target-heel-raise-supported-v21.mp3,1393,Aim for fifteen reps.,Every generated V2.1 asset requires founder listening.,not_reviewed,No current physical pair exists for this logical Training Voice V2.1 cue.
post-v21-listen-0340,generated_new_pair,P2,marcus,target-heel-raise-supported-v21,target-heel-raise-supported-v21,assets/audio/voice/marcus/target-heel-raise-supported-v21.mp3,1533,Aim for fifteen reps.,Every generated V2.1 asset requires founder listening.,not_reviewed,No current physical pair exists for this logical Training Voice V2.1 cue.
post-v21-listen-0341,generated_new_pair,P2,clara,target-hip-hinge-free-v21,target-hip-hinge-free-v21,assets/audio/voice/clara/target-hip-hinge-free-v21.mp3,1393,Aim for twelve reps.,Every generated V2.1 asset requires founder listening.,not_reviewed,No current physical pair exists for this logical Training Voice V2.1 cue.
post-v21-listen-0342,generated_new_pair,P2,marcus,target-hip-hinge-free-v21,target-hip-hinge-free-v21,assets/audio/voice/marcus/target-hip-hinge-free-v21.mp3,1347,Aim for twelve reps.,Every generated V2.1 asset requires founder listening.,not_reviewed,No current physical pair exists for this logical Training Voice V2.1 cue.
post-v21-listen-0343,generated_new_pair,P2,clara,target-hip-hinge-wall-v21,target-hip-hinge-wall-v21,assets/audio/voice/clara/target-hip-hinge-wall-v21.mp3,1393,Aim for ten reps.,Every generated V2.1 asset requires founder listening.,not_reviewed,No current physical pair exists for this logical Training Voice V2.1 cue.
post-v21-listen-0344,generated_new_pair,P2,marcus,target-hip-hinge-wall-v21,target-hip-hinge-wall-v21,assets/audio/voice/marcus/target-hip-hinge-wall-v21.mp3,1486,Aim for ten reps.,Every generated V2.1 asset requires founder listening.,not_reviewed,No current physical pair exists for this logical Training Voice V2.1 cue.
post-v21-listen-0345,generated_new_pair,P2,clara,target-loaded-march-v21,target-loaded-march-v21,assets/audio/voice/clara/target-loaded-march-v21.mp3,1440,Aim for sixteen reps.,Every generated V2.1 asset requires founder listening.,not_reviewed,No current physical pair exists for this logical Training Voice V2.1 cue.
post-v21-listen-0346,generated_new_pair,P2,marcus,target-loaded-march-v21,target-loaded-march-v21,assets/audio/voice/marcus/target-loaded-march-v21.mp3,1486,Aim for sixteen reps.,Every generated V2.1 asset requires founder listening.,not_reviewed,No current physical pair exists for this logical Training Voice V2.1 cue.
post-v21-listen-0347,generated_new_pair,P2,clara,target-loaded-sit-to-stand-v21,target-loaded-sit-to-stand-v21,assets/audio/voice/clara/target-loaded-sit-to-stand-v21.mp3,1393,Aim for eight reps.,Every generated V2.1 asset requires founder listening.,not_reviewed,No current physical pair exists for this logical Training Voice V2.1 cue.
post-v21-listen-0348,generated_new_pair,P2,marcus,target-loaded-sit-to-stand-v21,target-loaded-sit-to-stand-v21,assets/audio/voice/marcus/target-loaded-sit-to-stand-v21.mp3,1254,Aim for eight reps.,Every generated V2.1 asset requires founder listening.,not_reviewed,No current physical pair exists for this logical Training Voice V2.1 cue.
post-v21-listen-0349,generated_new_pair,P2,clara,target-mini-band-lateral-walk-v21,target-mini-band-lateral-walk-v21,assets/audio/voice/clara/target-mini-band-lateral-walk-v21.mp3,1393,Move for thirty seconds.,Every generated V2.1 asset requires founder listening.,not_reviewed,No current physical pair exists for this logical Training Voice V2.1 cue.
post-v21-listen-0350,generated_new_pair,P2,marcus,target-mini-band-lateral-walk-v21,target-mini-band-lateral-walk-v21,assets/audio/voice/marcus/target-mini-band-lateral-walk-v21.mp3,1533,Move for thirty seconds.,Every generated V2.1 asset requires founder listening.,not_reviewed,No current physical pair exists for this logical Training Voice V2.1 cue.
post-v21-listen-0351,generated_new_pair,P2,clara,target-neck-rotation-v21,target-neck-rotation-v21,assets/audio/voice/clara/target-neck-rotation-v21.mp3,2136,Move slowly until I say stop.,Every generated V2.1 asset requires founder listening.,not_reviewed,No current physical pair exists for this logical Training Voice V2.1 cue.
post-v21-listen-0352,generated_new_pair,P2,marcus,target-neck-rotation-v21,target-neck-rotation-v21,assets/audio/voice/marcus/target-neck-rotation-v21.mp3,1997,Move slowly until I say stop.,Every generated V2.1 asset requires founder listening.,not_reviewed,No current physical pair exists for this logical Training Voice V2.1 cue.
post-v21-listen-0353,generated_new_pair,P2,clara,target-overhead-press-band-v21,target-overhead-press-band-v21,assets/audio/voice/clara/target-overhead-press-band-v21.mp3,1533,Aim for twelve reps.,Every generated V2.1 asset requires founder listening.,not_reviewed,No current physical pair exists for this logical Training Voice V2.1 cue.
post-v21-listen-0354,generated_new_pair,P2,marcus,target-overhead-press-band-v21,target-overhead-press-band-v21,assets/audio/voice/marcus/target-overhead-press-band-v21.mp3,1393,Aim for twelve reps.,Every generated V2.1 asset requires founder listening.,not_reviewed,No current physical pair exists for this logical Training Voice V2.1 cue.
post-v21-listen-0355,generated_new_pair,P2,clara,target-overhead-reach-v21,target-overhead-reach-v21,assets/audio/voice/clara/target-overhead-reach-v21.mp3,1300,Aim for twelve reps.,Every generated V2.1 asset requires founder listening.,not_reviewed,No current physical pair exists for this logical Training Voice V2.1 cue.
post-v21-listen-0356,generated_new_pair,P2,marcus,target-overhead-reach-v21,target-overhead-reach-v21,assets/audio/voice/marcus/target-overhead-reach-v21.mp3,1393,Aim for twelve reps.,Every generated V2.1 asset requires founder listening.,not_reviewed,No current physical pair exists for this logical Training Voice V2.1 cue.
post-v21-listen-0357,generated_new_pair,P2,clara,target-push-up-incline-v21,target-push-up-incline-v21,assets/audio/voice/clara/target-push-up-incline-v21.mp3,1486,Aim for ten reps.,Every generated V2.1 asset requires founder listening.,not_reviewed,No current physical pair exists for this logical Training Voice V2.1 cue.
post-v21-listen-0358,generated_new_pair,P2,marcus,target-push-up-incline-v21,target-push-up-incline-v21,assets/audio/voice/marcus/target-push-up-incline-v21.mp3,1440,Aim for ten reps.,Every generated V2.1 asset requires founder listening.,not_reviewed,No current physical pair exists for this logical Training Voice V2.1 cue.
post-v21-listen-0359,generated_new_pair,P2,clara,target-push-up-standard-v21,target-push-up-standard-v21,assets/audio/voice/clara/target-push-up-standard-v21.mp3,1440,Aim for eight reps.,Every generated V2.1 asset requires founder listening.,not_reviewed,No current physical pair exists for this logical Training Voice V2.1 cue.
post-v21-listen-0360,generated_new_pair,P2,marcus,target-push-up-standard-v21,target-push-up-standard-v21,assets/audio/voice/marcus/target-push-up-standard-v21.mp3,1393,Aim for eight reps.,Every generated V2.1 asset requires founder listening.,not_reviewed,No current physical pair exists for this logical Training Voice V2.1 cue.
post-v21-listen-0361,generated_new_pair,P2,clara,target-push-up-wall-v21,target-push-up-wall-v21,assets/audio/voice/clara/target-push-up-wall-v21.mp3,1254,Aim for ten reps.,Every generated V2.1 asset requires founder listening.,not_reviewed,No current physical pair exists for this logical Training Voice V2.1 cue.
post-v21-listen-0362,generated_new_pair,P2,marcus,target-push-up-wall-v21,target-push-up-wall-v21,assets/audio/voice/marcus/target-push-up-wall-v21.mp3,1254,Aim for ten reps.,Every generated V2.1 asset requires founder listening.,not_reviewed,No current physical pair exists for this logical Training Voice V2.1 cue.
post-v21-listen-0363,generated_new_pair,P2,clara,target-seated-band-row-v21,target-seated-band-row-v21,assets/audio/voice/clara/target-seated-band-row-v21.mp3,1486,Aim for ten reps.,Every generated V2.1 asset requires founder listening.,not_reviewed,No current physical pair exists for this logical Training Voice V2.1 cue.
post-v21-listen-0364,generated_new_pair,P2,marcus,target-seated-band-row-v21,target-seated-band-row-v21,assets/audio/voice/marcus/target-seated-band-row-v21.mp3,1207,Aim for ten reps.,Every generated V2.1 asset requires founder listening.,not_reviewed,No current physical pair exists for this logical Training Voice V2.1 cue.
post-v21-listen-0365,generated_new_pair,P2,clara,target-seated-hamstring-reach-v21,target-seated-hamstring-reach-v21,assets/audio/voice/clara/target-seated-hamstring-reach-v21.mp3,2740,Reach gently and hold until I say relax.,Every generated V2.1 asset requires founder listening.,not_reviewed,No current physical pair exists for this logical Training Voice V2.1 cue.
post-v21-listen-0366,generated_new_pair,P2,marcus,target-seated-hamstring-reach-v21,target-seated-hamstring-reach-v21,assets/audio/voice/marcus/target-seated-hamstring-reach-v21.mp3,2322,Reach gently and hold until I say relax.,Every generated V2.1 asset requires founder listening.,not_reviewed,No current physical pair exists for this logical Training Voice V2.1 cue.
post-v21-listen-0367,generated_new_pair,P2,clara,target-squat-free-v21,target-squat-free-v21,assets/audio/voice/clara/target-squat-free-v21.mp3,1533,Aim for twelve reps.,Every generated V2.1 asset requires founder listening.,not_reviewed,No current physical pair exists for this logical Training Voice V2.1 cue.
post-v21-listen-0368,generated_new_pair,P2,marcus,target-squat-free-v21,target-squat-free-v21,assets/audio/voice/marcus/target-squat-free-v21.mp3,1300,Aim for twelve reps.,Every generated V2.1 asset requires founder listening.,not_reviewed,No current physical pair exists for this logical Training Voice V2.1 cue.
post-v21-listen-0369,generated_new_pair,P2,clara,target-squat-loaded-v21,target-squat-loaded-v21,assets/audio/voice/clara/target-squat-loaded-v21.mp3,1440,Aim for eight reps.,Every generated V2.1 asset requires founder listening.,not_reviewed,No current physical pair exists for this logical Training Voice V2.1 cue.
post-v21-listen-0370,generated_new_pair,P2,marcus,target-squat-loaded-v21,target-squat-loaded-v21,assets/audio/voice/marcus/target-squat-loaded-v21.mp3,1347,Aim for eight reps.,Every generated V2.1 asset requires founder listening.,not_reviewed,No current physical pair exists for this logical Training Voice V2.1 cue.
post-v21-listen-0371,generated_new_pair,P2,clara,target-squat-slow-eccentric-v21,target-squat-slow-eccentric-v21,assets/audio/voice/clara/target-squat-slow-eccentric-v21.mp3,1486,Aim for eight reps.,Every generated V2.1 asset requires founder listening.,not_reviewed,No current physical pair exists for this logical Training Voice V2.1 cue.
post-v21-listen-0372,generated_new_pair,P2,marcus,target-squat-slow-eccentric-v21,target-squat-slow-eccentric-v21,assets/audio/voice/marcus/target-squat-slow-eccentric-v21.mp3,1207,Aim for eight reps.,Every generated V2.1 asset requires founder listening.,not_reviewed,No current physical pair exists for this logical Training Voice V2.1 cue.
post-v21-listen-0373,generated_new_pair,P2,clara,target-squat-supported-v21,target-squat-supported-v21,assets/audio/voice/clara/target-squat-supported-v21.mp3,1486,Aim for ten reps.,Every generated V2.1 asset requires founder listening.,not_reviewed,No current physical pair exists for this logical Training Voice V2.1 cue.
post-v21-listen-0374,generated_new_pair,P2,marcus,target-squat-supported-v21,target-squat-supported-v21,assets/audio/voice/marcus/target-squat-supported-v21.mp3,1347,Aim for ten reps.,Every generated V2.1 asset requires founder listening.,not_reviewed,No current physical pair exists for this logical Training Voice V2.1 cue.
post-v21-listen-0375,generated_new_pair,P2,clara,target-standing-band-row-v21,target-standing-band-row-v21,assets/audio/voice/clara/target-standing-band-row-v21.mp3,1486,Aim for ten reps.,Every generated V2.1 asset requires founder listening.,not_reviewed,No current physical pair exists for this logical Training Voice V2.1 cue.
post-v21-listen-0376,generated_new_pair,P2,marcus,target-standing-band-row-v21,target-standing-band-row-v21,assets/audio/voice/marcus/target-standing-band-row-v21.mp3,1440,Aim for ten reps.,Every generated V2.1 asset requires founder listening.,not_reviewed,No current physical pair exists for this logical Training Voice V2.1 cue.
post-v21-listen-0377,generated_new_pair,P2,clara,target-step-up-v21,target-step-up-v21,assets/audio/voice/clara/target-step-up-v21.mp3,1672,Do twelve total reps.,Every generated V2.1 asset requires founder listening.,not_reviewed,No current physical pair exists for this logical Training Voice V2.1 cue.
post-v21-listen-0378,generated_new_pair,P2,marcus,target-step-up-v21,target-step-up-v21,assets/audio/voice/marcus/target-step-up-v21.mp3,1533,Do twelve total reps.,Every generated V2.1 asset requires founder listening.,not_reviewed,No current physical pair exists for this logical Training Voice V2.1 cue.
post-v21-listen-0379,generated_new_pair,P2,clara,target-sts-cushion-v21,target-sts-cushion-v21,assets/audio/voice/clara/target-sts-cushion-v21.mp3,1486,Aim for eight reps.,Every generated V2.1 asset requires founder listening.,not_reviewed,No current physical pair exists for this logical Training Voice V2.1 cue.
post-v21-listen-0380,generated_new_pair,P2,marcus,target-sts-cushion-v21,target-sts-cushion-v21,assets/audio/voice/marcus/target-sts-cushion-v21.mp3,1347,Aim for eight reps.,Every generated V2.1 asset requires founder listening.,not_reviewed,No current physical pair exists for this logical Training Voice V2.1 cue.
post-v21-listen-0381,generated_new_pair,P2,clara,target-sts-power-v21,target-sts-power-v21,assets/audio/voice/clara/target-sts-power-v21.mp3,1579,Aim for twelve reps.,Every generated V2.1 asset requires founder listening.,not_reviewed,No current physical pair exists for this logical Training Voice V2.1 cue.
post-v21-listen-0382,generated_new_pair,P2,marcus,target-sts-power-v21,target-sts-power-v21,assets/audio/voice/marcus/target-sts-power-v21.mp3,1300,Aim for twelve reps.,Every generated V2.1 asset requires founder listening.,not_reviewed,No current physical pair exists for this logical Training Voice V2.1 cue.
post-v21-listen-0383,generated_new_pair,P2,clara,target-sts-slow-eccentric-v21,target-sts-slow-eccentric-v21,assets/audio/voice/clara/target-sts-slow-eccentric-v21.mp3,1161,Aim for eight reps.,Every generated V2.1 asset requires founder listening.,not_reviewed,No current physical pair exists for this logical Training Voice V2.1 cue.
post-v21-listen-0384,generated_new_pair,P2,marcus,target-sts-slow-eccentric-v21,target-sts-slow-eccentric-v21,assets/audio/voice/marcus/target-sts-slow-eccentric-v21.mp3,1393,Aim for eight reps.,Every generated V2.1 asset requires founder listening.,not_reviewed,No current physical pair exists for this logical Training Voice V2.1 cue.
post-v21-listen-0385,generated_new_pair,P2,clara,target-sts-standard-v21,target-sts-standard-v21,assets/audio/voice/clara/target-sts-standard-v21.mp3,1254,Aim for ten reps.,Every generated V2.1 asset requires founder listening.,not_reviewed,No current physical pair exists for this logical Training Voice V2.1 cue.
post-v21-listen-0386,generated_new_pair,P2,marcus,target-sts-standard-v21,target-sts-standard-v21,assets/audio/voice/marcus/target-sts-standard-v21.mp3,1347,Aim for ten reps.,Every generated V2.1 asset requires founder listening.,not_reviewed,No current physical pair exists for this logical Training Voice V2.1 cue.
post-v21-listen-0387,generated_new_pair,P2,clara,target-supported-hip-flexor-stretch-v21,target-supported-hip-flexor-stretch-v21,assets/audio/voice/clara/target-supported-hip-flexor-stretch-v21.mp3,1486,Hold for [duration].,Every generated V2.1 asset requires founder listening.,not_reviewed,No current physical pair exists for this logical Training Voice V2.1 cue.
post-v21-listen-0388,generated_new_pair,P2,marcus,target-supported-hip-flexor-stretch-v21,target-supported-hip-flexor-stretch-v21,assets/audio/voice/marcus/target-supported-hip-flexor-stretch-v21.mp3,1440,Hold for [duration].,Every generated V2.1 asset requires founder listening.,not_reviewed,No current physical pair exists for this logical Training Voice V2.1 cue.
post-v21-listen-0389,generated_new_pair,P2,clara,target-supported-side-step-v21,target-supported-side-step-v21,assets/audio/voice/clara/target-supported-side-step-v21.mp3,1625,Move for thirty seconds.,Every generated V2.1 asset requires founder listening.,not_reviewed,No current physical pair exists for this logical Training Voice V2.1 cue.
post-v21-listen-0390,generated_new_pair,P2,marcus,target-supported-side-step-v21,target-supported-side-step-v21,assets/audio/voice/marcus/target-supported-side-step-v21.mp3,1486,Move for thirty seconds.,Every generated V2.1 asset requires founder listening.,not_reviewed,No current physical pair exists for this logical Training Voice V2.1 cue.
post-v21-listen-0391,generated_new_pair,P2,clara,target-thoracic-rotation-v21,target-thoracic-rotation-v21,assets/audio/voice/clara/target-thoracic-rotation-v21.mp3,1579,Move for thirty seconds.,Every generated V2.1 asset requires founder listening.,not_reviewed,No current physical pair exists for this logical Training Voice V2.1 cue.
post-v21-listen-0392,generated_new_pair,P2,marcus,target-thoracic-rotation-v21,target-thoracic-rotation-v21,assets/audio/voice/marcus/target-thoracic-rotation-v21.mp3,1486,Move for thirty seconds.,Every generated V2.1 asset requires founder listening.,not_reviewed,No current physical pair exists for this logical Training Voice V2.1 cue.
post-v21-listen-0393,generated_new_pair,P2,clara,target-toe-raise-supported-v21,target-toe-raise-supported-v21,assets/audio/voice/clara/target-toe-raise-supported-v21.mp3,1625,Move for thirty seconds.,Every generated V2.1 asset requires founder listening.,not_reviewed,No current physical pair exists for this logical Training Voice V2.1 cue.
post-v21-listen-0394,generated_new_pair,P2,marcus,target-toe-raise-supported-v21,target-toe-raise-supported-v21,assets/audio/voice/marcus/target-toe-raise-supported-v21.mp3,1300,Move for thirty seconds.,Every generated V2.1 asset requires founder listening.,not_reviewed,No current physical pair exists for this logical Training Voice V2.1 cue.
post-v21-listen-0395,generated_new_pair,P2,clara,target-wall-calf-stretch-v21,target-wall-calf-stretch-v21,assets/audio/voice/clara/target-wall-calf-stretch-v21.mp3,1579,Hold for [duration].,Every generated V2.1 asset requires founder listening.,not_reviewed,No current physical pair exists for this logical Training Voice V2.1 cue.
post-v21-listen-0396,generated_new_pair,P2,marcus,target-wall-calf-stretch-v21,target-wall-calf-stretch-v21,assets/audio/voice/marcus/target-wall-calf-stretch-v21.mp3,1440,Hold for [duration].,Every generated V2.1 asset requires founder listening.,not_reviewed,No current physical pair exists for this logical Training Voice V2.1 cue.
