scenarioId,variantId,voiceId,latencyProfile,eventIndex,eventId,controllerStateBefore,controllerStateAfter,cueKeys,outcome,recoveryEpisodeId,partialAttemptInvalidated,freshCountdown,activeVoiceId,pendingVoiceId,oldCallbackIgnored,mixedVoices,notes
full_normal_mpv2_checkup_clara,full_normal_mpv2_checkup_clara:clara:L0,clara,L0,1,foundation_gate_rechecked,foundation_stage,foundation_stage,,foundation_contract_preserved,,false,false,clara,,false,false,The post-foundation audit remains the foundation source of truth; this audit rechecks no-regression source gates.
full_normal_mpv2_checkup_clara,full_normal_mpv2_checkup_clara:clara:L100,clara,L100,2,foundation_gate_rechecked,foundation_stage,foundation_stage,,foundation_contract_preserved,,false,false,clara,,false,false,The post-foundation audit remains the foundation source of truth; this audit rechecks no-regression source gates.
full_normal_mpv2_checkup_clara,full_normal_mpv2_checkup_clara:clara:L250,clara,L250,3,foundation_gate_rechecked,foundation_stage,foundation_stage,,foundation_contract_preserved,,false,false,clara,,false,false,The post-foundation audit remains the foundation source of truth; this audit rechecks no-regression source gates.
full_normal_mpv2_checkup_clara,full_normal_mpv2_checkup_clara:marcus:L0,marcus,L0,4,foundation_gate_rechecked,foundation_stage,foundation_stage,,foundation_contract_preserved,,false,false,marcus,,false,false,The post-foundation audit remains the foundation source of truth; this audit rechecks no-regression source gates.
full_normal_mpv2_checkup_clara,full_normal_mpv2_checkup_clara:marcus:L100,marcus,L100,5,foundation_gate_rechecked,foundation_stage,foundation_stage,,foundation_contract_preserved,,false,false,marcus,,false,false,The post-foundation audit remains the foundation source of truth; this audit rechecks no-regression source gates.
full_normal_mpv2_checkup_clara,full_normal_mpv2_checkup_clara:marcus:L250,marcus,L250,6,foundation_gate_rechecked,foundation_stage,foundation_stage,,foundation_contract_preserved,,false,false,marcus,,false,false,The post-foundation audit remains the foundation source of truth; this audit rechecks no-regression source gates.
full_normal_mpv2_checkup_marcus,full_normal_mpv2_checkup_marcus:clara:L0,clara,L0,7,foundation_gate_rechecked,foundation_stage,foundation_stage,,foundation_contract_preserved,,false,false,clara,,false,false,The post-foundation audit remains the foundation source of truth; this audit rechecks no-regression source gates.
full_normal_mpv2_checkup_marcus,full_normal_mpv2_checkup_marcus:clara:L100,clara,L100,8,foundation_gate_rechecked,foundation_stage,foundation_stage,,foundation_contract_preserved,,false,false,clara,,false,false,The post-foundation audit remains the foundation source of truth; this audit rechecks no-regression source gates.
full_normal_mpv2_checkup_marcus,full_normal_mpv2_checkup_marcus:clara:L250,clara,L250,9,foundation_gate_rechecked,foundation_stage,foundation_stage,,foundation_contract_preserved,,false,false,clara,,false,false,The post-foundation audit remains the foundation source of truth; this audit rechecks no-regression source gates.
full_normal_mpv2_checkup_marcus,full_normal_mpv2_checkup_marcus:marcus:L0,marcus,L0,10,foundation_gate_rechecked,foundation_stage,foundation_stage,,foundation_contract_preserved,,false,false,marcus,,false,false,The post-foundation audit remains the foundation source of truth; this audit rechecks no-regression source gates.
full_normal_mpv2_checkup_marcus,full_normal_mpv2_checkup_marcus:marcus:L100,marcus,L100,11,foundation_gate_rechecked,foundation_stage,foundation_stage,,foundation_contract_preserved,,false,false,marcus,,false,false,The post-foundation audit remains the foundation source of truth; this audit rechecks no-regression source gates.
full_normal_mpv2_checkup_marcus,full_normal_mpv2_checkup_marcus:marcus:L250,marcus,L250,12,foundation_gate_rechecked,foundation_stage,foundation_stage,,foundation_contract_preserved,,false,false,marcus,,false,false,The post-foundation audit remains the foundation source of truth; this audit rechecks no-regression source gates.
chair_practice_to_official_attempt,chair_practice_to_official_attempt:clara:L0,clara,L0,13,foundation_gate_rechecked,foundation_stage,foundation_stage,,foundation_contract_preserved,,false,false,clara,,false,false,The post-foundation audit remains the foundation source of truth; this audit rechecks no-regression source gates.
chair_practice_to_official_attempt,chair_practice_to_official_attempt:clara:L100,clara,L100,14,foundation_gate_rechecked,foundation_stage,foundation_stage,,foundation_contract_preserved,,false,false,clara,,false,false,The post-foundation audit remains the foundation source of truth; this audit rechecks no-regression source gates.
chair_practice_to_official_attempt,chair_practice_to_official_attempt:clara:L250,clara,L250,15,foundation_gate_rechecked,foundation_stage,foundation_stage,,foundation_contract_preserved,,false,false,clara,,false,false,The post-foundation audit remains the foundation source of truth; this audit rechecks no-regression source gates.
chair_practice_to_official_attempt,chair_practice_to_official_attempt:marcus:L0,marcus,L0,16,foundation_gate_rechecked,foundation_stage,foundation_stage,,foundation_contract_preserved,,false,false,marcus,,false,false,The post-foundation audit remains the foundation source of truth; this audit rechecks no-regression source gates.
chair_practice_to_official_attempt,chair_practice_to_official_attempt:marcus:L100,marcus,L100,17,foundation_gate_rechecked,foundation_stage,foundation_stage,,foundation_contract_preserved,,false,false,marcus,,false,false,The post-foundation audit remains the foundation source of truth; this audit rechecks no-regression source gates.
chair_practice_to_official_attempt,chair_practice_to_official_attempt:marcus:L250,marcus,L250,18,foundation_gate_rechecked,foundation_stage,foundation_stage,,foundation_contract_preserved,,false,false,marcus,,false,false,The post-foundation audit remains the foundation source of truth; this audit rechecks no-regression source gates.
balance_valid_attempt_rest_next_attempt,balance_valid_attempt_rest_next_attempt:clara:L0,clara,L0,19,foundation_gate_rechecked,foundation_stage,foundation_stage,,foundation_contract_preserved,,false,false,clara,,false,false,The post-foundation audit remains the foundation source of truth; this audit rechecks no-regression source gates.
balance_valid_attempt_rest_next_attempt,balance_valid_attempt_rest_next_attempt:clara:L100,clara,L100,20,foundation_gate_rechecked,foundation_stage,foundation_stage,,foundation_contract_preserved,,false,false,clara,,false,false,The post-foundation audit remains the foundation source of truth; this audit rechecks no-regression source gates.
balance_valid_attempt_rest_next_attempt,balance_valid_attempt_rest_next_attempt:clara:L250,clara,L250,21,foundation_gate_rechecked,foundation_stage,foundation_stage,,foundation_contract_preserved,,false,false,clara,,false,false,The post-foundation audit remains the foundation source of truth; this audit rechecks no-regression source gates.
balance_valid_attempt_rest_next_attempt,balance_valid_attempt_rest_next_attempt:marcus:L0,marcus,L0,22,foundation_gate_rechecked,foundation_stage,foundation_stage,,foundation_contract_preserved,,false,false,marcus,,false,false,The post-foundation audit remains the foundation source of truth; this audit rechecks no-regression source gates.
balance_valid_attempt_rest_next_attempt,balance_valid_attempt_rest_next_attempt:marcus:L100,marcus,L100,23,foundation_gate_rechecked,foundation_stage,foundation_stage,,foundation_contract_preserved,,false,false,marcus,,false,false,The post-foundation audit remains the foundation source of truth; this audit rechecks no-regression source gates.
balance_valid_attempt_rest_next_attempt,balance_valid_attempt_rest_next_attempt:marcus:L250,marcus,L250,24,foundation_gate_rechecked,foundation_stage,foundation_stage,,foundation_contract_preserved,,false,false,marcus,,false,false,The post-foundation audit remains the foundation source of truth; this audit rechecks no-regression source gates.
balance_invalid_tracking_retry,balance_invalid_tracking_retry:clara:L0,clara,L0,25,foundation_gate_rechecked,foundation_stage,foundation_stage,,foundation_contract_preserved,,false,false,clara,,false,false,The post-foundation audit remains the foundation source of truth; this audit rechecks no-regression source gates.
balance_invalid_tracking_retry,balance_invalid_tracking_retry:clara:L100,clara,L100,26,foundation_gate_rechecked,foundation_stage,foundation_stage,,foundation_contract_preserved,,false,false,clara,,false,false,The post-foundation audit remains the foundation source of truth; this audit rechecks no-regression source gates.
balance_invalid_tracking_retry,balance_invalid_tracking_retry:clara:L250,clara,L250,27,foundation_gate_rechecked,foundation_stage,foundation_stage,,foundation_contract_preserved,,false,false,clara,,false,false,The post-foundation audit remains the foundation source of truth; this audit rechecks no-regression source gates.
balance_invalid_tracking_retry,balance_invalid_tracking_retry:marcus:L0,marcus,L0,28,foundation_gate_rechecked,foundation_stage,foundation_stage,,foundation_contract_preserved,,false,false,marcus,,false,false,The post-foundation audit remains the foundation source of truth; this audit rechecks no-regression source gates.
balance_invalid_tracking_retry,balance_invalid_tracking_retry:marcus:L100,marcus,L100,29,foundation_gate_rechecked,foundation_stage,foundation_stage,,foundation_contract_preserved,,false,false,marcus,,false,false,The post-foundation audit remains the foundation source of truth; this audit rechecks no-regression source gates.
balance_invalid_tracking_retry,balance_invalid_tracking_retry:marcus:L250,marcus,L250,30,foundation_gate_rechecked,foundation_stage,foundation_stage,,foundation_contract_preserved,,false,false,marcus,,false,false,The post-foundation audit remains the foundation source of truth; this audit rechecks no-regression source gates.
balance_full_hold_ceiling,balance_full_hold_ceiling:clara:L0,clara,L0,31,foundation_gate_rechecked,foundation_stage,foundation_stage,,foundation_contract_preserved,,false,false,clara,,false,false,The post-foundation audit remains the foundation source of truth; this audit rechecks no-regression source gates.
balance_full_hold_ceiling,balance_full_hold_ceiling:clara:L100,clara,L100,32,foundation_gate_rechecked,foundation_stage,foundation_stage,,foundation_contract_preserved,,false,false,clara,,false,false,The post-foundation audit remains the foundation source of truth; this audit rechecks no-regression source gates.
balance_full_hold_ceiling,balance_full_hold_ceiling:clara:L250,clara,L250,33,foundation_gate_rechecked,foundation_stage,foundation_stage,,foundation_contract_preserved,,false,false,clara,,false,false,The post-foundation audit remains the foundation source of truth; this audit rechecks no-regression source gates.
balance_full_hold_ceiling,balance_full_hold_ceiling:marcus:L0,marcus,L0,34,foundation_gate_rechecked,foundation_stage,foundation_stage,,foundation_contract_preserved,,false,false,marcus,,false,false,The post-foundation audit remains the foundation source of truth; this audit rechecks no-regression source gates.
balance_full_hold_ceiling,balance_full_hold_ceiling:marcus:L100,marcus,L100,35,foundation_gate_rechecked,foundation_stage,foundation_stage,,foundation_contract_preserved,,false,false,marcus,,false,false,The post-foundation audit remains the foundation source of truth; this audit rechecks no-regression source gates.
balance_full_hold_ceiling,balance_full_hold_ceiling:marcus:L250,marcus,L250,36,foundation_gate_rechecked,foundation_stage,foundation_stage,,foundation_contract_preserved,,false,false,marcus,,false,false,The post-foundation audit remains the foundation source of truth; this audit rechecks no-regression source gates.
balance_use_best,balance_use_best:clara:L0,clara,L0,37,foundation_gate_rechecked,foundation_stage,foundation_stage,,foundation_contract_preserved,,false,false,clara,,false,false,The post-foundation audit remains the foundation source of truth; this audit rechecks no-regression source gates.
balance_use_best,balance_use_best:clara:L100,clara,L100,38,foundation_gate_rechecked,foundation_stage,foundation_stage,,foundation_contract_preserved,,false,false,clara,,false,false,The post-foundation audit remains the foundation source of truth; this audit rechecks no-regression source gates.
balance_use_best,balance_use_best:clara:L250,clara,L250,39,foundation_gate_rechecked,foundation_stage,foundation_stage,,foundation_contract_preserved,,false,false,clara,,false,false,The post-foundation audit remains the foundation source of truth; this audit rechecks no-regression source gates.
balance_use_best,balance_use_best:marcus:L0,marcus,L0,40,foundation_gate_rechecked,foundation_stage,foundation_stage,,foundation_contract_preserved,,false,false,marcus,,false,false,The post-foundation audit remains the foundation source of truth; this audit rechecks no-regression source gates.
balance_use_best,balance_use_best:marcus:L100,marcus,L100,41,foundation_gate_rechecked,foundation_stage,foundation_stage,,foundation_contract_preserved,,false,false,marcus,,false,false,The post-foundation audit remains the foundation source of truth; this audit rechecks no-regression source gates.
balance_use_best,balance_use_best:marcus:L250,marcus,L250,42,foundation_gate_rechecked,foundation_stage,foundation_stage,,foundation_contract_preserved,,false,false,marcus,,false,false,The post-foundation audit remains the foundation source of truth; this audit rechecks no-regression source gates.
balance_default_ready_after_60,balance_default_ready_after_60:clara:L0,clara,L0,43,foundation_gate_rechecked,foundation_stage,foundation_stage,,foundation_contract_preserved,,false,false,clara,,false,false,The post-foundation audit remains the foundation source of truth; this audit rechecks no-regression source gates.
balance_default_ready_after_60,balance_default_ready_after_60:clara:L100,clara,L100,44,foundation_gate_rechecked,foundation_stage,foundation_stage,,foundation_contract_preserved,,false,false,clara,,false,false,The post-foundation audit remains the foundation source of truth; this audit rechecks no-regression source gates.
balance_default_ready_after_60,balance_default_ready_after_60:clara:L250,clara,L250,45,foundation_gate_rechecked,foundation_stage,foundation_stage,,foundation_contract_preserved,,false,false,clara,,false,false,The post-foundation audit remains the foundation source of truth; this audit rechecks no-regression source gates.
balance_default_ready_after_60,balance_default_ready_after_60:marcus:L0,marcus,L0,46,foundation_gate_rechecked,foundation_stage,foundation_stage,,foundation_contract_preserved,,false,false,marcus,,false,false,The post-foundation audit remains the foundation source of truth; this audit rechecks no-regression source gates.
balance_default_ready_after_60,balance_default_ready_after_60:marcus:L100,marcus,L100,47,foundation_gate_rechecked,foundation_stage,foundation_stage,,foundation_contract_preserved,,false,false,marcus,,false,false,The post-foundation audit remains the foundation source of truth; this audit rechecks no-regression source gates.
balance_default_ready_after_60,balance_default_ready_after_60:marcus:L250,marcus,L250,48,foundation_gate_rechecked,foundation_stage,foundation_stage,,foundation_contract_preserved,,false,false,marcus,,false,false,The post-foundation audit remains the foundation source of truth; this audit rechecks no-regression source gates.
shoulder_left,shoulder_left:clara:L0,clara,L0,49,foundation_gate_rechecked,foundation_stage,foundation_stage,,foundation_contract_preserved,,false,false,clara,,false,false,The post-foundation audit remains the foundation source of truth; this audit rechecks no-regression source gates.
shoulder_left,shoulder_left:clara:L100,clara,L100,50,foundation_gate_rechecked,foundation_stage,foundation_stage,,foundation_contract_preserved,,false,false,clara,,false,false,The post-foundation audit remains the foundation source of truth; this audit rechecks no-regression source gates.
shoulder_left,shoulder_left:clara:L250,clara,L250,51,foundation_gate_rechecked,foundation_stage,foundation_stage,,foundation_contract_preserved,,false,false,clara,,false,false,The post-foundation audit remains the foundation source of truth; this audit rechecks no-regression source gates.
shoulder_left,shoulder_left:marcus:L0,marcus,L0,52,foundation_gate_rechecked,foundation_stage,foundation_stage,,foundation_contract_preserved,,false,false,marcus,,false,false,The post-foundation audit remains the foundation source of truth; this audit rechecks no-regression source gates.
shoulder_left,shoulder_left:marcus:L100,marcus,L100,53,foundation_gate_rechecked,foundation_stage,foundation_stage,,foundation_contract_preserved,,false,false,marcus,,false,false,The post-foundation audit remains the foundation source of truth; this audit rechecks no-regression source gates.
shoulder_left,shoulder_left:marcus:L250,marcus,L250,54,foundation_gate_rechecked,foundation_stage,foundation_stage,,foundation_contract_preserved,,false,false,marcus,,false,false,The post-foundation audit remains the foundation source of truth; this audit rechecks no-regression source gates.
shoulder_right,shoulder_right:clara:L0,clara,L0,55,foundation_gate_rechecked,foundation_stage,foundation_stage,,foundation_contract_preserved,,false,false,clara,,false,false,The post-foundation audit remains the foundation source of truth; this audit rechecks no-regression source gates.
shoulder_right,shoulder_right:clara:L100,clara,L100,56,foundation_gate_rechecked,foundation_stage,foundation_stage,,foundation_contract_preserved,,false,false,clara,,false,false,The post-foundation audit remains the foundation source of truth; this audit rechecks no-regression source gates.
shoulder_right,shoulder_right:clara:L250,clara,L250,57,foundation_gate_rechecked,foundation_stage,foundation_stage,,foundation_contract_preserved,,false,false,clara,,false,false,The post-foundation audit remains the foundation source of truth; this audit rechecks no-regression source gates.
shoulder_right,shoulder_right:marcus:L0,marcus,L0,58,foundation_gate_rechecked,foundation_stage,foundation_stage,,foundation_contract_preserved,,false,false,marcus,,false,false,The post-foundation audit remains the foundation source of truth; this audit rechecks no-regression source gates.
shoulder_right,shoulder_right:marcus:L100,marcus,L100,59,foundation_gate_rechecked,foundation_stage,foundation_stage,,foundation_contract_preserved,,false,false,marcus,,false,false,The post-foundation audit remains the foundation source of truth; this audit rechecks no-regression source gates.
shoulder_right,shoulder_right:marcus:L250,marcus,L250,60,foundation_gate_rechecked,foundation_stage,foundation_stage,,foundation_contract_preserved,,false,false,marcus,,false,false,The post-foundation audit remains the foundation source of truth; this audit rechecks no-regression source gates.
hinge_valid_result,hinge_valid_result:clara:L0,clara,L0,61,foundation_gate_rechecked,foundation_stage,foundation_stage,,foundation_contract_preserved,,false,false,clara,,false,false,The post-foundation audit remains the foundation source of truth; this audit rechecks no-regression source gates.
hinge_valid_result,hinge_valid_result:clara:L100,clara,L100,62,foundation_gate_rechecked,foundation_stage,foundation_stage,,foundation_contract_preserved,,false,false,clara,,false,false,The post-foundation audit remains the foundation source of truth; this audit rechecks no-regression source gates.
hinge_valid_result,hinge_valid_result:clara:L250,clara,L250,63,foundation_gate_rechecked,foundation_stage,foundation_stage,,foundation_contract_preserved,,false,false,clara,,false,false,The post-foundation audit remains the foundation source of truth; this audit rechecks no-regression source gates.
hinge_valid_result,hinge_valid_result:marcus:L0,marcus,L0,64,foundation_gate_rechecked,foundation_stage,foundation_stage,,foundation_contract_preserved,,false,false,marcus,,false,false,The post-foundation audit remains the foundation source of truth; this audit rechecks no-regression source gates.
hinge_valid_result,hinge_valid_result:marcus:L100,marcus,L100,65,foundation_gate_rechecked,foundation_stage,foundation_stage,,foundation_contract_preserved,,false,false,marcus,,false,false,The post-foundation audit remains the foundation source of truth; this audit rechecks no-regression source gates.
hinge_valid_result,hinge_valid_result:marcus:L250,marcus,L250,66,foundation_gate_rechecked,foundation_stage,foundation_stage,,foundation_contract_preserved,,false,false,marcus,,false,false,The post-foundation audit remains the foundation source of truth; this audit rechecks no-regression source gates.
completion,completion:clara:L0,clara,L0,67,foundation_gate_rechecked,foundation_stage,foundation_stage,,foundation_contract_preserved,,false,false,clara,,false,false,The post-foundation audit remains the foundation source of truth; this audit rechecks no-regression source gates.
completion,completion:clara:L100,clara,L100,68,foundation_gate_rechecked,foundation_stage,foundation_stage,,foundation_contract_preserved,,false,false,clara,,false,false,The post-foundation audit remains the foundation source of truth; this audit rechecks no-regression source gates.
completion,completion:clara:L250,clara,L250,69,foundation_gate_rechecked,foundation_stage,foundation_stage,,foundation_contract_preserved,,false,false,clara,,false,false,The post-foundation audit remains the foundation source of truth; this audit rechecks no-regression source gates.
completion,completion:marcus:L0,marcus,L0,70,foundation_gate_rechecked,foundation_stage,foundation_stage,,foundation_contract_preserved,,false,false,marcus,,false,false,The post-foundation audit remains the foundation source of truth; this audit rechecks no-regression source gates.
completion,completion:marcus:L100,marcus,L100,71,foundation_gate_rechecked,foundation_stage,foundation_stage,,foundation_contract_preserved,,false,false,marcus,,false,false,The post-foundation audit remains the foundation source of truth; this audit rechecks no-regression source gates.
completion,completion:marcus:L250,marcus,L250,72,foundation_gate_rechecked,foundation_stage,foundation_stage,,foundation_contract_preserved,,false,false,marcus,,false,false,The post-foundation audit remains the foundation source of truth; this audit rechecks no-regression source gates.
initial_effect_speech_versus_first_user_action,initial_effect_speech_versus_first_user_action:clara:L0,clara,L0,73,foundation_gate_rechecked,foundation_stage,foundation_stage,,foundation_contract_preserved,,false,false,clara,,false,false,The post-foundation audit remains the foundation source of truth; this audit rechecks no-regression source gates.
initial_effect_speech_versus_first_user_action,initial_effect_speech_versus_first_user_action:clara:L100,clara,L100,74,foundation_gate_rechecked,foundation_stage,foundation_stage,,foundation_contract_preserved,,false,false,clara,,false,false,The post-foundation audit remains the foundation source of truth; this audit rechecks no-regression source gates.
initial_effect_speech_versus_first_user_action,initial_effect_speech_versus_first_user_action:clara:L250,clara,L250,75,foundation_gate_rechecked,foundation_stage,foundation_stage,,foundation_contract_preserved,,false,false,clara,,false,false,The post-foundation audit remains the foundation source of truth; this audit rechecks no-regression source gates.
initial_effect_speech_versus_first_user_action,initial_effect_speech_versus_first_user_action:marcus:L0,marcus,L0,76,foundation_gate_rechecked,foundation_stage,foundation_stage,,foundation_contract_preserved,,false,false,marcus,,false,false,The post-foundation audit remains the foundation source of truth; this audit rechecks no-regression source gates.
initial_effect_speech_versus_first_user_action,initial_effect_speech_versus_first_user_action:marcus:L100,marcus,L100,77,foundation_gate_rechecked,foundation_stage,foundation_stage,,foundation_contract_preserved,,false,false,marcus,,false,false,The post-foundation audit remains the foundation source of truth; this audit rechecks no-regression source gates.
initial_effect_speech_versus_first_user_action,initial_effect_speech_versus_first_user_action:marcus:L250,marcus,L250,78,foundation_gate_rechecked,foundation_stage,foundation_stage,,foundation_contract_preserved,,false,false,marcus,,false,false,The post-foundation audit remains the foundation source of truth; this audit rechecks no-regression source gates.
timer_event_while_prior_cue_playing,timer_event_while_prior_cue_playing:clara:L0,clara,L0,79,foundation_gate_rechecked,foundation_stage,foundation_stage,,foundation_contract_preserved,,false,false,clara,,false,false,The post-foundation audit remains the foundation source of truth; this audit rechecks no-regression source gates.
timer_event_while_prior_cue_playing,timer_event_while_prior_cue_playing:clara:L100,clara,L100,80,foundation_gate_rechecked,foundation_stage,foundation_stage,,foundation_contract_preserved,,false,false,clara,,false,false,The post-foundation audit remains the foundation source of truth; this audit rechecks no-regression source gates.
timer_event_while_prior_cue_playing,timer_event_while_prior_cue_playing:clara:L250,clara,L250,81,foundation_gate_rechecked,foundation_stage,foundation_stage,,foundation_contract_preserved,,false,false,clara,,false,false,The post-foundation audit remains the foundation source of truth; this audit rechecks no-regression source gates.
timer_event_while_prior_cue_playing,timer_event_while_prior_cue_playing:marcus:L0,marcus,L0,82,foundation_gate_rechecked,foundation_stage,foundation_stage,,foundation_contract_preserved,,false,false,marcus,,false,false,The post-foundation audit remains the foundation source of truth; this audit rechecks no-regression source gates.
timer_event_while_prior_cue_playing,timer_event_while_prior_cue_playing:marcus:L100,marcus,L100,83,foundation_gate_rechecked,foundation_stage,foundation_stage,,foundation_contract_preserved,,false,false,marcus,,false,false,The post-foundation audit remains the foundation source of truth; this audit rechecks no-regression source gates.
timer_event_while_prior_cue_playing,timer_event_while_prior_cue_playing:marcus:L250,marcus,L250,84,foundation_gate_rechecked,foundation_stage,foundation_stage,,foundation_contract_preserved,,false,false,marcus,,false,false,The post-foundation audit remains the foundation source of truth; this audit rechecks no-regression source gates.
equal_priority_event_while_busy,equal_priority_event_while_busy:clara:L0,clara,L0,85,foundation_gate_rechecked,foundation_stage,foundation_stage,,foundation_contract_preserved,,false,false,clara,,false,false,The post-foundation audit remains the foundation source of truth; this audit rechecks no-regression source gates.
equal_priority_event_while_busy,equal_priority_event_while_busy:clara:L100,clara,L100,86,foundation_gate_rechecked,foundation_stage,foundation_stage,,foundation_contract_preserved,,false,false,clara,,false,false,The post-foundation audit remains the foundation source of truth; this audit rechecks no-regression source gates.
equal_priority_event_while_busy,equal_priority_event_while_busy:clara:L250,clara,L250,87,foundation_gate_rechecked,foundation_stage,foundation_stage,,foundation_contract_preserved,,false,false,clara,,false,false,The post-foundation audit remains the foundation source of truth; this audit rechecks no-regression source gates.
equal_priority_event_while_busy,equal_priority_event_while_busy:marcus:L0,marcus,L0,88,foundation_gate_rechecked,foundation_stage,foundation_stage,,foundation_contract_preserved,,false,false,marcus,,false,false,The post-foundation audit remains the foundation source of truth; this audit rechecks no-regression source gates.
equal_priority_event_while_busy,equal_priority_event_while_busy:marcus:L100,marcus,L100,89,foundation_gate_rechecked,foundation_stage,foundation_stage,,foundation_contract_preserved,,false,false,marcus,,false,false,The post-foundation audit remains the foundation source of truth; this audit rechecks no-regression source gates.
equal_priority_event_while_busy,equal_priority_event_while_busy:marcus:L250,marcus,L250,90,foundation_gate_rechecked,foundation_stage,foundation_stage,,foundation_contract_preserved,,false,false,marcus,,false,false,The post-foundation audit remains the foundation source of truth; this audit rechecks no-regression source gates.
higher_priority_event_while_busy,higher_priority_event_while_busy:clara:L0,clara,L0,91,foundation_gate_rechecked,foundation_stage,foundation_stage,,foundation_contract_preserved,,false,false,clara,,false,false,The post-foundation audit remains the foundation source of truth; this audit rechecks no-regression source gates.
higher_priority_event_while_busy,higher_priority_event_while_busy:clara:L100,clara,L100,92,foundation_gate_rechecked,foundation_stage,foundation_stage,,foundation_contract_preserved,,false,false,clara,,false,false,The post-foundation audit remains the foundation source of truth; this audit rechecks no-regression source gates.
higher_priority_event_while_busy,higher_priority_event_while_busy:clara:L250,clara,L250,93,foundation_gate_rechecked,foundation_stage,foundation_stage,,foundation_contract_preserved,,false,false,clara,,false,false,The post-foundation audit remains the foundation source of truth; this audit rechecks no-regression source gates.
higher_priority_event_while_busy,higher_priority_event_while_busy:marcus:L0,marcus,L0,94,foundation_gate_rechecked,foundation_stage,foundation_stage,,foundation_contract_preserved,,false,false,marcus,,false,false,The post-foundation audit remains the foundation source of truth; this audit rechecks no-regression source gates.
higher_priority_event_while_busy,higher_priority_event_while_busy:marcus:L100,marcus,L100,95,foundation_gate_rechecked,foundation_stage,foundation_stage,,foundation_contract_preserved,,false,false,marcus,,false,false,The post-foundation audit remains the foundation source of truth; this audit rechecks no-regression source gates.
higher_priority_event_while_busy,higher_priority_event_while_busy:marcus:L250,marcus,L250,96,foundation_gate_rechecked,foundation_stage,foundation_stage,,foundation_contract_preserved,,false,false,marcus,,false,false,The post-foundation audit remains the foundation source of truth; this audit rechecks no-regression source gates.
required_cue_missing,required_cue_missing:clara:L0,clara,L0,97,foundation_gate_rechecked,foundation_stage,foundation_stage,,foundation_contract_preserved,,false,false,clara,,false,false,The post-foundation audit remains the foundation source of truth; this audit rechecks no-regression source gates.
required_cue_missing,required_cue_missing:clara:L100,clara,L100,98,foundation_gate_rechecked,foundation_stage,foundation_stage,,foundation_contract_preserved,,false,false,clara,,false,false,The post-foundation audit remains the foundation source of truth; this audit rechecks no-regression source gates.
required_cue_missing,required_cue_missing:clara:L250,clara,L250,99,foundation_gate_rechecked,foundation_stage,foundation_stage,,foundation_contract_preserved,,false,false,clara,,false,false,The post-foundation audit remains the foundation source of truth; this audit rechecks no-regression source gates.
required_cue_missing,required_cue_missing:marcus:L0,marcus,L0,100,foundation_gate_rechecked,foundation_stage,foundation_stage,,foundation_contract_preserved,,false,false,marcus,,false,false,The post-foundation audit remains the foundation source of truth; this audit rechecks no-regression source gates.
required_cue_missing,required_cue_missing:marcus:L100,marcus,L100,101,foundation_gate_rechecked,foundation_stage,foundation_stage,,foundation_contract_preserved,,false,false,marcus,,false,false,The post-foundation audit remains the foundation source of truth; this audit rechecks no-regression source gates.
required_cue_missing,required_cue_missing:marcus:L250,marcus,L250,102,foundation_gate_rechecked,foundation_stage,foundation_stage,,foundation_contract_preserved,,false,false,marcus,,false,false,The post-foundation audit remains the foundation source of truth; this audit rechecks no-regression source gates.
required_asset_resolution_throws,required_asset_resolution_throws:clara:L0,clara,L0,103,foundation_gate_rechecked,foundation_stage,foundation_stage,,foundation_contract_preserved,,false,false,clara,,false,false,The post-foundation audit remains the foundation source of truth; this audit rechecks no-regression source gates.
required_asset_resolution_throws,required_asset_resolution_throws:clara:L100,clara,L100,104,foundation_gate_rechecked,foundation_stage,foundation_stage,,foundation_contract_preserved,,false,false,clara,,false,false,The post-foundation audit remains the foundation source of truth; this audit rechecks no-regression source gates.
required_asset_resolution_throws,required_asset_resolution_throws:clara:L250,clara,L250,105,foundation_gate_rechecked,foundation_stage,foundation_stage,,foundation_contract_preserved,,false,false,clara,,false,false,The post-foundation audit remains the foundation source of truth; this audit rechecks no-regression source gates.
required_asset_resolution_throws,required_asset_resolution_throws:marcus:L0,marcus,L0,106,foundation_gate_rechecked,foundation_stage,foundation_stage,,foundation_contract_preserved,,false,false,marcus,,false,false,The post-foundation audit remains the foundation source of truth; this audit rechecks no-regression source gates.
required_asset_resolution_throws,required_asset_resolution_throws:marcus:L100,marcus,L100,107,foundation_gate_rechecked,foundation_stage,foundation_stage,,foundation_contract_preserved,,false,false,marcus,,false,false,The post-foundation audit remains the foundation source of truth; this audit rechecks no-regression source gates.
required_asset_resolution_throws,required_asset_resolution_throws:marcus:L250,marcus,L250,108,foundation_gate_rechecked,foundation_stage,foundation_stage,,foundation_contract_preserved,,false,false,marcus,,false,false,The post-foundation audit remains the foundation source of truth; this audit rechecks no-regression source gates.
playback_creation_fails,playback_creation_fails:clara:L0,clara,L0,109,foundation_gate_rechecked,foundation_stage,foundation_stage,,foundation_contract_preserved,,false,false,clara,,false,false,The post-foundation audit remains the foundation source of truth; this audit rechecks no-regression source gates.
playback_creation_fails,playback_creation_fails:clara:L100,clara,L100,110,foundation_gate_rechecked,foundation_stage,foundation_stage,,foundation_contract_preserved,,false,false,clara,,false,false,The post-foundation audit remains the foundation source of truth; this audit rechecks no-regression source gates.
playback_creation_fails,playback_creation_fails:clara:L250,clara,L250,111,foundation_gate_rechecked,foundation_stage,foundation_stage,,foundation_contract_preserved,,false,false,clara,,false,false,The post-foundation audit remains the foundation source of truth; this audit rechecks no-regression source gates.
playback_creation_fails,playback_creation_fails:marcus:L0,marcus,L0,112,foundation_gate_rechecked,foundation_stage,foundation_stage,,foundation_contract_preserved,,false,false,marcus,,false,false,The post-foundation audit remains the foundation source of truth; this audit rechecks no-regression source gates.
playback_creation_fails,playback_creation_fails:marcus:L100,marcus,L100,113,foundation_gate_rechecked,foundation_stage,foundation_stage,,foundation_contract_preserved,,false,false,marcus,,false,false,The post-foundation audit remains the foundation source of truth; this audit rechecks no-regression source gates.
playback_creation_fails,playback_creation_fails:marcus:L250,marcus,L250,114,foundation_gate_rechecked,foundation_stage,foundation_stage,,foundation_contract_preserved,,false,false,marcus,,false,false,The post-foundation audit remains the foundation source of truth; this audit rechecks no-regression source gates.
playback_start_callback_fails,playback_start_callback_fails:clara:L0,clara,L0,115,foundation_gate_rechecked,foundation_stage,foundation_stage,,foundation_contract_preserved,,false,false,clara,,false,false,The post-foundation audit remains the foundation source of truth; this audit rechecks no-regression source gates.
playback_start_callback_fails,playback_start_callback_fails:clara:L100,clara,L100,116,foundation_gate_rechecked,foundation_stage,foundation_stage,,foundation_contract_preserved,,false,false,clara,,false,false,The post-foundation audit remains the foundation source of truth; this audit rechecks no-regression source gates.
playback_start_callback_fails,playback_start_callback_fails:clara:L250,clara,L250,117,foundation_gate_rechecked,foundation_stage,foundation_stage,,foundation_contract_preserved,,false,false,clara,,false,false,The post-foundation audit remains the foundation source of truth; this audit rechecks no-regression source gates.
playback_start_callback_fails,playback_start_callback_fails:marcus:L0,marcus,L0,118,foundation_gate_rechecked,foundation_stage,foundation_stage,,foundation_contract_preserved,,false,false,marcus,,false,false,The post-foundation audit remains the foundation source of truth; this audit rechecks no-regression source gates.
playback_start_callback_fails,playback_start_callback_fails:marcus:L100,marcus,L100,119,foundation_gate_rechecked,foundation_stage,foundation_stage,,foundation_contract_preserved,,false,false,marcus,,false,false,The post-foundation audit remains the foundation source of truth; this audit rechecks no-regression source gates.
playback_start_callback_fails,playback_start_callback_fails:marcus:L250,marcus,L250,120,foundation_gate_rechecked,foundation_stage,foundation_stage,,foundation_contract_preserved,,false,false,marcus,,false,false,The post-foundation audit remains the foundation source of truth; this audit rechecks no-regression source gates.
cue_completes_after_state_exit,cue_completes_after_state_exit:clara:L0,clara,L0,121,foundation_gate_rechecked,foundation_stage,foundation_stage,,foundation_contract_preserved,,false,false,clara,,false,false,The post-foundation audit remains the foundation source of truth; this audit rechecks no-regression source gates.
cue_completes_after_state_exit,cue_completes_after_state_exit:clara:L100,clara,L100,122,foundation_gate_rechecked,foundation_stage,foundation_stage,,foundation_contract_preserved,,false,false,clara,,false,false,The post-foundation audit remains the foundation source of truth; this audit rechecks no-regression source gates.
cue_completes_after_state_exit,cue_completes_after_state_exit:clara:L250,clara,L250,123,foundation_gate_rechecked,foundation_stage,foundation_stage,,foundation_contract_preserved,,false,false,clara,,false,false,The post-foundation audit remains the foundation source of truth; this audit rechecks no-regression source gates.
cue_completes_after_state_exit,cue_completes_after_state_exit:marcus:L0,marcus,L0,124,foundation_gate_rechecked,foundation_stage,foundation_stage,,foundation_contract_preserved,,false,false,marcus,,false,false,The post-foundation audit remains the foundation source of truth; this audit rechecks no-regression source gates.
cue_completes_after_state_exit,cue_completes_after_state_exit:marcus:L100,marcus,L100,125,foundation_gate_rechecked,foundation_stage,foundation_stage,,foundation_contract_preserved,,false,false,marcus,,false,false,The post-foundation audit remains the foundation source of truth; this audit rechecks no-regression source gates.
cue_completes_after_state_exit,cue_completes_after_state_exit:marcus:L250,marcus,L250,126,foundation_gate_rechecked,foundation_stage,foundation_stage,,foundation_contract_preserved,,false,false,marcus,,false,false,The post-foundation audit remains the foundation source of truth; this audit rechecks no-regression source gates.
rapid_user_action_during_speech,rapid_user_action_during_speech:clara:L0,clara,L0,127,foundation_gate_rechecked,foundation_stage,foundation_stage,,foundation_contract_preserved,,false,false,clara,,false,false,The post-foundation audit remains the foundation source of truth; this audit rechecks no-regression source gates.
rapid_user_action_during_speech,rapid_user_action_during_speech:clara:L100,clara,L100,128,foundation_gate_rechecked,foundation_stage,foundation_stage,,foundation_contract_preserved,,false,false,clara,,false,false,The post-foundation audit remains the foundation source of truth; this audit rechecks no-regression source gates.
rapid_user_action_during_speech,rapid_user_action_during_speech:clara:L250,clara,L250,129,foundation_gate_rechecked,foundation_stage,foundation_stage,,foundation_contract_preserved,,false,false,clara,,false,false,The post-foundation audit remains the foundation source of truth; this audit rechecks no-regression source gates.
rapid_user_action_during_speech,rapid_user_action_during_speech:marcus:L0,marcus,L0,130,foundation_gate_rechecked,foundation_stage,foundation_stage,,foundation_contract_preserved,,false,false,marcus,,false,false,The post-foundation audit remains the foundation source of truth; this audit rechecks no-regression source gates.
rapid_user_action_during_speech,rapid_user_action_during_speech:marcus:L100,marcus,L100,131,foundation_gate_rechecked,foundation_stage,foundation_stage,,foundation_contract_preserved,,false,false,marcus,,false,false,The post-foundation audit remains the foundation source of truth; this audit rechecks no-regression source gates.
rapid_user_action_during_speech,rapid_user_action_during_speech:marcus:L250,marcus,L250,132,foundation_gate_rechecked,foundation_stage,foundation_stage,,foundation_contract_preserved,,false,false,marcus,,false,false,The post-foundation audit remains the foundation source of truth; this audit rechecks no-regression source gates.
recovery_event_during_speech,recovery_event_during_speech:clara:L0,clara,L0,133,foundation_gate_rechecked,foundation_stage,foundation_stage,,foundation_contract_preserved,,false,false,clara,,false,false,The post-foundation audit remains the foundation source of truth; this audit rechecks no-regression source gates.
recovery_event_during_speech,recovery_event_during_speech:clara:L100,clara,L100,134,foundation_gate_rechecked,foundation_stage,foundation_stage,,foundation_contract_preserved,,false,false,clara,,false,false,The post-foundation audit remains the foundation source of truth; this audit rechecks no-regression source gates.
recovery_event_during_speech,recovery_event_during_speech:clara:L250,clara,L250,135,foundation_gate_rechecked,foundation_stage,foundation_stage,,foundation_contract_preserved,,false,false,clara,,false,false,The post-foundation audit remains the foundation source of truth; this audit rechecks no-regression source gates.
recovery_event_during_speech,recovery_event_during_speech:marcus:L0,marcus,L0,136,foundation_gate_rechecked,foundation_stage,foundation_stage,,foundation_contract_preserved,,false,false,marcus,,false,false,The post-foundation audit remains the foundation source of truth; this audit rechecks no-regression source gates.
recovery_event_during_speech,recovery_event_during_speech:marcus:L100,marcus,L100,137,foundation_gate_rechecked,foundation_stage,foundation_stage,,foundation_contract_preserved,,false,false,marcus,,false,false,The post-foundation audit remains the foundation source of truth; this audit rechecks no-regression source gates.
recovery_event_during_speech,recovery_event_during_speech:marcus:L250,marcus,L250,138,foundation_gate_rechecked,foundation_stage,foundation_stage,,foundation_contract_preserved,,false,false,marcus,,false,false,The post-foundation audit remains the foundation source of truth; this audit rechecks no-regression source gates.
repeated_tracking_loss_event,repeated_tracking_loss_event:clara:L0,clara,L0,139,foundation_gate_rechecked,foundation_stage,foundation_stage,,foundation_contract_preserved,,false,false,clara,,false,false,The post-foundation audit remains the foundation source of truth; this audit rechecks no-regression source gates.
repeated_tracking_loss_event,repeated_tracking_loss_event:clara:L100,clara,L100,140,foundation_gate_rechecked,foundation_stage,foundation_stage,,foundation_contract_preserved,,false,false,clara,,false,false,The post-foundation audit remains the foundation source of truth; this audit rechecks no-regression source gates.
repeated_tracking_loss_event,repeated_tracking_loss_event:clara:L250,clara,L250,141,foundation_gate_rechecked,foundation_stage,foundation_stage,,foundation_contract_preserved,,false,false,clara,,false,false,The post-foundation audit remains the foundation source of truth; this audit rechecks no-regression source gates.
repeated_tracking_loss_event,repeated_tracking_loss_event:marcus:L0,marcus,L0,142,foundation_gate_rechecked,foundation_stage,foundation_stage,,foundation_contract_preserved,,false,false,marcus,,false,false,The post-foundation audit remains the foundation source of truth; this audit rechecks no-regression source gates.
repeated_tracking_loss_event,repeated_tracking_loss_event:marcus:L100,marcus,L100,143,foundation_gate_rechecked,foundation_stage,foundation_stage,,foundation_contract_preserved,,false,false,marcus,,false,false,The post-foundation audit remains the foundation source of truth; this audit rechecks no-regression source gates.
repeated_tracking_loss_event,repeated_tracking_loss_event:marcus:L250,marcus,L250,144,foundation_gate_rechecked,foundation_stage,foundation_stage,,foundation_contract_preserved,,false,false,marcus,,false,false,The post-foundation audit remains the foundation source of truth; this audit rechecks no-regression source gates.
tracking_recovery_before_loss_cue_finishes,tracking_recovery_before_loss_cue_finishes:clara:L0,clara,L0,145,foundation_gate_rechecked,foundation_stage,foundation_stage,,foundation_contract_preserved,,false,false,clara,,false,false,The post-foundation audit remains the foundation source of truth; this audit rechecks no-regression source gates.
tracking_recovery_before_loss_cue_finishes,tracking_recovery_before_loss_cue_finishes:clara:L100,clara,L100,146,foundation_gate_rechecked,foundation_stage,foundation_stage,,foundation_contract_preserved,,false,false,clara,,false,false,The post-foundation audit remains the foundation source of truth; this audit rechecks no-regression source gates.
tracking_recovery_before_loss_cue_finishes,tracking_recovery_before_loss_cue_finishes:clara:L250,clara,L250,147,foundation_gate_rechecked,foundation_stage,foundation_stage,,foundation_contract_preserved,,false,false,clara,,false,false,The post-foundation audit remains the foundation source of truth; this audit rechecks no-regression source gates.
tracking_recovery_before_loss_cue_finishes,tracking_recovery_before_loss_cue_finishes:marcus:L0,marcus,L0,148,foundation_gate_rechecked,foundation_stage,foundation_stage,,foundation_contract_preserved,,false,false,marcus,,false,false,The post-foundation audit remains the foundation source of truth; this audit rechecks no-regression source gates.
tracking_recovery_before_loss_cue_finishes,tracking_recovery_before_loss_cue_finishes:marcus:L100,marcus,L100,149,foundation_gate_rechecked,foundation_stage,foundation_stage,,foundation_contract_preserved,,false,false,marcus,,false,false,The post-foundation audit remains the foundation source of truth; this audit rechecks no-regression source gates.
tracking_recovery_before_loss_cue_finishes,tracking_recovery_before_loss_cue_finishes:marcus:L250,marcus,L250,150,foundation_gate_rechecked,foundation_stage,foundation_stage,,foundation_contract_preserved,,false,false,marcus,,false,false,The post-foundation audit remains the foundation source of truth; this audit rechecks no-regression source gates.
countdown_versus_operational_cue,countdown_versus_operational_cue:clara:L0,clara,L0,151,foundation_gate_rechecked,foundation_stage,foundation_stage,,foundation_contract_preserved,,false,false,clara,,false,false,The post-foundation audit remains the foundation source of truth; this audit rechecks no-regression source gates.
countdown_versus_operational_cue,countdown_versus_operational_cue:clara:L100,clara,L100,152,foundation_gate_rechecked,foundation_stage,foundation_stage,,foundation_contract_preserved,,false,false,clara,,false,false,The post-foundation audit remains the foundation source of truth; this audit rechecks no-regression source gates.
countdown_versus_operational_cue,countdown_versus_operational_cue:clara:L250,clara,L250,153,foundation_gate_rechecked,foundation_stage,foundation_stage,,foundation_contract_preserved,,false,false,clara,,false,false,The post-foundation audit remains the foundation source of truth; this audit rechecks no-regression source gates.
countdown_versus_operational_cue,countdown_versus_operational_cue:marcus:L0,marcus,L0,154,foundation_gate_rechecked,foundation_stage,foundation_stage,,foundation_contract_preserved,,false,false,marcus,,false,false,The post-foundation audit remains the foundation source of truth; this audit rechecks no-regression source gates.
countdown_versus_operational_cue,countdown_versus_operational_cue:marcus:L100,marcus,L100,155,foundation_gate_rechecked,foundation_stage,foundation_stage,,foundation_contract_preserved,,false,false,marcus,,false,false,The post-foundation audit remains the foundation source of truth; this audit rechecks no-regression source gates.
countdown_versus_operational_cue,countdown_versus_operational_cue:marcus:L250,marcus,L250,156,foundation_gate_rechecked,foundation_stage,foundation_stage,,foundation_contract_preserved,,false,false,marcus,,false,false,The post-foundation audit remains the foundation source of truth; this audit rechecks no-regression source gates.
go_audible_onset_timing,go_audible_onset_timing:clara:L0,clara,L0,157,foundation_gate_rechecked,foundation_stage,foundation_stage,,foundation_contract_preserved,,false,false,clara,,false,false,The post-foundation audit remains the foundation source of truth; this audit rechecks no-regression source gates.
go_audible_onset_timing,go_audible_onset_timing:clara:L100,clara,L100,158,foundation_gate_rechecked,foundation_stage,foundation_stage,,foundation_contract_preserved,,false,false,clara,,false,false,The post-foundation audit remains the foundation source of truth; this audit rechecks no-regression source gates.
go_audible_onset_timing,go_audible_onset_timing:clara:L250,clara,L250,159,foundation_gate_rechecked,foundation_stage,foundation_stage,,foundation_contract_preserved,,false,false,clara,,false,false,The post-foundation audit remains the foundation source of truth; this audit rechecks no-regression source gates.
go_audible_onset_timing,go_audible_onset_timing:marcus:L0,marcus,L0,160,foundation_gate_rechecked,foundation_stage,foundation_stage,,foundation_contract_preserved,,false,false,marcus,,false,false,The post-foundation audit remains the foundation source of truth; this audit rechecks no-regression source gates.
go_audible_onset_timing,go_audible_onset_timing:marcus:L100,marcus,L100,161,foundation_gate_rechecked,foundation_stage,foundation_stage,,foundation_contract_preserved,,false,false,marcus,,false,false,The post-foundation audit remains the foundation source of truth; this audit rechecks no-regression source gates.
go_audible_onset_timing,go_audible_onset_timing:marcus:L250,marcus,L250,162,foundation_gate_rechecked,foundation_stage,foundation_stage,,foundation_contract_preserved,,false,false,marcus,,false,false,The post-foundation audit remains the foundation source of truth; this audit rechecks no-regression source gates.
times_up_during_another_cue,times_up_during_another_cue:clara:L0,clara,L0,163,foundation_gate_rechecked,foundation_stage,foundation_stage,,foundation_contract_preserved,,false,false,clara,,false,false,The post-foundation audit remains the foundation source of truth; this audit rechecks no-regression source gates.
times_up_during_another_cue,times_up_during_another_cue:clara:L100,clara,L100,164,foundation_gate_rechecked,foundation_stage,foundation_stage,,foundation_contract_preserved,,false,false,clara,,false,false,The post-foundation audit remains the foundation source of truth; this audit rechecks no-regression source gates.
times_up_during_another_cue,times_up_during_another_cue:clara:L250,clara,L250,165,foundation_gate_rechecked,foundation_stage,foundation_stage,,foundation_contract_preserved,,false,false,clara,,false,false,The post-foundation audit remains the foundation source of truth; this audit rechecks no-regression source gates.
times_up_during_another_cue,times_up_during_another_cue:marcus:L0,marcus,L0,166,foundation_gate_rechecked,foundation_stage,foundation_stage,,foundation_contract_preserved,,false,false,marcus,,false,false,The post-foundation audit remains the foundation source of truth; this audit rechecks no-regression source gates.
times_up_during_another_cue,times_up_during_another_cue:marcus:L100,marcus,L100,167,foundation_gate_rechecked,foundation_stage,foundation_stage,,foundation_contract_preserved,,false,false,marcus,,false,false,The post-foundation audit remains the foundation source of truth; this audit rechecks no-regression source gates.
times_up_during_another_cue,times_up_during_another_cue:marcus:L250,marcus,L250,168,foundation_gate_rechecked,foundation_stage,foundation_stage,,foundation_contract_preserved,,false,false,marcus,,false,false,The post-foundation audit remains the foundation source of truth; this audit rechecks no-regression source gates.
result_completion_transition_while_prior_cue_busy,result_completion_transition_while_prior_cue_busy:clara:L0,clara,L0,169,foundation_gate_rechecked,foundation_stage,foundation_stage,,foundation_contract_preserved,,false,false,clara,,false,false,The post-foundation audit remains the foundation source of truth; this audit rechecks no-regression source gates.
result_completion_transition_while_prior_cue_busy,result_completion_transition_while_prior_cue_busy:clara:L100,clara,L100,170,foundation_gate_rechecked,foundation_stage,foundation_stage,,foundation_contract_preserved,,false,false,clara,,false,false,The post-foundation audit remains the foundation source of truth; this audit rechecks no-regression source gates.
result_completion_transition_while_prior_cue_busy,result_completion_transition_while_prior_cue_busy:clara:L250,clara,L250,171,foundation_gate_rechecked,foundation_stage,foundation_stage,,foundation_contract_preserved,,false,false,clara,,false,false,The post-foundation audit remains the foundation source of truth; this audit rechecks no-regression source gates.
result_completion_transition_while_prior_cue_busy,result_completion_transition_while_prior_cue_busy:marcus:L0,marcus,L0,172,foundation_gate_rechecked,foundation_stage,foundation_stage,,foundation_contract_preserved,,false,false,marcus,,false,false,The post-foundation audit remains the foundation source of truth; this audit rechecks no-regression source gates.
result_completion_transition_while_prior_cue_busy,result_completion_transition_while_prior_cue_busy:marcus:L100,marcus,L100,173,foundation_gate_rechecked,foundation_stage,foundation_stage,,foundation_contract_preserved,,false,false,marcus,,false,false,The post-foundation audit remains the foundation source of truth; this audit rechecks no-regression source gates.
result_completion_transition_while_prior_cue_busy,result_completion_transition_while_prior_cue_busy:marcus:L250,marcus,L250,174,foundation_gate_rechecked,foundation_stage,foundation_stage,,foundation_contract_preserved,,false,false,marcus,,false,false,The post-foundation audit remains the foundation source of truth; this audit rechecks no-regression source gates.
retry_during_intro,retry_during_intro:clara:L0,clara,L0,175,foundation_gate_rechecked,foundation_stage,foundation_stage,,foundation_contract_preserved,,false,false,clara,,false,false,The post-foundation audit remains the foundation source of truth; this audit rechecks no-regression source gates.
retry_during_intro,retry_during_intro:clara:L100,clara,L100,176,foundation_gate_rechecked,foundation_stage,foundation_stage,,foundation_contract_preserved,,false,false,clara,,false,false,The post-foundation audit remains the foundation source of truth; this audit rechecks no-regression source gates.
retry_during_intro,retry_during_intro:clara:L250,clara,L250,177,foundation_gate_rechecked,foundation_stage,foundation_stage,,foundation_contract_preserved,,false,false,clara,,false,false,The post-foundation audit remains the foundation source of truth; this audit rechecks no-regression source gates.
retry_during_intro,retry_during_intro:marcus:L0,marcus,L0,178,foundation_gate_rechecked,foundation_stage,foundation_stage,,foundation_contract_preserved,,false,false,marcus,,false,false,The post-foundation audit remains the foundation source of truth; this audit rechecks no-regression source gates.
retry_during_intro,retry_during_intro:marcus:L100,marcus,L100,179,foundation_gate_rechecked,foundation_stage,foundation_stage,,foundation_contract_preserved,,false,false,marcus,,false,false,The post-foundation audit remains the foundation source of truth; this audit rechecks no-regression source gates.
retry_during_intro,retry_during_intro:marcus:L250,marcus,L250,180,foundation_gate_rechecked,foundation_stage,foundation_stage,,foundation_contract_preserved,,false,false,marcus,,false,false,The post-foundation audit remains the foundation source of truth; this audit rechecks no-regression source gates.
retry_during_chair_practice,retry_during_chair_practice:clara:L0,clara,L0,181,foundation_gate_rechecked,foundation_stage,foundation_stage,,foundation_contract_preserved,,false,false,clara,,false,false,The post-foundation audit remains the foundation source of truth; this audit rechecks no-regression source gates.
retry_during_chair_practice,retry_during_chair_practice:clara:L100,clara,L100,182,foundation_gate_rechecked,foundation_stage,foundation_stage,,foundation_contract_preserved,,false,false,clara,,false,false,The post-foundation audit remains the foundation source of truth; this audit rechecks no-regression source gates.
retry_during_chair_practice,retry_during_chair_practice:clara:L250,clara,L250,183,foundation_gate_rechecked,foundation_stage,foundation_stage,,foundation_contract_preserved,,false,false,clara,,false,false,The post-foundation audit remains the foundation source of truth; this audit rechecks no-regression source gates.
retry_during_chair_practice,retry_during_chair_practice:marcus:L0,marcus,L0,184,foundation_gate_rechecked,foundation_stage,foundation_stage,,foundation_contract_preserved,,false,false,marcus,,false,false,The post-foundation audit remains the foundation source of truth; this audit rechecks no-regression source gates.
retry_during_chair_practice,retry_during_chair_practice:marcus:L100,marcus,L100,185,foundation_gate_rechecked,foundation_stage,foundation_stage,,foundation_contract_preserved,,false,false,marcus,,false,false,The post-foundation audit remains the foundation source of truth; this audit rechecks no-regression source gates.
retry_during_chair_practice,retry_during_chair_practice:marcus:L250,marcus,L250,186,foundation_gate_rechecked,foundation_stage,foundation_stage,,foundation_contract_preserved,,false,false,marcus,,false,false,The post-foundation audit remains the foundation source of truth; this audit rechecks no-regression source gates.
retry_during_official_attempt,retry_during_official_attempt:clara:L0,clara,L0,187,foundation_gate_rechecked,foundation_stage,foundation_stage,,foundation_contract_preserved,,false,false,clara,,false,false,The post-foundation audit remains the foundation source of truth; this audit rechecks no-regression source gates.
retry_during_official_attempt,retry_during_official_attempt:clara:L100,clara,L100,188,foundation_gate_rechecked,foundation_stage,foundation_stage,,foundation_contract_preserved,,false,false,clara,,false,false,The post-foundation audit remains the foundation source of truth; this audit rechecks no-regression source gates.
retry_during_official_attempt,retry_during_official_attempt:clara:L250,clara,L250,189,foundation_gate_rechecked,foundation_stage,foundation_stage,,foundation_contract_preserved,,false,false,clara,,false,false,The post-foundation audit remains the foundation source of truth; this audit rechecks no-regression source gates.
retry_during_official_attempt,retry_during_official_attempt:marcus:L0,marcus,L0,190,foundation_gate_rechecked,foundation_stage,foundation_stage,,foundation_contract_preserved,,false,false,marcus,,false,false,The post-foundation audit remains the foundation source of truth; this audit rechecks no-regression source gates.
retry_during_official_attempt,retry_during_official_attempt:marcus:L100,marcus,L100,191,foundation_gate_rechecked,foundation_stage,foundation_stage,,foundation_contract_preserved,,false,false,marcus,,false,false,The post-foundation audit remains the foundation source of truth; this audit rechecks no-regression source gates.
retry_during_official_attempt,retry_during_official_attempt:marcus:L250,marcus,L250,192,foundation_gate_rechecked,foundation_stage,foundation_stage,,foundation_contract_preserved,,false,false,marcus,,false,false,The post-foundation audit remains the foundation source of truth; this audit rechecks no-regression source gates.
retry_during_balance_rest,retry_during_balance_rest:clara:L0,clara,L0,193,foundation_gate_rechecked,foundation_stage,foundation_stage,,foundation_contract_preserved,,false,false,clara,,false,false,The post-foundation audit remains the foundation source of truth; this audit rechecks no-regression source gates.
retry_during_balance_rest,retry_during_balance_rest:clara:L100,clara,L100,194,foundation_gate_rechecked,foundation_stage,foundation_stage,,foundation_contract_preserved,,false,false,clara,,false,false,The post-foundation audit remains the foundation source of truth; this audit rechecks no-regression source gates.
retry_during_balance_rest,retry_during_balance_rest:clara:L250,clara,L250,195,foundation_gate_rechecked,foundation_stage,foundation_stage,,foundation_contract_preserved,,false,false,clara,,false,false,The post-foundation audit remains the foundation source of truth; this audit rechecks no-regression source gates.
retry_during_balance_rest,retry_during_balance_rest:marcus:L0,marcus,L0,196,foundation_gate_rechecked,foundation_stage,foundation_stage,,foundation_contract_preserved,,false,false,marcus,,false,false,The post-foundation audit remains the foundation source of truth; this audit rechecks no-regression source gates.
retry_during_balance_rest,retry_during_balance_rest:marcus:L100,marcus,L100,197,foundation_gate_rechecked,foundation_stage,foundation_stage,,foundation_contract_preserved,,false,false,marcus,,false,false,The post-foundation audit remains the foundation source of truth; this audit rechecks no-regression source gates.
retry_during_balance_rest,retry_during_balance_rest:marcus:L250,marcus,L250,198,foundation_gate_rechecked,foundation_stage,foundation_stage,,foundation_contract_preserved,,false,false,marcus,,false,false,The post-foundation audit remains the foundation source of truth; this audit rechecks no-regression source gates.
recovery_screen_retry,recovery_screen_retry:clara:L0,clara,L0,199,foundation_gate_rechecked,foundation_stage,foundation_stage,,foundation_contract_preserved,,false,false,clara,,false,false,The post-foundation audit remains the foundation source of truth; this audit rechecks no-regression source gates.
recovery_screen_retry,recovery_screen_retry:clara:L100,clara,L100,200,foundation_gate_rechecked,foundation_stage,foundation_stage,,foundation_contract_preserved,,false,false,clara,,false,false,The post-foundation audit remains the foundation source of truth; this audit rechecks no-regression source gates.
recovery_screen_retry,recovery_screen_retry:clara:L250,clara,L250,201,foundation_gate_rechecked,foundation_stage,foundation_stage,,foundation_contract_preserved,,false,false,clara,,false,false,The post-foundation audit remains the foundation source of truth; this audit rechecks no-regression source gates.
recovery_screen_retry,recovery_screen_retry:marcus:L0,marcus,L0,202,foundation_gate_rechecked,foundation_stage,foundation_stage,,foundation_contract_preserved,,false,false,marcus,,false,false,The post-foundation audit remains the foundation source of truth; this audit rechecks no-regression source gates.
recovery_screen_retry,recovery_screen_retry:marcus:L100,marcus,L100,203,foundation_gate_rechecked,foundation_stage,foundation_stage,,foundation_contract_preserved,,false,false,marcus,,false,false,The post-foundation audit remains the foundation source of truth; this audit rechecks no-regression source gates.
recovery_screen_retry,recovery_screen_retry:marcus:L250,marcus,L250,204,foundation_gate_rechecked,foundation_stage,foundation_stage,,foundation_contract_preserved,,false,false,marcus,,false,false,The post-foundation audit remains the foundation source of truth; this audit rechecks no-regression source gates.
navigation_unmount_during_speech,navigation_unmount_during_speech:clara:L0,clara,L0,205,foundation_gate_rechecked,foundation_stage,foundation_stage,,foundation_contract_preserved,,false,false,clara,,false,false,The post-foundation audit remains the foundation source of truth; this audit rechecks no-regression source gates.
navigation_unmount_during_speech,navigation_unmount_during_speech:clara:L100,clara,L100,206,foundation_gate_rechecked,foundation_stage,foundation_stage,,foundation_contract_preserved,,false,false,clara,,false,false,The post-foundation audit remains the foundation source of truth; this audit rechecks no-regression source gates.
navigation_unmount_during_speech,navigation_unmount_during_speech:clara:L250,clara,L250,207,foundation_gate_rechecked,foundation_stage,foundation_stage,,foundation_contract_preserved,,false,false,clara,,false,false,The post-foundation audit remains the foundation source of truth; this audit rechecks no-regression source gates.
navigation_unmount_during_speech,navigation_unmount_during_speech:marcus:L0,marcus,L0,208,foundation_gate_rechecked,foundation_stage,foundation_stage,,foundation_contract_preserved,,false,false,marcus,,false,false,The post-foundation audit remains the foundation source of truth; this audit rechecks no-regression source gates.
navigation_unmount_during_speech,navigation_unmount_during_speech:marcus:L100,marcus,L100,209,foundation_gate_rechecked,foundation_stage,foundation_stage,,foundation_contract_preserved,,false,false,marcus,,false,false,The post-foundation audit remains the foundation source of truth; this audit rechecks no-regression source gates.
navigation_unmount_during_speech,navigation_unmount_during_speech:marcus:L250,marcus,L250,210,foundation_gate_rechecked,foundation_stage,foundation_stage,,foundation_contract_preserved,,false,false,marcus,,false,false,The post-foundation audit remains the foundation source of truth; this audit rechecks no-regression source gates.
app_background_foreground,app_background_foreground:clara:L0,clara,L0,211,foundation_gate_rechecked,foundation_stage,foundation_stage,,foundation_contract_preserved,,false,false,clara,,false,false,The post-foundation audit remains the foundation source of truth; this audit rechecks no-regression source gates.
app_background_foreground,app_background_foreground:clara:L100,clara,L100,212,foundation_gate_rechecked,foundation_stage,foundation_stage,,foundation_contract_preserved,,false,false,clara,,false,false,The post-foundation audit remains the foundation source of truth; this audit rechecks no-regression source gates.
app_background_foreground,app_background_foreground:clara:L250,clara,L250,213,foundation_gate_rechecked,foundation_stage,foundation_stage,,foundation_contract_preserved,,false,false,clara,,false,false,The post-foundation audit remains the foundation source of truth; this audit rechecks no-regression source gates.
app_background_foreground,app_background_foreground:marcus:L0,marcus,L0,214,foundation_gate_rechecked,foundation_stage,foundation_stage,,foundation_contract_preserved,,false,false,marcus,,false,false,The post-foundation audit remains the foundation source of truth; this audit rechecks no-regression source gates.
app_background_foreground,app_background_foreground:marcus:L100,marcus,L100,215,foundation_gate_rechecked,foundation_stage,foundation_stage,,foundation_contract_preserved,,false,false,marcus,,false,false,The post-foundation audit remains the foundation source of truth; this audit rechecks no-regression source gates.
app_background_foreground,app_background_foreground:marcus:L250,marcus,L250,216,foundation_gate_rechecked,foundation_stage,foundation_stage,,foundation_contract_preserved,,false,false,marcus,,false,false,The post-foundation audit remains the foundation source of truth; this audit rechecks no-regression source gates.
voice_change_while_screen_mounted_channel_exists,voice_change_while_screen_mounted_channel_exists:clara:L0,clara,L0,217,foundation_gate_rechecked,foundation_stage,foundation_stage,,foundation_contract_preserved,,false,false,clara,,false,false,The post-foundation audit remains the foundation source of truth; this audit rechecks no-regression source gates.
voice_change_while_screen_mounted_channel_exists,voice_change_while_screen_mounted_channel_exists:clara:L100,clara,L100,218,foundation_gate_rechecked,foundation_stage,foundation_stage,,foundation_contract_preserved,,false,false,clara,,false,false,The post-foundation audit remains the foundation source of truth; this audit rechecks no-regression source gates.
voice_change_while_screen_mounted_channel_exists,voice_change_while_screen_mounted_channel_exists:clara:L250,clara,L250,219,foundation_gate_rechecked,foundation_stage,foundation_stage,,foundation_contract_preserved,,false,false,clara,,false,false,The post-foundation audit remains the foundation source of truth; this audit rechecks no-regression source gates.
voice_change_while_screen_mounted_channel_exists,voice_change_while_screen_mounted_channel_exists:marcus:L0,marcus,L0,220,foundation_gate_rechecked,foundation_stage,foundation_stage,,foundation_contract_preserved,,false,false,marcus,,false,false,The post-foundation audit remains the foundation source of truth; this audit rechecks no-regression source gates.
voice_change_while_screen_mounted_channel_exists,voice_change_while_screen_mounted_channel_exists:marcus:L100,marcus,L100,221,foundation_gate_rechecked,foundation_stage,foundation_stage,,foundation_contract_preserved,,false,false,marcus,,false,false,The post-foundation audit remains the foundation source of truth; this audit rechecks no-regression source gates.
voice_change_while_screen_mounted_channel_exists,voice_change_while_screen_mounted_channel_exists:marcus:L250,marcus,L250,222,foundation_gate_rechecked,foundation_stage,foundation_stage,,foundation_contract_preserved,,false,false,marcus,,false,false,The post-foundation audit remains the foundation source of truth; this audit rechecks no-regression source gates.
priority_50_100_mapping,priority_50_100_mapping:clara:L0,clara,L0,223,foundation_gate_rechecked,foundation_stage,foundation_stage,,foundation_contract_preserved,,false,false,clara,,false,false,The post-foundation audit remains the foundation source of truth; this audit rechecks no-regression source gates.
priority_50_100_mapping,priority_50_100_mapping:clara:L100,clara,L100,224,foundation_gate_rechecked,foundation_stage,foundation_stage,,foundation_contract_preserved,,false,false,clara,,false,false,The post-foundation audit remains the foundation source of truth; this audit rechecks no-regression source gates.
priority_50_100_mapping,priority_50_100_mapping:clara:L250,clara,L250,225,foundation_gate_rechecked,foundation_stage,foundation_stage,,foundation_contract_preserved,,false,false,clara,,false,false,The post-foundation audit remains the foundation source of truth; this audit rechecks no-regression source gates.
priority_50_100_mapping,priority_50_100_mapping:marcus:L0,marcus,L0,226,foundation_gate_rechecked,foundation_stage,foundation_stage,,foundation_contract_preserved,,false,false,marcus,,false,false,The post-foundation audit remains the foundation source of truth; this audit rechecks no-regression source gates.
priority_50_100_mapping,priority_50_100_mapping:marcus:L100,marcus,L100,227,foundation_gate_rechecked,foundation_stage,foundation_stage,,foundation_contract_preserved,,false,false,marcus,,false,false,The post-foundation audit remains the foundation source of truth; this audit rechecks no-regression source gates.
priority_50_100_mapping,priority_50_100_mapping:marcus:L250,marcus,L250,228,foundation_gate_rechecked,foundation_stage,foundation_stage,,foundation_contract_preserved,,false,false,marcus,,false,false,The post-foundation audit remains the foundation source of truth; this audit rechecks no-regression source gates.
fail_closed_required_cue_behavior,fail_closed_required_cue_behavior:clara:L0,clara,L0,229,foundation_gate_rechecked,foundation_stage,foundation_stage,,foundation_contract_preserved,,false,false,clara,,false,false,The post-foundation audit remains the foundation source of truth; this audit rechecks no-regression source gates.
fail_closed_required_cue_behavior,fail_closed_required_cue_behavior:clara:L100,clara,L100,230,foundation_gate_rechecked,foundation_stage,foundation_stage,,foundation_contract_preserved,,false,false,clara,,false,false,The post-foundation audit remains the foundation source of truth; this audit rechecks no-regression source gates.
fail_closed_required_cue_behavior,fail_closed_required_cue_behavior:clara:L250,clara,L250,231,foundation_gate_rechecked,foundation_stage,foundation_stage,,foundation_contract_preserved,,false,false,clara,,false,false,The post-foundation audit remains the foundation source of truth; this audit rechecks no-regression source gates.
fail_closed_required_cue_behavior,fail_closed_required_cue_behavior:marcus:L0,marcus,L0,232,foundation_gate_rechecked,foundation_stage,foundation_stage,,foundation_contract_preserved,,false,false,marcus,,false,false,The post-foundation audit remains the foundation source of truth; this audit rechecks no-regression source gates.
fail_closed_required_cue_behavior,fail_closed_required_cue_behavior:marcus:L100,marcus,L100,233,foundation_gate_rechecked,foundation_stage,foundation_stage,,foundation_contract_preserved,,false,false,marcus,,false,false,The post-foundation audit remains the foundation source of truth; this audit rechecks no-regression source gates.
fail_closed_required_cue_behavior,fail_closed_required_cue_behavior:marcus:L250,marcus,L250,234,foundation_gate_rechecked,foundation_stage,foundation_stage,,foundation_contract_preserved,,false,false,marcus,,false,false,The post-foundation audit remains the foundation source of truth; this audit rechecks no-regression source gates.
droppable_setup_reassurance_cues,droppable_setup_reassurance_cues:clara:L0,clara,L0,235,foundation_gate_rechecked,foundation_stage,foundation_stage,,foundation_contract_preserved,,false,false,clara,,false,false,The post-foundation audit remains the foundation source of truth; this audit rechecks no-regression source gates.
droppable_setup_reassurance_cues,droppable_setup_reassurance_cues:clara:L100,clara,L100,236,foundation_gate_rechecked,foundation_stage,foundation_stage,,foundation_contract_preserved,,false,false,clara,,false,false,The post-foundation audit remains the foundation source of truth; this audit rechecks no-regression source gates.
droppable_setup_reassurance_cues,droppable_setup_reassurance_cues:clara:L250,clara,L250,237,foundation_gate_rechecked,foundation_stage,foundation_stage,,foundation_contract_preserved,,false,false,clara,,false,false,The post-foundation audit remains the foundation source of truth; this audit rechecks no-regression source gates.
droppable_setup_reassurance_cues,droppable_setup_reassurance_cues:marcus:L0,marcus,L0,238,foundation_gate_rechecked,foundation_stage,foundation_stage,,foundation_contract_preserved,,false,false,marcus,,false,false,The post-foundation audit remains the foundation source of truth; this audit rechecks no-regression source gates.
droppable_setup_reassurance_cues,droppable_setup_reassurance_cues:marcus:L100,marcus,L100,239,foundation_gate_rechecked,foundation_stage,foundation_stage,,foundation_contract_preserved,,false,false,marcus,,false,false,The post-foundation audit remains the foundation source of truth; this audit rechecks no-regression source gates.
droppable_setup_reassurance_cues,droppable_setup_reassurance_cues:marcus:L250,marcus,L250,240,foundation_gate_rechecked,foundation_stage,foundation_stage,,foundation_contract_preserved,,false,false,marcus,,false,false,The post-foundation audit remains the foundation source of truth; this audit rechecks no-regression source gates.
no_stale_mpv2_operational_cue_after_state_change,no_stale_mpv2_operational_cue_after_state_change:clara:L0,clara,L0,241,foundation_gate_rechecked,foundation_stage,foundation_stage,,foundation_contract_preserved,,false,false,clara,,false,false,The post-foundation audit remains the foundation source of truth; this audit rechecks no-regression source gates.
no_stale_mpv2_operational_cue_after_state_change,no_stale_mpv2_operational_cue_after_state_change:clara:L100,clara,L100,242,foundation_gate_rechecked,foundation_stage,foundation_stage,,foundation_contract_preserved,,false,false,clara,,false,false,The post-foundation audit remains the foundation source of truth; this audit rechecks no-regression source gates.
no_stale_mpv2_operational_cue_after_state_change,no_stale_mpv2_operational_cue_after_state_change:clara:L250,clara,L250,243,foundation_gate_rechecked,foundation_stage,foundation_stage,,foundation_contract_preserved,,false,false,clara,,false,false,The post-foundation audit remains the foundation source of truth; this audit rechecks no-regression source gates.
no_stale_mpv2_operational_cue_after_state_change,no_stale_mpv2_operational_cue_after_state_change:marcus:L0,marcus,L0,244,foundation_gate_rechecked,foundation_stage,foundation_stage,,foundation_contract_preserved,,false,false,marcus,,false,false,The post-foundation audit remains the foundation source of truth; this audit rechecks no-regression source gates.
no_stale_mpv2_operational_cue_after_state_change,no_stale_mpv2_operational_cue_after_state_change:marcus:L100,marcus,L100,245,foundation_gate_rechecked,foundation_stage,foundation_stage,,foundation_contract_preserved,,false,false,marcus,,false,false,The post-foundation audit remains the foundation source of truth; this audit rechecks no-regression source gates.
no_stale_mpv2_operational_cue_after_state_change,no_stale_mpv2_operational_cue_after_state_change:marcus:L250,marcus,L250,246,foundation_gate_rechecked,foundation_stage,foundation_stage,,foundation_contract_preserved,,false,false,marcus,,false,false,The post-foundation audit remains the foundation source of truth; this audit rechecks no-regression source gates.
clara_marcus_duration_differences_do_not_alter_state_outcome,clara_marcus_duration_differences_do_not_alter_state_outcome:clara:L0,clara,L0,247,foundation_gate_rechecked,foundation_stage,foundation_stage,,foundation_contract_preserved,,false,false,clara,,false,false,The post-foundation audit remains the foundation source of truth; this audit rechecks no-regression source gates.
clara_marcus_duration_differences_do_not_alter_state_outcome,clara_marcus_duration_differences_do_not_alter_state_outcome:clara:L100,clara,L100,248,foundation_gate_rechecked,foundation_stage,foundation_stage,,foundation_contract_preserved,,false,false,clara,,false,false,The post-foundation audit remains the foundation source of truth; this audit rechecks no-regression source gates.
clara_marcus_duration_differences_do_not_alter_state_outcome,clara_marcus_duration_differences_do_not_alter_state_outcome:clara:L250,clara,L250,249,foundation_gate_rechecked,foundation_stage,foundation_stage,,foundation_contract_preserved,,false,false,clara,,false,false,The post-foundation audit remains the foundation source of truth; this audit rechecks no-regression source gates.
clara_marcus_duration_differences_do_not_alter_state_outcome,clara_marcus_duration_differences_do_not_alter_state_outcome:marcus:L0,marcus,L0,250,foundation_gate_rechecked,foundation_stage,foundation_stage,,foundation_contract_preserved,,false,false,marcus,,false,false,The post-foundation audit remains the foundation source of truth; this audit rechecks no-regression source gates.
clara_marcus_duration_differences_do_not_alter_state_outcome,clara_marcus_duration_differences_do_not_alter_state_outcome:marcus:L100,marcus,L100,251,foundation_gate_rechecked,foundation_stage,foundation_stage,,foundation_contract_preserved,,false,false,marcus,,false,false,The post-foundation audit remains the foundation source of truth; this audit rechecks no-regression source gates.
clara_marcus_duration_differences_do_not_alter_state_outcome,clara_marcus_duration_differences_do_not_alter_state_outcome:marcus:L250,marcus,L250,252,foundation_gate_rechecked,foundation_stage,foundation_stage,,foundation_contract_preserved,,false,false,marcus,,false,false,The post-foundation audit remains the foundation source of truth; this audit rechecks no-regression source gates.
tracking_loss_during_chair_active,tracking_loss_during_chair_active:clara:L0,clara,L0,253,confirmed_tracking_loss,chair_active,chair_recovery_boundary,tracking-loss-v21,partial_attempt_invalidated,recovery-1,true,false,clara,,false,false,
tracking_loss_during_chair_active,tracking_loss_during_chair_active:clara:L0,clara,L0,254,recovery_guidance,chair_recovery_boundary,chair_fresh_attempt_ready,tracking-loss-v21;tracking-recovered-v21,single_recovery_sequence,recovery-1,false,true,clara,,false,false,
tracking_loss_during_chair_active,tracking_loss_during_chair_active:clara:L100,clara,L100,255,confirmed_tracking_loss,chair_active,chair_recovery_boundary,tracking-loss-v21,partial_attempt_invalidated,recovery-1,true,false,clara,,false,false,
tracking_loss_during_chair_active,tracking_loss_during_chair_active:clara:L100,clara,L100,256,recovery_guidance,chair_recovery_boundary,chair_fresh_attempt_ready,tracking-loss-v21;tracking-recovered-v21,single_recovery_sequence,recovery-1,false,true,clara,,false,false,
tracking_loss_during_chair_active,tracking_loss_during_chair_active:clara:L250,clara,L250,257,confirmed_tracking_loss,chair_active,chair_recovery_boundary,tracking-loss-v21,partial_attempt_invalidated,recovery-1,true,false,clara,,false,false,
tracking_loss_during_chair_active,tracking_loss_during_chair_active:clara:L250,clara,L250,258,recovery_guidance,chair_recovery_boundary,chair_fresh_attempt_ready,tracking-loss-v21;tracking-recovered-v21,single_recovery_sequence,recovery-1,false,true,clara,,false,false,
tracking_loss_during_chair_active,tracking_loss_during_chair_active:marcus:L0,marcus,L0,259,confirmed_tracking_loss,chair_active,chair_recovery_boundary,tracking-loss-v21,partial_attempt_invalidated,recovery-1,true,false,marcus,,false,false,
tracking_loss_during_chair_active,tracking_loss_during_chair_active:marcus:L0,marcus,L0,260,recovery_guidance,chair_recovery_boundary,chair_fresh_attempt_ready,tracking-loss-v21;tracking-recovered-v21,single_recovery_sequence,recovery-1,false,true,marcus,,false,false,
tracking_loss_during_chair_active,tracking_loss_during_chair_active:marcus:L100,marcus,L100,261,confirmed_tracking_loss,chair_active,chair_recovery_boundary,tracking-loss-v21,partial_attempt_invalidated,recovery-1,true,false,marcus,,false,false,
tracking_loss_during_chair_active,tracking_loss_during_chair_active:marcus:L100,marcus,L100,262,recovery_guidance,chair_recovery_boundary,chair_fresh_attempt_ready,tracking-loss-v21;tracking-recovered-v21,single_recovery_sequence,recovery-1,false,true,marcus,,false,false,
tracking_loss_during_chair_active,tracking_loss_during_chair_active:marcus:L250,marcus,L250,263,confirmed_tracking_loss,chair_active,chair_recovery_boundary,tracking-loss-v21,partial_attempt_invalidated,recovery-1,true,false,marcus,,false,false,
tracking_loss_during_chair_active,tracking_loss_during_chair_active:marcus:L250,marcus,L250,264,recovery_guidance,chair_recovery_boundary,chair_fresh_attempt_ready,tracking-loss-v21;tracking-recovered-v21,single_recovery_sequence,recovery-1,false,true,marcus,,false,false,
tracking_recovery_chair_fresh_countdown,tracking_recovery_chair_fresh_countdown:clara:L0,clara,L0,265,confirmed_tracking_loss,chair_active,chair_recovery_boundary,tracking-loss-v21,partial_attempt_invalidated,recovery-1,true,false,clara,,false,false,
tracking_recovery_chair_fresh_countdown,tracking_recovery_chair_fresh_countdown:clara:L0,clara,L0,266,recovery_guidance,chair_recovery_boundary,chair_fresh_attempt_ready,tracking-loss-v21;tracking-recovered-v21,single_recovery_sequence,recovery-1,false,true,clara,,false,false,
tracking_recovery_chair_fresh_countdown,tracking_recovery_chair_fresh_countdown:clara:L100,clara,L100,267,confirmed_tracking_loss,chair_active,chair_recovery_boundary,tracking-loss-v21,partial_attempt_invalidated,recovery-1,true,false,clara,,false,false,
tracking_recovery_chair_fresh_countdown,tracking_recovery_chair_fresh_countdown:clara:L100,clara,L100,268,recovery_guidance,chair_recovery_boundary,chair_fresh_attempt_ready,tracking-loss-v21;tracking-recovered-v21,single_recovery_sequence,recovery-1,false,true,clara,,false,false,
tracking_recovery_chair_fresh_countdown,tracking_recovery_chair_fresh_countdown:clara:L250,clara,L250,269,confirmed_tracking_loss,chair_active,chair_recovery_boundary,tracking-loss-v21,partial_attempt_invalidated,recovery-1,true,false,clara,,false,false,
tracking_recovery_chair_fresh_countdown,tracking_recovery_chair_fresh_countdown:clara:L250,clara,L250,270,recovery_guidance,chair_recovery_boundary,chair_fresh_attempt_ready,tracking-loss-v21;tracking-recovered-v21,single_recovery_sequence,recovery-1,false,true,clara,,false,false,
tracking_recovery_chair_fresh_countdown,tracking_recovery_chair_fresh_countdown:marcus:L0,marcus,L0,271,confirmed_tracking_loss,chair_active,chair_recovery_boundary,tracking-loss-v21,partial_attempt_invalidated,recovery-1,true,false,marcus,,false,false,
tracking_recovery_chair_fresh_countdown,tracking_recovery_chair_fresh_countdown:marcus:L0,marcus,L0,272,recovery_guidance,chair_recovery_boundary,chair_fresh_attempt_ready,tracking-loss-v21;tracking-recovered-v21,single_recovery_sequence,recovery-1,false,true,marcus,,false,false,
tracking_recovery_chair_fresh_countdown,tracking_recovery_chair_fresh_countdown:marcus:L100,marcus,L100,273,confirmed_tracking_loss,chair_active,chair_recovery_boundary,tracking-loss-v21,partial_attempt_invalidated,recovery-1,true,false,marcus,,false,false,
tracking_recovery_chair_fresh_countdown,tracking_recovery_chair_fresh_countdown:marcus:L100,marcus,L100,274,recovery_guidance,chair_recovery_boundary,chair_fresh_attempt_ready,tracking-loss-v21;tracking-recovered-v21,single_recovery_sequence,recovery-1,false,true,marcus,,false,false,
tracking_recovery_chair_fresh_countdown,tracking_recovery_chair_fresh_countdown:marcus:L250,marcus,L250,275,confirmed_tracking_loss,chair_active,chair_recovery_boundary,tracking-loss-v21,partial_attempt_invalidated,recovery-1,true,false,marcus,,false,false,
tracking_recovery_chair_fresh_countdown,tracking_recovery_chair_fresh_countdown:marcus:L250,marcus,L250,276,recovery_guidance,chair_recovery_boundary,chair_fresh_attempt_ready,tracking-loss-v21;tracking-recovered-v21,single_recovery_sequence,recovery-1,false,true,marcus,,false,false,
tracking_loss_during_balance_active,tracking_loss_during_balance_active:clara:L0,clara,L0,277,confirmed_tracking_loss,balance_active,balance_recovery_boundary,tracking-loss-v21,partial_attempt_invalidated,recovery-1,true,false,clara,,false,false,
tracking_loss_during_balance_active,tracking_loss_during_balance_active:clara:L0,clara,L0,278,recovery_guidance,balance_recovery_boundary,balance_fresh_attempt_ready,tracking-loss-v21;mpv2_balance_tracking_retry;tracking-recovered-v21,single_recovery_sequence,recovery-1,false,false,clara,,false,false,
tracking_loss_during_balance_active,tracking_loss_during_balance_active:clara:L100,clara,L100,279,confirmed_tracking_loss,balance_active,balance_recovery_boundary,tracking-loss-v21,partial_attempt_invalidated,recovery-1,true,false,clara,,false,false,
tracking_loss_during_balance_active,tracking_loss_during_balance_active:clara:L100,clara,L100,280,recovery_guidance,balance_recovery_boundary,balance_fresh_attempt_ready,tracking-loss-v21;mpv2_balance_tracking_retry;tracking-recovered-v21,single_recovery_sequence,recovery-1,false,false,clara,,false,false,
tracking_loss_during_balance_active,tracking_loss_during_balance_active:clara:L250,clara,L250,281,confirmed_tracking_loss,balance_active,balance_recovery_boundary,tracking-loss-v21,partial_attempt_invalidated,recovery-1,true,false,clara,,false,false,
tracking_loss_during_balance_active,tracking_loss_during_balance_active:clara:L250,clara,L250,282,recovery_guidance,balance_recovery_boundary,balance_fresh_attempt_ready,tracking-loss-v21;mpv2_balance_tracking_retry;tracking-recovered-v21,single_recovery_sequence,recovery-1,false,false,clara,,false,false,
tracking_loss_during_balance_active,tracking_loss_during_balance_active:marcus:L0,marcus,L0,283,confirmed_tracking_loss,balance_active,balance_recovery_boundary,tracking-loss-v21,partial_attempt_invalidated,recovery-1,true,false,marcus,,false,false,
tracking_loss_during_balance_active,tracking_loss_during_balance_active:marcus:L0,marcus,L0,284,recovery_guidance,balance_recovery_boundary,balance_fresh_attempt_ready,tracking-loss-v21;mpv2_balance_tracking_retry;tracking-recovered-v21,single_recovery_sequence,recovery-1,false,false,marcus,,false,false,
tracking_loss_during_balance_active,tracking_loss_during_balance_active:marcus:L100,marcus,L100,285,confirmed_tracking_loss,balance_active,balance_recovery_boundary,tracking-loss-v21,partial_attempt_invalidated,recovery-1,true,false,marcus,,false,false,
tracking_loss_during_balance_active,tracking_loss_during_balance_active:marcus:L100,marcus,L100,286,recovery_guidance,balance_recovery_boundary,balance_fresh_attempt_ready,tracking-loss-v21;mpv2_balance_tracking_retry;tracking-recovered-v21,single_recovery_sequence,recovery-1,false,false,marcus,,false,false,
tracking_loss_during_balance_active,tracking_loss_during_balance_active:marcus:L250,marcus,L250,287,confirmed_tracking_loss,balance_active,balance_recovery_boundary,tracking-loss-v21,partial_attempt_invalidated,recovery-1,true,false,marcus,,false,false,
tracking_loss_during_balance_active,tracking_loss_during_balance_active:marcus:L250,marcus,L250,288,recovery_guidance,balance_recovery_boundary,balance_fresh_attempt_ready,tracking-loss-v21;mpv2_balance_tracking_retry;tracking-recovered-v21,single_recovery_sequence,recovery-1,false,false,marcus,,false,false,
balance_specific_recovery_guidance,balance_specific_recovery_guidance:clara:L0,clara,L0,289,confirmed_tracking_loss,balance_active,balance_recovery_boundary,tracking-loss-v21,partial_attempt_invalidated,recovery-1,true,false,clara,,false,false,
balance_specific_recovery_guidance,balance_specific_recovery_guidance:clara:L0,clara,L0,290,recovery_guidance,balance_recovery_boundary,balance_fresh_attempt_ready,tracking-loss-v21;mpv2_balance_tracking_retry;tracking-recovered-v21,single_recovery_sequence,recovery-1,false,false,clara,,false,false,
balance_specific_recovery_guidance,balance_specific_recovery_guidance:clara:L100,clara,L100,291,confirmed_tracking_loss,balance_active,balance_recovery_boundary,tracking-loss-v21,partial_attempt_invalidated,recovery-1,true,false,clara,,false,false,
balance_specific_recovery_guidance,balance_specific_recovery_guidance:clara:L100,clara,L100,292,recovery_guidance,balance_recovery_boundary,balance_fresh_attempt_ready,tracking-loss-v21;mpv2_balance_tracking_retry;tracking-recovered-v21,single_recovery_sequence,recovery-1,false,false,clara,,false,false,
balance_specific_recovery_guidance,balance_specific_recovery_guidance:clara:L250,clara,L250,293,confirmed_tracking_loss,balance_active,balance_recovery_boundary,tracking-loss-v21,partial_attempt_invalidated,recovery-1,true,false,clara,,false,false,
balance_specific_recovery_guidance,balance_specific_recovery_guidance:clara:L250,clara,L250,294,recovery_guidance,balance_recovery_boundary,balance_fresh_attempt_ready,tracking-loss-v21;mpv2_balance_tracking_retry;tracking-recovered-v21,single_recovery_sequence,recovery-1,false,false,clara,,false,false,
balance_specific_recovery_guidance,balance_specific_recovery_guidance:marcus:L0,marcus,L0,295,confirmed_tracking_loss,balance_active,balance_recovery_boundary,tracking-loss-v21,partial_attempt_invalidated,recovery-1,true,false,marcus,,false,false,
balance_specific_recovery_guidance,balance_specific_recovery_guidance:marcus:L0,marcus,L0,296,recovery_guidance,balance_recovery_boundary,balance_fresh_attempt_ready,tracking-loss-v21;mpv2_balance_tracking_retry;tracking-recovered-v21,single_recovery_sequence,recovery-1,false,false,marcus,,false,false,
balance_specific_recovery_guidance,balance_specific_recovery_guidance:marcus:L100,marcus,L100,297,confirmed_tracking_loss,balance_active,balance_recovery_boundary,tracking-loss-v21,partial_attempt_invalidated,recovery-1,true,false,marcus,,false,false,
balance_specific_recovery_guidance,balance_specific_recovery_guidance:marcus:L100,marcus,L100,298,recovery_guidance,balance_recovery_boundary,balance_fresh_attempt_ready,tracking-loss-v21;mpv2_balance_tracking_retry;tracking-recovered-v21,single_recovery_sequence,recovery-1,false,false,marcus,,false,false,
balance_specific_recovery_guidance,balance_specific_recovery_guidance:marcus:L250,marcus,L250,299,confirmed_tracking_loss,balance_active,balance_recovery_boundary,tracking-loss-v21,partial_attempt_invalidated,recovery-1,true,false,marcus,,false,false,
balance_specific_recovery_guidance,balance_specific_recovery_guidance:marcus:L250,marcus,L250,300,recovery_guidance,balance_recovery_boundary,balance_fresh_attempt_ready,tracking-loss-v21;mpv2_balance_tracking_retry;tracking-recovered-v21,single_recovery_sequence,recovery-1,false,false,marcus,,false,false,
tracking_loss_during_shoulder_active_left,tracking_loss_during_shoulder_active_left:clara:L0,clara,L0,301,confirmed_tracking_loss,shoulder_active,shoulder_recovery_boundary,tracking-loss-v21,partial_attempt_invalidated,recovery-1,true,false,clara,,false,false,
tracking_loss_during_shoulder_active_left,tracking_loss_during_shoulder_active_left:clara:L0,clara,L0,302,recovery_guidance,shoulder_recovery_boundary,shoulder_fresh_attempt_ready,tracking-loss-v21;mpv2_shoulder_tracking_retry;tracking-recovered-v21,single_recovery_sequence,recovery-1,false,true,clara,,false,false,
tracking_loss_during_shoulder_active_left,tracking_loss_during_shoulder_active_left:clara:L100,clara,L100,303,confirmed_tracking_loss,shoulder_active,shoulder_recovery_boundary,tracking-loss-v21,partial_attempt_invalidated,recovery-1,true,false,clara,,false,false,
tracking_loss_during_shoulder_active_left,tracking_loss_during_shoulder_active_left:clara:L100,clara,L100,304,recovery_guidance,shoulder_recovery_boundary,shoulder_fresh_attempt_ready,tracking-loss-v21;mpv2_shoulder_tracking_retry;tracking-recovered-v21,single_recovery_sequence,recovery-1,false,true,clara,,false,false,
tracking_loss_during_shoulder_active_left,tracking_loss_during_shoulder_active_left:clara:L250,clara,L250,305,confirmed_tracking_loss,shoulder_active,shoulder_recovery_boundary,tracking-loss-v21,partial_attempt_invalidated,recovery-1,true,false,clara,,false,false,
tracking_loss_during_shoulder_active_left,tracking_loss_during_shoulder_active_left:clara:L250,clara,L250,306,recovery_guidance,shoulder_recovery_boundary,shoulder_fresh_attempt_ready,tracking-loss-v21;mpv2_shoulder_tracking_retry;tracking-recovered-v21,single_recovery_sequence,recovery-1,false,true,clara,,false,false,
tracking_loss_during_shoulder_active_left,tracking_loss_during_shoulder_active_left:marcus:L0,marcus,L0,307,confirmed_tracking_loss,shoulder_active,shoulder_recovery_boundary,tracking-loss-v21,partial_attempt_invalidated,recovery-1,true,false,marcus,,false,false,
tracking_loss_during_shoulder_active_left,tracking_loss_during_shoulder_active_left:marcus:L0,marcus,L0,308,recovery_guidance,shoulder_recovery_boundary,shoulder_fresh_attempt_ready,tracking-loss-v21;mpv2_shoulder_tracking_retry;tracking-recovered-v21,single_recovery_sequence,recovery-1,false,true,marcus,,false,false,
tracking_loss_during_shoulder_active_left,tracking_loss_during_shoulder_active_left:marcus:L100,marcus,L100,309,confirmed_tracking_loss,shoulder_active,shoulder_recovery_boundary,tracking-loss-v21,partial_attempt_invalidated,recovery-1,true,false,marcus,,false,false,
tracking_loss_during_shoulder_active_left,tracking_loss_during_shoulder_active_left:marcus:L100,marcus,L100,310,recovery_guidance,shoulder_recovery_boundary,shoulder_fresh_attempt_ready,tracking-loss-v21;mpv2_shoulder_tracking_retry;tracking-recovered-v21,single_recovery_sequence,recovery-1,false,true,marcus,,false,false,
tracking_loss_during_shoulder_active_left,tracking_loss_during_shoulder_active_left:marcus:L250,marcus,L250,311,confirmed_tracking_loss,shoulder_active,shoulder_recovery_boundary,tracking-loss-v21,partial_attempt_invalidated,recovery-1,true,false,marcus,,false,false,
tracking_loss_during_shoulder_active_left,tracking_loss_during_shoulder_active_left:marcus:L250,marcus,L250,312,recovery_guidance,shoulder_recovery_boundary,shoulder_fresh_attempt_ready,tracking-loss-v21;mpv2_shoulder_tracking_retry;tracking-recovered-v21,single_recovery_sequence,recovery-1,false,true,marcus,,false,false,
tracking_loss_during_shoulder_active_right,tracking_loss_during_shoulder_active_right:clara:L0,clara,L0,313,confirmed_tracking_loss,shoulder_active,shoulder_recovery_boundary,tracking-loss-v21,partial_attempt_invalidated,recovery-1,true,false,clara,,false,false,
tracking_loss_during_shoulder_active_right,tracking_loss_during_shoulder_active_right:clara:L0,clara,L0,314,recovery_guidance,shoulder_recovery_boundary,shoulder_fresh_attempt_ready,tracking-loss-v21;mpv2_shoulder_tracking_retry;tracking-recovered-v21,single_recovery_sequence,recovery-1,false,true,clara,,false,false,
tracking_loss_during_shoulder_active_right,tracking_loss_during_shoulder_active_right:clara:L100,clara,L100,315,confirmed_tracking_loss,shoulder_active,shoulder_recovery_boundary,tracking-loss-v21,partial_attempt_invalidated,recovery-1,true,false,clara,,false,false,
tracking_loss_during_shoulder_active_right,tracking_loss_during_shoulder_active_right:clara:L100,clara,L100,316,recovery_guidance,shoulder_recovery_boundary,shoulder_fresh_attempt_ready,tracking-loss-v21;mpv2_shoulder_tracking_retry;tracking-recovered-v21,single_recovery_sequence,recovery-1,false,true,clara,,false,false,
tracking_loss_during_shoulder_active_right,tracking_loss_during_shoulder_active_right:clara:L250,clara,L250,317,confirmed_tracking_loss,shoulder_active,shoulder_recovery_boundary,tracking-loss-v21,partial_attempt_invalidated,recovery-1,true,false,clara,,false,false,
tracking_loss_during_shoulder_active_right,tracking_loss_during_shoulder_active_right:clara:L250,clara,L250,318,recovery_guidance,shoulder_recovery_boundary,shoulder_fresh_attempt_ready,tracking-loss-v21;mpv2_shoulder_tracking_retry;tracking-recovered-v21,single_recovery_sequence,recovery-1,false,true,clara,,false,false,
tracking_loss_during_shoulder_active_right,tracking_loss_during_shoulder_active_right:marcus:L0,marcus,L0,319,confirmed_tracking_loss,shoulder_active,shoulder_recovery_boundary,tracking-loss-v21,partial_attempt_invalidated,recovery-1,true,false,marcus,,false,false,
tracking_loss_during_shoulder_active_right,tracking_loss_during_shoulder_active_right:marcus:L0,marcus,L0,320,recovery_guidance,shoulder_recovery_boundary,shoulder_fresh_attempt_ready,tracking-loss-v21;mpv2_shoulder_tracking_retry;tracking-recovered-v21,single_recovery_sequence,recovery-1,false,true,marcus,,false,false,
tracking_loss_during_shoulder_active_right,tracking_loss_during_shoulder_active_right:marcus:L100,marcus,L100,321,confirmed_tracking_loss,shoulder_active,shoulder_recovery_boundary,tracking-loss-v21,partial_attempt_invalidated,recovery-1,true,false,marcus,,false,false,
tracking_loss_during_shoulder_active_right,tracking_loss_during_shoulder_active_right:marcus:L100,marcus,L100,322,recovery_guidance,shoulder_recovery_boundary,shoulder_fresh_attempt_ready,tracking-loss-v21;mpv2_shoulder_tracking_retry;tracking-recovered-v21,single_recovery_sequence,recovery-1,false,true,marcus,,false,false,
tracking_loss_during_shoulder_active_right,tracking_loss_during_shoulder_active_right:marcus:L250,marcus,L250,323,confirmed_tracking_loss,shoulder_active,shoulder_recovery_boundary,tracking-loss-v21,partial_attempt_invalidated,recovery-1,true,false,marcus,,false,false,
tracking_loss_during_shoulder_active_right,tracking_loss_during_shoulder_active_right:marcus:L250,marcus,L250,324,recovery_guidance,shoulder_recovery_boundary,shoulder_fresh_attempt_ready,tracking-loss-v21;mpv2_shoulder_tracking_retry;tracking-recovered-v21,single_recovery_sequence,recovery-1,false,true,marcus,,false,false,
shoulder_recovery_preserves_side,shoulder_recovery_preserves_side:clara:L0,clara,L0,325,confirmed_tracking_loss,shoulder_active,shoulder_recovery_boundary,tracking-loss-v21,partial_attempt_invalidated,recovery-1,true,false,clara,,false,false,
shoulder_recovery_preserves_side,shoulder_recovery_preserves_side:clara:L0,clara,L0,326,recovery_guidance,shoulder_recovery_boundary,shoulder_fresh_attempt_ready,tracking-loss-v21;mpv2_shoulder_tracking_retry;tracking-recovered-v21,single_recovery_sequence,recovery-1,false,true,clara,,false,false,
shoulder_recovery_preserves_side,shoulder_recovery_preserves_side:clara:L100,clara,L100,327,confirmed_tracking_loss,shoulder_active,shoulder_recovery_boundary,tracking-loss-v21,partial_attempt_invalidated,recovery-1,true,false,clara,,false,false,
shoulder_recovery_preserves_side,shoulder_recovery_preserves_side:clara:L100,clara,L100,328,recovery_guidance,shoulder_recovery_boundary,shoulder_fresh_attempt_ready,tracking-loss-v21;mpv2_shoulder_tracking_retry;tracking-recovered-v21,single_recovery_sequence,recovery-1,false,true,clara,,false,false,
shoulder_recovery_preserves_side,shoulder_recovery_preserves_side:clara:L250,clara,L250,329,confirmed_tracking_loss,shoulder_active,shoulder_recovery_boundary,tracking-loss-v21,partial_attempt_invalidated,recovery-1,true,false,clara,,false,false,
shoulder_recovery_preserves_side,shoulder_recovery_preserves_side:clara:L250,clara,L250,330,recovery_guidance,shoulder_recovery_boundary,shoulder_fresh_attempt_ready,tracking-loss-v21;mpv2_shoulder_tracking_retry;tracking-recovered-v21,single_recovery_sequence,recovery-1,false,true,clara,,false,false,
shoulder_recovery_preserves_side,shoulder_recovery_preserves_side:marcus:L0,marcus,L0,331,confirmed_tracking_loss,shoulder_active,shoulder_recovery_boundary,tracking-loss-v21,partial_attempt_invalidated,recovery-1,true,false,marcus,,false,false,
shoulder_recovery_preserves_side,shoulder_recovery_preserves_side:marcus:L0,marcus,L0,332,recovery_guidance,shoulder_recovery_boundary,shoulder_fresh_attempt_ready,tracking-loss-v21;mpv2_shoulder_tracking_retry;tracking-recovered-v21,single_recovery_sequence,recovery-1,false,true,marcus,,false,false,
shoulder_recovery_preserves_side,shoulder_recovery_preserves_side:marcus:L100,marcus,L100,333,confirmed_tracking_loss,shoulder_active,shoulder_recovery_boundary,tracking-loss-v21,partial_attempt_invalidated,recovery-1,true,false,marcus,,false,false,
shoulder_recovery_preserves_side,shoulder_recovery_preserves_side:marcus:L100,marcus,L100,334,recovery_guidance,shoulder_recovery_boundary,shoulder_fresh_attempt_ready,tracking-loss-v21;mpv2_shoulder_tracking_retry;tracking-recovered-v21,single_recovery_sequence,recovery-1,false,true,marcus,,false,false,
shoulder_recovery_preserves_side,shoulder_recovery_preserves_side:marcus:L250,marcus,L250,335,confirmed_tracking_loss,shoulder_active,shoulder_recovery_boundary,tracking-loss-v21,partial_attempt_invalidated,recovery-1,true,false,marcus,,false,false,
shoulder_recovery_preserves_side,shoulder_recovery_preserves_side:marcus:L250,marcus,L250,336,recovery_guidance,shoulder_recovery_boundary,shoulder_fresh_attempt_ready,tracking-loss-v21;mpv2_shoulder_tracking_retry;tracking-recovered-v21,single_recovery_sequence,recovery-1,false,true,marcus,,false,false,
tracking_loss_during_hinge_active,tracking_loss_during_hinge_active:clara:L0,clara,L0,337,confirmed_tracking_loss,hinge_active,hinge_recovery_boundary,tracking-loss-v21,partial_attempt_invalidated,recovery-1,true,false,clara,,false,false,
tracking_loss_during_hinge_active,tracking_loss_during_hinge_active:clara:L0,clara,L0,338,recovery_guidance,hinge_recovery_boundary,hinge_fresh_attempt_ready,tracking-loss-v21;tracking-recovered-v21,single_recovery_sequence,recovery-1,false,true,clara,,false,false,
tracking_loss_during_hinge_active,tracking_loss_during_hinge_active:clara:L100,clara,L100,339,confirmed_tracking_loss,hinge_active,hinge_recovery_boundary,tracking-loss-v21,partial_attempt_invalidated,recovery-1,true,false,clara,,false,false,
tracking_loss_during_hinge_active,tracking_loss_during_hinge_active:clara:L100,clara,L100,340,recovery_guidance,hinge_recovery_boundary,hinge_fresh_attempt_ready,tracking-loss-v21;tracking-recovered-v21,single_recovery_sequence,recovery-1,false,true,clara,,false,false,
tracking_loss_during_hinge_active,tracking_loss_during_hinge_active:clara:L250,clara,L250,341,confirmed_tracking_loss,hinge_active,hinge_recovery_boundary,tracking-loss-v21,partial_attempt_invalidated,recovery-1,true,false,clara,,false,false,
tracking_loss_during_hinge_active,tracking_loss_during_hinge_active:clara:L250,clara,L250,342,recovery_guidance,hinge_recovery_boundary,hinge_fresh_attempt_ready,tracking-loss-v21;tracking-recovered-v21,single_recovery_sequence,recovery-1,false,true,clara,,false,false,
tracking_loss_during_hinge_active,tracking_loss_during_hinge_active:marcus:L0,marcus,L0,343,confirmed_tracking_loss,hinge_active,hinge_recovery_boundary,tracking-loss-v21,partial_attempt_invalidated,recovery-1,true,false,marcus,,false,false,
tracking_loss_during_hinge_active,tracking_loss_during_hinge_active:marcus:L0,marcus,L0,344,recovery_guidance,hinge_recovery_boundary,hinge_fresh_attempt_ready,tracking-loss-v21;tracking-recovered-v21,single_recovery_sequence,recovery-1,false,true,marcus,,false,false,
tracking_loss_during_hinge_active,tracking_loss_during_hinge_active:marcus:L100,marcus,L100,345,confirmed_tracking_loss,hinge_active,hinge_recovery_boundary,tracking-loss-v21,partial_attempt_invalidated,recovery-1,true,false,marcus,,false,false,
tracking_loss_during_hinge_active,tracking_loss_during_hinge_active:marcus:L100,marcus,L100,346,recovery_guidance,hinge_recovery_boundary,hinge_fresh_attempt_ready,tracking-loss-v21;tracking-recovered-v21,single_recovery_sequence,recovery-1,false,true,marcus,,false,false,
tracking_loss_during_hinge_active,tracking_loss_during_hinge_active:marcus:L250,marcus,L250,347,confirmed_tracking_loss,hinge_active,hinge_recovery_boundary,tracking-loss-v21,partial_attempt_invalidated,recovery-1,true,false,marcus,,false,false,
tracking_loss_during_hinge_active,tracking_loss_during_hinge_active:marcus:L250,marcus,L250,348,recovery_guidance,hinge_recovery_boundary,hinge_fresh_attempt_ready,tracking-loss-v21;tracking-recovered-v21,single_recovery_sequence,recovery-1,false,true,marcus,,false,false,
hinge_recovery_fresh_attempt,hinge_recovery_fresh_attempt:clara:L0,clara,L0,349,confirmed_tracking_loss,hinge_active,hinge_recovery_boundary,tracking-loss-v21,partial_attempt_invalidated,recovery-1,true,false,clara,,false,false,
hinge_recovery_fresh_attempt,hinge_recovery_fresh_attempt:clara:L0,clara,L0,350,recovery_guidance,hinge_recovery_boundary,hinge_fresh_attempt_ready,tracking-loss-v21;tracking-recovered-v21,single_recovery_sequence,recovery-1,false,true,clara,,false,false,
hinge_recovery_fresh_attempt,hinge_recovery_fresh_attempt:clara:L100,clara,L100,351,confirmed_tracking_loss,hinge_active,hinge_recovery_boundary,tracking-loss-v21,partial_attempt_invalidated,recovery-1,true,false,clara,,false,false,
hinge_recovery_fresh_attempt,hinge_recovery_fresh_attempt:clara:L100,clara,L100,352,recovery_guidance,hinge_recovery_boundary,hinge_fresh_attempt_ready,tracking-loss-v21;tracking-recovered-v21,single_recovery_sequence,recovery-1,false,true,clara,,false,false,
hinge_recovery_fresh_attempt,hinge_recovery_fresh_attempt:clara:L250,clara,L250,353,confirmed_tracking_loss,hinge_active,hinge_recovery_boundary,tracking-loss-v21,partial_attempt_invalidated,recovery-1,true,false,clara,,false,false,
hinge_recovery_fresh_attempt,hinge_recovery_fresh_attempt:clara:L250,clara,L250,354,recovery_guidance,hinge_recovery_boundary,hinge_fresh_attempt_ready,tracking-loss-v21;tracking-recovered-v21,single_recovery_sequence,recovery-1,false,true,clara,,false,false,
hinge_recovery_fresh_attempt,hinge_recovery_fresh_attempt:marcus:L0,marcus,L0,355,confirmed_tracking_loss,hinge_active,hinge_recovery_boundary,tracking-loss-v21,partial_attempt_invalidated,recovery-1,true,false,marcus,,false,false,
hinge_recovery_fresh_attempt,hinge_recovery_fresh_attempt:marcus:L0,marcus,L0,356,recovery_guidance,hinge_recovery_boundary,hinge_fresh_attempt_ready,tracking-loss-v21;tracking-recovered-v21,single_recovery_sequence,recovery-1,false,true,marcus,,false,false,
hinge_recovery_fresh_attempt,hinge_recovery_fresh_attempt:marcus:L100,marcus,L100,357,confirmed_tracking_loss,hinge_active,hinge_recovery_boundary,tracking-loss-v21,partial_attempt_invalidated,recovery-1,true,false,marcus,,false,false,
hinge_recovery_fresh_attempt,hinge_recovery_fresh_attempt:marcus:L100,marcus,L100,358,recovery_guidance,hinge_recovery_boundary,hinge_fresh_attempt_ready,tracking-loss-v21;tracking-recovered-v21,single_recovery_sequence,recovery-1,false,true,marcus,,false,false,
hinge_recovery_fresh_attempt,hinge_recovery_fresh_attempt:marcus:L250,marcus,L250,359,confirmed_tracking_loss,hinge_active,hinge_recovery_boundary,tracking-loss-v21,partial_attempt_invalidated,recovery-1,true,false,marcus,,false,false,
hinge_recovery_fresh_attempt,hinge_recovery_fresh_attempt:marcus:L250,marcus,L250,360,recovery_guidance,hinge_recovery_boundary,hinge_fresh_attempt_ready,tracking-loss-v21;tracking-recovered-v21,single_recovery_sequence,recovery-1,false,true,marcus,,false,false,
repeated_tracking_loss_same_episode,repeated_tracking_loss_same_episode:clara:L0,clara,L0,361,confirmed_tracking_loss,chair_active,chair_recovery_boundary,tracking-loss-v21,partial_attempt_invalidated,recovery-1,true,false,clara,,false,false,
repeated_tracking_loss_same_episode,repeated_tracking_loss_same_episode:clara:L0,clara,L0,362,recovery_guidance,chair_recovery_boundary,chair_fresh_attempt_ready,tracking-loss-v21;tracking-recovered-v21,single_recovery_sequence,recovery-1,false,true,clara,,false,false,
repeated_tracking_loss_same_episode,repeated_tracking_loss_same_episode:clara:L100,clara,L100,363,confirmed_tracking_loss,chair_active,chair_recovery_boundary,tracking-loss-v21,partial_attempt_invalidated,recovery-1,true,false,clara,,false,false,
repeated_tracking_loss_same_episode,repeated_tracking_loss_same_episode:clara:L100,clara,L100,364,recovery_guidance,chair_recovery_boundary,chair_fresh_attempt_ready,tracking-loss-v21;tracking-recovered-v21,single_recovery_sequence,recovery-1,false,true,clara,,false,false,
repeated_tracking_loss_same_episode,repeated_tracking_loss_same_episode:clara:L250,clara,L250,365,confirmed_tracking_loss,chair_active,chair_recovery_boundary,tracking-loss-v21,partial_attempt_invalidated,recovery-1,true,false,clara,,false,false,
repeated_tracking_loss_same_episode,repeated_tracking_loss_same_episode:clara:L250,clara,L250,366,recovery_guidance,chair_recovery_boundary,chair_fresh_attempt_ready,tracking-loss-v21;tracking-recovered-v21,single_recovery_sequence,recovery-1,false,true,clara,,false,false,
repeated_tracking_loss_same_episode,repeated_tracking_loss_same_episode:marcus:L0,marcus,L0,367,confirmed_tracking_loss,chair_active,chair_recovery_boundary,tracking-loss-v21,partial_attempt_invalidated,recovery-1,true,false,marcus,,false,false,
repeated_tracking_loss_same_episode,repeated_tracking_loss_same_episode:marcus:L0,marcus,L0,368,recovery_guidance,chair_recovery_boundary,chair_fresh_attempt_ready,tracking-loss-v21;tracking-recovered-v21,single_recovery_sequence,recovery-1,false,true,marcus,,false,false,
repeated_tracking_loss_same_episode,repeated_tracking_loss_same_episode:marcus:L100,marcus,L100,369,confirmed_tracking_loss,chair_active,chair_recovery_boundary,tracking-loss-v21,partial_attempt_invalidated,recovery-1,true,false,marcus,,false,false,
repeated_tracking_loss_same_episode,repeated_tracking_loss_same_episode:marcus:L100,marcus,L100,370,recovery_guidance,chair_recovery_boundary,chair_fresh_attempt_ready,tracking-loss-v21;tracking-recovered-v21,single_recovery_sequence,recovery-1,false,true,marcus,,false,false,
repeated_tracking_loss_same_episode,repeated_tracking_loss_same_episode:marcus:L250,marcus,L250,371,confirmed_tracking_loss,chair_active,chair_recovery_boundary,tracking-loss-v21,partial_attempt_invalidated,recovery-1,true,false,marcus,,false,false,
repeated_tracking_loss_same_episode,repeated_tracking_loss_same_episode:marcus:L250,marcus,L250,372,recovery_guidance,chair_recovery_boundary,chair_fresh_attempt_ready,tracking-loss-v21;tracking-recovered-v21,single_recovery_sequence,recovery-1,false,true,marcus,,false,false,
new_loss_after_restarted_attempt,new_loss_after_restarted_attempt:clara:L0,clara,L0,373,confirmed_tracking_loss,chair_active,chair_recovery_boundary,tracking-loss-v21,partial_attempt_invalidated,recovery-1,true,false,clara,,false,false,
new_loss_after_restarted_attempt,new_loss_after_restarted_attempt:clara:L0,clara,L0,374,recovery_guidance,chair_recovery_boundary,chair_fresh_attempt_ready,tracking-loss-v21;tracking-recovered-v21,single_recovery_sequence,recovery-1,false,true,clara,,false,false,
new_loss_after_restarted_attempt,new_loss_after_restarted_attempt:clara:L100,clara,L100,375,confirmed_tracking_loss,chair_active,chair_recovery_boundary,tracking-loss-v21,partial_attempt_invalidated,recovery-1,true,false,clara,,false,false,
new_loss_after_restarted_attempt,new_loss_after_restarted_attempt:clara:L100,clara,L100,376,recovery_guidance,chair_recovery_boundary,chair_fresh_attempt_ready,tracking-loss-v21;tracking-recovered-v21,single_recovery_sequence,recovery-1,false,true,clara,,false,false,
new_loss_after_restarted_attempt,new_loss_after_restarted_attempt:clara:L250,clara,L250,377,confirmed_tracking_loss,chair_active,chair_recovery_boundary,tracking-loss-v21,partial_attempt_invalidated,recovery-1,true,false,clara,,false,false,
new_loss_after_restarted_attempt,new_loss_after_restarted_attempt:clara:L250,clara,L250,378,recovery_guidance,chair_recovery_boundary,chair_fresh_attempt_ready,tracking-loss-v21;tracking-recovered-v21,single_recovery_sequence,recovery-1,false,true,clara,,false,false,
new_loss_after_restarted_attempt,new_loss_after_restarted_attempt:marcus:L0,marcus,L0,379,confirmed_tracking_loss,chair_active,chair_recovery_boundary,tracking-loss-v21,partial_attempt_invalidated,recovery-1,true,false,marcus,,false,false,
new_loss_after_restarted_attempt,new_loss_after_restarted_attempt:marcus:L0,marcus,L0,380,recovery_guidance,chair_recovery_boundary,chair_fresh_attempt_ready,tracking-loss-v21;tracking-recovered-v21,single_recovery_sequence,recovery-1,false,true,marcus,,false,false,
new_loss_after_restarted_attempt,new_loss_after_restarted_attempt:marcus:L100,marcus,L100,381,confirmed_tracking_loss,chair_active,chair_recovery_boundary,tracking-loss-v21,partial_attempt_invalidated,recovery-1,true,false,marcus,,false,false,
new_loss_after_restarted_attempt,new_loss_after_restarted_attempt:marcus:L100,marcus,L100,382,recovery_guidance,chair_recovery_boundary,chair_fresh_attempt_ready,tracking-loss-v21;tracking-recovered-v21,single_recovery_sequence,recovery-1,false,true,marcus,,false,false,
new_loss_after_restarted_attempt,new_loss_after_restarted_attempt:marcus:L250,marcus,L250,383,confirmed_tracking_loss,chair_active,chair_recovery_boundary,tracking-loss-v21,partial_attempt_invalidated,recovery-1,true,false,marcus,,false,false,
new_loss_after_restarted_attempt,new_loss_after_restarted_attempt:marcus:L250,marcus,L250,384,recovery_guidance,chair_recovery_boundary,chair_fresh_attempt_ready,tracking-loss-v21;tracking-recovered-v21,single_recovery_sequence,recovery-1,false,true,marcus,,false,false,
tracking_loss_before_times_up,tracking_loss_before_times_up:clara:L0,clara,L0,385,terminal_precedence,chair_active,chair_countdown,tracking-loss-v21,deterministic_precedence,recovery-1,true,true,clara,,false,false,
tracking_loss_before_times_up,tracking_loss_before_times_up:clara:L100,clara,L100,386,terminal_precedence,chair_active,chair_countdown,tracking-loss-v21,deterministic_precedence,recovery-1,true,true,clara,,false,false,
tracking_loss_before_times_up,tracking_loss_before_times_up:clara:L250,clara,L250,387,terminal_precedence,chair_active,chair_countdown,tracking-loss-v21,deterministic_precedence,recovery-1,true,true,clara,,false,false,
tracking_loss_before_times_up,tracking_loss_before_times_up:marcus:L0,marcus,L0,388,terminal_precedence,chair_active,chair_countdown,tracking-loss-v21,deterministic_precedence,recovery-1,true,true,marcus,,false,false,
tracking_loss_before_times_up,tracking_loss_before_times_up:marcus:L100,marcus,L100,389,terminal_precedence,chair_active,chair_countdown,tracking-loss-v21,deterministic_precedence,recovery-1,true,true,marcus,,false,false,
tracking_loss_before_times_up,tracking_loss_before_times_up:marcus:L250,marcus,L250,390,terminal_precedence,chair_active,chair_countdown,tracking-loss-v21,deterministic_precedence,recovery-1,true,true,marcus,,false,false,
times_up_before_tracking_loss,times_up_before_tracking_loss:clara:L0,clara,L0,391,terminal_precedence,chair_active,balance_setup,tracking-loss-v21,deterministic_precedence,,false,false,clara,,false,false,
times_up_before_tracking_loss,times_up_before_tracking_loss:clara:L100,clara,L100,392,terminal_precedence,chair_active,balance_setup,tracking-loss-v21,deterministic_precedence,,false,false,clara,,false,false,
times_up_before_tracking_loss,times_up_before_tracking_loss:clara:L250,clara,L250,393,terminal_precedence,chair_active,balance_setup,tracking-loss-v21,deterministic_precedence,,false,false,clara,,false,false,
times_up_before_tracking_loss,times_up_before_tracking_loss:marcus:L0,marcus,L0,394,terminal_precedence,chair_active,balance_setup,tracking-loss-v21,deterministic_precedence,,false,false,marcus,,false,false,
times_up_before_tracking_loss,times_up_before_tracking_loss:marcus:L100,marcus,L100,395,terminal_precedence,chair_active,balance_setup,tracking-loss-v21,deterministic_precedence,,false,false,marcus,,false,false,
times_up_before_tracking_loss,times_up_before_tracking_loss:marcus:L250,marcus,L250,396,terminal_precedence,chair_active,balance_setup,tracking-loss-v21,deterministic_precedence,,false,false,marcus,,false,false,
same_frame_loss_times_up_precedence,same_frame_loss_times_up_precedence:clara:L0,clara,L0,397,terminal_precedence,chair_active,chair_countdown,tracking-loss-v21,deterministic_precedence,recovery-1,true,true,clara,,false,false,
same_frame_loss_times_up_precedence,same_frame_loss_times_up_precedence:clara:L100,clara,L100,398,terminal_precedence,chair_active,chair_countdown,tracking-loss-v21,deterministic_precedence,recovery-1,true,true,clara,,false,false,
same_frame_loss_times_up_precedence,same_frame_loss_times_up_precedence:clara:L250,clara,L250,399,terminal_precedence,chair_active,chair_countdown,tracking-loss-v21,deterministic_precedence,recovery-1,true,true,clara,,false,false,
same_frame_loss_times_up_precedence,same_frame_loss_times_up_precedence:marcus:L0,marcus,L0,400,terminal_precedence,chair_active,chair_countdown,tracking-loss-v21,deterministic_precedence,recovery-1,true,true,marcus,,false,false,
same_frame_loss_times_up_precedence,same_frame_loss_times_up_precedence:marcus:L100,marcus,L100,401,terminal_precedence,chair_active,chair_countdown,tracking-loss-v21,deterministic_precedence,recovery-1,true,true,marcus,,false,false,
same_frame_loss_times_up_precedence,same_frame_loss_times_up_precedence:marcus:L250,marcus,L250,402,terminal_precedence,chair_active,chair_countdown,tracking-loss-v21,deterministic_precedence,recovery-1,true,true,marcus,,false,false,
recovery_lost_again_before_countdown,recovery_lost_again_before_countdown:clara:L0,clara,L0,403,confirmed_tracking_loss,chair_active,chair_recovery_boundary,tracking-loss-v21,partial_attempt_invalidated,recovery-1,true,false,clara,,false,false,
recovery_lost_again_before_countdown,recovery_lost_again_before_countdown:clara:L0,clara,L0,404,recovery_guidance,chair_recovery_boundary,chair_fresh_attempt_ready,tracking-loss-v21;tracking-recovered-v21,single_recovery_sequence,recovery-1,false,true,clara,,false,false,
recovery_lost_again_before_countdown,recovery_lost_again_before_countdown:clara:L100,clara,L100,405,confirmed_tracking_loss,chair_active,chair_recovery_boundary,tracking-loss-v21,partial_attempt_invalidated,recovery-1,true,false,clara,,false,false,
recovery_lost_again_before_countdown,recovery_lost_again_before_countdown:clara:L100,clara,L100,406,recovery_guidance,chair_recovery_boundary,chair_fresh_attempt_ready,tracking-loss-v21;tracking-recovered-v21,single_recovery_sequence,recovery-1,false,true,clara,,false,false,
recovery_lost_again_before_countdown,recovery_lost_again_before_countdown:clara:L250,clara,L250,407,confirmed_tracking_loss,chair_active,chair_recovery_boundary,tracking-loss-v21,partial_attempt_invalidated,recovery-1,true,false,clara,,false,false,
recovery_lost_again_before_countdown,recovery_lost_again_before_countdown:clara:L250,clara,L250,408,recovery_guidance,chair_recovery_boundary,chair_fresh_attempt_ready,tracking-loss-v21;tracking-recovered-v21,single_recovery_sequence,recovery-1,false,true,clara,,false,false,
recovery_lost_again_before_countdown,recovery_lost_again_before_countdown:marcus:L0,marcus,L0,409,confirmed_tracking_loss,chair_active,chair_recovery_boundary,tracking-loss-v21,partial_attempt_invalidated,recovery-1,true,false,marcus,,false,false,
recovery_lost_again_before_countdown,recovery_lost_again_before_countdown:marcus:L0,marcus,L0,410,recovery_guidance,chair_recovery_boundary,chair_fresh_attempt_ready,tracking-loss-v21;tracking-recovered-v21,single_recovery_sequence,recovery-1,false,true,marcus,,false,false,
recovery_lost_again_before_countdown,recovery_lost_again_before_countdown:marcus:L100,marcus,L100,411,confirmed_tracking_loss,chair_active,chair_recovery_boundary,tracking-loss-v21,partial_attempt_invalidated,recovery-1,true,false,marcus,,false,false,
recovery_lost_again_before_countdown,recovery_lost_again_before_countdown:marcus:L100,marcus,L100,412,recovery_guidance,chair_recovery_boundary,chair_fresh_attempt_ready,tracking-loss-v21;tracking-recovered-v21,single_recovery_sequence,recovery-1,false,true,marcus,,false,false,
recovery_lost_again_before_countdown,recovery_lost_again_before_countdown:marcus:L250,marcus,L250,413,confirmed_tracking_loss,chair_active,chair_recovery_boundary,tracking-loss-v21,partial_attempt_invalidated,recovery-1,true,false,marcus,,false,false,
recovery_lost_again_before_countdown,recovery_lost_again_before_countdown:marcus:L250,marcus,L250,414,recovery_guidance,chair_recovery_boundary,chair_fresh_attempt_ready,tracking-loss-v21;tracking-recovered-v21,single_recovery_sequence,recovery-1,false,true,marcus,,false,false,
missing_tracking_loss_asset,missing_tracking_loss_asset:clara:L0,clara,L0,415,confirmed_tracking_loss,chair_active,chair_recovery_boundary,tracking-loss-v21,partial_attempt_invalidated,recovery-1,true,false,clara,,false,false,
missing_tracking_loss_asset,missing_tracking_loss_asset:clara:L0,clara,L0,416,recovery_guidance,chair_recovery_boundary,chair_fresh_attempt_ready,tracking-loss-v21;tracking-recovered-v21,single_recovery_sequence,recovery-1,false,true,clara,,false,false,
missing_tracking_loss_asset,missing_tracking_loss_asset:clara:L100,clara,L100,417,confirmed_tracking_loss,chair_active,chair_recovery_boundary,tracking-loss-v21,partial_attempt_invalidated,recovery-1,true,false,clara,,false,false,
missing_tracking_loss_asset,missing_tracking_loss_asset:clara:L100,clara,L100,418,recovery_guidance,chair_recovery_boundary,chair_fresh_attempt_ready,tracking-loss-v21;tracking-recovered-v21,single_recovery_sequence,recovery-1,false,true,clara,,false,false,
missing_tracking_loss_asset,missing_tracking_loss_asset:clara:L250,clara,L250,419,confirmed_tracking_loss,chair_active,chair_recovery_boundary,tracking-loss-v21,partial_attempt_invalidated,recovery-1,true,false,clara,,false,false,
missing_tracking_loss_asset,missing_tracking_loss_asset:clara:L250,clara,L250,420,recovery_guidance,chair_recovery_boundary,chair_fresh_attempt_ready,tracking-loss-v21;tracking-recovered-v21,single_recovery_sequence,recovery-1,false,true,clara,,false,false,
missing_tracking_loss_asset,missing_tracking_loss_asset:marcus:L0,marcus,L0,421,confirmed_tracking_loss,chair_active,chair_recovery_boundary,tracking-loss-v21,partial_attempt_invalidated,recovery-1,true,false,marcus,,false,false,
missing_tracking_loss_asset,missing_tracking_loss_asset:marcus:L0,marcus,L0,422,recovery_guidance,chair_recovery_boundary,chair_fresh_attempt_ready,tracking-loss-v21;tracking-recovered-v21,single_recovery_sequence,recovery-1,false,true,marcus,,false,false,
missing_tracking_loss_asset,missing_tracking_loss_asset:marcus:L100,marcus,L100,423,confirmed_tracking_loss,chair_active,chair_recovery_boundary,tracking-loss-v21,partial_attempt_invalidated,recovery-1,true,false,marcus,,false,false,
missing_tracking_loss_asset,missing_tracking_loss_asset:marcus:L100,marcus,L100,424,recovery_guidance,chair_recovery_boundary,chair_fresh_attempt_ready,tracking-loss-v21;tracking-recovered-v21,single_recovery_sequence,recovery-1,false,true,marcus,,false,false,
missing_tracking_loss_asset,missing_tracking_loss_asset:marcus:L250,marcus,L250,425,confirmed_tracking_loss,chair_active,chair_recovery_boundary,tracking-loss-v21,partial_attempt_invalidated,recovery-1,true,false,marcus,,false,false,
missing_tracking_loss_asset,missing_tracking_loss_asset:marcus:L250,marcus,L250,426,recovery_guidance,chair_recovery_boundary,chair_fresh_attempt_ready,tracking-loss-v21;tracking-recovered-v21,single_recovery_sequence,recovery-1,false,true,marcus,,false,false,
missing_tracking_recovered_asset,missing_tracking_recovered_asset:clara:L0,clara,L0,427,confirmed_tracking_loss,chair_active,chair_recovery_boundary,tracking-loss-v21,partial_attempt_invalidated,recovery-1,true,false,clara,,false,false,
missing_tracking_recovered_asset,missing_tracking_recovered_asset:clara:L0,clara,L0,428,recovery_guidance,chair_recovery_boundary,chair_fresh_attempt_ready,tracking-loss-v21;tracking-recovered-v21,single_recovery_sequence,recovery-1,false,true,clara,,false,false,
missing_tracking_recovered_asset,missing_tracking_recovered_asset:clara:L100,clara,L100,429,confirmed_tracking_loss,chair_active,chair_recovery_boundary,tracking-loss-v21,partial_attempt_invalidated,recovery-1,true,false,clara,,false,false,
missing_tracking_recovered_asset,missing_tracking_recovered_asset:clara:L100,clara,L100,430,recovery_guidance,chair_recovery_boundary,chair_fresh_attempt_ready,tracking-loss-v21;tracking-recovered-v21,single_recovery_sequence,recovery-1,false,true,clara,,false,false,
missing_tracking_recovered_asset,missing_tracking_recovered_asset:clara:L250,clara,L250,431,confirmed_tracking_loss,chair_active,chair_recovery_boundary,tracking-loss-v21,partial_attempt_invalidated,recovery-1,true,false,clara,,false,false,
missing_tracking_recovered_asset,missing_tracking_recovered_asset:clara:L250,clara,L250,432,recovery_guidance,chair_recovery_boundary,chair_fresh_attempt_ready,tracking-loss-v21;tracking-recovered-v21,single_recovery_sequence,recovery-1,false,true,clara,,false,false,
missing_tracking_recovered_asset,missing_tracking_recovered_asset:marcus:L0,marcus,L0,433,confirmed_tracking_loss,chair_active,chair_recovery_boundary,tracking-loss-v21,partial_attempt_invalidated,recovery-1,true,false,marcus,,false,false,
missing_tracking_recovered_asset,missing_tracking_recovered_asset:marcus:L0,marcus,L0,434,recovery_guidance,chair_recovery_boundary,chair_fresh_attempt_ready,tracking-loss-v21;tracking-recovered-v21,single_recovery_sequence,recovery-1,false,true,marcus,,false,false,
missing_tracking_recovered_asset,missing_tracking_recovered_asset:marcus:L100,marcus,L100,435,confirmed_tracking_loss,chair_active,chair_recovery_boundary,tracking-loss-v21,partial_attempt_invalidated,recovery-1,true,false,marcus,,false,false,
missing_tracking_recovered_asset,missing_tracking_recovered_asset:marcus:L100,marcus,L100,436,recovery_guidance,chair_recovery_boundary,chair_fresh_attempt_ready,tracking-loss-v21;tracking-recovered-v21,single_recovery_sequence,recovery-1,false,true,marcus,,false,false,
missing_tracking_recovered_asset,missing_tracking_recovered_asset:marcus:L250,marcus,L250,437,confirmed_tracking_loss,chair_active,chair_recovery_boundary,tracking-loss-v21,partial_attempt_invalidated,recovery-1,true,false,marcus,,false,false,
missing_tracking_recovered_asset,missing_tracking_recovered_asset:marcus:L250,marcus,L250,438,recovery_guidance,chair_recovery_boundary,chair_fresh_attempt_ready,tracking-loss-v21;tracking-recovered-v21,single_recovery_sequence,recovery-1,false,true,marcus,,false,false,
missing_item_specific_recovery_asset,missing_item_specific_recovery_asset:clara:L0,clara,L0,439,confirmed_tracking_loss,chair_active,chair_recovery_boundary,tracking-loss-v21,partial_attempt_invalidated,recovery-1,true,false,clara,,false,false,
missing_item_specific_recovery_asset,missing_item_specific_recovery_asset:clara:L0,clara,L0,440,recovery_guidance,chair_recovery_boundary,chair_fresh_attempt_ready,tracking-loss-v21;tracking-recovered-v21,single_recovery_sequence,recovery-1,false,true,clara,,false,false,
missing_item_specific_recovery_asset,missing_item_specific_recovery_asset:clara:L100,clara,L100,441,confirmed_tracking_loss,chair_active,chair_recovery_boundary,tracking-loss-v21,partial_attempt_invalidated,recovery-1,true,false,clara,,false,false,
missing_item_specific_recovery_asset,missing_item_specific_recovery_asset:clara:L100,clara,L100,442,recovery_guidance,chair_recovery_boundary,chair_fresh_attempt_ready,tracking-loss-v21;tracking-recovered-v21,single_recovery_sequence,recovery-1,false,true,clara,,false,false,
missing_item_specific_recovery_asset,missing_item_specific_recovery_asset:clara:L250,clara,L250,443,confirmed_tracking_loss,chair_active,chair_recovery_boundary,tracking-loss-v21,partial_attempt_invalidated,recovery-1,true,false,clara,,false,false,
missing_item_specific_recovery_asset,missing_item_specific_recovery_asset:clara:L250,clara,L250,444,recovery_guidance,chair_recovery_boundary,chair_fresh_attempt_ready,tracking-loss-v21;tracking-recovered-v21,single_recovery_sequence,recovery-1,false,true,clara,,false,false,
missing_item_specific_recovery_asset,missing_item_specific_recovery_asset:marcus:L0,marcus,L0,445,confirmed_tracking_loss,chair_active,chair_recovery_boundary,tracking-loss-v21,partial_attempt_invalidated,recovery-1,true,false,marcus,,false,false,
missing_item_specific_recovery_asset,missing_item_specific_recovery_asset:marcus:L0,marcus,L0,446,recovery_guidance,chair_recovery_boundary,chair_fresh_attempt_ready,tracking-loss-v21;tracking-recovered-v21,single_recovery_sequence,recovery-1,false,true,marcus,,false,false,
missing_item_specific_recovery_asset,missing_item_specific_recovery_asset:marcus:L100,marcus,L100,447,confirmed_tracking_loss,chair_active,chair_recovery_boundary,tracking-loss-v21,partial_attempt_invalidated,recovery-1,true,false,marcus,,false,false,
missing_item_specific_recovery_asset,missing_item_specific_recovery_asset:marcus:L100,marcus,L100,448,recovery_guidance,chair_recovery_boundary,chair_fresh_attempt_ready,tracking-loss-v21;tracking-recovered-v21,single_recovery_sequence,recovery-1,false,true,marcus,,false,false,
missing_item_specific_recovery_asset,missing_item_specific_recovery_asset:marcus:L250,marcus,L250,449,confirmed_tracking_loss,chair_active,chair_recovery_boundary,tracking-loss-v21,partial_attempt_invalidated,recovery-1,true,false,marcus,,false,false,
missing_item_specific_recovery_asset,missing_item_specific_recovery_asset:marcus:L250,marcus,L250,450,recovery_guidance,chair_recovery_boundary,chair_fresh_attempt_ready,tracking-loss-v21;tracking-recovered-v21,single_recovery_sequence,recovery-1,false,true,marcus,,false,false,
retry_from_required_audio_failure,retry_from_required_audio_failure:clara:L0,clara,L0,451,retry_optional_cue,retry_requested,required_prerequisite_replayed,retry-v21,optional_retry_then_required_setup,,false,false,clara,,false,false,
retry_from_required_audio_failure,retry_from_required_audio_failure:clara:L0,clara,L0,452,recovery_screen_scope,recovery_screen,cancel_or_retry,retry-v21;tracking-recovered-v21,scoped_screen_voice,,false,false,clara,,false,false,
retry_from_required_audio_failure,retry_from_required_audio_failure:clara:L100,clara,L100,453,retry_optional_cue,retry_requested,required_prerequisite_replayed,retry-v21,optional_retry_then_required_setup,,false,false,clara,,false,false,
retry_from_required_audio_failure,retry_from_required_audio_failure:clara:L100,clara,L100,454,recovery_screen_scope,recovery_screen,cancel_or_retry,retry-v21;tracking-recovered-v21,scoped_screen_voice,,false,false,clara,,false,false,
retry_from_required_audio_failure,retry_from_required_audio_failure:clara:L250,clara,L250,455,retry_optional_cue,retry_requested,required_prerequisite_replayed,retry-v21,optional_retry_then_required_setup,,false,false,clara,,false,false,
retry_from_required_audio_failure,retry_from_required_audio_failure:clara:L250,clara,L250,456,recovery_screen_scope,recovery_screen,cancel_or_retry,retry-v21;tracking-recovered-v21,scoped_screen_voice,,false,false,clara,,false,false,
retry_from_required_audio_failure,retry_from_required_audio_failure:marcus:L0,marcus,L0,457,retry_optional_cue,retry_requested,required_prerequisite_replayed,retry-v21,optional_retry_then_required_setup,,false,false,marcus,,false,false,
retry_from_required_audio_failure,retry_from_required_audio_failure:marcus:L0,marcus,L0,458,recovery_screen_scope,recovery_screen,cancel_or_retry,retry-v21;tracking-recovered-v21,scoped_screen_voice,,false,false,marcus,,false,false,
retry_from_required_audio_failure,retry_from_required_audio_failure:marcus:L100,marcus,L100,459,retry_optional_cue,retry_requested,required_prerequisite_replayed,retry-v21,optional_retry_then_required_setup,,false,false,marcus,,false,false,
retry_from_required_audio_failure,retry_from_required_audio_failure:marcus:L100,marcus,L100,460,recovery_screen_scope,recovery_screen,cancel_or_retry,retry-v21;tracking-recovered-v21,scoped_screen_voice,,false,false,marcus,,false,false,
retry_from_required_audio_failure,retry_from_required_audio_failure:marcus:L250,marcus,L250,461,retry_optional_cue,retry_requested,required_prerequisite_replayed,retry-v21,optional_retry_then_required_setup,,false,false,marcus,,false,false,
retry_from_required_audio_failure,retry_from_required_audio_failure:marcus:L250,marcus,L250,462,recovery_screen_scope,recovery_screen,cancel_or_retry,retry-v21;tracking-recovered-v21,scoped_screen_voice,,false,false,marcus,,false,false,
retry_from_invalid_measurement,retry_from_invalid_measurement:clara:L0,clara,L0,463,retry_optional_cue,retry_requested,required_prerequisite_replayed,retry-v21,optional_retry_then_required_setup,,false,false,clara,,false,false,
retry_from_invalid_measurement,retry_from_invalid_measurement:clara:L0,clara,L0,464,recovery_screen_scope,recovery_screen,cancel_or_retry,retry-v21;tracking-recovered-v21,scoped_screen_voice,,false,false,clara,,false,false,
retry_from_invalid_measurement,retry_from_invalid_measurement:clara:L100,clara,L100,465,retry_optional_cue,retry_requested,required_prerequisite_replayed,retry-v21,optional_retry_then_required_setup,,false,false,clara,,false,false,
retry_from_invalid_measurement,retry_from_invalid_measurement:clara:L100,clara,L100,466,recovery_screen_scope,recovery_screen,cancel_or_retry,retry-v21;tracking-recovered-v21,scoped_screen_voice,,false,false,clara,,false,false,
retry_from_invalid_measurement,retry_from_invalid_measurement:clara:L250,clara,L250,467,retry_optional_cue,retry_requested,required_prerequisite_replayed,retry-v21,optional_retry_then_required_setup,,false,false,clara,,false,false,
retry_from_invalid_measurement,retry_from_invalid_measurement:clara:L250,clara,L250,468,recovery_screen_scope,recovery_screen,cancel_or_retry,retry-v21;tracking-recovered-v21,scoped_screen_voice,,false,false,clara,,false,false,
retry_from_invalid_measurement,retry_from_invalid_measurement:marcus:L0,marcus,L0,469,retry_optional_cue,retry_requested,required_prerequisite_replayed,retry-v21,optional_retry_then_required_setup,,false,false,marcus,,false,false,
retry_from_invalid_measurement,retry_from_invalid_measurement:marcus:L0,marcus,L0,470,recovery_screen_scope,recovery_screen,cancel_or_retry,retry-v21;tracking-recovered-v21,scoped_screen_voice,,false,false,marcus,,false,false,
retry_from_invalid_measurement,retry_from_invalid_measurement:marcus:L100,marcus,L100,471,retry_optional_cue,retry_requested,required_prerequisite_replayed,retry-v21,optional_retry_then_required_setup,,false,false,marcus,,false,false,
retry_from_invalid_measurement,retry_from_invalid_measurement:marcus:L100,marcus,L100,472,recovery_screen_scope,recovery_screen,cancel_or_retry,retry-v21;tracking-recovered-v21,scoped_screen_voice,,false,false,marcus,,false,false,
retry_from_invalid_measurement,retry_from_invalid_measurement:marcus:L250,marcus,L250,473,retry_optional_cue,retry_requested,required_prerequisite_replayed,retry-v21,optional_retry_then_required_setup,,false,false,marcus,,false,false,
retry_from_invalid_measurement,retry_from_invalid_measurement:marcus:L250,marcus,L250,474,recovery_screen_scope,recovery_screen,cancel_or_retry,retry-v21;tracking-recovered-v21,scoped_screen_voice,,false,false,marcus,,false,false,
retry_from_recovery_screen,retry_from_recovery_screen:clara:L0,clara,L0,475,retry_optional_cue,retry_requested,required_prerequisite_replayed,retry-v21,optional_retry_then_required_setup,,false,false,clara,,false,false,
retry_from_recovery_screen,retry_from_recovery_screen:clara:L0,clara,L0,476,recovery_screen_scope,recovery_screen,cancel_or_retry,retry-v21;tracking-recovered-v21,scoped_screen_voice,,false,false,clara,,false,false,
retry_from_recovery_screen,retry_from_recovery_screen:clara:L100,clara,L100,477,retry_optional_cue,retry_requested,required_prerequisite_replayed,retry-v21,optional_retry_then_required_setup,,false,false,clara,,false,false,
retry_from_recovery_screen,retry_from_recovery_screen:clara:L100,clara,L100,478,recovery_screen_scope,recovery_screen,cancel_or_retry,retry-v21;tracking-recovered-v21,scoped_screen_voice,,false,false,clara,,false,false,
retry_from_recovery_screen,retry_from_recovery_screen:clara:L250,clara,L250,479,retry_optional_cue,retry_requested,required_prerequisite_replayed,retry-v21,optional_retry_then_required_setup,,false,false,clara,,false,false,
retry_from_recovery_screen,retry_from_recovery_screen:clara:L250,clara,L250,480,recovery_screen_scope,recovery_screen,cancel_or_retry,retry-v21;tracking-recovered-v21,scoped_screen_voice,,false,false,clara,,false,false,
retry_from_recovery_screen,retry_from_recovery_screen:marcus:L0,marcus,L0,481,retry_optional_cue,retry_requested,required_prerequisite_replayed,retry-v21,optional_retry_then_required_setup,,false,false,marcus,,false,false,
retry_from_recovery_screen,retry_from_recovery_screen:marcus:L0,marcus,L0,482,recovery_screen_scope,recovery_screen,cancel_or_retry,retry-v21;tracking-recovered-v21,scoped_screen_voice,,false,false,marcus,,false,false,
retry_from_recovery_screen,retry_from_recovery_screen:marcus:L100,marcus,L100,483,retry_optional_cue,retry_requested,required_prerequisite_replayed,retry-v21,optional_retry_then_required_setup,,false,false,marcus,,false,false,
retry_from_recovery_screen,retry_from_recovery_screen:marcus:L100,marcus,L100,484,recovery_screen_scope,recovery_screen,cancel_or_retry,retry-v21;tracking-recovered-v21,scoped_screen_voice,,false,false,marcus,,false,false,
retry_from_recovery_screen,retry_from_recovery_screen:marcus:L250,marcus,L250,485,retry_optional_cue,retry_requested,required_prerequisite_replayed,retry-v21,optional_retry_then_required_setup,,false,false,marcus,,false,false,
retry_from_recovery_screen,retry_from_recovery_screen:marcus:L250,marcus,L250,486,recovery_screen_scope,recovery_screen,cancel_or_retry,retry-v21;tracking-recovered-v21,scoped_screen_voice,,false,false,marcus,,false,false,
rapid_double_retry,rapid_double_retry:clara:L0,clara,L0,487,retry_optional_cue,retry_requested,required_prerequisite_replayed,retry-v21,optional_retry_then_required_setup,,false,false,clara,,false,false,
rapid_double_retry,rapid_double_retry:clara:L0,clara,L0,488,recovery_screen_scope,recovery_screen,cancel_or_retry,retry-v21;tracking-recovered-v21,scoped_screen_voice,,false,false,clara,,false,false,
rapid_double_retry,rapid_double_retry:clara:L100,clara,L100,489,retry_optional_cue,retry_requested,required_prerequisite_replayed,retry-v21,optional_retry_then_required_setup,,false,false,clara,,false,false,
rapid_double_retry,rapid_double_retry:clara:L100,clara,L100,490,recovery_screen_scope,recovery_screen,cancel_or_retry,retry-v21;tracking-recovered-v21,scoped_screen_voice,,false,false,clara,,false,false,
rapid_double_retry,rapid_double_retry:clara:L250,clara,L250,491,retry_optional_cue,retry_requested,required_prerequisite_replayed,retry-v21,optional_retry_then_required_setup,,false,false,clara,,false,false,
rapid_double_retry,rapid_double_retry:clara:L250,clara,L250,492,recovery_screen_scope,recovery_screen,cancel_or_retry,retry-v21;tracking-recovered-v21,scoped_screen_voice,,false,false,clara,,false,false,
rapid_double_retry,rapid_double_retry:marcus:L0,marcus,L0,493,retry_optional_cue,retry_requested,required_prerequisite_replayed,retry-v21,optional_retry_then_required_setup,,false,false,marcus,,false,false,
rapid_double_retry,rapid_double_retry:marcus:L0,marcus,L0,494,recovery_screen_scope,recovery_screen,cancel_or_retry,retry-v21;tracking-recovered-v21,scoped_screen_voice,,false,false,marcus,,false,false,
rapid_double_retry,rapid_double_retry:marcus:L100,marcus,L100,495,retry_optional_cue,retry_requested,required_prerequisite_replayed,retry-v21,optional_retry_then_required_setup,,false,false,marcus,,false,false,
rapid_double_retry,rapid_double_retry:marcus:L100,marcus,L100,496,recovery_screen_scope,recovery_screen,cancel_or_retry,retry-v21;tracking-recovered-v21,scoped_screen_voice,,false,false,marcus,,false,false,
rapid_double_retry,rapid_double_retry:marcus:L250,marcus,L250,497,retry_optional_cue,retry_requested,required_prerequisite_replayed,retry-v21,optional_retry_then_required_setup,,false,false,marcus,,false,false,
rapid_double_retry,rapid_double_retry:marcus:L250,marcus,L250,498,recovery_screen_scope,recovery_screen,cancel_or_retry,retry-v21;tracking-recovered-v21,scoped_screen_voice,,false,false,marcus,,false,false,
retry_optional_audio_failure,retry_optional_audio_failure:clara:L0,clara,L0,499,retry_optional_cue,retry_requested,required_prerequisite_replayed,retry-v21,optional_retry_then_required_setup,,false,false,clara,,false,false,
retry_optional_audio_failure,retry_optional_audio_failure:clara:L0,clara,L0,500,recovery_screen_scope,recovery_screen,cancel_or_retry,retry-v21;tracking-recovered-v21,scoped_screen_voice,,false,false,clara,,false,false,
retry_optional_audio_failure,retry_optional_audio_failure:clara:L100,clara,L100,501,retry_optional_cue,retry_requested,required_prerequisite_replayed,retry-v21,optional_retry_then_required_setup,,false,false,clara,,false,false,
retry_optional_audio_failure,retry_optional_audio_failure:clara:L100,clara,L100,502,recovery_screen_scope,recovery_screen,cancel_or_retry,retry-v21;tracking-recovered-v21,scoped_screen_voice,,false,false,clara,,false,false,
retry_optional_audio_failure,retry_optional_audio_failure:clara:L250,clara,L250,503,retry_optional_cue,retry_requested,required_prerequisite_replayed,retry-v21,optional_retry_then_required_setup,,false,false,clara,,false,false,
retry_optional_audio_failure,retry_optional_audio_failure:clara:L250,clara,L250,504,recovery_screen_scope,recovery_screen,cancel_or_retry,retry-v21;tracking-recovered-v21,scoped_screen_voice,,false,false,clara,,false,false,
retry_optional_audio_failure,retry_optional_audio_failure:marcus:L0,marcus,L0,505,retry_optional_cue,retry_requested,required_prerequisite_replayed,retry-v21,optional_retry_then_required_setup,,false,false,marcus,,false,false,
retry_optional_audio_failure,retry_optional_audio_failure:marcus:L0,marcus,L0,506,recovery_screen_scope,recovery_screen,cancel_or_retry,retry-v21;tracking-recovered-v21,scoped_screen_voice,,false,false,marcus,,false,false,
retry_optional_audio_failure,retry_optional_audio_failure:marcus:L100,marcus,L100,507,retry_optional_cue,retry_requested,required_prerequisite_replayed,retry-v21,optional_retry_then_required_setup,,false,false,marcus,,false,false,
retry_optional_audio_failure,retry_optional_audio_failure:marcus:L100,marcus,L100,508,recovery_screen_scope,recovery_screen,cancel_or_retry,retry-v21;tracking-recovered-v21,scoped_screen_voice,,false,false,marcus,,false,false,
retry_optional_audio_failure,retry_optional_audio_failure:marcus:L250,marcus,L250,509,retry_optional_cue,retry_requested,required_prerequisite_replayed,retry-v21,optional_retry_then_required_setup,,false,false,marcus,,false,false,
retry_optional_audio_failure,retry_optional_audio_failure:marcus:L250,marcus,L250,510,recovery_screen_scope,recovery_screen,cancel_or_retry,retry-v21;tracking-recovered-v21,scoped_screen_voice,,false,false,marcus,,false,false,
recovery_screen_remount_same_id,recovery_screen_remount_same_id:clara:L0,clara,L0,511,retry_optional_cue,retry_requested,required_prerequisite_replayed,retry-v21,optional_retry_then_required_setup,,false,false,clara,,false,false,
recovery_screen_remount_same_id,recovery_screen_remount_same_id:clara:L0,clara,L0,512,recovery_screen_scope,recovery_screen,cancel_or_retry,retry-v21;tracking-recovered-v21,scoped_screen_voice,,false,false,clara,,false,false,
recovery_screen_remount_same_id,recovery_screen_remount_same_id:clara:L100,clara,L100,513,retry_optional_cue,retry_requested,required_prerequisite_replayed,retry-v21,optional_retry_then_required_setup,,false,false,clara,,false,false,
recovery_screen_remount_same_id,recovery_screen_remount_same_id:clara:L100,clara,L100,514,recovery_screen_scope,recovery_screen,cancel_or_retry,retry-v21;tracking-recovered-v21,scoped_screen_voice,,false,false,clara,,false,false,
recovery_screen_remount_same_id,recovery_screen_remount_same_id:clara:L250,clara,L250,515,retry_optional_cue,retry_requested,required_prerequisite_replayed,retry-v21,optional_retry_then_required_setup,,false,false,clara,,false,false,
recovery_screen_remount_same_id,recovery_screen_remount_same_id:clara:L250,clara,L250,516,recovery_screen_scope,recovery_screen,cancel_or_retry,retry-v21;tracking-recovered-v21,scoped_screen_voice,,false,false,clara,,false,false,
recovery_screen_remount_same_id,recovery_screen_remount_same_id:marcus:L0,marcus,L0,517,retry_optional_cue,retry_requested,required_prerequisite_replayed,retry-v21,optional_retry_then_required_setup,,false,false,marcus,,false,false,
recovery_screen_remount_same_id,recovery_screen_remount_same_id:marcus:L0,marcus,L0,518,recovery_screen_scope,recovery_screen,cancel_or_retry,retry-v21;tracking-recovered-v21,scoped_screen_voice,,false,false,marcus,,false,false,
recovery_screen_remount_same_id,recovery_screen_remount_same_id:marcus:L100,marcus,L100,519,retry_optional_cue,retry_requested,required_prerequisite_replayed,retry-v21,optional_retry_then_required_setup,,false,false,marcus,,false,false,
recovery_screen_remount_same_id,recovery_screen_remount_same_id:marcus:L100,marcus,L100,520,recovery_screen_scope,recovery_screen,cancel_or_retry,retry-v21;tracking-recovered-v21,scoped_screen_voice,,false,false,marcus,,false,false,
recovery_screen_remount_same_id,recovery_screen_remount_same_id:marcus:L250,marcus,L250,521,retry_optional_cue,retry_requested,required_prerequisite_replayed,retry-v21,optional_retry_then_required_setup,,false,false,marcus,,false,false,
recovery_screen_remount_same_id,recovery_screen_remount_same_id:marcus:L250,marcus,L250,522,recovery_screen_scope,recovery_screen,cancel_or_retry,retry-v21;tracking-recovered-v21,scoped_screen_voice,,false,false,marcus,,false,false,
recovery_exit_during_speech,recovery_exit_during_speech:clara:L0,clara,L0,523,confirmed_tracking_loss,chair_active,chair_recovery_boundary,tracking-loss-v21,partial_attempt_invalidated,recovery-1,true,false,clara,,false,false,
recovery_exit_during_speech,recovery_exit_during_speech:clara:L0,clara,L0,524,recovery_guidance,chair_recovery_boundary,chair_fresh_attempt_ready,tracking-loss-v21;tracking-recovered-v21,single_recovery_sequence,recovery-1,false,true,clara,,false,false,
recovery_exit_during_speech,recovery_exit_during_speech:clara:L100,clara,L100,525,confirmed_tracking_loss,chair_active,chair_recovery_boundary,tracking-loss-v21,partial_attempt_invalidated,recovery-1,true,false,clara,,false,false,
recovery_exit_during_speech,recovery_exit_during_speech:clara:L100,clara,L100,526,recovery_guidance,chair_recovery_boundary,chair_fresh_attempt_ready,tracking-loss-v21;tracking-recovered-v21,single_recovery_sequence,recovery-1,false,true,clara,,false,false,
recovery_exit_during_speech,recovery_exit_during_speech:clara:L250,clara,L250,527,confirmed_tracking_loss,chair_active,chair_recovery_boundary,tracking-loss-v21,partial_attempt_invalidated,recovery-1,true,false,clara,,false,false,
recovery_exit_during_speech,recovery_exit_during_speech:clara:L250,clara,L250,528,recovery_guidance,chair_recovery_boundary,chair_fresh_attempt_ready,tracking-loss-v21;tracking-recovered-v21,single_recovery_sequence,recovery-1,false,true,clara,,false,false,
recovery_exit_during_speech,recovery_exit_during_speech:marcus:L0,marcus,L0,529,confirmed_tracking_loss,chair_active,chair_recovery_boundary,tracking-loss-v21,partial_attempt_invalidated,recovery-1,true,false,marcus,,false,false,
recovery_exit_during_speech,recovery_exit_during_speech:marcus:L0,marcus,L0,530,recovery_guidance,chair_recovery_boundary,chair_fresh_attempt_ready,tracking-loss-v21;tracking-recovered-v21,single_recovery_sequence,recovery-1,false,true,marcus,,false,false,
recovery_exit_during_speech,recovery_exit_during_speech:marcus:L100,marcus,L100,531,confirmed_tracking_loss,chair_active,chair_recovery_boundary,tracking-loss-v21,partial_attempt_invalidated,recovery-1,true,false,marcus,,false,false,
recovery_exit_during_speech,recovery_exit_during_speech:marcus:L100,marcus,L100,532,recovery_guidance,chair_recovery_boundary,chair_fresh_attempt_ready,tracking-loss-v21;tracking-recovered-v21,single_recovery_sequence,recovery-1,false,true,marcus,,false,false,
recovery_exit_during_speech,recovery_exit_during_speech:marcus:L250,marcus,L250,533,confirmed_tracking_loss,chair_active,chair_recovery_boundary,tracking-loss-v21,partial_attempt_invalidated,recovery-1,true,false,marcus,,false,false,
recovery_exit_during_speech,recovery_exit_during_speech:marcus:L250,marcus,L250,534,recovery_guidance,chair_recovery_boundary,chair_fresh_attempt_ready,tracking-loss-v21;tracking-recovered-v21,single_recovery_sequence,recovery-1,false,true,marcus,,false,false,
voice_switch_idle,voice_switch_idle:clara:L0,clara,L0,535,voice_switch_requested,current_stage,same_or_safe_boundary,,single_active_channel,,false,false,clara,,false,false,
voice_switch_idle,voice_switch_idle:clara:L0,clara,L0,536,old_voice_callback,old_scope,ignored,,old_callback_ignored,,false,false,marcus,,true,false,
voice_switch_idle,voice_switch_idle:clara:L100,clara,L100,537,voice_switch_requested,current_stage,same_or_safe_boundary,,single_active_channel,,false,false,clara,,false,false,
voice_switch_idle,voice_switch_idle:clara:L100,clara,L100,538,old_voice_callback,old_scope,ignored,,old_callback_ignored,,false,false,marcus,,true,false,
voice_switch_idle,voice_switch_idle:clara:L250,clara,L250,539,voice_switch_requested,current_stage,same_or_safe_boundary,,single_active_channel,,false,false,clara,,false,false,
voice_switch_idle,voice_switch_idle:clara:L250,clara,L250,540,old_voice_callback,old_scope,ignored,,old_callback_ignored,,false,false,marcus,,true,false,
voice_switch_idle,voice_switch_idle:marcus:L0,marcus,L0,541,voice_switch_requested,current_stage,same_or_safe_boundary,,single_active_channel,,false,false,marcus,,false,false,
voice_switch_idle,voice_switch_idle:marcus:L0,marcus,L0,542,old_voice_callback,old_scope,ignored,,old_callback_ignored,,false,false,clara,,true,false,
voice_switch_idle,voice_switch_idle:marcus:L100,marcus,L100,543,voice_switch_requested,current_stage,same_or_safe_boundary,,single_active_channel,,false,false,marcus,,false,false,
voice_switch_idle,voice_switch_idle:marcus:L100,marcus,L100,544,old_voice_callback,old_scope,ignored,,old_callback_ignored,,false,false,clara,,true,false,
voice_switch_idle,voice_switch_idle:marcus:L250,marcus,L250,545,voice_switch_requested,current_stage,same_or_safe_boundary,,single_active_channel,,false,false,marcus,,false,false,
voice_switch_idle,voice_switch_idle:marcus:L250,marcus,L250,546,old_voice_callback,old_scope,ignored,,old_callback_ignored,,false,false,clara,,true,false,
voice_switch_during_blocking_setup,voice_switch_during_blocking_setup:clara:L0,clara,L0,547,voice_switch_requested,current_stage,same_or_safe_boundary,,single_active_channel,,false,false,clara,,false,false,
voice_switch_during_blocking_setup,voice_switch_during_blocking_setup:clara:L0,clara,L0,548,old_voice_callback,old_scope,ignored,,old_callback_ignored,,false,false,marcus,,true,false,
voice_switch_during_blocking_setup,voice_switch_during_blocking_setup:clara:L100,clara,L100,549,voice_switch_requested,current_stage,same_or_safe_boundary,,single_active_channel,,false,false,clara,,false,false,
voice_switch_during_blocking_setup,voice_switch_during_blocking_setup:clara:L100,clara,L100,550,old_voice_callback,old_scope,ignored,,old_callback_ignored,,false,false,marcus,,true,false,
voice_switch_during_blocking_setup,voice_switch_during_blocking_setup:clara:L250,clara,L250,551,voice_switch_requested,current_stage,same_or_safe_boundary,,single_active_channel,,false,false,clara,,false,false,
voice_switch_during_blocking_setup,voice_switch_during_blocking_setup:clara:L250,clara,L250,552,old_voice_callback,old_scope,ignored,,old_callback_ignored,,false,false,marcus,,true,false,
voice_switch_during_blocking_setup,voice_switch_during_blocking_setup:marcus:L0,marcus,L0,553,voice_switch_requested,current_stage,same_or_safe_boundary,,single_active_channel,,false,false,marcus,,false,false,
voice_switch_during_blocking_setup,voice_switch_during_blocking_setup:marcus:L0,marcus,L0,554,old_voice_callback,old_scope,ignored,,old_callback_ignored,,false,false,clara,,true,false,
voice_switch_during_blocking_setup,voice_switch_during_blocking_setup:marcus:L100,marcus,L100,555,voice_switch_requested,current_stage,same_or_safe_boundary,,single_active_channel,,false,false,marcus,,false,false,
voice_switch_during_blocking_setup,voice_switch_during_blocking_setup:marcus:L100,marcus,L100,556,old_voice_callback,old_scope,ignored,,old_callback_ignored,,false,false,clara,,true,false,
voice_switch_during_blocking_setup,voice_switch_during_blocking_setup:marcus:L250,marcus,L250,557,voice_switch_requested,current_stage,same_or_safe_boundary,,single_active_channel,,false,false,marcus,,false,false,
voice_switch_during_blocking_setup,voice_switch_during_blocking_setup:marcus:L250,marcus,L250,558,old_voice_callback,old_scope,ignored,,old_callback_ignored,,false,false,clara,,true,false,
voice_switch_during_countdown,voice_switch_during_countdown:clara:L0,clara,L0,559,voice_switch_requested,current_stage,same_or_safe_boundary,,single_active_channel,,false,false,clara,,false,false,
voice_switch_during_countdown,voice_switch_during_countdown:clara:L0,clara,L0,560,old_voice_callback,old_scope,ignored,,old_callback_ignored,,false,false,marcus,,true,false,
voice_switch_during_countdown,voice_switch_during_countdown:clara:L100,clara,L100,561,voice_switch_requested,current_stage,same_or_safe_boundary,,single_active_channel,,false,false,clara,,false,false,
voice_switch_during_countdown,voice_switch_during_countdown:clara:L100,clara,L100,562,old_voice_callback,old_scope,ignored,,old_callback_ignored,,false,false,marcus,,true,false,
voice_switch_during_countdown,voice_switch_during_countdown:clara:L250,clara,L250,563,voice_switch_requested,current_stage,same_or_safe_boundary,,single_active_channel,,false,false,clara,,false,false,
voice_switch_during_countdown,voice_switch_during_countdown:clara:L250,clara,L250,564,old_voice_callback,old_scope,ignored,,old_callback_ignored,,false,false,marcus,,true,false,
voice_switch_during_countdown,voice_switch_during_countdown:marcus:L0,marcus,L0,565,voice_switch_requested,current_stage,same_or_safe_boundary,,single_active_channel,,false,false,marcus,,false,false,
voice_switch_during_countdown,voice_switch_during_countdown:marcus:L0,marcus,L0,566,old_voice_callback,old_scope,ignored,,old_callback_ignored,,false,false,clara,,true,false,
voice_switch_during_countdown,voice_switch_during_countdown:marcus:L100,marcus,L100,567,voice_switch_requested,current_stage,same_or_safe_boundary,,single_active_channel,,false,false,marcus,,false,false,
voice_switch_during_countdown,voice_switch_during_countdown:marcus:L100,marcus,L100,568,old_voice_callback,old_scope,ignored,,old_callback_ignored,,false,false,clara,,true,false,
voice_switch_during_countdown,voice_switch_during_countdown:marcus:L250,marcus,L250,569,voice_switch_requested,current_stage,same_or_safe_boundary,,single_active_channel,,false,false,marcus,,false,false,
voice_switch_during_countdown,voice_switch_during_countdown:marcus:L250,marcus,L250,570,old_voice_callback,old_scope,ignored,,old_callback_ignored,,false,false,clara,,true,false,
voice_switch_during_active_measurement,voice_switch_during_active_measurement:clara:L0,clara,L0,571,voice_switch_requested,current_stage,same_or_safe_boundary,,single_active_channel,,false,false,clara,marcus,false,false,
voice_switch_during_active_measurement,voice_switch_during_active_measurement:clara:L0,clara,L0,572,old_voice_callback,old_scope,ignored,,old_callback_ignored,,false,false,clara,,true,false,
voice_switch_during_active_measurement,voice_switch_during_active_measurement:clara:L100,clara,L100,573,voice_switch_requested,current_stage,same_or_safe_boundary,,single_active_channel,,false,false,clara,marcus,false,false,
voice_switch_during_active_measurement,voice_switch_during_active_measurement:clara:L100,clara,L100,574,old_voice_callback,old_scope,ignored,,old_callback_ignored,,false,false,clara,,true,false,
voice_switch_during_active_measurement,voice_switch_during_active_measurement:clara:L250,clara,L250,575,voice_switch_requested,current_stage,same_or_safe_boundary,,single_active_channel,,false,false,clara,marcus,false,false,
voice_switch_during_active_measurement,voice_switch_during_active_measurement:clara:L250,clara,L250,576,old_voice_callback,old_scope,ignored,,old_callback_ignored,,false,false,clara,,true,false,
voice_switch_during_active_measurement,voice_switch_during_active_measurement:marcus:L0,marcus,L0,577,voice_switch_requested,current_stage,same_or_safe_boundary,,single_active_channel,,false,false,marcus,clara,false,false,
voice_switch_during_active_measurement,voice_switch_during_active_measurement:marcus:L0,marcus,L0,578,old_voice_callback,old_scope,ignored,,old_callback_ignored,,false,false,marcus,,true,false,
voice_switch_during_active_measurement,voice_switch_during_active_measurement:marcus:L100,marcus,L100,579,voice_switch_requested,current_stage,same_or_safe_boundary,,single_active_channel,,false,false,marcus,clara,false,false,
voice_switch_during_active_measurement,voice_switch_during_active_measurement:marcus:L100,marcus,L100,580,old_voice_callback,old_scope,ignored,,old_callback_ignored,,false,false,marcus,,true,false,
voice_switch_during_active_measurement,voice_switch_during_active_measurement:marcus:L250,marcus,L250,581,voice_switch_requested,current_stage,same_or_safe_boundary,,single_active_channel,,false,false,marcus,clara,false,false,
voice_switch_during_active_measurement,voice_switch_during_active_measurement:marcus:L250,marcus,L250,582,old_voice_callback,old_scope,ignored,,old_callback_ignored,,false,false,marcus,,true,false,
voice_switch_during_recovery,voice_switch_during_recovery:clara:L0,clara,L0,583,voice_switch_requested,current_stage,same_or_safe_boundary,,single_active_channel,,false,false,clara,,false,false,
voice_switch_during_recovery,voice_switch_during_recovery:clara:L0,clara,L0,584,old_voice_callback,old_scope,ignored,,old_callback_ignored,,false,false,marcus,,true,false,
voice_switch_during_recovery,voice_switch_during_recovery:clara:L100,clara,L100,585,voice_switch_requested,current_stage,same_or_safe_boundary,,single_active_channel,,false,false,clara,,false,false,
voice_switch_during_recovery,voice_switch_during_recovery:clara:L100,clara,L100,586,old_voice_callback,old_scope,ignored,,old_callback_ignored,,false,false,marcus,,true,false,
voice_switch_during_recovery,voice_switch_during_recovery:clara:L250,clara,L250,587,voice_switch_requested,current_stage,same_or_safe_boundary,,single_active_channel,,false,false,clara,,false,false,
voice_switch_during_recovery,voice_switch_during_recovery:clara:L250,clara,L250,588,old_voice_callback,old_scope,ignored,,old_callback_ignored,,false,false,marcus,,true,false,
voice_switch_during_recovery,voice_switch_during_recovery:marcus:L0,marcus,L0,589,voice_switch_requested,current_stage,same_or_safe_boundary,,single_active_channel,,false,false,marcus,,false,false,
voice_switch_during_recovery,voice_switch_during_recovery:marcus:L0,marcus,L0,590,old_voice_callback,old_scope,ignored,,old_callback_ignored,,false,false,clara,,true,false,
voice_switch_during_recovery,voice_switch_during_recovery:marcus:L100,marcus,L100,591,voice_switch_requested,current_stage,same_or_safe_boundary,,single_active_channel,,false,false,marcus,,false,false,
voice_switch_during_recovery,voice_switch_during_recovery:marcus:L100,marcus,L100,592,old_voice_callback,old_scope,ignored,,old_callback_ignored,,false,false,clara,,true,false,
voice_switch_during_recovery,voice_switch_during_recovery:marcus:L250,marcus,L250,593,voice_switch_requested,current_stage,same_or_safe_boundary,,single_active_channel,,false,false,marcus,,false,false,
voice_switch_during_recovery,voice_switch_during_recovery:marcus:L250,marcus,L250,594,old_voice_callback,old_scope,ignored,,old_callback_ignored,,false,false,clara,,true,false,
voice_switch_during_result_transition,voice_switch_during_result_transition:clara:L0,clara,L0,595,voice_switch_requested,current_stage,same_or_safe_boundary,,single_active_channel,,false,false,clara,,false,false,
voice_switch_during_result_transition,voice_switch_during_result_transition:clara:L0,clara,L0,596,old_voice_callback,old_scope,ignored,,old_callback_ignored,,false,false,marcus,,true,false,
voice_switch_during_result_transition,voice_switch_during_result_transition:clara:L100,clara,L100,597,voice_switch_requested,current_stage,same_or_safe_boundary,,single_active_channel,,false,false,clara,,false,false,
voice_switch_during_result_transition,voice_switch_during_result_transition:clara:L100,clara,L100,598,old_voice_callback,old_scope,ignored,,old_callback_ignored,,false,false,marcus,,true,false,
voice_switch_during_result_transition,voice_switch_during_result_transition:clara:L250,clara,L250,599,voice_switch_requested,current_stage,same_or_safe_boundary,,single_active_channel,,false,false,clara,,false,false,
voice_switch_during_result_transition,voice_switch_during_result_transition:clara:L250,clara,L250,600,old_voice_callback,old_scope,ignored,,old_callback_ignored,,false,false,marcus,,true,false,
voice_switch_during_result_transition,voice_switch_during_result_transition:marcus:L0,marcus,L0,601,voice_switch_requested,current_stage,same_or_safe_boundary,,single_active_channel,,false,false,marcus,,false,false,
voice_switch_during_result_transition,voice_switch_during_result_transition:marcus:L0,marcus,L0,602,old_voice_callback,old_scope,ignored,,old_callback_ignored,,false,false,clara,,true,false,
voice_switch_during_result_transition,voice_switch_during_result_transition:marcus:L100,marcus,L100,603,voice_switch_requested,current_stage,same_or_safe_boundary,,single_active_channel,,false,false,marcus,,false,false,
voice_switch_during_result_transition,voice_switch_during_result_transition:marcus:L100,marcus,L100,604,old_voice_callback,old_scope,ignored,,old_callback_ignored,,false,false,clara,,true,false,
voice_switch_during_result_transition,voice_switch_during_result_transition:marcus:L250,marcus,L250,605,voice_switch_requested,current_stage,same_or_safe_boundary,,single_active_channel,,false,false,marcus,,false,false,
voice_switch_during_result_transition,voice_switch_during_result_transition:marcus:L250,marcus,L250,606,old_voice_callback,old_scope,ignored,,old_callback_ignored,,false,false,clara,,true,false,
rapid_multiple_voice_switches,rapid_multiple_voice_switches:clara:L0,clara,L0,607,confirmed_tracking_loss,chair_active,chair_recovery_boundary,tracking-loss-v21,partial_attempt_invalidated,recovery-1,true,false,clara,,false,false,
rapid_multiple_voice_switches,rapid_multiple_voice_switches:clara:L0,clara,L0,608,recovery_guidance,chair_recovery_boundary,chair_fresh_attempt_ready,tracking-loss-v21;tracking-recovered-v21,single_recovery_sequence,recovery-1,false,true,clara,,false,false,
rapid_multiple_voice_switches,rapid_multiple_voice_switches:clara:L100,clara,L100,609,confirmed_tracking_loss,chair_active,chair_recovery_boundary,tracking-loss-v21,partial_attempt_invalidated,recovery-1,true,false,clara,,false,false,
rapid_multiple_voice_switches,rapid_multiple_voice_switches:clara:L100,clara,L100,610,recovery_guidance,chair_recovery_boundary,chair_fresh_attempt_ready,tracking-loss-v21;tracking-recovered-v21,single_recovery_sequence,recovery-1,false,true,clara,,false,false,
rapid_multiple_voice_switches,rapid_multiple_voice_switches:clara:L250,clara,L250,611,confirmed_tracking_loss,chair_active,chair_recovery_boundary,tracking-loss-v21,partial_attempt_invalidated,recovery-1,true,false,clara,,false,false,
rapid_multiple_voice_switches,rapid_multiple_voice_switches:clara:L250,clara,L250,612,recovery_guidance,chair_recovery_boundary,chair_fresh_attempt_ready,tracking-loss-v21;tracking-recovered-v21,single_recovery_sequence,recovery-1,false,true,clara,,false,false,
rapid_multiple_voice_switches,rapid_multiple_voice_switches:marcus:L0,marcus,L0,613,confirmed_tracking_loss,chair_active,chair_recovery_boundary,tracking-loss-v21,partial_attempt_invalidated,recovery-1,true,false,marcus,,false,false,
rapid_multiple_voice_switches,rapid_multiple_voice_switches:marcus:L0,marcus,L0,614,recovery_guidance,chair_recovery_boundary,chair_fresh_attempt_ready,tracking-loss-v21;tracking-recovered-v21,single_recovery_sequence,recovery-1,false,true,marcus,,false,false,
rapid_multiple_voice_switches,rapid_multiple_voice_switches:marcus:L100,marcus,L100,615,confirmed_tracking_loss,chair_active,chair_recovery_boundary,tracking-loss-v21,partial_attempt_invalidated,recovery-1,true,false,marcus,,false,false,
rapid_multiple_voice_switches,rapid_multiple_voice_switches:marcus:L100,marcus,L100,616,recovery_guidance,chair_recovery_boundary,chair_fresh_attempt_ready,tracking-loss-v21;tracking-recovered-v21,single_recovery_sequence,recovery-1,false,true,marcus,,false,false,
rapid_multiple_voice_switches,rapid_multiple_voice_switches:marcus:L250,marcus,L250,617,confirmed_tracking_loss,chair_active,chair_recovery_boundary,tracking-loss-v21,partial_attempt_invalidated,recovery-1,true,false,marcus,,false,false,
rapid_multiple_voice_switches,rapid_multiple_voice_switches:marcus:L250,marcus,L250,618,recovery_guidance,chair_recovery_boundary,chair_fresh_attempt_ready,tracking-loss-v21;tracking-recovered-v21,single_recovery_sequence,recovery-1,false,true,marcus,,false,false,
old_voice_callback_after_switch,old_voice_callback_after_switch:clara:L0,clara,L0,619,confirmed_tracking_loss,chair_active,chair_recovery_boundary,tracking-loss-v21,partial_attempt_invalidated,recovery-1,true,false,clara,,false,false,
old_voice_callback_after_switch,old_voice_callback_after_switch:clara:L0,clara,L0,620,recovery_guidance,chair_recovery_boundary,chair_fresh_attempt_ready,tracking-loss-v21;tracking-recovered-v21,single_recovery_sequence,recovery-1,false,true,clara,,false,false,
old_voice_callback_after_switch,old_voice_callback_after_switch:clara:L100,clara,L100,621,confirmed_tracking_loss,chair_active,chair_recovery_boundary,tracking-loss-v21,partial_attempt_invalidated,recovery-1,true,false,clara,,false,false,
old_voice_callback_after_switch,old_voice_callback_after_switch:clara:L100,clara,L100,622,recovery_guidance,chair_recovery_boundary,chair_fresh_attempt_ready,tracking-loss-v21;tracking-recovered-v21,single_recovery_sequence,recovery-1,false,true,clara,,false,false,
old_voice_callback_after_switch,old_voice_callback_after_switch:clara:L250,clara,L250,623,confirmed_tracking_loss,chair_active,chair_recovery_boundary,tracking-loss-v21,partial_attempt_invalidated,recovery-1,true,false,clara,,false,false,
old_voice_callback_after_switch,old_voice_callback_after_switch:clara:L250,clara,L250,624,recovery_guidance,chair_recovery_boundary,chair_fresh_attempt_ready,tracking-loss-v21;tracking-recovered-v21,single_recovery_sequence,recovery-1,false,true,clara,,false,false,
old_voice_callback_after_switch,old_voice_callback_after_switch:marcus:L0,marcus,L0,625,confirmed_tracking_loss,chair_active,chair_recovery_boundary,tracking-loss-v21,partial_attempt_invalidated,recovery-1,true,false,marcus,,false,false,
old_voice_callback_after_switch,old_voice_callback_after_switch:marcus:L0,marcus,L0,626,recovery_guidance,chair_recovery_boundary,chair_fresh_attempt_ready,tracking-loss-v21;tracking-recovered-v21,single_recovery_sequence,recovery-1,false,true,marcus,,false,false,
old_voice_callback_after_switch,old_voice_callback_after_switch:marcus:L100,marcus,L100,627,confirmed_tracking_loss,chair_active,chair_recovery_boundary,tracking-loss-v21,partial_attempt_invalidated,recovery-1,true,false,marcus,,false,false,
old_voice_callback_after_switch,old_voice_callback_after_switch:marcus:L100,marcus,L100,628,recovery_guidance,chair_recovery_boundary,chair_fresh_attempt_ready,tracking-loss-v21;tracking-recovered-v21,single_recovery_sequence,recovery-1,false,true,marcus,,false,false,
old_voice_callback_after_switch,old_voice_callback_after_switch:marcus:L250,marcus,L250,629,confirmed_tracking_loss,chair_active,chair_recovery_boundary,tracking-loss-v21,partial_attempt_invalidated,recovery-1,true,false,marcus,,false,false,
old_voice_callback_after_switch,old_voice_callback_after_switch:marcus:L250,marcus,L250,630,recovery_guidance,chair_recovery_boundary,chair_fresh_attempt_ready,tracking-loss-v21;tracking-recovered-v21,single_recovery_sequence,recovery-1,false,true,marcus,,false,false,
voice_switch_and_tracking_loss_same_window,voice_switch_and_tracking_loss_same_window:clara:L0,clara,L0,631,voice_switch_requested,current_stage,same_or_safe_boundary,,single_active_channel,,false,false,clara,,false,false,
voice_switch_and_tracking_loss_same_window,voice_switch_and_tracking_loss_same_window:clara:L0,clara,L0,632,old_voice_callback,old_scope,ignored,,old_callback_ignored,,false,false,marcus,,true,false,
voice_switch_and_tracking_loss_same_window,voice_switch_and_tracking_loss_same_window:clara:L100,clara,L100,633,voice_switch_requested,current_stage,same_or_safe_boundary,,single_active_channel,,false,false,clara,,false,false,
voice_switch_and_tracking_loss_same_window,voice_switch_and_tracking_loss_same_window:clara:L100,clara,L100,634,old_voice_callback,old_scope,ignored,,old_callback_ignored,,false,false,marcus,,true,false,
voice_switch_and_tracking_loss_same_window,voice_switch_and_tracking_loss_same_window:clara:L250,clara,L250,635,voice_switch_requested,current_stage,same_or_safe_boundary,,single_active_channel,,false,false,clara,,false,false,
voice_switch_and_tracking_loss_same_window,voice_switch_and_tracking_loss_same_window:clara:L250,clara,L250,636,old_voice_callback,old_scope,ignored,,old_callback_ignored,,false,false,marcus,,true,false,
voice_switch_and_tracking_loss_same_window,voice_switch_and_tracking_loss_same_window:marcus:L0,marcus,L0,637,voice_switch_requested,current_stage,same_or_safe_boundary,,single_active_channel,,false,false,marcus,,false,false,
voice_switch_and_tracking_loss_same_window,voice_switch_and_tracking_loss_same_window:marcus:L0,marcus,L0,638,old_voice_callback,old_scope,ignored,,old_callback_ignored,,false,false,clara,,true,false,
voice_switch_and_tracking_loss_same_window,voice_switch_and_tracking_loss_same_window:marcus:L100,marcus,L100,639,voice_switch_requested,current_stage,same_or_safe_boundary,,single_active_channel,,false,false,marcus,,false,false,
voice_switch_and_tracking_loss_same_window,voice_switch_and_tracking_loss_same_window:marcus:L100,marcus,L100,640,old_voice_callback,old_scope,ignored,,old_callback_ignored,,false,false,clara,,true,false,
voice_switch_and_tracking_loss_same_window,voice_switch_and_tracking_loss_same_window:marcus:L250,marcus,L250,641,voice_switch_requested,current_stage,same_or_safe_boundary,,single_active_channel,,false,false,marcus,,false,false,
voice_switch_and_tracking_loss_same_window,voice_switch_and_tracking_loss_same_window:marcus:L250,marcus,L250,642,old_voice_callback,old_scope,ignored,,old_callback_ignored,,false,false,clara,,true,false,
voice_switch_clara_marcus_state_parity,voice_switch_clara_marcus_state_parity:clara:L0,clara,L0,643,voice_switch_requested,current_stage,same_or_safe_boundary,,single_active_channel,,false,false,clara,,false,false,
voice_switch_clara_marcus_state_parity,voice_switch_clara_marcus_state_parity:clara:L0,clara,L0,644,old_voice_callback,old_scope,ignored,,old_callback_ignored,,false,false,marcus,,true,false,
voice_switch_clara_marcus_state_parity,voice_switch_clara_marcus_state_parity:clara:L100,clara,L100,645,voice_switch_requested,current_stage,same_or_safe_boundary,,single_active_channel,,false,false,clara,,false,false,
voice_switch_clara_marcus_state_parity,voice_switch_clara_marcus_state_parity:clara:L100,clara,L100,646,old_voice_callback,old_scope,ignored,,old_callback_ignored,,false,false,marcus,,true,false,
voice_switch_clara_marcus_state_parity,voice_switch_clara_marcus_state_parity:clara:L250,clara,L250,647,voice_switch_requested,current_stage,same_or_safe_boundary,,single_active_channel,,false,false,clara,,false,false,
voice_switch_clara_marcus_state_parity,voice_switch_clara_marcus_state_parity:clara:L250,clara,L250,648,old_voice_callback,old_scope,ignored,,old_callback_ignored,,false,false,marcus,,true,false,
voice_switch_clara_marcus_state_parity,voice_switch_clara_marcus_state_parity:marcus:L0,marcus,L0,649,voice_switch_requested,current_stage,same_or_safe_boundary,,single_active_channel,,false,false,marcus,,false,false,
voice_switch_clara_marcus_state_parity,voice_switch_clara_marcus_state_parity:marcus:L0,marcus,L0,650,old_voice_callback,old_scope,ignored,,old_callback_ignored,,false,false,clara,,true,false,
voice_switch_clara_marcus_state_parity,voice_switch_clara_marcus_state_parity:marcus:L100,marcus,L100,651,voice_switch_requested,current_stage,same_or_safe_boundary,,single_active_channel,,false,false,marcus,,false,false,
voice_switch_clara_marcus_state_parity,voice_switch_clara_marcus_state_parity:marcus:L100,marcus,L100,652,old_voice_callback,old_scope,ignored,,old_callback_ignored,,false,false,clara,,true,false,
voice_switch_clara_marcus_state_parity,voice_switch_clara_marcus_state_parity:marcus:L250,marcus,L250,653,voice_switch_requested,current_stage,same_or_safe_boundary,,single_active_channel,,false,false,marcus,,false,false,
voice_switch_clara_marcus_state_parity,voice_switch_clara_marcus_state_parity:marcus:L250,marcus,L250,654,old_voice_callback,old_scope,ignored,,old_callback_ignored,,false,false,clara,,true,false,
