jobId,logicalCueKey,physicalCueKey,voiceId,exactScript,flow,category,policyId,reuseDecision,reasonForGeneration,provider,model,providerVoiceId,outputPath,willCreateNew,willReplaceExisting,legacyAffected,manifestTarget,metadataTarget,dryRunStatus,blockingReason,notes
voice-v21-001,checkup-balance-feet-together-v21,checkup-balance-feet-together-v21,clara,Feet together. Keep your eyes open and support within reach.,balance_v2,balance_setup,instruction,reuse_exact_existing_pair,stale_fingerprint_refresh,elevenlabs,eleven_multilingual_v2,rfkTsdZrVWEVhDycUYn9,assets/audio/voice/clara/checkup-balance-feet-together-v21.mp3,false,false,false,src/audio/manifest.ts,src/audio/voiceV21AudioManifest.ts,already_current_skip,,Voice V2.1 refresh from final cue registry. Existing generic cue omits eyes-open/support language.
voice-v21-002,checkup-balance-feet-together-v21,checkup-balance-feet-together-v21,marcus,Feet together. Keep your eyes open and support within reach.,balance_v2,balance_setup,instruction,reuse_exact_existing_pair,stale_fingerprint_refresh,elevenlabs,eleven_multilingual_v2,lUTamkMw7gOzZbFIwmq4,assets/audio/voice/marcus/checkup-balance-feet-together-v21.mp3,false,false,false,src/audio/manifest.ts,src/audio/voiceV21AudioManifest.ts,already_current_skip,,Voice V2.1 refresh from final cue registry. Existing generic cue omits eyes-open/support language.
voice-v21-003,checkup-balance-next-stance-v21,checkup-balance-next-stance-v21,clara,Nicely done. I will guide the next stance.,balance_v2,balance_control,result_transition,reuse_exact_existing_pair,stale_fingerprint_refresh,elevenlabs,eleven_multilingual_v2,rfkTsdZrVWEVhDycUYn9,assets/audio/voice/clara/checkup-balance-next-stance-v21.mp3,false,false,false,src/audio/manifest.ts,src/audio/voiceV21AudioManifest.ts,already_current_skip,,Voice V2.1 refresh from final cue registry. Generic completion lacks next-stance meaning.
voice-v21-004,checkup-balance-next-stance-v21,checkup-balance-next-stance-v21,marcus,Nicely done. I will guide the next stance.,balance_v2,balance_control,result_transition,reuse_exact_existing_pair,stale_fingerprint_refresh,elevenlabs,eleven_multilingual_v2,lUTamkMw7gOzZbFIwmq4,assets/audio/voice/marcus/checkup-balance-next-stance-v21.mp3,false,false,false,src/audio/manifest.ts,src/audio/voiceV21AudioManifest.ts,already_current_skip,,Voice V2.1 refresh from final cue registry. Generic completion lacks next-stance meaning.
voice-v21-005,checkup-balance-semi-tandem-left-v21,checkup-balance-semi-tandem-left-v21,clara,Place your left foot half a step forward. Keep your eyes open.,balance_v2,balance_setup,instruction,reuse_exact_existing_pair,stale_fingerprint_refresh,elevenlabs,eleven_multilingual_v2,rfkTsdZrVWEVhDycUYn9,assets/audio/voice/clara/checkup-balance-semi-tandem-left-v21.mp3,false,false,false,src/audio/manifest.ts,src/audio/voiceV21AudioManifest.ts,already_current_skip,,Voice V2.1 refresh from final cue registry. Existing cue has no selected lead-foot side.
voice-v21-006,checkup-balance-semi-tandem-left-v21,checkup-balance-semi-tandem-left-v21,marcus,Place your left foot half a step forward. Keep your eyes open.,balance_v2,balance_setup,instruction,reuse_exact_existing_pair,stale_fingerprint_refresh,elevenlabs,eleven_multilingual_v2,lUTamkMw7gOzZbFIwmq4,assets/audio/voice/marcus/checkup-balance-semi-tandem-left-v21.mp3,false,false,false,src/audio/manifest.ts,src/audio/voiceV21AudioManifest.ts,already_current_skip,,Voice V2.1 refresh from final cue registry. Existing cue has no selected lead-foot side.
voice-v21-007,checkup-balance-semi-tandem-right-v21,checkup-balance-semi-tandem-right-v21,clara,Place your right foot half a step forward. Keep your eyes open.,balance_v2,balance_setup,instruction,reuse_exact_existing_pair,stale_fingerprint_refresh,elevenlabs,eleven_multilingual_v2,rfkTsdZrVWEVhDycUYn9,assets/audio/voice/clara/checkup-balance-semi-tandem-right-v21.mp3,false,false,false,src/audio/manifest.ts,src/audio/voiceV21AudioManifest.ts,already_current_skip,,Voice V2.1 refresh from final cue registry. Existing cue has no selected lead-foot side.
voice-v21-008,checkup-balance-semi-tandem-right-v21,checkup-balance-semi-tandem-right-v21,marcus,Place your right foot half a step forward. Keep your eyes open.,balance_v2,balance_setup,instruction,reuse_exact_existing_pair,stale_fingerprint_refresh,elevenlabs,eleven_multilingual_v2,lUTamkMw7gOzZbFIwmq4,assets/audio/voice/marcus/checkup-balance-semi-tandem-right-v21.mp3,false,false,false,src/audio/manifest.ts,src/audio/voiceV21AudioManifest.ts,already_current_skip,,Voice V2.1 refresh from final cue registry. Existing cue has no selected lead-foot side.
voice-v21-009,checkup-balance-single-leg-left-v21,checkup-balance-single-leg-left-v21,clara,Stand on your left leg and lift your right foot slightly.,balance_v2,balance_setup,instruction,reuse_exact_existing_pair,stale_fingerprint_refresh,elevenlabs,eleven_multilingual_v2,rfkTsdZrVWEVhDycUYn9,assets/audio/voice/clara/checkup-balance-single-leg-left-v21.mp3,false,false,false,src/audio/manifest.ts,src/audio/voiceV21AudioManifest.ts,already_current_skip,,Voice V2.1 refresh from final cue registry. Existing cue uses placeholder selected leg.
voice-v21-010,checkup-balance-single-leg-left-v21,checkup-balance-single-leg-left-v21,marcus,Stand on your left leg and lift your right foot slightly.,balance_v2,balance_setup,instruction,reuse_exact_existing_pair,stale_fingerprint_refresh,elevenlabs,eleven_multilingual_v2,lUTamkMw7gOzZbFIwmq4,assets/audio/voice/marcus/checkup-balance-single-leg-left-v21.mp3,false,false,false,src/audio/manifest.ts,src/audio/voiceV21AudioManifest.ts,already_current_skip,,Voice V2.1 refresh from final cue registry. Existing cue uses placeholder selected leg.
voice-v21-011,checkup-balance-single-leg-right-v21,checkup-balance-single-leg-right-v21,clara,Stand on your right leg and lift your left foot slightly.,balance_v2,balance_setup,instruction,reuse_exact_existing_pair,stale_fingerprint_refresh,elevenlabs,eleven_multilingual_v2,rfkTsdZrVWEVhDycUYn9,assets/audio/voice/clara/checkup-balance-single-leg-right-v21.mp3,false,false,false,src/audio/manifest.ts,src/audio/voiceV21AudioManifest.ts,already_current_skip,,Voice V2.1 refresh from final cue registry. Existing cue uses placeholder selected leg.
voice-v21-012,checkup-balance-single-leg-right-v21,checkup-balance-single-leg-right-v21,marcus,Stand on your right leg and lift your left foot slightly.,balance_v2,balance_setup,instruction,reuse_exact_existing_pair,stale_fingerprint_refresh,elevenlabs,eleven_multilingual_v2,lUTamkMw7gOzZbFIwmq4,assets/audio/voice/marcus/checkup-balance-single-leg-right-v21.mp3,false,false,false,src/audio/manifest.ts,src/audio/voiceV21AudioManifest.ts,already_current_skip,,Voice V2.1 refresh from final cue registry. Existing cue uses placeholder selected leg.
voice-v21-013,checkup-balance-support-touch-v21,checkup-balance-support-touch-v21,clara,Support touch noted. Balance check complete.,balance_v2,balance_control,instruction,reuse_exact_existing_pair,stale_fingerprint_refresh,elevenlabs,eleven_multilingual_v2,rfkTsdZrVWEVhDycUYn9,assets/audio/voice/clara/checkup-balance-support-touch-v21.mp3,false,false,false,src/audio/manifest.ts,src/audio/voiceV21AudioManifest.ts,already_current_skip,,Voice V2.1 refresh from final cue registry. Needed if explicit support-touch action should be acknowledged by voice.
voice-v21-014,checkup-balance-support-touch-v21,checkup-balance-support-touch-v21,marcus,Support touch noted. Balance check complete.,balance_v2,balance_control,instruction,reuse_exact_existing_pair,stale_fingerprint_refresh,elevenlabs,eleven_multilingual_v2,lUTamkMw7gOzZbFIwmq4,assets/audio/voice/marcus/checkup-balance-support-touch-v21.mp3,false,false,false,src/audio/manifest.ts,src/audio/voiceV21AudioManifest.ts,already_current_skip,,Voice V2.1 refresh from final cue registry. Needed if explicit support-touch action should be acknowledged by voice.
voice-v21-015,checkup-balance-tandem-left-v21,checkup-balance-tandem-left-v21,clara,Place your left foot directly in front heel to toe. Keep your eyes open.,balance_v2,balance_setup,instruction,reuse_exact_existing_pair,stale_fingerprint_refresh,elevenlabs,eleven_multilingual_v2,rfkTsdZrVWEVhDycUYn9,assets/audio/voice/clara/checkup-balance-tandem-left-v21.mp3,false,false,false,src/audio/manifest.ts,src/audio/voiceV21AudioManifest.ts,already_current_skip,,Voice V2.1 refresh from final cue registry. Existing cue has no selected lead-foot side.
voice-v21-016,checkup-balance-tandem-left-v21,checkup-balance-tandem-left-v21,marcus,Place your left foot directly in front heel to toe. Keep your eyes open.,balance_v2,balance_setup,instruction,reuse_exact_existing_pair,stale_fingerprint_refresh,elevenlabs,eleven_multilingual_v2,lUTamkMw7gOzZbFIwmq4,assets/audio/voice/marcus/checkup-balance-tandem-left-v21.mp3,false,false,false,src/audio/manifest.ts,src/audio/voiceV21AudioManifest.ts,already_current_skip,,Voice V2.1 refresh from final cue registry. Existing cue has no selected lead-foot side.
voice-v21-017,checkup-balance-tandem-right-v21,checkup-balance-tandem-right-v21,clara,Place your right foot directly in front heel to toe. Keep your eyes open.,balance_v2,balance_setup,instruction,reuse_exact_existing_pair,stale_fingerprint_refresh,elevenlabs,eleven_multilingual_v2,rfkTsdZrVWEVhDycUYn9,assets/audio/voice/clara/checkup-balance-tandem-right-v21.mp3,false,false,false,src/audio/manifest.ts,src/audio/voiceV21AudioManifest.ts,already_current_skip,,Voice V2.1 refresh from final cue registry. Existing cue has no selected lead-foot side.
voice-v21-018,checkup-balance-tandem-right-v21,checkup-balance-tandem-right-v21,marcus,Place your right foot directly in front heel to toe. Keep your eyes open.,balance_v2,balance_setup,instruction,reuse_exact_existing_pair,stale_fingerprint_refresh,elevenlabs,eleven_multilingual_v2,lUTamkMw7gOzZbFIwmq4,assets/audio/voice/marcus/checkup-balance-tandem-right-v21.mp3,false,false,false,src/audio/manifest.ts,src/audio/voiceV21AudioManifest.ts,already_current_skip,,Voice V2.1 refresh from final cue registry. Existing cue has no selected lead-foot side.
voice-v21-019,equip-balance-support-v21,equip-balance-support-v21,clara,Keep support within easy reach.,training,equipment_first_use,instruction,reuse_exact_existing_pair,stale_fingerprint_refresh,elevenlabs,eleven_multilingual_v2,rfkTsdZrVWEVhDycUYn9,assets/audio/voice/clara/equip-balance-support-v21.mp3,false,false,false,src/audio/manifest.ts,src/audio/voiceV21AudioManifest.ts,already_current_skip,,Voice V2.1 refresh from final cue registry. Exact Clara/Marcus pair exists in the current physical manifest.
voice-v21-020,equip-balance-support-v21,equip-balance-support-v21,marcus,Keep support within easy reach.,training,equipment_first_use,instruction,reuse_exact_existing_pair,stale_fingerprint_refresh,elevenlabs,eleven_multilingual_v2,lUTamkMw7gOzZbFIwmq4,assets/audio/voice/marcus/equip-balance-support-v21.mp3,false,false,false,src/audio/manifest.ts,src/audio/voiceV21AudioManifest.ts,already_current_skip,,Voice V2.1 refresh from final cue registry. Exact Clara/Marcus pair exists in the current physical manifest.
voice-v21-021,equip-chair-stable-v21,equip-chair-stable-v21,clara,Use a sturdy chair that will not slide.,training,equipment_first_use,instruction,reuse_exact_existing_pair,stale_fingerprint_refresh,elevenlabs,eleven_multilingual_v2,rfkTsdZrVWEVhDycUYn9,assets/audio/voice/clara/equip-chair-stable-v21.mp3,false,false,false,src/audio/manifest.ts,src/audio/voiceV21AudioManifest.ts,already_current_skip,,Voice V2.1 refresh from final cue registry. Exact Clara/Marcus pair exists in the current physical manifest.
voice-v21-022,equip-chair-stable-v21,equip-chair-stable-v21,marcus,Use a sturdy chair that will not slide.,training,equipment_first_use,instruction,reuse_exact_existing_pair,stale_fingerprint_refresh,elevenlabs,eleven_multilingual_v2,lUTamkMw7gOzZbFIwmq4,assets/audio/voice/marcus/equip-chair-stable-v21.mp3,false,false,false,src/audio/manifest.ts,src/audio/voiceV21AudioManifest.ts,already_current_skip,,Voice V2.1 refresh from final cue registry. Exact Clara/Marcus pair exists in the current physical manifest.
voice-v21-023,equip-door-anchor-v21,equip-door-anchor-v21,clara,Use a secure closed door anchor and test light tension first.,training,equipment_first_use,instruction,reuse_exact_existing_pair,stale_fingerprint_refresh,elevenlabs,eleven_multilingual_v2,rfkTsdZrVWEVhDycUYn9,assets/audio/voice/clara/equip-door-anchor-v21.mp3,false,false,false,src/audio/manifest.ts,src/audio/voiceV21AudioManifest.ts,already_current_skip,,Voice V2.1 refresh from final cue registry. Exact Clara/Marcus pair exists in the current physical manifest.
voice-v21-024,equip-door-anchor-v21,equip-door-anchor-v21,marcus,Use a secure closed door anchor and test light tension first.,training,equipment_first_use,instruction,reuse_exact_existing_pair,stale_fingerprint_refresh,elevenlabs,eleven_multilingual_v2,lUTamkMw7gOzZbFIwmq4,assets/audio/voice/marcus/equip-door-anchor-v21.mp3,false,false,false,src/audio/manifest.ts,src/audio/voiceV21AudioManifest.ts,already_current_skip,,Voice V2.1 refresh from final cue registry. Exact Clara/Marcus pair exists in the current physical manifest.
voice-v21-025,equip-floor-transition-v21,equip-floor-transition-v21,clara,Move down to the floor and settle into the start position.,training,equipment_first_use,instruction,reuse_exact_existing_pair,stale_fingerprint_refresh,elevenlabs,eleven_multilingual_v2,rfkTsdZrVWEVhDycUYn9,assets/audio/voice/clara/equip-floor-transition-v21.mp3,false,false,false,src/audio/manifest.ts,src/audio/voiceV21AudioManifest.ts,already_current_skip,,Voice V2.1 refresh from final cue registry. Exact Clara/Marcus pair exists in the current physical manifest.
voice-v21-026,equip-floor-transition-v21,equip-floor-transition-v21,marcus,Move down to the floor and settle into the start position.,training,equipment_first_use,instruction,reuse_exact_existing_pair,stale_fingerprint_refresh,elevenlabs,eleven_multilingual_v2,lUTamkMw7gOzZbFIwmq4,assets/audio/voice/marcus/equip-floor-transition-v21.mp3,false,false,false,src/audio/manifest.ts,src/audio/voiceV21AudioManifest.ts,already_current_skip,,Voice V2.1 refresh from final cue registry. Exact Clara/Marcus pair exists in the current physical manifest.
voice-v21-027,equip-long-band-v21,equip-long-band-v21,clara,Check the band first and keep it away from your face.,training,equipment_first_use,instruction,reuse_exact_existing_pair,stale_fingerprint_refresh,elevenlabs,eleven_multilingual_v2,rfkTsdZrVWEVhDycUYn9,assets/audio/voice/clara/equip-long-band-v21.mp3,false,false,false,src/audio/manifest.ts,src/audio/voiceV21AudioManifest.ts,already_current_skip,,Voice V2.1 refresh from final cue registry. Exact Clara/Marcus pair exists in the current physical manifest.
voice-v21-028,equip-long-band-v21,equip-long-band-v21,marcus,Check the band first and keep it away from your face.,training,equipment_first_use,instruction,reuse_exact_existing_pair,stale_fingerprint_refresh,elevenlabs,eleven_multilingual_v2,lUTamkMw7gOzZbFIwmq4,assets/audio/voice/marcus/equip-long-band-v21.mp3,false,false,false,src/audio/manifest.ts,src/audio/voiceV21AudioManifest.ts,already_current_skip,,Voice V2.1 refresh from final cue registry. Exact Clara/Marcus pair exists in the current physical manifest.
voice-v21-029,equip-step-stable-v21,equip-step-stable-v21,clara,"Use the lowest stable step, with support nearby.",training,equipment_first_use,instruction,reuse_exact_existing_pair,stale_fingerprint_refresh,elevenlabs,eleven_multilingual_v2,rfkTsdZrVWEVhDycUYn9,assets/audio/voice/clara/equip-step-stable-v21.mp3,false,false,false,src/audio/manifest.ts,src/audio/voiceV21AudioManifest.ts,already_current_skip,,Voice V2.1 refresh from final cue registry. Exact Clara/Marcus pair exists in the current physical manifest.
voice-v21-030,equip-step-stable-v21,equip-step-stable-v21,marcus,"Use the lowest stable step, with support nearby.",training,equipment_first_use,instruction,reuse_exact_existing_pair,stale_fingerprint_refresh,elevenlabs,eleven_multilingual_v2,lUTamkMw7gOzZbFIwmq4,assets/audio/voice/marcus/equip-step-stable-v21.mp3,false,false,false,src/audio/manifest.ts,src/audio/voiceV21AudioManifest.ts,already_current_skip,,Voice V2.1 refresh from final cue registry. Exact Clara/Marcus pair exists in the current physical manifest.
voice-v21-031,equip-support-close-v21,equip-support-close-v21,clara,Keep sturdy support within easy reach.,training,equipment_first_use,instruction,reuse_exact_existing_pair,stale_fingerprint_refresh,elevenlabs,eleven_multilingual_v2,rfkTsdZrVWEVhDycUYn9,assets/audio/voice/clara/equip-support-close-v21.mp3,false,false,false,src/audio/manifest.ts,src/audio/voiceV21AudioManifest.ts,already_current_skip,,Voice V2.1 refresh from final cue registry. Exact Clara/Marcus pair exists in the current physical manifest.
voice-v21-032,equip-support-close-v21,equip-support-close-v21,marcus,Keep sturdy support within easy reach.,training,equipment_first_use,instruction,reuse_exact_existing_pair,stale_fingerprint_refresh,elevenlabs,eleven_multilingual_v2,lUTamkMw7gOzZbFIwmq4,assets/audio/voice/marcus/equip-support-close-v21.mp3,false,false,false,src/audio/manifest.ts,src/audio/voiceV21AudioManifest.ts,already_current_skip,,Voice V2.1 refresh from final cue registry. Exact Clara/Marcus pair exists in the current physical manifest.
voice-v21-033,ex-balance-feet-together-hold-first-v21,ex-balance-feet-together-hold-first-v21,clara,"Feet-together hold. Stand with feet together, fingertips near support, eyes open.",training,exercise_first_use,instruction,reuse_exact_existing_pair,stale_fingerprint_refresh,elevenlabs,eleven_multilingual_v2,rfkTsdZrVWEVhDycUYn9,assets/audio/voice/clara/ex-balance-feet-together-hold-first-v21.mp3,false,false,false,src/audio/manifest.ts,src/audio/voiceV21AudioManifest.ts,already_current_skip,,Voice V2.1 refresh from final cue registry. Exact Clara/Marcus pair exists in the current physical manifest.
voice-v21-034,ex-balance-feet-together-hold-first-v21,ex-balance-feet-together-hold-first-v21,marcus,"Feet-together hold. Stand with feet together, fingertips near support, eyes open.",training,exercise_first_use,instruction,reuse_exact_existing_pair,stale_fingerprint_refresh,elevenlabs,eleven_multilingual_v2,lUTamkMw7gOzZbFIwmq4,assets/audio/voice/marcus/ex-balance-feet-together-hold-first-v21.mp3,false,false,false,src/audio/manifest.ts,src/audio/voiceV21AudioManifest.ts,already_current_skip,,Voice V2.1 refresh from final cue registry. Exact Clara/Marcus pair exists in the current physical manifest.
voice-v21-035,ex-balance-feet-together-hold-next-v21,ex-balance-feet-together-hold-next-v21,clara,Feet-together hold.,training,exercise_later_set,instruction,reuse_exact_existing_pair,stale_fingerprint_refresh,elevenlabs,eleven_multilingual_v2,rfkTsdZrVWEVhDycUYn9,assets/audio/voice/clara/ex-balance-feet-together-hold-next-v21.mp3,false,false,false,src/audio/manifest.ts,src/audio/voiceV21AudioManifest.ts,already_current_skip,,Voice V2.1 refresh from final cue registry. Exact Clara/Marcus pair exists in the current physical manifest.
voice-v21-036,ex-balance-feet-together-hold-next-v21,ex-balance-feet-together-hold-next-v21,marcus,Feet-together hold.,training,exercise_later_set,instruction,reuse_exact_existing_pair,stale_fingerprint_refresh,elevenlabs,eleven_multilingual_v2,lUTamkMw7gOzZbFIwmq4,assets/audio/voice/marcus/ex-balance-feet-together-hold-next-v21.mp3,false,false,false,src/audio/manifest.ts,src/audio/voiceV21AudioManifest.ts,already_current_skip,,Voice V2.1 refresh from final cue registry. Exact Clara/Marcus pair exists in the current physical manifest.
voice-v21-037,ex-balance-single-leg-hold-first-v21,ex-balance-single-leg-hold-first-v21,clara,Single-leg hold. Keep support close.,training,exercise_first_use,instruction,reuse_exact_existing_pair,stale_fingerprint_refresh,elevenlabs,eleven_multilingual_v2,rfkTsdZrVWEVhDycUYn9,assets/audio/voice/clara/ex-balance-single-leg-hold-first-v21.mp3,false,false,false,src/audio/manifest.ts,src/audio/voiceV21AudioManifest.ts,already_current_skip,,Voice V2.1 refresh from final cue registry. Exact Clara/Marcus pair exists in the current physical manifest.
voice-v21-038,ex-balance-single-leg-hold-first-v21,ex-balance-single-leg-hold-first-v21,marcus,Single-leg hold. Keep support close.,training,exercise_first_use,instruction,reuse_exact_existing_pair,stale_fingerprint_refresh,elevenlabs,eleven_multilingual_v2,lUTamkMw7gOzZbFIwmq4,assets/audio/voice/marcus/ex-balance-single-leg-hold-first-v21.mp3,false,false,false,src/audio/manifest.ts,src/audio/voiceV21AudioManifest.ts,already_current_skip,,Voice V2.1 refresh from final cue registry. Exact Clara/Marcus pair exists in the current physical manifest.
voice-v21-039,ex-balance-single-leg-hold-next-v21,ex-balance-single-leg-hold-next-v21,clara,Single-leg hold.,training,exercise_later_set,instruction,reuse_exact_existing_pair,stale_fingerprint_refresh,elevenlabs,eleven_multilingual_v2,rfkTsdZrVWEVhDycUYn9,assets/audio/voice/clara/ex-balance-single-leg-hold-next-v21.mp3,false,false,false,src/audio/manifest.ts,src/audio/voiceV21AudioManifest.ts,already_current_skip,,Voice V2.1 refresh from final cue registry. Exact Clara/Marcus pair exists in the current physical manifest.
voice-v21-040,ex-balance-single-leg-hold-next-v21,ex-balance-single-leg-hold-next-v21,marcus,Single-leg hold.,training,exercise_later_set,instruction,reuse_exact_existing_pair,stale_fingerprint_refresh,elevenlabs,eleven_multilingual_v2,lUTamkMw7gOzZbFIwmq4,assets/audio/voice/marcus/ex-balance-single-leg-hold-next-v21.mp3,false,false,false,src/audio/manifest.ts,src/audio/voiceV21AudioManifest.ts,already_current_skip,,Voice V2.1 refresh from final cue registry. Exact Clara/Marcus pair exists in the current physical manifest.
voice-v21-041,ex-balance-tandem-hold-first-v21,ex-balance-tandem-hold-first-v21,clara,Tandem hold. Keep support close.,training,exercise_first_use,instruction,reuse_exact_existing_pair,stale_fingerprint_refresh,elevenlabs,eleven_multilingual_v2,rfkTsdZrVWEVhDycUYn9,assets/audio/voice/clara/ex-balance-tandem-hold-first-v21.mp3,false,false,false,src/audio/manifest.ts,src/audio/voiceV21AudioManifest.ts,already_current_skip,,Voice V2.1 refresh from final cue registry. Exact Clara/Marcus pair exists in the current physical manifest.
voice-v21-042,ex-balance-tandem-hold-first-v21,ex-balance-tandem-hold-first-v21,marcus,Tandem hold. Keep support close.,training,exercise_first_use,instruction,reuse_exact_existing_pair,stale_fingerprint_refresh,elevenlabs,eleven_multilingual_v2,lUTamkMw7gOzZbFIwmq4,assets/audio/voice/marcus/ex-balance-tandem-hold-first-v21.mp3,false,false,false,src/audio/manifest.ts,src/audio/voiceV21AudioManifest.ts,already_current_skip,,Voice V2.1 refresh from final cue registry. Exact Clara/Marcus pair exists in the current physical manifest.
voice-v21-043,ex-balance-tandem-hold-next-v21,ex-balance-tandem-hold-next-v21,clara,Tandem hold.,training,exercise_later_set,instruction,reuse_exact_existing_pair,stale_fingerprint_refresh,elevenlabs,eleven_multilingual_v2,rfkTsdZrVWEVhDycUYn9,assets/audio/voice/clara/ex-balance-tandem-hold-next-v21.mp3,false,false,false,src/audio/manifest.ts,src/audio/voiceV21AudioManifest.ts,already_current_skip,,Voice V2.1 refresh from final cue registry. Exact Clara/Marcus pair exists in the current physical manifest.
voice-v21-044,ex-balance-tandem-hold-next-v21,ex-balance-tandem-hold-next-v21,marcus,Tandem hold.,training,exercise_later_set,instruction,reuse_exact_existing_pair,stale_fingerprint_refresh,elevenlabs,eleven_multilingual_v2,lUTamkMw7gOzZbFIwmq4,assets/audio/voice/marcus/ex-balance-tandem-hold-next-v21.mp3,false,false,false,src/audio/manifest.ts,src/audio/voiceV21AudioManifest.ts,already_current_skip,,Voice V2.1 refresh from final cue registry. Exact Clara/Marcus pair exists in the current physical manifest.
voice-v21-045,ex-band-pull-apart-first-v21,ex-band-pull-apart-first-v21,clara,"Band pull-apart. Hold a light band at chest height. Pull your hands wide, then return slowly.",training,exercise_first_use,instruction,reuse_exact_existing_pair,stale_fingerprint_refresh,elevenlabs,eleven_multilingual_v2,rfkTsdZrVWEVhDycUYn9,assets/audio/voice/clara/ex-band-pull-apart-first-v21.mp3,false,false,false,src/audio/manifest.ts,src/audio/voiceV21AudioManifest.ts,already_current_skip,,Voice V2.1 refresh from final cue registry. Exact Clara/Marcus pair exists in the current physical manifest.
voice-v21-046,ex-band-pull-apart-first-v21,ex-band-pull-apart-first-v21,marcus,"Band pull-apart. Hold a light band at chest height. Pull your hands wide, then return slowly.",training,exercise_first_use,instruction,reuse_exact_existing_pair,stale_fingerprint_refresh,elevenlabs,eleven_multilingual_v2,lUTamkMw7gOzZbFIwmq4,assets/audio/voice/marcus/ex-band-pull-apart-first-v21.mp3,false,false,false,src/audio/manifest.ts,src/audio/voiceV21AudioManifest.ts,already_current_skip,,Voice V2.1 refresh from final cue registry. Exact Clara/Marcus pair exists in the current physical manifest.
voice-v21-047,ex-band-pull-apart-next-v21,ex-band-pull-apart-next-v21,clara,Band pull-apart.,training,exercise_later_set,instruction,reuse_exact_existing_pair,stale_fingerprint_refresh,elevenlabs,eleven_multilingual_v2,rfkTsdZrVWEVhDycUYn9,assets/audio/voice/clara/ex-band-pull-apart-next-v21.mp3,false,false,false,src/audio/manifest.ts,src/audio/voiceV21AudioManifest.ts,already_current_skip,,Voice V2.1 refresh from final cue registry. Exact Clara/Marcus pair exists in the current physical manifest.
voice-v21-048,ex-band-pull-apart-next-v21,ex-band-pull-apart-next-v21,marcus,Band pull-apart.,training,exercise_later_set,instruction,reuse_exact_existing_pair,stale_fingerprint_refresh,elevenlabs,eleven_multilingual_v2,lUTamkMw7gOzZbFIwmq4,assets/audio/voice/marcus/ex-band-pull-apart-next-v21.mp3,false,false,false,src/audio/manifest.ts,src/audio/voiceV21AudioManifest.ts,already_current_skip,,Voice V2.1 refresh from final cue registry. Exact Clara/Marcus pair exists in the current physical manifest.
voice-v21-049,ex-chair-supported-split-squat-first-v21,ex-chair-supported-split-squat-first-v21,clara,Supported split squat. Keep fingertips near sturdy support.,training,exercise_first_use,instruction,reuse_exact_existing_pair,stale_fingerprint_refresh,elevenlabs,eleven_multilingual_v2,rfkTsdZrVWEVhDycUYn9,assets/audio/voice/clara/ex-chair-supported-split-squat-first-v21.mp3,false,false,false,src/audio/manifest.ts,src/audio/voiceV21AudioManifest.ts,already_current_skip,,Voice V2.1 refresh from final cue registry. Exact Clara/Marcus pair exists in the current physical manifest.
voice-v21-050,ex-chair-supported-split-squat-first-v21,ex-chair-supported-split-squat-first-v21,marcus,Supported split squat. Keep fingertips near sturdy support.,training,exercise_first_use,instruction,reuse_exact_existing_pair,stale_fingerprint_refresh,elevenlabs,eleven_multilingual_v2,lUTamkMw7gOzZbFIwmq4,assets/audio/voice/marcus/ex-chair-supported-split-squat-first-v21.mp3,false,false,false,src/audio/manifest.ts,src/audio/voiceV21AudioManifest.ts,already_current_skip,,Voice V2.1 refresh from final cue registry. Exact Clara/Marcus pair exists in the current physical manifest.
voice-v21-051,ex-chair-supported-split-squat-next-v21,ex-chair-supported-split-squat-next-v21,clara,Supported split squat.,training,exercise_later_set,instruction,reuse_exact_existing_pair,stale_fingerprint_refresh,elevenlabs,eleven_multilingual_v2,rfkTsdZrVWEVhDycUYn9,assets/audio/voice/clara/ex-chair-supported-split-squat-next-v21.mp3,false,false,false,src/audio/manifest.ts,src/audio/voiceV21AudioManifest.ts,already_current_skip,,Voice V2.1 refresh from final cue registry. Exact Clara/Marcus pair exists in the current physical manifest.
voice-v21-052,ex-chair-supported-split-squat-next-v21,ex-chair-supported-split-squat-next-v21,marcus,Supported split squat.,training,exercise_later_set,instruction,reuse_exact_existing_pair,stale_fingerprint_refresh,elevenlabs,eleven_multilingual_v2,lUTamkMw7gOzZbFIwmq4,assets/audio/voice/marcus/ex-chair-supported-split-squat-next-v21.mp3,false,false,false,src/audio/manifest.ts,src/audio/voiceV21AudioManifest.ts,already_current_skip,,Voice V2.1 refresh from final cue registry. Exact Clara/Marcus pair exists in the current physical manifest.
voice-v21-053,ex-glute-bridge-hold-first-v21,ex-glute-bridge-hold-first-v21,clara,"Bridge hold. Lie on your back, knees bent, feet flat. Lift your hips and hold.",training,exercise_first_use,instruction,reuse_exact_existing_pair,stale_fingerprint_refresh,elevenlabs,eleven_multilingual_v2,rfkTsdZrVWEVhDycUYn9,assets/audio/voice/clara/ex-glute-bridge-hold-first-v21.mp3,false,false,false,src/audio/manifest.ts,src/audio/voiceV21AudioManifest.ts,already_current_skip,,Voice V2.1 refresh from final cue registry. Exact Clara/Marcus pair exists in the current physical manifest.
voice-v21-054,ex-glute-bridge-hold-first-v21,ex-glute-bridge-hold-first-v21,marcus,"Bridge hold. Lie on your back, knees bent, feet flat. Lift your hips and hold.",training,exercise_first_use,instruction,reuse_exact_existing_pair,stale_fingerprint_refresh,elevenlabs,eleven_multilingual_v2,lUTamkMw7gOzZbFIwmq4,assets/audio/voice/marcus/ex-glute-bridge-hold-first-v21.mp3,false,false,false,src/audio/manifest.ts,src/audio/voiceV21AudioManifest.ts,already_current_skip,,Voice V2.1 refresh from final cue registry. Exact Clara/Marcus pair exists in the current physical manifest.
voice-v21-055,ex-glute-bridge-hold-next-v21,ex-glute-bridge-hold-next-v21,clara,Bridge hold.,training,exercise_later_set,instruction,reuse_exact_existing_pair,stale_fingerprint_refresh,elevenlabs,eleven_multilingual_v2,rfkTsdZrVWEVhDycUYn9,assets/audio/voice/clara/ex-glute-bridge-hold-next-v21.mp3,false,false,false,src/audio/manifest.ts,src/audio/voiceV21AudioManifest.ts,already_current_skip,,Voice V2.1 refresh from final cue registry. Exact Clara/Marcus pair exists in the current physical manifest.
voice-v21-056,ex-glute-bridge-hold-next-v21,ex-glute-bridge-hold-next-v21,marcus,Bridge hold.,training,exercise_later_set,instruction,reuse_exact_existing_pair,stale_fingerprint_refresh,elevenlabs,eleven_multilingual_v2,lUTamkMw7gOzZbFIwmq4,assets/audio/voice/marcus/ex-glute-bridge-hold-next-v21.mp3,false,false,false,src/audio/manifest.ts,src/audio/voiceV21AudioManifest.ts,already_current_skip,,Voice V2.1 refresh from final cue registry. Exact Clara/Marcus pair exists in the current physical manifest.
voice-v21-057,ex-glute-bridge-reps-first-v21,ex-glute-bridge-reps-first-v21,clara,"Glute bridge. Lie on your back, knees bent, feet flat. Lift your hips, then lower with control.",training,exercise_first_use,instruction,reuse_exact_existing_pair,stale_fingerprint_refresh,elevenlabs,eleven_multilingual_v2,rfkTsdZrVWEVhDycUYn9,assets/audio/voice/clara/ex-glute-bridge-reps-first-v21.mp3,false,false,false,src/audio/manifest.ts,src/audio/voiceV21AudioManifest.ts,already_current_skip,,Voice V2.1 refresh from final cue registry. Exact Clara/Marcus pair exists in the current physical manifest.
voice-v21-058,ex-glute-bridge-reps-first-v21,ex-glute-bridge-reps-first-v21,marcus,"Glute bridge. Lie on your back, knees bent, feet flat. Lift your hips, then lower with control.",training,exercise_first_use,instruction,reuse_exact_existing_pair,stale_fingerprint_refresh,elevenlabs,eleven_multilingual_v2,lUTamkMw7gOzZbFIwmq4,assets/audio/voice/marcus/ex-glute-bridge-reps-first-v21.mp3,false,false,false,src/audio/manifest.ts,src/audio/voiceV21AudioManifest.ts,already_current_skip,,Voice V2.1 refresh from final cue registry. Exact Clara/Marcus pair exists in the current physical manifest.
voice-v21-059,ex-glute-bridge-reps-next-v21,ex-glute-bridge-reps-next-v21,clara,Glute bridge.,training,exercise_later_set,instruction,reuse_exact_existing_pair,stale_fingerprint_refresh,elevenlabs,eleven_multilingual_v2,rfkTsdZrVWEVhDycUYn9,assets/audio/voice/clara/ex-glute-bridge-reps-next-v21.mp3,false,false,false,src/audio/manifest.ts,src/audio/voiceV21AudioManifest.ts,already_current_skip,,Voice V2.1 refresh from final cue registry. Exact Clara/Marcus pair exists in the current physical manifest.
voice-v21-060,ex-glute-bridge-reps-next-v21,ex-glute-bridge-reps-next-v21,marcus,Glute bridge.,training,exercise_later_set,instruction,reuse_exact_existing_pair,stale_fingerprint_refresh,elevenlabs,eleven_multilingual_v2,lUTamkMw7gOzZbFIwmq4,assets/audio/voice/marcus/ex-glute-bridge-reps-next-v21.mp3,false,false,false,src/audio/manifest.ts,src/audio/voiceV21AudioManifest.ts,already_current_skip,,Voice V2.1 refresh from final cue registry. Exact Clara/Marcus pair exists in the current physical manifest.
voice-v21-061,ex-heel-raise-free-first-v21,ex-heel-raise-free-first-v21,clara,"Heel raise. Stand tall. Rise onto the balls of your feet, then lower slowly.",training,exercise_first_use,instruction,reuse_exact_existing_pair,stale_fingerprint_refresh,elevenlabs,eleven_multilingual_v2,rfkTsdZrVWEVhDycUYn9,assets/audio/voice/clara/ex-heel-raise-free-first-v21.mp3,false,false,false,src/audio/manifest.ts,src/audio/voiceV21AudioManifest.ts,already_current_skip,,Voice V2.1 refresh from final cue registry. Exact Clara/Marcus pair exists in the current physical manifest.
voice-v21-062,ex-heel-raise-free-first-v21,ex-heel-raise-free-first-v21,marcus,"Heel raise. Stand tall. Rise onto the balls of your feet, then lower slowly.",training,exercise_first_use,instruction,reuse_exact_existing_pair,stale_fingerprint_refresh,elevenlabs,eleven_multilingual_v2,lUTamkMw7gOzZbFIwmq4,assets/audio/voice/marcus/ex-heel-raise-free-first-v21.mp3,false,false,false,src/audio/manifest.ts,src/audio/voiceV21AudioManifest.ts,already_current_skip,,Voice V2.1 refresh from final cue registry. Exact Clara/Marcus pair exists in the current physical manifest.
voice-v21-063,ex-heel-raise-free-next-v21,ex-heel-raise-free-next-v21,clara,Heel raise.,training,exercise_later_set,instruction,reuse_exact_existing_pair,stale_fingerprint_refresh,elevenlabs,eleven_multilingual_v2,rfkTsdZrVWEVhDycUYn9,assets/audio/voice/clara/ex-heel-raise-free-next-v21.mp3,false,false,false,src/audio/manifest.ts,src/audio/voiceV21AudioManifest.ts,already_current_skip,,Voice V2.1 refresh from final cue registry. Exact Clara/Marcus pair exists in the current physical manifest.
voice-v21-064,ex-heel-raise-free-next-v21,ex-heel-raise-free-next-v21,marcus,Heel raise.,training,exercise_later_set,instruction,reuse_exact_existing_pair,stale_fingerprint_refresh,elevenlabs,eleven_multilingual_v2,lUTamkMw7gOzZbFIwmq4,assets/audio/voice/marcus/ex-heel-raise-free-next-v21.mp3,false,false,false,src/audio/manifest.ts,src/audio/voiceV21AudioManifest.ts,already_current_skip,,Voice V2.1 refresh from final cue registry. Exact Clara/Marcus pair exists in the current physical manifest.
voice-v21-065,ex-heel-raise-supported-first-v21,ex-heel-raise-supported-first-v21,clara,"Supported heel raise. Fingertips near support. Rise onto the balls of your feet, then lower slowly.",training,exercise_first_use,instruction,reuse_exact_existing_pair,stale_fingerprint_refresh,elevenlabs,eleven_multilingual_v2,rfkTsdZrVWEVhDycUYn9,assets/audio/voice/clara/ex-heel-raise-supported-first-v21.mp3,false,false,false,src/audio/manifest.ts,src/audio/voiceV21AudioManifest.ts,already_current_skip,,Voice V2.1 refresh from final cue registry. Exact Clara/Marcus pair exists in the current physical manifest.
voice-v21-066,ex-heel-raise-supported-first-v21,ex-heel-raise-supported-first-v21,marcus,"Supported heel raise. Fingertips near support. Rise onto the balls of your feet, then lower slowly.",training,exercise_first_use,instruction,reuse_exact_existing_pair,stale_fingerprint_refresh,elevenlabs,eleven_multilingual_v2,lUTamkMw7gOzZbFIwmq4,assets/audio/voice/marcus/ex-heel-raise-supported-first-v21.mp3,false,false,false,src/audio/manifest.ts,src/audio/voiceV21AudioManifest.ts,already_current_skip,,Voice V2.1 refresh from final cue registry. Exact Clara/Marcus pair exists in the current physical manifest.
voice-v21-067,ex-heel-raise-supported-next-v21,ex-heel-raise-supported-next-v21,clara,Supported heel raise.,training,exercise_later_set,instruction,reuse_exact_existing_pair,stale_fingerprint_refresh,elevenlabs,eleven_multilingual_v2,rfkTsdZrVWEVhDycUYn9,assets/audio/voice/clara/ex-heel-raise-supported-next-v21.mp3,false,false,false,src/audio/manifest.ts,src/audio/voiceV21AudioManifest.ts,already_current_skip,,Voice V2.1 refresh from final cue registry. Exact Clara/Marcus pair exists in the current physical manifest.
voice-v21-068,ex-heel-raise-supported-next-v21,ex-heel-raise-supported-next-v21,marcus,Supported heel raise.,training,exercise_later_set,instruction,reuse_exact_existing_pair,stale_fingerprint_refresh,elevenlabs,eleven_multilingual_v2,lUTamkMw7gOzZbFIwmq4,assets/audio/voice/marcus/ex-heel-raise-supported-next-v21.mp3,false,false,false,src/audio/manifest.ts,src/audio/voiceV21AudioManifest.ts,already_current_skip,,Voice V2.1 refresh from final cue registry. Exact Clara/Marcus pair exists in the current physical manifest.
voice-v21-069,ex-hip-hinge-free-first-v21,ex-hip-hinge-free-first-v21,clara,"Hip hinge. Feet under hips. Send hips back with a long spine, then stand tall.",training,exercise_first_use,instruction,reuse_exact_existing_pair,stale_fingerprint_refresh,elevenlabs,eleven_multilingual_v2,rfkTsdZrVWEVhDycUYn9,assets/audio/voice/clara/ex-hip-hinge-free-first-v21.mp3,false,false,false,src/audio/manifest.ts,src/audio/voiceV21AudioManifest.ts,already_current_skip,,Voice V2.1 refresh from final cue registry. Exact Clara/Marcus pair exists in the current physical manifest.
voice-v21-070,ex-hip-hinge-free-first-v21,ex-hip-hinge-free-first-v21,marcus,"Hip hinge. Feet under hips. Send hips back with a long spine, then stand tall.",training,exercise_first_use,instruction,reuse_exact_existing_pair,stale_fingerprint_refresh,elevenlabs,eleven_multilingual_v2,lUTamkMw7gOzZbFIwmq4,assets/audio/voice/marcus/ex-hip-hinge-free-first-v21.mp3,false,false,false,src/audio/manifest.ts,src/audio/voiceV21AudioManifest.ts,already_current_skip,,Voice V2.1 refresh from final cue registry. Exact Clara/Marcus pair exists in the current physical manifest.
voice-v21-071,ex-hip-hinge-free-next-v21,ex-hip-hinge-free-next-v21,clara,Hip hinge.,training,exercise_later_set,instruction,reuse_exact_existing_pair,stale_fingerprint_refresh,elevenlabs,eleven_multilingual_v2,rfkTsdZrVWEVhDycUYn9,assets/audio/voice/clara/ex-hip-hinge-free-next-v21.mp3,false,false,false,src/audio/manifest.ts,src/audio/voiceV21AudioManifest.ts,already_current_skip,,Voice V2.1 refresh from final cue registry. Exact Clara/Marcus pair exists in the current physical manifest.
voice-v21-072,ex-hip-hinge-free-next-v21,ex-hip-hinge-free-next-v21,marcus,Hip hinge.,training,exercise_later_set,instruction,reuse_exact_existing_pair,stale_fingerprint_refresh,elevenlabs,eleven_multilingual_v2,lUTamkMw7gOzZbFIwmq4,assets/audio/voice/marcus/ex-hip-hinge-free-next-v21.mp3,false,false,false,src/audio/manifest.ts,src/audio/voiceV21AudioManifest.ts,already_current_skip,,Voice V2.1 refresh from final cue registry. Exact Clara/Marcus pair exists in the current physical manifest.
voice-v21-073,ex-hip-hinge-wall-first-v21,ex-hip-hinge-wall-first-v21,clara,"Wall-tap hinge. Stand a step from the wall. Send hips back to tap the wall, then stand tall.",training,exercise_first_use,instruction,reuse_exact_existing_pair,stale_fingerprint_refresh,elevenlabs,eleven_multilingual_v2,rfkTsdZrVWEVhDycUYn9,assets/audio/voice/clara/ex-hip-hinge-wall-first-v21.mp3,false,false,false,src/audio/manifest.ts,src/audio/voiceV21AudioManifest.ts,already_current_skip,,Voice V2.1 refresh from final cue registry. Exact Clara/Marcus pair exists in the current physical manifest.
voice-v21-074,ex-hip-hinge-wall-first-v21,ex-hip-hinge-wall-first-v21,marcus,"Wall-tap hinge. Stand a step from the wall. Send hips back to tap the wall, then stand tall.",training,exercise_first_use,instruction,reuse_exact_existing_pair,stale_fingerprint_refresh,elevenlabs,eleven_multilingual_v2,lUTamkMw7gOzZbFIwmq4,assets/audio/voice/marcus/ex-hip-hinge-wall-first-v21.mp3,false,false,false,src/audio/manifest.ts,src/audio/voiceV21AudioManifest.ts,already_current_skip,,Voice V2.1 refresh from final cue registry. Exact Clara/Marcus pair exists in the current physical manifest.
voice-v21-075,ex-hip-hinge-wall-next-v21,ex-hip-hinge-wall-next-v21,clara,Wall-tap hinge.,training,exercise_later_set,instruction,reuse_exact_existing_pair,stale_fingerprint_refresh,elevenlabs,eleven_multilingual_v2,rfkTsdZrVWEVhDycUYn9,assets/audio/voice/clara/ex-hip-hinge-wall-next-v21.mp3,false,false,false,src/audio/manifest.ts,src/audio/voiceV21AudioManifest.ts,already_current_skip,,Voice V2.1 refresh from final cue registry. Exact Clara/Marcus pair exists in the current physical manifest.
voice-v21-076,ex-hip-hinge-wall-next-v21,ex-hip-hinge-wall-next-v21,marcus,Wall-tap hinge.,training,exercise_later_set,instruction,reuse_exact_existing_pair,stale_fingerprint_refresh,elevenlabs,eleven_multilingual_v2,lUTamkMw7gOzZbFIwmq4,assets/audio/voice/marcus/ex-hip-hinge-wall-next-v21.mp3,false,false,false,src/audio/manifest.ts,src/audio/voiceV21AudioManifest.ts,already_current_skip,,Voice V2.1 refresh from final cue registry. Exact Clara/Marcus pair exists in the current physical manifest.
voice-v21-077,ex-loaded-march-first-v21,ex-loaded-march-first-v21,clara,March in place. Stand tall near support and march with a steady rhythm.,training,exercise_first_use,instruction,reuse_exact_existing_pair,stale_fingerprint_refresh,elevenlabs,eleven_multilingual_v2,rfkTsdZrVWEVhDycUYn9,assets/audio/voice/clara/ex-loaded-march-first-v21.mp3,false,false,false,src/audio/manifest.ts,src/audio/voiceV21AudioManifest.ts,already_current_skip,,Voice V2.1 refresh from final cue registry. Exact Clara/Marcus pair exists in the current physical manifest.
voice-v21-078,ex-loaded-march-first-v21,ex-loaded-march-first-v21,marcus,March in place. Stand tall near support and march with a steady rhythm.,training,exercise_first_use,instruction,reuse_exact_existing_pair,stale_fingerprint_refresh,elevenlabs,eleven_multilingual_v2,lUTamkMw7gOzZbFIwmq4,assets/audio/voice/marcus/ex-loaded-march-first-v21.mp3,false,false,false,src/audio/manifest.ts,src/audio/voiceV21AudioManifest.ts,already_current_skip,,Voice V2.1 refresh from final cue registry. Exact Clara/Marcus pair exists in the current physical manifest.
voice-v21-079,ex-loaded-march-next-v21,ex-loaded-march-next-v21,clara,March in place.,training,exercise_later_set,instruction,reuse_exact_existing_pair,stale_fingerprint_refresh,elevenlabs,eleven_multilingual_v2,rfkTsdZrVWEVhDycUYn9,assets/audio/voice/clara/ex-loaded-march-next-v21.mp3,false,false,false,src/audio/manifest.ts,src/audio/voiceV21AudioManifest.ts,already_current_skip,,Voice V2.1 refresh from final cue registry. Exact Clara/Marcus pair exists in the current physical manifest.
voice-v21-080,ex-loaded-march-next-v21,ex-loaded-march-next-v21,marcus,March in place.,training,exercise_later_set,instruction,reuse_exact_existing_pair,stale_fingerprint_refresh,elevenlabs,eleven_multilingual_v2,lUTamkMw7gOzZbFIwmq4,assets/audio/voice/marcus/ex-loaded-march-next-v21.mp3,false,false,false,src/audio/manifest.ts,src/audio/voiceV21AudioManifest.ts,already_current_skip,,Voice V2.1 refresh from final cue registry. Exact Clara/Marcus pair exists in the current physical manifest.
voice-v21-081,ex-loaded-sit-to-stand-first-v21,ex-loaded-sit-to-stand-first-v21,clara,"Loaded sit-to-stand. Hold the load close to your chest. Stand fully, then sit with control.",training,exercise_first_use,instruction,reuse_exact_existing_pair,stale_fingerprint_refresh,elevenlabs,eleven_multilingual_v2,rfkTsdZrVWEVhDycUYn9,assets/audio/voice/clara/ex-loaded-sit-to-stand-first-v21.mp3,false,false,false,src/audio/manifest.ts,src/audio/voiceV21AudioManifest.ts,already_current_skip,,Voice V2.1 refresh from final cue registry. Exact Clara/Marcus pair exists in the current physical manifest.
voice-v21-082,ex-loaded-sit-to-stand-first-v21,ex-loaded-sit-to-stand-first-v21,marcus,"Loaded sit-to-stand. Hold the load close to your chest. Stand fully, then sit with control.",training,exercise_first_use,instruction,reuse_exact_existing_pair,stale_fingerprint_refresh,elevenlabs,eleven_multilingual_v2,lUTamkMw7gOzZbFIwmq4,assets/audio/voice/marcus/ex-loaded-sit-to-stand-first-v21.mp3,false,false,false,src/audio/manifest.ts,src/audio/voiceV21AudioManifest.ts,already_current_skip,,Voice V2.1 refresh from final cue registry. Exact Clara/Marcus pair exists in the current physical manifest.
voice-v21-083,ex-loaded-sit-to-stand-next-v21,ex-loaded-sit-to-stand-next-v21,clara,Loaded sit-to-stand.,training,exercise_later_set,instruction,reuse_exact_existing_pair,stale_fingerprint_refresh,elevenlabs,eleven_multilingual_v2,rfkTsdZrVWEVhDycUYn9,assets/audio/voice/clara/ex-loaded-sit-to-stand-next-v21.mp3,false,false,false,src/audio/manifest.ts,src/audio/voiceV21AudioManifest.ts,already_current_skip,,Voice V2.1 refresh from final cue registry. Exact Clara/Marcus pair exists in the current physical manifest.
voice-v21-084,ex-loaded-sit-to-stand-next-v21,ex-loaded-sit-to-stand-next-v21,marcus,Loaded sit-to-stand.,training,exercise_later_set,instruction,reuse_exact_existing_pair,stale_fingerprint_refresh,elevenlabs,eleven_multilingual_v2,lUTamkMw7gOzZbFIwmq4,assets/audio/voice/marcus/ex-loaded-sit-to-stand-next-v21.mp3,false,false,false,src/audio/manifest.ts,src/audio/voiceV21AudioManifest.ts,already_current_skip,,Voice V2.1 refresh from final cue registry. Exact Clara/Marcus pair exists in the current physical manifest.
voice-v21-085,ex-mini-band-lateral-walk-first-v21,ex-mini-band-lateral-walk-first-v21,clara,Mini-band lateral walk. Band above your knees. Take small controlled steps both directions.,training,exercise_first_use,instruction,reuse_exact_existing_pair,stale_fingerprint_refresh,elevenlabs,eleven_multilingual_v2,rfkTsdZrVWEVhDycUYn9,assets/audio/voice/clara/ex-mini-band-lateral-walk-first-v21.mp3,false,false,false,src/audio/manifest.ts,src/audio/voiceV21AudioManifest.ts,already_current_skip,,Voice V2.1 refresh from final cue registry. Exact Clara/Marcus pair exists in the current physical manifest.
voice-v21-086,ex-mini-band-lateral-walk-first-v21,ex-mini-band-lateral-walk-first-v21,marcus,Mini-band lateral walk. Band above your knees. Take small controlled steps both directions.,training,exercise_first_use,instruction,reuse_exact_existing_pair,stale_fingerprint_refresh,elevenlabs,eleven_multilingual_v2,lUTamkMw7gOzZbFIwmq4,assets/audio/voice/marcus/ex-mini-band-lateral-walk-first-v21.mp3,false,false,false,src/audio/manifest.ts,src/audio/voiceV21AudioManifest.ts,already_current_skip,,Voice V2.1 refresh from final cue registry. Exact Clara/Marcus pair exists in the current physical manifest.
voice-v21-087,ex-mini-band-lateral-walk-next-v21,ex-mini-band-lateral-walk-next-v21,clara,Mini-band lateral walk.,training,exercise_later_set,instruction,reuse_exact_existing_pair,stale_fingerprint_refresh,elevenlabs,eleven_multilingual_v2,rfkTsdZrVWEVhDycUYn9,assets/audio/voice/clara/ex-mini-band-lateral-walk-next-v21.mp3,false,false,false,src/audio/manifest.ts,src/audio/voiceV21AudioManifest.ts,already_current_skip,,Voice V2.1 refresh from final cue registry. Exact Clara/Marcus pair exists in the current physical manifest.
voice-v21-088,ex-mini-band-lateral-walk-next-v21,ex-mini-band-lateral-walk-next-v21,marcus,Mini-band lateral walk.,training,exercise_later_set,instruction,reuse_exact_existing_pair,stale_fingerprint_refresh,elevenlabs,eleven_multilingual_v2,lUTamkMw7gOzZbFIwmq4,assets/audio/voice/marcus/ex-mini-band-lateral-walk-next-v21.mp3,false,false,false,src/audio/manifest.ts,src/audio/voiceV21AudioManifest.ts,already_current_skip,,Voice V2.1 refresh from final cue registry. Exact Clara/Marcus pair exists in the current physical manifest.
voice-v21-089,ex-neck-rotation-first-v21,ex-neck-rotation-first-v21,clara,"Neck rotations. Face the phone, sit or stand tall, and slowly look over one shoulder, then the other.",training,exercise_first_use,instruction,reuse_exact_existing_pair,stale_fingerprint_refresh,elevenlabs,eleven_multilingual_v2,rfkTsdZrVWEVhDycUYn9,assets/audio/voice/clara/ex-neck-rotation-first-v21.mp3,false,false,false,src/audio/manifest.ts,src/audio/voiceV21AudioManifest.ts,already_current_skip,,Voice V2.1 refresh from final cue registry. Exact Clara/Marcus pair exists in the current physical manifest.
voice-v21-090,ex-neck-rotation-first-v21,ex-neck-rotation-first-v21,marcus,"Neck rotations. Face the phone, sit or stand tall, and slowly look over one shoulder, then the other.",training,exercise_first_use,instruction,reuse_exact_existing_pair,stale_fingerprint_refresh,elevenlabs,eleven_multilingual_v2,lUTamkMw7gOzZbFIwmq4,assets/audio/voice/marcus/ex-neck-rotation-first-v21.mp3,false,false,false,src/audio/manifest.ts,src/audio/voiceV21AudioManifest.ts,already_current_skip,,Voice V2.1 refresh from final cue registry. Exact Clara/Marcus pair exists in the current physical manifest.
voice-v21-091,ex-neck-rotation-next-v21,ex-neck-rotation-next-v21,clara,Neck rotations.,training,exercise_later_set,instruction,reuse_exact_existing_pair,stale_fingerprint_refresh,elevenlabs,eleven_multilingual_v2,rfkTsdZrVWEVhDycUYn9,assets/audio/voice/clara/ex-neck-rotation-next-v21.mp3,false,false,false,src/audio/manifest.ts,src/audio/voiceV21AudioManifest.ts,already_current_skip,,Voice V2.1 refresh from final cue registry. Exact Clara/Marcus pair exists in the current physical manifest.
voice-v21-092,ex-neck-rotation-next-v21,ex-neck-rotation-next-v21,marcus,Neck rotations.,training,exercise_later_set,instruction,reuse_exact_existing_pair,stale_fingerprint_refresh,elevenlabs,eleven_multilingual_v2,lUTamkMw7gOzZbFIwmq4,assets/audio/voice/marcus/ex-neck-rotation-next-v21.mp3,false,false,false,src/audio/manifest.ts,src/audio/voiceV21AudioManifest.ts,already_current_skip,,Voice V2.1 refresh from final cue registry. Exact Clara/Marcus pair exists in the current physical manifest.
voice-v21-093,ex-overhead-press-band-first-v21,ex-overhead-press-band-first-v21,clara,"Band overhead press. Stand tall with light band tension. Press overhead, then return slowly.",training,exercise_first_use,instruction,reuse_exact_existing_pair,stale_fingerprint_refresh,elevenlabs,eleven_multilingual_v2,rfkTsdZrVWEVhDycUYn9,assets/audio/voice/clara/ex-overhead-press-band-first-v21.mp3,false,false,false,src/audio/manifest.ts,src/audio/voiceV21AudioManifest.ts,already_current_skip,,Voice V2.1 refresh from final cue registry. Exact Clara/Marcus pair exists in the current physical manifest.
voice-v21-094,ex-overhead-press-band-first-v21,ex-overhead-press-band-first-v21,marcus,"Band overhead press. Stand tall with light band tension. Press overhead, then return slowly.",training,exercise_first_use,instruction,reuse_exact_existing_pair,stale_fingerprint_refresh,elevenlabs,eleven_multilingual_v2,lUTamkMw7gOzZbFIwmq4,assets/audio/voice/marcus/ex-overhead-press-band-first-v21.mp3,false,false,false,src/audio/manifest.ts,src/audio/voiceV21AudioManifest.ts,already_current_skip,,Voice V2.1 refresh from final cue registry. Exact Clara/Marcus pair exists in the current physical manifest.
voice-v21-095,ex-overhead-press-band-next-v21,ex-overhead-press-band-next-v21,clara,Band overhead press.,training,exercise_later_set,instruction,reuse_exact_existing_pair,stale_fingerprint_refresh,elevenlabs,eleven_multilingual_v2,rfkTsdZrVWEVhDycUYn9,assets/audio/voice/clara/ex-overhead-press-band-next-v21.mp3,false,false,false,src/audio/manifest.ts,src/audio/voiceV21AudioManifest.ts,already_current_skip,,Voice V2.1 refresh from final cue registry. Exact Clara/Marcus pair exists in the current physical manifest.
voice-v21-096,ex-overhead-press-band-next-v21,ex-overhead-press-band-next-v21,marcus,Band overhead press.,training,exercise_later_set,instruction,reuse_exact_existing_pair,stale_fingerprint_refresh,elevenlabs,eleven_multilingual_v2,lUTamkMw7gOzZbFIwmq4,assets/audio/voice/marcus/ex-overhead-press-band-next-v21.mp3,false,false,false,src/audio/manifest.ts,src/audio/voiceV21AudioManifest.ts,already_current_skip,,Voice V2.1 refresh from final cue registry. Exact Clara/Marcus pair exists in the current physical manifest.
voice-v21-097,ex-overhead-reach-first-v21,ex-overhead-reach-first-v21,clara,"Overhead reach. Stand tall. Reach both arms overhead as far as comfortable, then lower.",training,exercise_first_use,instruction,reuse_exact_existing_pair,stale_fingerprint_refresh,elevenlabs,eleven_multilingual_v2,rfkTsdZrVWEVhDycUYn9,assets/audio/voice/clara/ex-overhead-reach-first-v21.mp3,false,false,false,src/audio/manifest.ts,src/audio/voiceV21AudioManifest.ts,already_current_skip,,Voice V2.1 refresh from final cue registry. Exact Clara/Marcus pair exists in the current physical manifest.
voice-v21-098,ex-overhead-reach-first-v21,ex-overhead-reach-first-v21,marcus,"Overhead reach. Stand tall. Reach both arms overhead as far as comfortable, then lower.",training,exercise_first_use,instruction,reuse_exact_existing_pair,stale_fingerprint_refresh,elevenlabs,eleven_multilingual_v2,lUTamkMw7gOzZbFIwmq4,assets/audio/voice/marcus/ex-overhead-reach-first-v21.mp3,false,false,false,src/audio/manifest.ts,src/audio/voiceV21AudioManifest.ts,already_current_skip,,Voice V2.1 refresh from final cue registry. Exact Clara/Marcus pair exists in the current physical manifest.
voice-v21-099,ex-overhead-reach-next-v21,ex-overhead-reach-next-v21,clara,Overhead reach.,training,exercise_later_set,instruction,reuse_exact_existing_pair,stale_fingerprint_refresh,elevenlabs,eleven_multilingual_v2,rfkTsdZrVWEVhDycUYn9,assets/audio/voice/clara/ex-overhead-reach-next-v21.mp3,false,false,false,src/audio/manifest.ts,src/audio/voiceV21AudioManifest.ts,already_current_skip,,Voice V2.1 refresh from final cue registry. Exact Clara/Marcus pair exists in the current physical manifest.
voice-v21-100,ex-overhead-reach-next-v21,ex-overhead-reach-next-v21,marcus,Overhead reach.,training,exercise_later_set,instruction,reuse_exact_existing_pair,stale_fingerprint_refresh,elevenlabs,eleven_multilingual_v2,lUTamkMw7gOzZbFIwmq4,assets/audio/voice/marcus/ex-overhead-reach-next-v21.mp3,false,false,false,src/audio/manifest.ts,src/audio/voiceV21AudioManifest.ts,already_current_skip,,Voice V2.1 refresh from final cue registry. Exact Clara/Marcus pair exists in the current physical manifest.
voice-v21-101,ex-push-up-incline-first-v21,ex-push-up-incline-first-v21,clara,"Incline push-up. Hands on a stable counter or sturdy chair. Lower in with control, then press away.",training,exercise_first_use,instruction,reuse_exact_existing_pair,stale_fingerprint_refresh,elevenlabs,eleven_multilingual_v2,rfkTsdZrVWEVhDycUYn9,assets/audio/voice/clara/ex-push-up-incline-first-v21.mp3,false,false,false,src/audio/manifest.ts,src/audio/voiceV21AudioManifest.ts,already_current_skip,,Voice V2.1 refresh from final cue registry. Exact Clara/Marcus pair exists in the current physical manifest.
voice-v21-102,ex-push-up-incline-first-v21,ex-push-up-incline-first-v21,marcus,"Incline push-up. Hands on a stable counter or sturdy chair. Lower in with control, then press away.",training,exercise_first_use,instruction,reuse_exact_existing_pair,stale_fingerprint_refresh,elevenlabs,eleven_multilingual_v2,lUTamkMw7gOzZbFIwmq4,assets/audio/voice/marcus/ex-push-up-incline-first-v21.mp3,false,false,false,src/audio/manifest.ts,src/audio/voiceV21AudioManifest.ts,already_current_skip,,Voice V2.1 refresh from final cue registry. Exact Clara/Marcus pair exists in the current physical manifest.
voice-v21-103,ex-push-up-incline-next-v21,ex-push-up-incline-next-v21,clara,Incline push-up.,training,exercise_later_set,instruction,reuse_exact_existing_pair,stale_fingerprint_refresh,elevenlabs,eleven_multilingual_v2,rfkTsdZrVWEVhDycUYn9,assets/audio/voice/clara/ex-push-up-incline-next-v21.mp3,false,false,false,src/audio/manifest.ts,src/audio/voiceV21AudioManifest.ts,already_current_skip,,Voice V2.1 refresh from final cue registry. Exact Clara/Marcus pair exists in the current physical manifest.
voice-v21-104,ex-push-up-incline-next-v21,ex-push-up-incline-next-v21,marcus,Incline push-up.,training,exercise_later_set,instruction,reuse_exact_existing_pair,stale_fingerprint_refresh,elevenlabs,eleven_multilingual_v2,lUTamkMw7gOzZbFIwmq4,assets/audio/voice/marcus/ex-push-up-incline-next-v21.mp3,false,false,false,src/audio/manifest.ts,src/audio/voiceV21AudioManifest.ts,already_current_skip,,Voice V2.1 refresh from final cue registry. Exact Clara/Marcus pair exists in the current physical manifest.
voice-v21-105,ex-push-up-standard-first-v21,ex-push-up-standard-first-v21,clara,"Push-up. Start from the floor position. Lower with control, then press up.",training,exercise_first_use,instruction,reuse_exact_existing_pair,stale_fingerprint_refresh,elevenlabs,eleven_multilingual_v2,rfkTsdZrVWEVhDycUYn9,assets/audio/voice/clara/ex-push-up-standard-first-v21.mp3,false,false,false,src/audio/manifest.ts,src/audio/voiceV21AudioManifest.ts,already_current_skip,,Voice V2.1 refresh from final cue registry. Exact Clara/Marcus pair exists in the current physical manifest.
voice-v21-106,ex-push-up-standard-first-v21,ex-push-up-standard-first-v21,marcus,"Push-up. Start from the floor position. Lower with control, then press up.",training,exercise_first_use,instruction,reuse_exact_existing_pair,stale_fingerprint_refresh,elevenlabs,eleven_multilingual_v2,lUTamkMw7gOzZbFIwmq4,assets/audio/voice/marcus/ex-push-up-standard-first-v21.mp3,false,false,false,src/audio/manifest.ts,src/audio/voiceV21AudioManifest.ts,already_current_skip,,Voice V2.1 refresh from final cue registry. Exact Clara/Marcus pair exists in the current physical manifest.
voice-v21-107,ex-push-up-standard-next-v21,ex-push-up-standard-next-v21,clara,Push-up.,training,exercise_later_set,instruction,reuse_exact_existing_pair,stale_fingerprint_refresh,elevenlabs,eleven_multilingual_v2,rfkTsdZrVWEVhDycUYn9,assets/audio/voice/clara/ex-push-up-standard-next-v21.mp3,false,false,false,src/audio/manifest.ts,src/audio/voiceV21AudioManifest.ts,already_current_skip,,Voice V2.1 refresh from final cue registry. Exact Clara/Marcus pair exists in the current physical manifest.
voice-v21-108,ex-push-up-standard-next-v21,ex-push-up-standard-next-v21,marcus,Push-up.,training,exercise_later_set,instruction,reuse_exact_existing_pair,stale_fingerprint_refresh,elevenlabs,eleven_multilingual_v2,lUTamkMw7gOzZbFIwmq4,assets/audio/voice/marcus/ex-push-up-standard-next-v21.mp3,false,false,false,src/audio/manifest.ts,src/audio/voiceV21AudioManifest.ts,already_current_skip,,Voice V2.1 refresh from final cue registry. Exact Clara/Marcus pair exists in the current physical manifest.
voice-v21-109,ex-push-up-wall-first-v21,ex-push-up-wall-first-v21,clara,"Wall push-up. Hands on the wall. Lower in with control, then press away.",training,exercise_first_use,instruction,reuse_exact_existing_pair,stale_fingerprint_refresh,elevenlabs,eleven_multilingual_v2,rfkTsdZrVWEVhDycUYn9,assets/audio/voice/clara/ex-push-up-wall-first-v21.mp3,false,false,false,src/audio/manifest.ts,src/audio/voiceV21AudioManifest.ts,already_current_skip,,Voice V2.1 refresh from final cue registry. Exact Clara/Marcus pair exists in the current physical manifest.
voice-v21-110,ex-push-up-wall-first-v21,ex-push-up-wall-first-v21,marcus,"Wall push-up. Hands on the wall. Lower in with control, then press away.",training,exercise_first_use,instruction,reuse_exact_existing_pair,stale_fingerprint_refresh,elevenlabs,eleven_multilingual_v2,lUTamkMw7gOzZbFIwmq4,assets/audio/voice/marcus/ex-push-up-wall-first-v21.mp3,false,false,false,src/audio/manifest.ts,src/audio/voiceV21AudioManifest.ts,already_current_skip,,Voice V2.1 refresh from final cue registry. Exact Clara/Marcus pair exists in the current physical manifest.
voice-v21-111,ex-push-up-wall-next-v21,ex-push-up-wall-next-v21,clara,Wall push-up.,training,exercise_later_set,instruction,reuse_exact_existing_pair,stale_fingerprint_refresh,elevenlabs,eleven_multilingual_v2,rfkTsdZrVWEVhDycUYn9,assets/audio/voice/clara/ex-push-up-wall-next-v21.mp3,false,false,false,src/audio/manifest.ts,src/audio/voiceV21AudioManifest.ts,already_current_skip,,Voice V2.1 refresh from final cue registry. Exact Clara/Marcus pair exists in the current physical manifest.
voice-v21-112,ex-push-up-wall-next-v21,ex-push-up-wall-next-v21,marcus,Wall push-up.,training,exercise_later_set,instruction,reuse_exact_existing_pair,stale_fingerprint_refresh,elevenlabs,eleven_multilingual_v2,lUTamkMw7gOzZbFIwmq4,assets/audio/voice/marcus/ex-push-up-wall-next-v21.mp3,false,false,false,src/audio/manifest.ts,src/audio/voiceV21AudioManifest.ts,already_current_skip,,Voice V2.1 refresh from final cue registry. Exact Clara/Marcus pair exists in the current physical manifest.
voice-v21-113,ex-seated-band-row-first-v21,ex-seated-band-row-first-v21,clara,"Seated band row. Sit tall on a sturdy chair with the band anchored under both feet. Pull elbows back, then return slowly.",training,exercise_first_use,instruction,reuse_exact_existing_pair,stale_fingerprint_refresh,elevenlabs,eleven_multilingual_v2,rfkTsdZrVWEVhDycUYn9,assets/audio/voice/clara/ex-seated-band-row-first-v21.mp3,false,false,false,src/audio/manifest.ts,src/audio/voiceV21AudioManifest.ts,already_current_skip,,Voice V2.1 refresh from final cue registry. Exact Clara/Marcus pair exists in the current physical manifest.
voice-v21-114,ex-seated-band-row-first-v21,ex-seated-band-row-first-v21,marcus,"Seated band row. Sit tall on a sturdy chair with the band anchored under both feet. Pull elbows back, then return slowly.",training,exercise_first_use,instruction,reuse_exact_existing_pair,stale_fingerprint_refresh,elevenlabs,eleven_multilingual_v2,lUTamkMw7gOzZbFIwmq4,assets/audio/voice/marcus/ex-seated-band-row-first-v21.mp3,false,false,false,src/audio/manifest.ts,src/audio/voiceV21AudioManifest.ts,already_current_skip,,Voice V2.1 refresh from final cue registry. Exact Clara/Marcus pair exists in the current physical manifest.
voice-v21-115,ex-seated-band-row-next-v21,ex-seated-band-row-next-v21,clara,Seated band row.,training,exercise_later_set,instruction,reuse_exact_existing_pair,stale_fingerprint_refresh,elevenlabs,eleven_multilingual_v2,rfkTsdZrVWEVhDycUYn9,assets/audio/voice/clara/ex-seated-band-row-next-v21.mp3,false,false,false,src/audio/manifest.ts,src/audio/voiceV21AudioManifest.ts,already_current_skip,,Voice V2.1 refresh from final cue registry. Exact Clara/Marcus pair exists in the current physical manifest.
voice-v21-116,ex-seated-band-row-next-v21,ex-seated-band-row-next-v21,marcus,Seated band row.,training,exercise_later_set,instruction,reuse_exact_existing_pair,stale_fingerprint_refresh,elevenlabs,eleven_multilingual_v2,lUTamkMw7gOzZbFIwmq4,assets/audio/voice/marcus/ex-seated-band-row-next-v21.mp3,false,false,false,src/audio/manifest.ts,src/audio/voiceV21AudioManifest.ts,already_current_skip,,Voice V2.1 refresh from final cue registry. Exact Clara/Marcus pair exists in the current physical manifest.
voice-v21-117,ex-seated-hamstring-reach-first-v21,ex-seated-hamstring-reach-first-v21,clara,Seated hamstring reach. Sit tall at the chair edge.,training,exercise_first_use,instruction,reuse_exact_existing_pair,stale_fingerprint_refresh,elevenlabs,eleven_multilingual_v2,rfkTsdZrVWEVhDycUYn9,assets/audio/voice/clara/ex-seated-hamstring-reach-first-v21.mp3,false,false,false,src/audio/manifest.ts,src/audio/voiceV21AudioManifest.ts,already_current_skip,,Voice V2.1 refresh from final cue registry. Exact Clara/Marcus pair exists in the current physical manifest.
voice-v21-118,ex-seated-hamstring-reach-first-v21,ex-seated-hamstring-reach-first-v21,marcus,Seated hamstring reach. Sit tall at the chair edge.,training,exercise_first_use,instruction,reuse_exact_existing_pair,stale_fingerprint_refresh,elevenlabs,eleven_multilingual_v2,lUTamkMw7gOzZbFIwmq4,assets/audio/voice/marcus/ex-seated-hamstring-reach-first-v21.mp3,false,false,false,src/audio/manifest.ts,src/audio/voiceV21AudioManifest.ts,already_current_skip,,Voice V2.1 refresh from final cue registry. Exact Clara/Marcus pair exists in the current physical manifest.
voice-v21-119,ex-seated-hamstring-reach-next-v21,ex-seated-hamstring-reach-next-v21,clara,Seated hamstring reach.,training,exercise_later_set,instruction,reuse_exact_existing_pair,stale_fingerprint_refresh,elevenlabs,eleven_multilingual_v2,rfkTsdZrVWEVhDycUYn9,assets/audio/voice/clara/ex-seated-hamstring-reach-next-v21.mp3,false,false,false,src/audio/manifest.ts,src/audio/voiceV21AudioManifest.ts,already_current_skip,,Voice V2.1 refresh from final cue registry. Exact Clara/Marcus pair exists in the current physical manifest.
voice-v21-120,ex-seated-hamstring-reach-next-v21,ex-seated-hamstring-reach-next-v21,marcus,Seated hamstring reach.,training,exercise_later_set,instruction,reuse_exact_existing_pair,stale_fingerprint_refresh,elevenlabs,eleven_multilingual_v2,lUTamkMw7gOzZbFIwmq4,assets/audio/voice/marcus/ex-seated-hamstring-reach-next-v21.mp3,false,false,false,src/audio/manifest.ts,src/audio/voiceV21AudioManifest.ts,already_current_skip,,Voice V2.1 refresh from final cue registry. Exact Clara/Marcus pair exists in the current physical manifest.
voice-v21-121,ex-squat-free-first-v21,ex-squat-free-first-v21,clara,"Squat. Feet about hip width. Lower as if to sit, then stand with control.",training,exercise_first_use,instruction,reuse_exact_existing_pair,stale_fingerprint_refresh,elevenlabs,eleven_multilingual_v2,rfkTsdZrVWEVhDycUYn9,assets/audio/voice/clara/ex-squat-free-first-v21.mp3,false,false,false,src/audio/manifest.ts,src/audio/voiceV21AudioManifest.ts,already_current_skip,,Voice V2.1 refresh from final cue registry. Exact Clara/Marcus pair exists in the current physical manifest.
voice-v21-122,ex-squat-free-first-v21,ex-squat-free-first-v21,marcus,"Squat. Feet about hip width. Lower as if to sit, then stand with control.",training,exercise_first_use,instruction,reuse_exact_existing_pair,stale_fingerprint_refresh,elevenlabs,eleven_multilingual_v2,lUTamkMw7gOzZbFIwmq4,assets/audio/voice/marcus/ex-squat-free-first-v21.mp3,false,false,false,src/audio/manifest.ts,src/audio/voiceV21AudioManifest.ts,already_current_skip,,Voice V2.1 refresh from final cue registry. Exact Clara/Marcus pair exists in the current physical manifest.
voice-v21-123,ex-squat-free-next-v21,ex-squat-free-next-v21,clara,Squat.,training,exercise_later_set,instruction,reuse_exact_existing_pair,stale_fingerprint_refresh,elevenlabs,eleven_multilingual_v2,rfkTsdZrVWEVhDycUYn9,assets/audio/voice/clara/ex-squat-free-next-v21.mp3,false,false,false,src/audio/manifest.ts,src/audio/voiceV21AudioManifest.ts,already_current_skip,,Voice V2.1 refresh from final cue registry. Exact Clara/Marcus pair exists in the current physical manifest.
voice-v21-124,ex-squat-free-next-v21,ex-squat-free-next-v21,marcus,Squat.,training,exercise_later_set,instruction,reuse_exact_existing_pair,stale_fingerprint_refresh,elevenlabs,eleven_multilingual_v2,lUTamkMw7gOzZbFIwmq4,assets/audio/voice/marcus/ex-squat-free-next-v21.mp3,false,false,false,src/audio/manifest.ts,src/audio/voiceV21AudioManifest.ts,already_current_skip,,Voice V2.1 refresh from final cue registry. Exact Clara/Marcus pair exists in the current physical manifest.
voice-v21-125,ex-squat-loaded-first-v21,ex-squat-loaded-first-v21,clara,"Loaded squat. Hold the load close to your chest. Lower into a squat, then stand with control.",training,exercise_first_use,instruction,reuse_exact_existing_pair,stale_fingerprint_refresh,elevenlabs,eleven_multilingual_v2,rfkTsdZrVWEVhDycUYn9,assets/audio/voice/clara/ex-squat-loaded-first-v21.mp3,false,false,false,src/audio/manifest.ts,src/audio/voiceV21AudioManifest.ts,already_current_skip,,Voice V2.1 refresh from final cue registry. Exact Clara/Marcus pair exists in the current physical manifest.
voice-v21-126,ex-squat-loaded-first-v21,ex-squat-loaded-first-v21,marcus,"Loaded squat. Hold the load close to your chest. Lower into a squat, then stand with control.",training,exercise_first_use,instruction,reuse_exact_existing_pair,stale_fingerprint_refresh,elevenlabs,eleven_multilingual_v2,lUTamkMw7gOzZbFIwmq4,assets/audio/voice/marcus/ex-squat-loaded-first-v21.mp3,false,false,false,src/audio/manifest.ts,src/audio/voiceV21AudioManifest.ts,already_current_skip,,Voice V2.1 refresh from final cue registry. Exact Clara/Marcus pair exists in the current physical manifest.
voice-v21-127,ex-squat-loaded-next-v21,ex-squat-loaded-next-v21,clara,Loaded squat.,training,exercise_later_set,instruction,reuse_exact_existing_pair,stale_fingerprint_refresh,elevenlabs,eleven_multilingual_v2,rfkTsdZrVWEVhDycUYn9,assets/audio/voice/clara/ex-squat-loaded-next-v21.mp3,false,false,false,src/audio/manifest.ts,src/audio/voiceV21AudioManifest.ts,already_current_skip,,Voice V2.1 refresh from final cue registry. Exact Clara/Marcus pair exists in the current physical manifest.
voice-v21-128,ex-squat-loaded-next-v21,ex-squat-loaded-next-v21,marcus,Loaded squat.,training,exercise_later_set,instruction,reuse_exact_existing_pair,stale_fingerprint_refresh,elevenlabs,eleven_multilingual_v2,lUTamkMw7gOzZbFIwmq4,assets/audio/voice/marcus/ex-squat-loaded-next-v21.mp3,false,false,false,src/audio/manifest.ts,src/audio/voiceV21AudioManifest.ts,already_current_skip,,Voice V2.1 refresh from final cue registry. Exact Clara/Marcus pair exists in the current physical manifest.
voice-v21-129,ex-squat-slow-eccentric-first-v21,ex-squat-slow-eccentric-first-v21,clara,"Slow-lower squat. Lower slowly, then stand with control.",training,exercise_first_use,instruction,reuse_exact_existing_pair,stale_fingerprint_refresh,elevenlabs,eleven_multilingual_v2,rfkTsdZrVWEVhDycUYn9,assets/audio/voice/clara/ex-squat-slow-eccentric-first-v21.mp3,false,false,false,src/audio/manifest.ts,src/audio/voiceV21AudioManifest.ts,already_current_skip,,Voice V2.1 refresh from final cue registry. Exact Clara/Marcus pair exists in the current physical manifest.
voice-v21-130,ex-squat-slow-eccentric-first-v21,ex-squat-slow-eccentric-first-v21,marcus,"Slow-lower squat. Lower slowly, then stand with control.",training,exercise_first_use,instruction,reuse_exact_existing_pair,stale_fingerprint_refresh,elevenlabs,eleven_multilingual_v2,lUTamkMw7gOzZbFIwmq4,assets/audio/voice/marcus/ex-squat-slow-eccentric-first-v21.mp3,false,false,false,src/audio/manifest.ts,src/audio/voiceV21AudioManifest.ts,already_current_skip,,Voice V2.1 refresh from final cue registry. Exact Clara/Marcus pair exists in the current physical manifest.
voice-v21-131,ex-squat-slow-eccentric-next-v21,ex-squat-slow-eccentric-next-v21,clara,Slow-lower squat.,training,exercise_later_set,instruction,reuse_exact_existing_pair,stale_fingerprint_refresh,elevenlabs,eleven_multilingual_v2,rfkTsdZrVWEVhDycUYn9,assets/audio/voice/clara/ex-squat-slow-eccentric-next-v21.mp3,false,false,false,src/audio/manifest.ts,src/audio/voiceV21AudioManifest.ts,already_current_skip,,Voice V2.1 refresh from final cue registry. Exact Clara/Marcus pair exists in the current physical manifest.
voice-v21-132,ex-squat-slow-eccentric-next-v21,ex-squat-slow-eccentric-next-v21,marcus,Slow-lower squat.,training,exercise_later_set,instruction,reuse_exact_existing_pair,stale_fingerprint_refresh,elevenlabs,eleven_multilingual_v2,lUTamkMw7gOzZbFIwmq4,assets/audio/voice/marcus/ex-squat-slow-eccentric-next-v21.mp3,false,false,false,src/audio/manifest.ts,src/audio/voiceV21AudioManifest.ts,already_current_skip,,Voice V2.1 refresh from final cue registry. Exact Clara/Marcus pair exists in the current physical manifest.
voice-v21-133,ex-squat-supported-first-v21,ex-squat-supported-first-v21,clara,"Supported squat. Stand near sturdy support. Lower as if to sit, then stand with control.",training,exercise_first_use,instruction,reuse_exact_existing_pair,stale_fingerprint_refresh,elevenlabs,eleven_multilingual_v2,rfkTsdZrVWEVhDycUYn9,assets/audio/voice/clara/ex-squat-supported-first-v21.mp3,false,false,false,src/audio/manifest.ts,src/audio/voiceV21AudioManifest.ts,already_current_skip,,Voice V2.1 refresh from final cue registry. Exact Clara/Marcus pair exists in the current physical manifest.
voice-v21-134,ex-squat-supported-first-v21,ex-squat-supported-first-v21,marcus,"Supported squat. Stand near sturdy support. Lower as if to sit, then stand with control.",training,exercise_first_use,instruction,reuse_exact_existing_pair,stale_fingerprint_refresh,elevenlabs,eleven_multilingual_v2,lUTamkMw7gOzZbFIwmq4,assets/audio/voice/marcus/ex-squat-supported-first-v21.mp3,false,false,false,src/audio/manifest.ts,src/audio/voiceV21AudioManifest.ts,already_current_skip,,Voice V2.1 refresh from final cue registry. Exact Clara/Marcus pair exists in the current physical manifest.
voice-v21-135,ex-squat-supported-next-v21,ex-squat-supported-next-v21,clara,Supported squat.,training,exercise_later_set,instruction,reuse_exact_existing_pair,stale_fingerprint_refresh,elevenlabs,eleven_multilingual_v2,rfkTsdZrVWEVhDycUYn9,assets/audio/voice/clara/ex-squat-supported-next-v21.mp3,false,false,false,src/audio/manifest.ts,src/audio/voiceV21AudioManifest.ts,already_current_skip,,Voice V2.1 refresh from final cue registry. Exact Clara/Marcus pair exists in the current physical manifest.
voice-v21-136,ex-squat-supported-next-v21,ex-squat-supported-next-v21,marcus,Supported squat.,training,exercise_later_set,instruction,reuse_exact_existing_pair,stale_fingerprint_refresh,elevenlabs,eleven_multilingual_v2,lUTamkMw7gOzZbFIwmq4,assets/audio/voice/marcus/ex-squat-supported-next-v21.mp3,false,false,false,src/audio/manifest.ts,src/audio/voiceV21AudioManifest.ts,already_current_skip,,Voice V2.1 refresh from final cue registry. Exact Clara/Marcus pair exists in the current physical manifest.
voice-v21-137,ex-standing-band-row-first-v21,ex-standing-band-row-first-v21,clara,"Standing band row. Face the secure door anchor in a stable stance. Pull elbows back, then return slowly.",training,exercise_first_use,instruction,reuse_exact_existing_pair,stale_fingerprint_refresh,elevenlabs,eleven_multilingual_v2,rfkTsdZrVWEVhDycUYn9,assets/audio/voice/clara/ex-standing-band-row-first-v21.mp3,false,false,false,src/audio/manifest.ts,src/audio/voiceV21AudioManifest.ts,already_current_skip,,Voice V2.1 refresh from final cue registry. Exact Clara/Marcus pair exists in the current physical manifest.
voice-v21-138,ex-standing-band-row-first-v21,ex-standing-band-row-first-v21,marcus,"Standing band row. Face the secure door anchor in a stable stance. Pull elbows back, then return slowly.",training,exercise_first_use,instruction,reuse_exact_existing_pair,stale_fingerprint_refresh,elevenlabs,eleven_multilingual_v2,lUTamkMw7gOzZbFIwmq4,assets/audio/voice/marcus/ex-standing-band-row-first-v21.mp3,false,false,false,src/audio/manifest.ts,src/audio/voiceV21AudioManifest.ts,already_current_skip,,Voice V2.1 refresh from final cue registry. Exact Clara/Marcus pair exists in the current physical manifest.
voice-v21-139,ex-standing-band-row-next-v21,ex-standing-band-row-next-v21,clara,Standing band row.,training,exercise_later_set,instruction,reuse_exact_existing_pair,stale_fingerprint_refresh,elevenlabs,eleven_multilingual_v2,rfkTsdZrVWEVhDycUYn9,assets/audio/voice/clara/ex-standing-band-row-next-v21.mp3,false,false,false,src/audio/manifest.ts,src/audio/voiceV21AudioManifest.ts,already_current_skip,,Voice V2.1 refresh from final cue registry. Exact Clara/Marcus pair exists in the current physical manifest.
voice-v21-140,ex-standing-band-row-next-v21,ex-standing-band-row-next-v21,marcus,Standing band row.,training,exercise_later_set,instruction,reuse_exact_existing_pair,stale_fingerprint_refresh,elevenlabs,eleven_multilingual_v2,lUTamkMw7gOzZbFIwmq4,assets/audio/voice/marcus/ex-standing-band-row-next-v21.mp3,false,false,false,src/audio/manifest.ts,src/audio/voiceV21AudioManifest.ts,already_current_skip,,Voice V2.1 refresh from final cue registry. Exact Clara/Marcus pair exists in the current physical manifest.
voice-v21-141,ex-step-up-first-v21,ex-step-up-first-v21,clara,Step-up. Use the lowest stable step with support nearby. Return both feet to the floor after each rep.,training,exercise_first_use,instruction,reuse_exact_existing_pair,stale_fingerprint_refresh,elevenlabs,eleven_multilingual_v2,rfkTsdZrVWEVhDycUYn9,assets/audio/voice/clara/ex-step-up-first-v21.mp3,false,false,false,src/audio/manifest.ts,src/audio/voiceV21AudioManifest.ts,already_current_skip,,Voice V2.1 refresh from final cue registry. Exact Clara/Marcus pair exists in the current physical manifest.
voice-v21-142,ex-step-up-first-v21,ex-step-up-first-v21,marcus,Step-up. Use the lowest stable step with support nearby. Return both feet to the floor after each rep.,training,exercise_first_use,instruction,reuse_exact_existing_pair,stale_fingerprint_refresh,elevenlabs,eleven_multilingual_v2,lUTamkMw7gOzZbFIwmq4,assets/audio/voice/marcus/ex-step-up-first-v21.mp3,false,false,false,src/audio/manifest.ts,src/audio/voiceV21AudioManifest.ts,already_current_skip,,Voice V2.1 refresh from final cue registry. Exact Clara/Marcus pair exists in the current physical manifest.
voice-v21-143,ex-step-up-next-v21,ex-step-up-next-v21,clara,Step-up. Return both feet to the floor after each rep.,training,exercise_later_set,instruction,reuse_exact_existing_pair,stale_fingerprint_refresh,elevenlabs,eleven_multilingual_v2,rfkTsdZrVWEVhDycUYn9,assets/audio/voice/clara/ex-step-up-next-v21.mp3,false,false,false,src/audio/manifest.ts,src/audio/voiceV21AudioManifest.ts,already_current_skip,,Voice V2.1 refresh from final cue registry. Exact Clara/Marcus pair exists in the current physical manifest.
voice-v21-144,ex-step-up-next-v21,ex-step-up-next-v21,marcus,Step-up. Return both feet to the floor after each rep.,training,exercise_later_set,instruction,reuse_exact_existing_pair,stale_fingerprint_refresh,elevenlabs,eleven_multilingual_v2,lUTamkMw7gOzZbFIwmq4,assets/audio/voice/marcus/ex-step-up-next-v21.mp3,false,false,false,src/audio/manifest.ts,src/audio/voiceV21AudioManifest.ts,already_current_skip,,Voice V2.1 refresh from final cue registry. Exact Clara/Marcus pair exists in the current physical manifest.
voice-v21-145,ex-sts-cushion-first-v21,ex-sts-cushion-first-v21,clara,"Cushion sit-to-stand. Sit tall on the cushion, feet flat. Stand fully, then sit with control.",training,exercise_first_use,instruction,reuse_exact_existing_pair,stale_fingerprint_refresh,elevenlabs,eleven_multilingual_v2,rfkTsdZrVWEVhDycUYn9,assets/audio/voice/clara/ex-sts-cushion-first-v21.mp3,false,false,false,src/audio/manifest.ts,src/audio/voiceV21AudioManifest.ts,already_current_skip,,Voice V2.1 refresh from final cue registry. Exact Clara/Marcus pair exists in the current physical manifest.
voice-v21-146,ex-sts-cushion-first-v21,ex-sts-cushion-first-v21,marcus,"Cushion sit-to-stand. Sit tall on the cushion, feet flat. Stand fully, then sit with control.",training,exercise_first_use,instruction,reuse_exact_existing_pair,stale_fingerprint_refresh,elevenlabs,eleven_multilingual_v2,lUTamkMw7gOzZbFIwmq4,assets/audio/voice/marcus/ex-sts-cushion-first-v21.mp3,false,false,false,src/audio/manifest.ts,src/audio/voiceV21AudioManifest.ts,already_current_skip,,Voice V2.1 refresh from final cue registry. Exact Clara/Marcus pair exists in the current physical manifest.
voice-v21-147,ex-sts-cushion-next-v21,ex-sts-cushion-next-v21,clara,Cushion sit-to-stand.,training,exercise_later_set,instruction,reuse_exact_existing_pair,stale_fingerprint_refresh,elevenlabs,eleven_multilingual_v2,rfkTsdZrVWEVhDycUYn9,assets/audio/voice/clara/ex-sts-cushion-next-v21.mp3,false,false,false,src/audio/manifest.ts,src/audio/voiceV21AudioManifest.ts,already_current_skip,,Voice V2.1 refresh from final cue registry. Exact Clara/Marcus pair exists in the current physical manifest.
voice-v21-148,ex-sts-cushion-next-v21,ex-sts-cushion-next-v21,marcus,Cushion sit-to-stand.,training,exercise_later_set,instruction,reuse_exact_existing_pair,stale_fingerprint_refresh,elevenlabs,eleven_multilingual_v2,lUTamkMw7gOzZbFIwmq4,assets/audio/voice/marcus/ex-sts-cushion-next-v21.mp3,false,false,false,src/audio/manifest.ts,src/audio/voiceV21AudioManifest.ts,already_current_skip,,Voice V2.1 refresh from final cue registry. Exact Clara/Marcus pair exists in the current physical manifest.
voice-v21-149,ex-sts-power-first-v21,ex-sts-power-first-v21,clara,"Power sit-to-stand. Sit tall, drive up briskly to standing, then sit with control.",training,exercise_first_use,instruction,reuse_exact_existing_pair,stale_fingerprint_refresh,elevenlabs,eleven_multilingual_v2,rfkTsdZrVWEVhDycUYn9,assets/audio/voice/clara/ex-sts-power-first-v21.mp3,false,false,false,src/audio/manifest.ts,src/audio/voiceV21AudioManifest.ts,already_current_skip,,Voice V2.1 refresh from final cue registry. Exact Clara/Marcus pair exists in the current physical manifest.
voice-v21-150,ex-sts-power-first-v21,ex-sts-power-first-v21,marcus,"Power sit-to-stand. Sit tall, drive up briskly to standing, then sit with control.",training,exercise_first_use,instruction,reuse_exact_existing_pair,stale_fingerprint_refresh,elevenlabs,eleven_multilingual_v2,lUTamkMw7gOzZbFIwmq4,assets/audio/voice/marcus/ex-sts-power-first-v21.mp3,false,false,false,src/audio/manifest.ts,src/audio/voiceV21AudioManifest.ts,already_current_skip,,Voice V2.1 refresh from final cue registry. Exact Clara/Marcus pair exists in the current physical manifest.
voice-v21-151,ex-sts-power-next-v21,ex-sts-power-next-v21,clara,Power sit-to-stand.,training,exercise_later_set,instruction,reuse_exact_existing_pair,stale_fingerprint_refresh,elevenlabs,eleven_multilingual_v2,rfkTsdZrVWEVhDycUYn9,assets/audio/voice/clara/ex-sts-power-next-v21.mp3,false,false,false,src/audio/manifest.ts,src/audio/voiceV21AudioManifest.ts,already_current_skip,,Voice V2.1 refresh from final cue registry. Exact Clara/Marcus pair exists in the current physical manifest.
voice-v21-152,ex-sts-power-next-v21,ex-sts-power-next-v21,marcus,Power sit-to-stand.,training,exercise_later_set,instruction,reuse_exact_existing_pair,stale_fingerprint_refresh,elevenlabs,eleven_multilingual_v2,lUTamkMw7gOzZbFIwmq4,assets/audio/voice/marcus/ex-sts-power-next-v21.mp3,false,false,false,src/audio/manifest.ts,src/audio/voiceV21AudioManifest.ts,already_current_skip,,Voice V2.1 refresh from final cue registry. Exact Clara/Marcus pair exists in the current physical manifest.
voice-v21-153,ex-sts-slow-eccentric-first-v21,ex-sts-slow-eccentric-first-v21,clara,"Slow-lower sit-to-stand. Stand fully, then lower slowly and steadily before the next rep.",training,exercise_first_use,instruction,reuse_exact_existing_pair,stale_fingerprint_refresh,elevenlabs,eleven_multilingual_v2,rfkTsdZrVWEVhDycUYn9,assets/audio/voice/clara/ex-sts-slow-eccentric-first-v21.mp3,false,false,false,src/audio/manifest.ts,src/audio/voiceV21AudioManifest.ts,already_current_skip,,Voice V2.1 refresh from final cue registry. Exact Clara/Marcus pair exists in the current physical manifest.
voice-v21-154,ex-sts-slow-eccentric-first-v21,ex-sts-slow-eccentric-first-v21,marcus,"Slow-lower sit-to-stand. Stand fully, then lower slowly and steadily before the next rep.",training,exercise_first_use,instruction,reuse_exact_existing_pair,stale_fingerprint_refresh,elevenlabs,eleven_multilingual_v2,lUTamkMw7gOzZbFIwmq4,assets/audio/voice/marcus/ex-sts-slow-eccentric-first-v21.mp3,false,false,false,src/audio/manifest.ts,src/audio/voiceV21AudioManifest.ts,already_current_skip,,Voice V2.1 refresh from final cue registry. Exact Clara/Marcus pair exists in the current physical manifest.
voice-v21-155,ex-sts-slow-eccentric-next-v21,ex-sts-slow-eccentric-next-v21,clara,Slow-lower sit-to-stand.,training,exercise_later_set,instruction,reuse_exact_existing_pair,stale_fingerprint_refresh,elevenlabs,eleven_multilingual_v2,rfkTsdZrVWEVhDycUYn9,assets/audio/voice/clara/ex-sts-slow-eccentric-next-v21.mp3,false,false,false,src/audio/manifest.ts,src/audio/voiceV21AudioManifest.ts,already_current_skip,,Voice V2.1 refresh from final cue registry. Exact Clara/Marcus pair exists in the current physical manifest.
voice-v21-156,ex-sts-slow-eccentric-next-v21,ex-sts-slow-eccentric-next-v21,marcus,Slow-lower sit-to-stand.,training,exercise_later_set,instruction,reuse_exact_existing_pair,stale_fingerprint_refresh,elevenlabs,eleven_multilingual_v2,lUTamkMw7gOzZbFIwmq4,assets/audio/voice/marcus/ex-sts-slow-eccentric-next-v21.mp3,false,false,false,src/audio/manifest.ts,src/audio/voiceV21AudioManifest.ts,already_current_skip,,Voice V2.1 refresh from final cue registry. Exact Clara/Marcus pair exists in the current physical manifest.
voice-v21-157,ex-sts-standard-first-v21,ex-sts-standard-first-v21,clara,"Sit-to-stand. Sit tall in the middle of the chair, feet flat. Stand fully, then sit with control.",training,exercise_first_use,instruction,reuse_exact_existing_pair,stale_fingerprint_refresh,elevenlabs,eleven_multilingual_v2,rfkTsdZrVWEVhDycUYn9,assets/audio/voice/clara/ex-sts-standard-first-v21.mp3,false,false,false,src/audio/manifest.ts,src/audio/voiceV21AudioManifest.ts,already_current_skip,,Voice V2.1 refresh from final cue registry. Exact Clara/Marcus pair exists in the current physical manifest.
voice-v21-158,ex-sts-standard-first-v21,ex-sts-standard-first-v21,marcus,"Sit-to-stand. Sit tall in the middle of the chair, feet flat. Stand fully, then sit with control.",training,exercise_first_use,instruction,reuse_exact_existing_pair,stale_fingerprint_refresh,elevenlabs,eleven_multilingual_v2,lUTamkMw7gOzZbFIwmq4,assets/audio/voice/marcus/ex-sts-standard-first-v21.mp3,false,false,false,src/audio/manifest.ts,src/audio/voiceV21AudioManifest.ts,already_current_skip,,Voice V2.1 refresh from final cue registry. Exact Clara/Marcus pair exists in the current physical manifest.
voice-v21-159,ex-sts-standard-next-v21,ex-sts-standard-next-v21,clara,Sit-to-stand.,training,exercise_later_set,instruction,reuse_exact_existing_pair,stale_fingerprint_refresh,elevenlabs,eleven_multilingual_v2,rfkTsdZrVWEVhDycUYn9,assets/audio/voice/clara/ex-sts-standard-next-v21.mp3,false,false,false,src/audio/manifest.ts,src/audio/voiceV21AudioManifest.ts,already_current_skip,,Voice V2.1 refresh from final cue registry. Exact Clara/Marcus pair exists in the current physical manifest.
voice-v21-160,ex-sts-standard-next-v21,ex-sts-standard-next-v21,marcus,Sit-to-stand.,training,exercise_later_set,instruction,reuse_exact_existing_pair,stale_fingerprint_refresh,elevenlabs,eleven_multilingual_v2,lUTamkMw7gOzZbFIwmq4,assets/audio/voice/marcus/ex-sts-standard-next-v21.mp3,false,false,false,src/audio/manifest.ts,src/audio/voiceV21AudioManifest.ts,already_current_skip,,Voice V2.1 refresh from final cue registry. Exact Clara/Marcus pair exists in the current physical manifest.
voice-v21-161,ex-supported-hip-flexor-stretch-first-v21,ex-supported-hip-flexor-stretch-first-v21,clara,Supported hip-flexor stretch. Keep fingertips near support.,training,exercise_first_use,instruction,reuse_exact_existing_pair,stale_fingerprint_refresh,elevenlabs,eleven_multilingual_v2,rfkTsdZrVWEVhDycUYn9,assets/audio/voice/clara/ex-supported-hip-flexor-stretch-first-v21.mp3,false,false,false,src/audio/manifest.ts,src/audio/voiceV21AudioManifest.ts,already_current_skip,,Voice V2.1 refresh from final cue registry. Exact Clara/Marcus pair exists in the current physical manifest.
voice-v21-162,ex-supported-hip-flexor-stretch-first-v21,ex-supported-hip-flexor-stretch-first-v21,marcus,Supported hip-flexor stretch. Keep fingertips near support.,training,exercise_first_use,instruction,reuse_exact_existing_pair,stale_fingerprint_refresh,elevenlabs,eleven_multilingual_v2,lUTamkMw7gOzZbFIwmq4,assets/audio/voice/marcus/ex-supported-hip-flexor-stretch-first-v21.mp3,false,false,false,src/audio/manifest.ts,src/audio/voiceV21AudioManifest.ts,already_current_skip,,Voice V2.1 refresh from final cue registry. Exact Clara/Marcus pair exists in the current physical manifest.
voice-v21-163,ex-supported-hip-flexor-stretch-next-v21,ex-supported-hip-flexor-stretch-next-v21,clara,Supported hip-flexor stretch.,training,exercise_later_set,instruction,reuse_exact_existing_pair,stale_fingerprint_refresh,elevenlabs,eleven_multilingual_v2,rfkTsdZrVWEVhDycUYn9,assets/audio/voice/clara/ex-supported-hip-flexor-stretch-next-v21.mp3,false,false,false,src/audio/manifest.ts,src/audio/voiceV21AudioManifest.ts,already_current_skip,,Voice V2.1 refresh from final cue registry. Exact Clara/Marcus pair exists in the current physical manifest.
voice-v21-164,ex-supported-hip-flexor-stretch-next-v21,ex-supported-hip-flexor-stretch-next-v21,marcus,Supported hip-flexor stretch.,training,exercise_later_set,instruction,reuse_exact_existing_pair,stale_fingerprint_refresh,elevenlabs,eleven_multilingual_v2,lUTamkMw7gOzZbFIwmq4,assets/audio/voice/marcus/ex-supported-hip-flexor-stretch-next-v21.mp3,false,false,false,src/audio/manifest.ts,src/audio/voiceV21AudioManifest.ts,already_current_skip,,Voice V2.1 refresh from final cue registry. Exact Clara/Marcus pair exists in the current physical manifest.
voice-v21-165,ex-supported-side-step-first-v21,ex-supported-side-step-first-v21,clara,"Supported side step. Stand near a counter. Step to the side, bring the other foot in, and continue with control.",training,exercise_first_use,instruction,reuse_exact_existing_pair,stale_fingerprint_refresh,elevenlabs,eleven_multilingual_v2,rfkTsdZrVWEVhDycUYn9,assets/audio/voice/clara/ex-supported-side-step-first-v21.mp3,false,false,false,src/audio/manifest.ts,src/audio/voiceV21AudioManifest.ts,already_current_skip,,Voice V2.1 refresh from final cue registry. Exact Clara/Marcus pair exists in the current physical manifest.
voice-v21-166,ex-supported-side-step-first-v21,ex-supported-side-step-first-v21,marcus,"Supported side step. Stand near a counter. Step to the side, bring the other foot in, and continue with control.",training,exercise_first_use,instruction,reuse_exact_existing_pair,stale_fingerprint_refresh,elevenlabs,eleven_multilingual_v2,lUTamkMw7gOzZbFIwmq4,assets/audio/voice/marcus/ex-supported-side-step-first-v21.mp3,false,false,false,src/audio/manifest.ts,src/audio/voiceV21AudioManifest.ts,already_current_skip,,Voice V2.1 refresh from final cue registry. Exact Clara/Marcus pair exists in the current physical manifest.
voice-v21-167,ex-supported-side-step-next-v21,ex-supported-side-step-next-v21,clara,Supported side step.,training,exercise_later_set,instruction,reuse_exact_existing_pair,stale_fingerprint_refresh,elevenlabs,eleven_multilingual_v2,rfkTsdZrVWEVhDycUYn9,assets/audio/voice/clara/ex-supported-side-step-next-v21.mp3,false,false,false,src/audio/manifest.ts,src/audio/voiceV21AudioManifest.ts,already_current_skip,,Voice V2.1 refresh from final cue registry. Exact Clara/Marcus pair exists in the current physical manifest.
voice-v21-168,ex-supported-side-step-next-v21,ex-supported-side-step-next-v21,marcus,Supported side step.,training,exercise_later_set,instruction,reuse_exact_existing_pair,stale_fingerprint_refresh,elevenlabs,eleven_multilingual_v2,lUTamkMw7gOzZbFIwmq4,assets/audio/voice/marcus/ex-supported-side-step-next-v21.mp3,false,false,false,src/audio/manifest.ts,src/audio/voiceV21AudioManifest.ts,already_current_skip,,Voice V2.1 refresh from final cue registry. Exact Clara/Marcus pair exists in the current physical manifest.
voice-v21-169,ex-thoracic-rotation-first-v21,ex-thoracic-rotation-first-v21,clara,"Thoracic rotation. Sit or stand tall with arms crossed. Rotate one way, return to center, then rotate the other way.",training,exercise_first_use,instruction,reuse_exact_existing_pair,stale_fingerprint_refresh,elevenlabs,eleven_multilingual_v2,rfkTsdZrVWEVhDycUYn9,assets/audio/voice/clara/ex-thoracic-rotation-first-v21.mp3,false,false,false,src/audio/manifest.ts,src/audio/voiceV21AudioManifest.ts,already_current_skip,,Voice V2.1 refresh from final cue registry. Exact Clara/Marcus pair exists in the current physical manifest.
voice-v21-170,ex-thoracic-rotation-first-v21,ex-thoracic-rotation-first-v21,marcus,"Thoracic rotation. Sit or stand tall with arms crossed. Rotate one way, return to center, then rotate the other way.",training,exercise_first_use,instruction,reuse_exact_existing_pair,stale_fingerprint_refresh,elevenlabs,eleven_multilingual_v2,lUTamkMw7gOzZbFIwmq4,assets/audio/voice/marcus/ex-thoracic-rotation-first-v21.mp3,false,false,false,src/audio/manifest.ts,src/audio/voiceV21AudioManifest.ts,already_current_skip,,Voice V2.1 refresh from final cue registry. Exact Clara/Marcus pair exists in the current physical manifest.
voice-v21-171,ex-thoracic-rotation-next-v21,ex-thoracic-rotation-next-v21,clara,Thoracic rotation.,training,exercise_later_set,instruction,reuse_exact_existing_pair,stale_fingerprint_refresh,elevenlabs,eleven_multilingual_v2,rfkTsdZrVWEVhDycUYn9,assets/audio/voice/clara/ex-thoracic-rotation-next-v21.mp3,false,false,false,src/audio/manifest.ts,src/audio/voiceV21AudioManifest.ts,already_current_skip,,Voice V2.1 refresh from final cue registry. Exact Clara/Marcus pair exists in the current physical manifest.
voice-v21-172,ex-thoracic-rotation-next-v21,ex-thoracic-rotation-next-v21,marcus,Thoracic rotation.,training,exercise_later_set,instruction,reuse_exact_existing_pair,stale_fingerprint_refresh,elevenlabs,eleven_multilingual_v2,lUTamkMw7gOzZbFIwmq4,assets/audio/voice/marcus/ex-thoracic-rotation-next-v21.mp3,false,false,false,src/audio/manifest.ts,src/audio/voiceV21AudioManifest.ts,already_current_skip,,Voice V2.1 refresh from final cue registry. Exact Clara/Marcus pair exists in the current physical manifest.
voice-v21-173,ex-toe-raise-supported-first-v21,ex-toe-raise-supported-first-v21,clara,"Supported toe raise. Keep heels down, lift the front of your feet, then lower slowly.",training,exercise_first_use,instruction,reuse_exact_existing_pair,stale_fingerprint_refresh,elevenlabs,eleven_multilingual_v2,rfkTsdZrVWEVhDycUYn9,assets/audio/voice/clara/ex-toe-raise-supported-first-v21.mp3,false,false,false,src/audio/manifest.ts,src/audio/voiceV21AudioManifest.ts,already_current_skip,,Voice V2.1 refresh from final cue registry. Exact Clara/Marcus pair exists in the current physical manifest.
voice-v21-174,ex-toe-raise-supported-first-v21,ex-toe-raise-supported-first-v21,marcus,"Supported toe raise. Keep heels down, lift the front of your feet, then lower slowly.",training,exercise_first_use,instruction,reuse_exact_existing_pair,stale_fingerprint_refresh,elevenlabs,eleven_multilingual_v2,lUTamkMw7gOzZbFIwmq4,assets/audio/voice/marcus/ex-toe-raise-supported-first-v21.mp3,false,false,false,src/audio/manifest.ts,src/audio/voiceV21AudioManifest.ts,already_current_skip,,Voice V2.1 refresh from final cue registry. Exact Clara/Marcus pair exists in the current physical manifest.
voice-v21-175,ex-toe-raise-supported-next-v21,ex-toe-raise-supported-next-v21,clara,Supported toe raise.,training,exercise_later_set,instruction,reuse_exact_existing_pair,stale_fingerprint_refresh,elevenlabs,eleven_multilingual_v2,rfkTsdZrVWEVhDycUYn9,assets/audio/voice/clara/ex-toe-raise-supported-next-v21.mp3,false,false,false,src/audio/manifest.ts,src/audio/voiceV21AudioManifest.ts,already_current_skip,,Voice V2.1 refresh from final cue registry. Exact Clara/Marcus pair exists in the current physical manifest.
voice-v21-176,ex-toe-raise-supported-next-v21,ex-toe-raise-supported-next-v21,marcus,Supported toe raise.,training,exercise_later_set,instruction,reuse_exact_existing_pair,stale_fingerprint_refresh,elevenlabs,eleven_multilingual_v2,lUTamkMw7gOzZbFIwmq4,assets/audio/voice/marcus/ex-toe-raise-supported-next-v21.mp3,false,false,false,src/audio/manifest.ts,src/audio/voiceV21AudioManifest.ts,already_current_skip,,Voice V2.1 refresh from final cue registry. Exact Clara/Marcus pair exists in the current physical manifest.
voice-v21-177,ex-wall-calf-stretch-first-v21,ex-wall-calf-stretch-first-v21,clara,Wall calf stretch. Hands on the wall.,training,exercise_first_use,instruction,reuse_exact_existing_pair,stale_fingerprint_refresh,elevenlabs,eleven_multilingual_v2,rfkTsdZrVWEVhDycUYn9,assets/audio/voice/clara/ex-wall-calf-stretch-first-v21.mp3,false,false,false,src/audio/manifest.ts,src/audio/voiceV21AudioManifest.ts,already_current_skip,,Voice V2.1 refresh from final cue registry. Exact Clara/Marcus pair exists in the current physical manifest.
voice-v21-178,ex-wall-calf-stretch-first-v21,ex-wall-calf-stretch-first-v21,marcus,Wall calf stretch. Hands on the wall.,training,exercise_first_use,instruction,reuse_exact_existing_pair,stale_fingerprint_refresh,elevenlabs,eleven_multilingual_v2,lUTamkMw7gOzZbFIwmq4,assets/audio/voice/marcus/ex-wall-calf-stretch-first-v21.mp3,false,false,false,src/audio/manifest.ts,src/audio/voiceV21AudioManifest.ts,already_current_skip,,Voice V2.1 refresh from final cue registry. Exact Clara/Marcus pair exists in the current physical manifest.
voice-v21-179,ex-wall-calf-stretch-next-v21,ex-wall-calf-stretch-next-v21,clara,Wall calf stretch.,training,exercise_later_set,instruction,reuse_exact_existing_pair,stale_fingerprint_refresh,elevenlabs,eleven_multilingual_v2,rfkTsdZrVWEVhDycUYn9,assets/audio/voice/clara/ex-wall-calf-stretch-next-v21.mp3,false,false,false,src/audio/manifest.ts,src/audio/voiceV21AudioManifest.ts,already_current_skip,,Voice V2.1 refresh from final cue registry. Exact Clara/Marcus pair exists in the current physical manifest.
voice-v21-180,ex-wall-calf-stretch-next-v21,ex-wall-calf-stretch-next-v21,marcus,Wall calf stretch.,training,exercise_later_set,instruction,reuse_exact_existing_pair,stale_fingerprint_refresh,elevenlabs,eleven_multilingual_v2,lUTamkMw7gOzZbFIwmq4,assets/audio/voice/marcus/ex-wall-calf-stretch-next-v21.mp3,false,false,false,src/audio/manifest.ts,src/audio/voiceV21AudioManifest.ts,already_current_skip,,Voice V2.1 refresh from final cue registry. Exact Clara/Marcus pair exists in the current physical manifest.
voice-v21-181,five-seconds-left-v21,five-seconds-left-v21,clara,Five seconds left.,training,progress,low_reassurance,reuse_exact_existing_pair,stale_fingerprint_refresh,elevenlabs,eleven_multilingual_v2,rfkTsdZrVWEVhDycUYn9,assets/audio/voice/clara/five-seconds-left-v21.mp3,false,false,false,src/audio/manifest.ts,src/audio/voiceV21AudioManifest.ts,already_current_skip,,Voice V2.1 refresh from final cue registry. Exact Clara/Marcus pair exists in the current physical manifest.
voice-v21-182,five-seconds-left-v21,five-seconds-left-v21,marcus,Five seconds left.,training,progress,low_reassurance,reuse_exact_existing_pair,stale_fingerprint_refresh,elevenlabs,eleven_multilingual_v2,lUTamkMw7gOzZbFIwmq4,assets/audio/voice/marcus/five-seconds-left-v21.mp3,false,false,false,src/audio/manifest.ts,src/audio/voiceV21AudioManifest.ts,already_current_skip,,Voice V2.1 refresh from final cue registry. Exact Clara/Marcus pair exists in the current physical manifest.
voice-v21-183,floor-gate-question-v21,floor-gate-question-v21,clara,Can you safely get down to the floor and back up without assistance?,training,equipment_first_use,instruction,reuse_exact_existing_pair,stale_fingerprint_refresh,elevenlabs,eleven_multilingual_v2,rfkTsdZrVWEVhDycUYn9,assets/audio/voice/clara/floor-gate-question-v21.mp3,false,false,false,src/audio/manifest.ts,src/audio/voiceV21AudioManifest.ts,already_current_skip,,Voice V2.1 refresh from final cue registry. Exact Clara/Marcus pair exists in the current physical manifest.
voice-v21-184,floor-gate-question-v21,floor-gate-question-v21,marcus,Can you safely get down to the floor and back up without assistance?,training,equipment_first_use,instruction,reuse_exact_existing_pair,stale_fingerprint_refresh,elevenlabs,eleven_multilingual_v2,lUTamkMw7gOzZbFIwmq4,assets/audio/voice/marcus/floor-gate-question-v21.mp3,false,false,false,src/audio/manifest.ts,src/audio/voiceV21AudioManifest.ts,already_current_skip,,Voice V2.1 refresh from final cue registry. Exact Clara/Marcus pair exists in the current physical manifest.
voice-v21-185,halfway-v21,halfway-v21,clara,Halfway.,training,progress,low_reassurance,reuse_exact_existing_pair,stale_fingerprint_refresh,elevenlabs,eleven_multilingual_v2,rfkTsdZrVWEVhDycUYn9,assets/audio/voice/clara/halfway-v21.mp3,false,false,false,src/audio/manifest.ts,src/audio/voiceV21AudioManifest.ts,already_current_skip,,Voice V2.1 refresh from final cue registry. Exact Clara/Marcus pair exists in the current physical manifest.
voice-v21-186,halfway-v21,halfway-v21,marcus,Halfway.,training,progress,low_reassurance,reuse_exact_existing_pair,stale_fingerprint_refresh,elevenlabs,eleven_multilingual_v2,lUTamkMw7gOzZbFIwmq4,assets/audio/voice/marcus/halfway-v21.mp3,false,false,false,src/audio/manifest.ts,src/audio/voiceV21AudioManifest.ts,already_current_skip,,Voice V2.1 refresh from final cue registry. Exact Clara/Marcus pair exists in the current physical manifest.
voice-v21-187,last-set-v21,last-set-v21,clara,Last set.,training,rest_transition,result_transition,reuse_exact_existing_pair,stale_fingerprint_refresh,elevenlabs,eleven_multilingual_v2,rfkTsdZrVWEVhDycUYn9,assets/audio/voice/clara/last-set-v21.mp3,false,false,false,src/audio/manifest.ts,src/audio/voiceV21AudioManifest.ts,already_current_skip,,Voice V2.1 refresh from final cue registry. Exact Clara/Marcus pair exists in the current physical manifest.
voice-v21-188,last-set-v21,last-set-v21,marcus,Last set.,training,rest_transition,result_transition,reuse_exact_existing_pair,stale_fingerprint_refresh,elevenlabs,eleven_multilingual_v2,lUTamkMw7gOzZbFIwmq4,assets/audio/voice/marcus/last-set-v21.mp3,false,false,false,src/audio/manifest.ts,src/audio/voiceV21AudioManifest.ts,already_current_skip,,Voice V2.1 refresh from final cue registry. Exact Clara/Marcus pair exists in the current physical manifest.
voice-v21-189,micro-chair-power-v21,micro-chair-power-v21,clara,Five quick chair stands. Arms crossed. Stand and sit five times as quickly as safely comfortable.,micro_check,micro_instruction,instruction,reuse_exact_existing_pair,stale_fingerprint_refresh,elevenlabs,eleven_multilingual_v2,rfkTsdZrVWEVhDycUYn9,assets/audio/voice/clara/micro-chair-power-v21.mp3,false,false,false,src/audio/manifest.ts,src/audio/voiceV21AudioManifest.ts,already_current_skip,,Voice V2.1 refresh from final cue registry. Exact Clara/Marcus physical pair exists in the current bundled corpus.
voice-v21-190,micro-chair-power-v21,micro-chair-power-v21,marcus,Five quick chair stands. Arms crossed. Stand and sit five times as quickly as safely comfortable.,micro_check,micro_instruction,instruction,reuse_exact_existing_pair,stale_fingerprint_refresh,elevenlabs,eleven_multilingual_v2,lUTamkMw7gOzZbFIwmq4,assets/audio/voice/marcus/micro-chair-power-v21.mp3,false,false,false,src/audio/manifest.ts,src/audio/voiceV21AudioManifest.ts,already_current_skip,,Voice V2.1 refresh from final cue registry. Exact Clara/Marcus physical pair exists in the current bundled corpus.
voice-v21-191,micro-discard-v21,micro-discard-v21,clara,Check discarded.,micro_check,control,result_transition,reuse_exact_existing_pair,stale_fingerprint_refresh,elevenlabs,eleven_multilingual_v2,rfkTsdZrVWEVhDycUYn9,assets/audio/voice/clara/micro-discard-v21.mp3,false,false,false,src/audio/manifest.ts,src/audio/voiceV21AudioManifest.ts,already_current_skip,,Voice V2.1 refresh from final cue registry. Exact Clara/Marcus physical pair exists in the current bundled corpus.
voice-v21-192,micro-discard-v21,micro-discard-v21,marcus,Check discarded.,micro_check,control,result_transition,reuse_exact_existing_pair,stale_fingerprint_refresh,elevenlabs,eleven_multilingual_v2,lUTamkMw7gOzZbFIwmq4,assets/audio/voice/marcus/micro-discard-v21.mp3,false,false,false,src/audio/manifest.ts,src/audio/voiceV21AudioManifest.ts,already_current_skip,,Voice V2.1 refresh from final cue registry. Exact Clara/Marcus physical pair exists in the current bundled corpus.
voice-v21-193,micro-mobility-left-v21,micro-mobility-left-v21,clara,"Quick mobility check. Stand side-on, hinge forward, and reach toward the floor until I say stand tall.",micro_check,micro_instruction,instruction,reuse_exact_existing_pair,stale_fingerprint_refresh,elevenlabs,eleven_multilingual_v2,rfkTsdZrVWEVhDycUYn9,assets/audio/voice/clara/micro-mobility-left-v21.mp3,false,false,false,src/audio/manifest.ts,src/audio/voiceV21AudioManifest.ts,already_current_skip,,Voice V2.1 refresh from final cue registry. Exact Clara/Marcus physical pair exists in the current bundled corpus.
voice-v21-194,micro-mobility-left-v21,micro-mobility-left-v21,marcus,"Quick mobility check. Stand side-on, hinge forward, and reach toward the floor until I say stand tall.",micro_check,micro_instruction,instruction,reuse_exact_existing_pair,stale_fingerprint_refresh,elevenlabs,eleven_multilingual_v2,lUTamkMw7gOzZbFIwmq4,assets/audio/voice/marcus/micro-mobility-left-v21.mp3,false,false,false,src/audio/manifest.ts,src/audio/voiceV21AudioManifest.ts,already_current_skip,,Voice V2.1 refresh from final cue registry. Exact Clara/Marcus physical pair exists in the current bundled corpus.
voice-v21-195,micro-mobility-right-v21,micro-mobility-right-v21,clara,"Quick mobility check. Stand side-on, hinge forward, and reach toward the floor until I say stand tall.",micro_check,micro_instruction,instruction,reuse_exact_existing_pair,stale_fingerprint_refresh,elevenlabs,eleven_multilingual_v2,rfkTsdZrVWEVhDycUYn9,assets/audio/voice/clara/micro-mobility-right-v21.mp3,false,false,false,src/audio/manifest.ts,src/audio/voiceV21AudioManifest.ts,already_current_skip,,Voice V2.1 refresh from final cue registry. Exact Clara/Marcus physical pair exists in the current bundled corpus.
voice-v21-196,micro-mobility-right-v21,micro-mobility-right-v21,marcus,"Quick mobility check. Stand side-on, hinge forward, and reach toward the floor until I say stand tall.",micro_check,micro_instruction,instruction,reuse_exact_existing_pair,stale_fingerprint_refresh,elevenlabs,eleven_multilingual_v2,lUTamkMw7gOzZbFIwmq4,assets/audio/voice/marcus/micro-mobility-right-v21.mp3,false,false,false,src/audio/manifest.ts,src/audio/voiceV21AudioManifest.ts,already_current_skip,,Voice V2.1 refresh from final cue registry. Exact Clara/Marcus physical pair exists in the current bundled corpus.
voice-v21-197,micro-relax-v21,micro-relax-v21,clara,Relax.,micro_check,active_stop,critical_stop,reuse_exact_existing_pair,stale_fingerprint_refresh,elevenlabs,eleven_multilingual_v2,rfkTsdZrVWEVhDycUYn9,assets/audio/voice/clara/micro-relax-v21.mp3,false,false,false,src/audio/manifest.ts,src/audio/voiceV21AudioManifest.ts,already_current_skip,,Voice V2.1 refresh from final cue registry. Exact Clara/Marcus physical pair exists in the current bundled corpus.
voice-v21-198,micro-relax-v21,micro-relax-v21,marcus,Relax.,micro_check,active_stop,critical_stop,reuse_exact_existing_pair,stale_fingerprint_refresh,elevenlabs,eleven_multilingual_v2,lUTamkMw7gOzZbFIwmq4,assets/audio/voice/marcus/micro-relax-v21.mp3,false,false,false,src/audio/manifest.ts,src/audio/voiceV21AudioManifest.ts,already_current_skip,,Voice V2.1 refresh from final cue registry. Exact Clara/Marcus physical pair exists in the current bundled corpus.
voice-v21-199,micro-single-leg-left-v21,micro-single-leg-left-v21,clara,Quick balance check. Stand on your left leg with support nearby. Hold as long as comfortable.,micro_check,micro_instruction,instruction,reuse_exact_existing_pair,stale_fingerprint_refresh,elevenlabs,eleven_multilingual_v2,rfkTsdZrVWEVhDycUYn9,assets/audio/voice/clara/micro-single-leg-left-v21.mp3,false,false,false,src/audio/manifest.ts,src/audio/voiceV21AudioManifest.ts,already_current_skip,,Voice V2.1 refresh from final cue registry. Exact Clara/Marcus physical pair exists in the current bundled corpus.
voice-v21-200,micro-single-leg-left-v21,micro-single-leg-left-v21,marcus,Quick balance check. Stand on your left leg with support nearby. Hold as long as comfortable.,micro_check,micro_instruction,instruction,reuse_exact_existing_pair,stale_fingerprint_refresh,elevenlabs,eleven_multilingual_v2,lUTamkMw7gOzZbFIwmq4,assets/audio/voice/marcus/micro-single-leg-left-v21.mp3,false,false,false,src/audio/manifest.ts,src/audio/voiceV21AudioManifest.ts,already_current_skip,,Voice V2.1 refresh from final cue registry. Exact Clara/Marcus physical pair exists in the current bundled corpus.
voice-v21-201,micro-single-leg-right-v21,micro-single-leg-right-v21,clara,Quick balance check. Stand on your right leg with support nearby. Hold as long as comfortable.,micro_check,micro_instruction,instruction,reuse_exact_existing_pair,stale_fingerprint_refresh,elevenlabs,eleven_multilingual_v2,rfkTsdZrVWEVhDycUYn9,assets/audio/voice/clara/micro-single-leg-right-v21.mp3,false,false,false,src/audio/manifest.ts,src/audio/voiceV21AudioManifest.ts,already_current_skip,,Voice V2.1 refresh from final cue registry. Exact Clara/Marcus physical pair exists in the current bundled corpus.
voice-v21-202,micro-single-leg-right-v21,micro-single-leg-right-v21,marcus,Quick balance check. Stand on your right leg with support nearby. Hold as long as comfortable.,micro_check,micro_instruction,instruction,reuse_exact_existing_pair,stale_fingerprint_refresh,elevenlabs,eleven_multilingual_v2,lUTamkMw7gOzZbFIwmq4,assets/audio/voice/marcus/micro-single-leg-right-v21.mp3,false,false,false,src/audio/manifest.ts,src/audio/voiceV21AudioManifest.ts,already_current_skip,,Voice V2.1 refresh from final cue registry. Exact Clara/Marcus physical pair exists in the current bundled corpus.
voice-v21-203,microcheck-complete-v21,microcheck-complete-v21,clara,Check complete.,micro_check,completion,result_transition,reuse_exact_existing_pair,stale_fingerprint_refresh,elevenlabs,eleven_multilingual_v2,rfkTsdZrVWEVhDycUYn9,assets/audio/voice/clara/microcheck-complete-v21.mp3,false,false,false,src/audio/manifest.ts,src/audio/voiceV21AudioManifest.ts,already_current_skip,,Voice V2.1 refresh from final cue registry. Exact Clara/Marcus physical pair exists in the current bundled corpus.
voice-v21-204,microcheck-complete-v21,microcheck-complete-v21,marcus,Check complete.,micro_check,completion,result_transition,reuse_exact_existing_pair,stale_fingerprint_refresh,elevenlabs,eleven_multilingual_v2,lUTamkMw7gOzZbFIwmq4,assets/audio/voice/marcus/microcheck-complete-v21.mp3,false,false,false,src/audio/manifest.ts,src/audio/voiceV21AudioManifest.ts,already_current_skip,,Voice V2.1 refresh from final cue registry. Exact Clara/Marcus physical pair exists in the current bundled corpus.
voice-v21-205,next-exercise-v21,next-exercise-v21,clara,Next exercise.,training,rest_transition,result_transition,reuse_exact_existing_pair,stale_fingerprint_refresh,elevenlabs,eleven_multilingual_v2,rfkTsdZrVWEVhDycUYn9,assets/audio/voice/clara/next-exercise-v21.mp3,false,false,false,src/audio/manifest.ts,src/audio/voiceV21AudioManifest.ts,already_current_skip,,Voice V2.1 refresh from final cue registry. Exact Clara/Marcus pair exists in the current physical manifest.
voice-v21-206,next-exercise-v21,next-exercise-v21,marcus,Next exercise.,training,rest_transition,result_transition,reuse_exact_existing_pair,stale_fingerprint_refresh,elevenlabs,eleven_multilingual_v2,lUTamkMw7gOzZbFIwmq4,assets/audio/voice/marcus/next-exercise-v21.mp3,false,false,false,src/audio/manifest.ts,src/audio/voiceV21AudioManifest.ts,already_current_skip,,Voice V2.1 refresh from final cue registry. Exact Clara/Marcus pair exists in the current physical manifest.
voice-v21-207,paused-v21,paused-v21,clara,Paused.,micro_check;training,control,result_transition,reuse_exact_existing_pair,stale_fingerprint_refresh,elevenlabs,eleven_multilingual_v2,rfkTsdZrVWEVhDycUYn9,assets/audio/voice/clara/paused-v21.mp3,false,false,false,src/audio/manifest.ts,src/audio/voiceV21AudioManifest.ts,already_current_skip,,Voice V2.1 refresh from final cue registry. Exact Clara/Marcus pair exists in the current physical manifest. Exact Clara/Marcus physical pair exists in the current bundled corpus.
voice-v21-208,paused-v21,paused-v21,marcus,Paused.,micro_check;training,control,result_transition,reuse_exact_existing_pair,stale_fingerprint_refresh,elevenlabs,eleven_multilingual_v2,lUTamkMw7gOzZbFIwmq4,assets/audio/voice/marcus/paused-v21.mp3,false,false,false,src/audio/manifest.ts,src/audio/voiceV21AudioManifest.ts,already_current_skip,,Voice V2.1 refresh from final cue registry. Exact Clara/Marcus pair exists in the current physical manifest. Exact Clara/Marcus physical pair exists in the current bundled corpus.
voice-v21-209,rest-now-v21,rest-now-v21,clara,Rest now.,training,rest_transition,result_transition,reuse_exact_existing_pair,stale_fingerprint_refresh,elevenlabs,eleven_multilingual_v2,rfkTsdZrVWEVhDycUYn9,assets/audio/voice/clara/rest-now-v21.mp3,false,false,false,src/audio/manifest.ts,src/audio/voiceV21AudioManifest.ts,already_current_skip,,Voice V2.1 refresh from final cue registry. Exact Clara/Marcus pair exists in the current physical manifest.
voice-v21-210,rest-now-v21,rest-now-v21,marcus,Rest now.,training,rest_transition,result_transition,reuse_exact_existing_pair,stale_fingerprint_refresh,elevenlabs,eleven_multilingual_v2,lUTamkMw7gOzZbFIwmq4,assets/audio/voice/marcus/rest-now-v21.mp3,false,false,false,src/audio/manifest.ts,src/audio/voiceV21AudioManifest.ts,already_current_skip,,Voice V2.1 refresh from final cue registry. Exact Clara/Marcus pair exists in the current physical manifest.
voice-v21-211,resuming-v21,resuming-v21,clara,Resuming.,micro_check;training,control,result_transition,reuse_exact_existing_pair,stale_fingerprint_refresh,elevenlabs,eleven_multilingual_v2,rfkTsdZrVWEVhDycUYn9,assets/audio/voice/clara/resuming-v21.mp3,false,false,false,src/audio/manifest.ts,src/audio/voiceV21AudioManifest.ts,already_current_skip,,Voice V2.1 refresh from final cue registry. Exact Clara/Marcus pair exists in the current physical manifest. Exact Clara/Marcus physical pair exists in the current bundled corpus.
voice-v21-212,resuming-v21,resuming-v21,marcus,Resuming.,micro_check;training,control,result_transition,reuse_exact_existing_pair,stale_fingerprint_refresh,elevenlabs,eleven_multilingual_v2,lUTamkMw7gOzZbFIwmq4,assets/audio/voice/marcus/resuming-v21.mp3,false,false,false,src/audio/manifest.ts,src/audio/voiceV21AudioManifest.ts,already_current_skip,,Voice V2.1 refresh from final cue registry. Exact Clara/Marcus pair exists in the current physical manifest. Exact Clara/Marcus physical pair exists in the current bundled corpus.
voice-v21-213,safe-session-start-v21,safe-session-start-v21,clara,"Clear the space around you. Stop for sharp pain, dizziness, or feeling unwell.",training,universal_safety,instruction,reuse_exact_existing_pair,stale_fingerprint_refresh,elevenlabs,eleven_multilingual_v2,rfkTsdZrVWEVhDycUYn9,assets/audio/voice/clara/safe-session-start-v21.mp3,false,false,false,src/audio/manifest.ts,src/audio/voiceV21AudioManifest.ts,already_current_skip,,Voice V2.1 refresh from final cue registry. Exact Clara/Marcus pair exists in the current physical manifest.
voice-v21-214,safe-session-start-v21,safe-session-start-v21,marcus,"Clear the space around you. Stop for sharp pain, dizziness, or feeling unwell.",training,universal_safety,instruction,reuse_exact_existing_pair,stale_fingerprint_refresh,elevenlabs,eleven_multilingual_v2,lUTamkMw7gOzZbFIwmq4,assets/audio/voice/marcus/safe-session-start-v21.mp3,false,false,false,src/audio/manifest.ts,src/audio/voiceV21AudioManifest.ts,already_current_skip,,Voice V2.1 refresh from final cue registry. Exact Clara/Marcus pair exists in the current physical manifest.
voice-v21-215,session-complete-v21,session-complete-v21,clara,Session complete.,training,completion,result_transition,reuse_exact_existing_pair,stale_fingerprint_refresh,elevenlabs,eleven_multilingual_v2,rfkTsdZrVWEVhDycUYn9,assets/audio/voice/clara/session-complete-v21.mp3,false,false,false,src/audio/manifest.ts,src/audio/voiceV21AudioManifest.ts,already_current_skip,,Voice V2.1 refresh from final cue registry. Exact Clara/Marcus pair exists in the current physical manifest.
voice-v21-216,session-complete-v21,session-complete-v21,marcus,Session complete.,training,completion,result_transition,reuse_exact_existing_pair,stale_fingerprint_refresh,elevenlabs,eleven_multilingual_v2,lUTamkMw7gOzZbFIwmq4,assets/audio/voice/marcus/session-complete-v21.mp3,false,false,false,src/audio/manifest.ts,src/audio/voiceV21AudioManifest.ts,already_current_skip,,Voice V2.1 refresh from final cue registry. Exact Clara/Marcus pair exists in the current physical manifest.
voice-v21-217,set-complete-v21,set-complete-v21,clara,Set complete.,training,completion,result_transition,reuse_exact_existing_pair,stale_fingerprint_refresh,elevenlabs,eleven_multilingual_v2,rfkTsdZrVWEVhDycUYn9,assets/audio/voice/clara/set-complete-v21.mp3,false,false,false,src/audio/manifest.ts,src/audio/voiceV21AudioManifest.ts,already_current_skip,,Voice V2.1 refresh from final cue registry. Exact Clara/Marcus pair exists in the current physical manifest.
voice-v21-218,set-complete-v21,set-complete-v21,marcus,Set complete.,training,completion,result_transition,reuse_exact_existing_pair,stale_fingerprint_refresh,elevenlabs,eleven_multilingual_v2,lUTamkMw7gOzZbFIwmq4,assets/audio/voice/marcus/set-complete-v21.mp3,false,false,false,src/audio/manifest.ts,src/audio/voiceV21AudioManifest.ts,already_current_skip,,Voice V2.1 refresh from final cue registry. Exact Clara/Marcus pair exists in the current physical manifest.
voice-v21-219,setup-back-v21,setup-back-v21,clara,Move a little farther back.,training,recovery,setup_recovery,reuse_exact_existing_pair,stale_fingerprint_refresh,elevenlabs,eleven_multilingual_v2,rfkTsdZrVWEVhDycUYn9,assets/audio/voice/clara/setup-back-v21.mp3,false,false,false,src/audio/manifest.ts,src/audio/voiceV21AudioManifest.ts,already_current_skip,,Voice V2.1 refresh from final cue registry. Exact Clara/Marcus pair exists in the current physical manifest.
voice-v21-220,setup-back-v21,setup-back-v21,marcus,Move a little farther back.,training,recovery,setup_recovery,reuse_exact_existing_pair,stale_fingerprint_refresh,elevenlabs,eleven_multilingual_v2,lUTamkMw7gOzZbFIwmq4,assets/audio/voice/marcus/setup-back-v21.mp3,false,false,false,src/audio/manifest.ts,src/audio/voiceV21AudioManifest.ts,already_current_skip,,Voice V2.1 refresh from final cue registry. Exact Clara/Marcus pair exists in the current physical manifest.
voice-v21-221,setup-center-v21,setup-center-v21,clara,Move to the centre of the view.,training,recovery,setup_recovery,reuse_exact_existing_pair,stale_fingerprint_refresh,elevenlabs,eleven_multilingual_v2,rfkTsdZrVWEVhDycUYn9,assets/audio/voice/clara/setup-center-v21.mp3,false,false,false,src/audio/manifest.ts,src/audio/voiceV21AudioManifest.ts,already_current_skip,,Voice V2.1 refresh from final cue registry. Exact Clara/Marcus pair exists in the current physical manifest.
voice-v21-222,setup-center-v21,setup-center-v21,marcus,Move to the centre of the view.,training,recovery,setup_recovery,reuse_exact_existing_pair,stale_fingerprint_refresh,elevenlabs,eleven_multilingual_v2,lUTamkMw7gOzZbFIwmq4,assets/audio/voice/marcus/setup-center-v21.mp3,false,false,false,src/audio/manifest.ts,src/audio/voiceV21AudioManifest.ts,already_current_skip,,Voice V2.1 refresh from final cue registry. Exact Clara/Marcus pair exists in the current physical manifest.
voice-v21-223,setup-clearer-view-v21,setup-clearer-view-v21,clara,I need a clearer view. Make sure your whole body is visible.,training,recovery,setup_recovery,reuse_exact_existing_pair,stale_fingerprint_refresh,elevenlabs,eleven_multilingual_v2,rfkTsdZrVWEVhDycUYn9,assets/audio/voice/clara/setup-clearer-view-v21.mp3,false,false,false,src/audio/manifest.ts,src/audio/voiceV21AudioManifest.ts,already_current_skip,,Voice V2.1 refresh from final cue registry. Exact Clara/Marcus pair exists in the current physical manifest.
voice-v21-224,setup-clearer-view-v21,setup-clearer-view-v21,marcus,I need a clearer view. Make sure your whole body is visible.,training,recovery,setup_recovery,reuse_exact_existing_pair,stale_fingerprint_refresh,elevenlabs,eleven_multilingual_v2,lUTamkMw7gOzZbFIwmq4,assets/audio/voice/marcus/setup-clearer-view-v21.mp3,false,false,false,src/audio/manifest.ts,src/audio/voiceV21AudioManifest.ts,already_current_skip,,Voice V2.1 refresh from final cue registry. Exact Clara/Marcus pair exists in the current physical manifest.
voice-v21-225,setup-closer-v21,setup-closer-v21,clara,Move a little closer.,training,recovery,setup_recovery,reuse_exact_existing_pair,stale_fingerprint_refresh,elevenlabs,eleven_multilingual_v2,rfkTsdZrVWEVhDycUYn9,assets/audio/voice/clara/setup-closer-v21.mp3,false,false,false,src/audio/manifest.ts,src/audio/voiceV21AudioManifest.ts,already_current_skip,,Voice V2.1 refresh from final cue registry. Exact Clara/Marcus pair exists in the current physical manifest.
voice-v21-226,setup-closer-v21,setup-closer-v21,marcus,Move a little closer.,training,recovery,setup_recovery,reuse_exact_existing_pair,stale_fingerprint_refresh,elevenlabs,eleven_multilingual_v2,lUTamkMw7gOzZbFIwmq4,assets/audio/voice/marcus/setup-closer-v21.mp3,false,false,false,src/audio/manifest.ts,src/audio/voiceV21AudioManifest.ts,already_current_skip,,Voice V2.1 refresh from final cue registry. Exact Clara/Marcus pair exists in the current physical manifest.
voice-v21-227,setup-enter-view-v21,setup-enter-view-v21,clara,Step into view so your whole body is visible.,training,recovery,setup_recovery,reuse_exact_existing_pair,stale_fingerprint_refresh,elevenlabs,eleven_multilingual_v2,rfkTsdZrVWEVhDycUYn9,assets/audio/voice/clara/setup-enter-view-v21.mp3,false,false,false,src/audio/manifest.ts,src/audio/voiceV21AudioManifest.ts,already_current_skip,,Voice V2.1 refresh from final cue registry. Exact Clara/Marcus pair exists in the current physical manifest.
voice-v21-228,setup-enter-view-v21,setup-enter-view-v21,marcus,Step into view so your whole body is visible.,training,recovery,setup_recovery,reuse_exact_existing_pair,stale_fingerprint_refresh,elevenlabs,eleven_multilingual_v2,lUTamkMw7gOzZbFIwmq4,assets/audio/voice/marcus/setup-enter-view-v21.mp3,false,false,false,src/audio/manifest.ts,src/audio/voiceV21AudioManifest.ts,already_current_skip,,Voice V2.1 refresh from final cue registry. Exact Clara/Marcus pair exists in the current physical manifest.
voice-v21-229,setup-hold-still-v21,setup-hold-still-v21,clara,Hold still for a moment.,training,recovery,setup_recovery,reuse_exact_existing_pair,stale_fingerprint_refresh,elevenlabs,eleven_multilingual_v2,rfkTsdZrVWEVhDycUYn9,assets/audio/voice/clara/setup-hold-still-v21.mp3,false,false,false,src/audio/manifest.ts,src/audio/voiceV21AudioManifest.ts,already_current_skip,,Voice V2.1 refresh from final cue registry. Exact Clara/Marcus pair exists in the current physical manifest.
voice-v21-230,setup-hold-still-v21,setup-hold-still-v21,marcus,Hold still for a moment.,training,recovery,setup_recovery,reuse_exact_existing_pair,stale_fingerprint_refresh,elevenlabs,eleven_multilingual_v2,lUTamkMw7gOzZbFIwmq4,assets/audio/voice/marcus/setup-hold-still-v21.mp3,false,false,false,src/audio/manifest.ts,src/audio/voiceV21AudioManifest.ts,already_current_skip,,Voice V2.1 refresh from final cue registry. Exact Clara/Marcus pair exists in the current physical manifest.
voice-v21-231,setup-light-v21,setup-light-v21,clara,Please turn on the main light.,training,recovery,setup_recovery,reuse_exact_existing_pair,stale_fingerprint_refresh,elevenlabs,eleven_multilingual_v2,rfkTsdZrVWEVhDycUYn9,assets/audio/voice/clara/setup-light-v21.mp3,false,false,false,src/audio/manifest.ts,src/audio/voiceV21AudioManifest.ts,already_current_skip,,Voice V2.1 refresh from final cue registry. Exact Clara/Marcus pair exists in the current physical manifest.
voice-v21-232,setup-light-v21,setup-light-v21,marcus,Please turn on the main light.,training,recovery,setup_recovery,reuse_exact_existing_pair,stale_fingerprint_refresh,elevenlabs,eleven_multilingual_v2,lUTamkMw7gOzZbFIwmq4,assets/audio/voice/marcus/setup-light-v21.mp3,false,false,false,src/audio/manifest.ts,src/audio/voiceV21AudioManifest.ts,already_current_skip,,Voice V2.1 refresh from final cue registry. Exact Clara/Marcus pair exists in the current physical manifest.
voice-v21-233,side-calf-left-back-v21,side-calf-left-back-v21,clara,"Step your left leg back, heel down.",training,side_setup,instruction,reuse_exact_existing_pair,stale_fingerprint_refresh,elevenlabs,eleven_multilingual_v2,rfkTsdZrVWEVhDycUYn9,assets/audio/voice/clara/side-calf-left-back-v21.mp3,false,false,false,src/audio/manifest.ts,src/audio/voiceV21AudioManifest.ts,already_current_skip,,Voice V2.1 refresh from final cue registry. Exact Clara/Marcus pair exists in the current physical manifest.
voice-v21-234,side-calf-left-back-v21,side-calf-left-back-v21,marcus,"Step your left leg back, heel down.",training,side_setup,instruction,reuse_exact_existing_pair,stale_fingerprint_refresh,elevenlabs,eleven_multilingual_v2,lUTamkMw7gOzZbFIwmq4,assets/audio/voice/marcus/side-calf-left-back-v21.mp3,false,false,false,src/audio/manifest.ts,src/audio/voiceV21AudioManifest.ts,already_current_skip,,Voice V2.1 refresh from final cue registry. Exact Clara/Marcus pair exists in the current physical manifest.
voice-v21-235,side-calf-right-back-v21,side-calf-right-back-v21,clara,"Step your right leg back, heel down.",training,side_setup,instruction,reuse_exact_existing_pair,stale_fingerprint_refresh,elevenlabs,eleven_multilingual_v2,rfkTsdZrVWEVhDycUYn9,assets/audio/voice/clara/side-calf-right-back-v21.mp3,false,false,false,src/audio/manifest.ts,src/audio/voiceV21AudioManifest.ts,already_current_skip,,Voice V2.1 refresh from final cue registry. Exact Clara/Marcus pair exists in the current physical manifest.
voice-v21-236,side-calf-right-back-v21,side-calf-right-back-v21,marcus,"Step your right leg back, heel down.",training,side_setup,instruction,reuse_exact_existing_pair,stale_fingerprint_refresh,elevenlabs,eleven_multilingual_v2,lUTamkMw7gOzZbFIwmq4,assets/audio/voice/marcus/side-calf-right-back-v21.mp3,false,false,false,src/audio/manifest.ts,src/audio/voiceV21AudioManifest.ts,already_current_skip,,Voice V2.1 refresh from final cue registry. Exact Clara/Marcus pair exists in the current physical manifest.
voice-v21-237,side-hamstring-left-extended-v21,side-hamstring-left-extended-v21,clara,"Extend your left leg, heel on the floor.",training,side_setup,instruction,reuse_exact_existing_pair,stale_fingerprint_refresh,elevenlabs,eleven_multilingual_v2,rfkTsdZrVWEVhDycUYn9,assets/audio/voice/clara/side-hamstring-left-extended-v21.mp3,false,false,false,src/audio/manifest.ts,src/audio/voiceV21AudioManifest.ts,already_current_skip,,Voice V2.1 refresh from final cue registry. Exact Clara/Marcus pair exists in the current physical manifest.
voice-v21-238,side-hamstring-left-extended-v21,side-hamstring-left-extended-v21,marcus,"Extend your left leg, heel on the floor.",training,side_setup,instruction,reuse_exact_existing_pair,stale_fingerprint_refresh,elevenlabs,eleven_multilingual_v2,lUTamkMw7gOzZbFIwmq4,assets/audio/voice/marcus/side-hamstring-left-extended-v21.mp3,false,false,false,src/audio/manifest.ts,src/audio/voiceV21AudioManifest.ts,already_current_skip,,Voice V2.1 refresh from final cue registry. Exact Clara/Marcus pair exists in the current physical manifest.
voice-v21-239,side-hamstring-right-extended-v21,side-hamstring-right-extended-v21,clara,"Extend your right leg, heel on the floor.",training,side_setup,instruction,reuse_exact_existing_pair,stale_fingerprint_refresh,elevenlabs,eleven_multilingual_v2,rfkTsdZrVWEVhDycUYn9,assets/audio/voice/clara/side-hamstring-right-extended-v21.mp3,false,false,false,src/audio/manifest.ts,src/audio/voiceV21AudioManifest.ts,already_current_skip,,Voice V2.1 refresh from final cue registry. Exact Clara/Marcus pair exists in the current physical manifest.
voice-v21-240,side-hamstring-right-extended-v21,side-hamstring-right-extended-v21,marcus,"Extend your right leg, heel on the floor.",training,side_setup,instruction,reuse_exact_existing_pair,stale_fingerprint_refresh,elevenlabs,eleven_multilingual_v2,lUTamkMw7gOzZbFIwmq4,assets/audio/voice/marcus/side-hamstring-right-extended-v21.mp3,false,false,false,src/audio/manifest.ts,src/audio/voiceV21AudioManifest.ts,already_current_skip,,Voice V2.1 refresh from final cue registry. Exact Clara/Marcus pair exists in the current physical manifest.
voice-v21-241,side-hip-flexor-left-back-v21,side-hip-flexor-left-back-v21,clara,Step your right foot forward so your left hip side stretches.,training,side_setup,instruction,reuse_exact_existing_pair,stale_fingerprint_refresh,elevenlabs,eleven_multilingual_v2,rfkTsdZrVWEVhDycUYn9,assets/audio/voice/clara/side-hip-flexor-left-back-v21.mp3,false,false,false,src/audio/manifest.ts,src/audio/voiceV21AudioManifest.ts,already_current_skip,,Voice V2.1 refresh from final cue registry. Exact Clara/Marcus pair exists in the current physical manifest.
voice-v21-242,side-hip-flexor-left-back-v21,side-hip-flexor-left-back-v21,marcus,Step your right foot forward so your left hip side stretches.,training,side_setup,instruction,reuse_exact_existing_pair,stale_fingerprint_refresh,elevenlabs,eleven_multilingual_v2,lUTamkMw7gOzZbFIwmq4,assets/audio/voice/marcus/side-hip-flexor-left-back-v21.mp3,false,false,false,src/audio/manifest.ts,src/audio/voiceV21AudioManifest.ts,already_current_skip,,Voice V2.1 refresh from final cue registry. Exact Clara/Marcus pair exists in the current physical manifest.
voice-v21-243,side-hip-flexor-right-back-v21,side-hip-flexor-right-back-v21,clara,Step your left foot forward so your right hip side stretches.,training,side_setup,instruction,reuse_exact_existing_pair,stale_fingerprint_refresh,elevenlabs,eleven_multilingual_v2,rfkTsdZrVWEVhDycUYn9,assets/audio/voice/clara/side-hip-flexor-right-back-v21.mp3,false,false,false,src/audio/manifest.ts,src/audio/voiceV21AudioManifest.ts,already_current_skip,,Voice V2.1 refresh from final cue registry. Exact Clara/Marcus pair exists in the current physical manifest.
voice-v21-244,side-hip-flexor-right-back-v21,side-hip-flexor-right-back-v21,marcus,Step your left foot forward so your right hip side stretches.,training,side_setup,instruction,reuse_exact_existing_pair,stale_fingerprint_refresh,elevenlabs,eleven_multilingual_v2,lUTamkMw7gOzZbFIwmq4,assets/audio/voice/marcus/side-hip-flexor-right-back-v21.mp3,false,false,false,src/audio/manifest.ts,src/audio/voiceV21AudioManifest.ts,already_current_skip,,Voice V2.1 refresh from final cue registry. Exact Clara/Marcus pair exists in the current physical manifest.
voice-v21-245,side-single-leg-left-v21,side-single-leg-left-v21,clara,Start on your left leg. Lift your right foot slightly.,training,side_setup,instruction,reuse_exact_existing_pair,stale_fingerprint_refresh,elevenlabs,eleven_multilingual_v2,rfkTsdZrVWEVhDycUYn9,assets/audio/voice/clara/side-single-leg-left-v21.mp3,false,false,false,src/audio/manifest.ts,src/audio/voiceV21AudioManifest.ts,already_current_skip,,Voice V2.1 refresh from final cue registry. Exact Clara/Marcus pair exists in the current physical manifest.
voice-v21-246,side-single-leg-left-v21,side-single-leg-left-v21,marcus,Start on your left leg. Lift your right foot slightly.,training,side_setup,instruction,reuse_exact_existing_pair,stale_fingerprint_refresh,elevenlabs,eleven_multilingual_v2,lUTamkMw7gOzZbFIwmq4,assets/audio/voice/marcus/side-single-leg-left-v21.mp3,false,false,false,src/audio/manifest.ts,src/audio/voiceV21AudioManifest.ts,already_current_skip,,Voice V2.1 refresh from final cue registry. Exact Clara/Marcus pair exists in the current physical manifest.
voice-v21-247,side-single-leg-right-v21,side-single-leg-right-v21,clara,Start on your right leg. Lift your left foot slightly.,training,side_setup,instruction,reuse_exact_existing_pair,stale_fingerprint_refresh,elevenlabs,eleven_multilingual_v2,rfkTsdZrVWEVhDycUYn9,assets/audio/voice/clara/side-single-leg-right-v21.mp3,false,false,false,src/audio/manifest.ts,src/audio/voiceV21AudioManifest.ts,already_current_skip,,Voice V2.1 refresh from final cue registry. Exact Clara/Marcus pair exists in the current physical manifest.
voice-v21-248,side-single-leg-right-v21,side-single-leg-right-v21,marcus,Start on your right leg. Lift your left foot slightly.,training,side_setup,instruction,reuse_exact_existing_pair,stale_fingerprint_refresh,elevenlabs,eleven_multilingual_v2,lUTamkMw7gOzZbFIwmq4,assets/audio/voice/marcus/side-single-leg-right-v21.mp3,false,false,false,src/audio/manifest.ts,src/audio/voiceV21AudioManifest.ts,already_current_skip,,Voice V2.1 refresh from final cue registry. Exact Clara/Marcus pair exists in the current physical manifest.
voice-v21-249,side-split-squat-left-forward-v21,side-split-squat-left-forward-v21,clara,"Left foot forward, small split stance.",training,side_setup,instruction,reuse_exact_existing_pair,stale_fingerprint_refresh,elevenlabs,eleven_multilingual_v2,rfkTsdZrVWEVhDycUYn9,assets/audio/voice/clara/side-split-squat-left-forward-v21.mp3,false,false,false,src/audio/manifest.ts,src/audio/voiceV21AudioManifest.ts,already_current_skip,,Voice V2.1 refresh from final cue registry. Exact Clara/Marcus pair exists in the current physical manifest.
voice-v21-250,side-split-squat-left-forward-v21,side-split-squat-left-forward-v21,marcus,"Left foot forward, small split stance.",training,side_setup,instruction,reuse_exact_existing_pair,stale_fingerprint_refresh,elevenlabs,eleven_multilingual_v2,lUTamkMw7gOzZbFIwmq4,assets/audio/voice/marcus/side-split-squat-left-forward-v21.mp3,false,false,false,src/audio/manifest.ts,src/audio/voiceV21AudioManifest.ts,already_current_skip,,Voice V2.1 refresh from final cue registry. Exact Clara/Marcus pair exists in the current physical manifest.
voice-v21-251,side-split-squat-right-forward-v21,side-split-squat-right-forward-v21,clara,"Right foot forward, small split stance.",training,side_setup,instruction,reuse_exact_existing_pair,stale_fingerprint_refresh,elevenlabs,eleven_multilingual_v2,rfkTsdZrVWEVhDycUYn9,assets/audio/voice/clara/side-split-squat-right-forward-v21.mp3,false,false,false,src/audio/manifest.ts,src/audio/voiceV21AudioManifest.ts,already_current_skip,,Voice V2.1 refresh from final cue registry. Exact Clara/Marcus pair exists in the current physical manifest.
voice-v21-252,side-split-squat-right-forward-v21,side-split-squat-right-forward-v21,marcus,"Right foot forward, small split stance.",training,side_setup,instruction,reuse_exact_existing_pair,stale_fingerprint_refresh,elevenlabs,eleven_multilingual_v2,lUTamkMw7gOzZbFIwmq4,assets/audio/voice/marcus/side-split-squat-right-forward-v21.mp3,false,false,false,src/audio/manifest.ts,src/audio/voiceV21AudioManifest.ts,already_current_skip,,Voice V2.1 refresh from final cue registry. Exact Clara/Marcus pair exists in the current physical manifest.
voice-v21-253,side-tandem-left-front-v21,side-tandem-left-front-v21,clara,"Place your left foot in front, heel to toe.",training,side_setup,instruction,reuse_exact_existing_pair,stale_fingerprint_refresh,elevenlabs,eleven_multilingual_v2,rfkTsdZrVWEVhDycUYn9,assets/audio/voice/clara/side-tandem-left-front-v21.mp3,false,false,false,src/audio/manifest.ts,src/audio/voiceV21AudioManifest.ts,already_current_skip,,Voice V2.1 refresh from final cue registry. Exact Clara/Marcus pair exists in the current physical manifest.
voice-v21-254,side-tandem-left-front-v21,side-tandem-left-front-v21,marcus,"Place your left foot in front, heel to toe.",training,side_setup,instruction,reuse_exact_existing_pair,stale_fingerprint_refresh,elevenlabs,eleven_multilingual_v2,lUTamkMw7gOzZbFIwmq4,assets/audio/voice/marcus/side-tandem-left-front-v21.mp3,false,false,false,src/audio/manifest.ts,src/audio/voiceV21AudioManifest.ts,already_current_skip,,Voice V2.1 refresh from final cue registry. Exact Clara/Marcus pair exists in the current physical manifest.
voice-v21-255,side-tandem-right-front-v21,side-tandem-right-front-v21,clara,"Place your right foot in front, heel to toe.",training,side_setup,instruction,reuse_exact_existing_pair,stale_fingerprint_refresh,elevenlabs,eleven_multilingual_v2,rfkTsdZrVWEVhDycUYn9,assets/audio/voice/clara/side-tandem-right-front-v21.mp3,false,false,false,src/audio/manifest.ts,src/audio/voiceV21AudioManifest.ts,already_current_skip,,Voice V2.1 refresh from final cue registry. Exact Clara/Marcus pair exists in the current physical manifest.
voice-v21-256,side-tandem-right-front-v21,side-tandem-right-front-v21,marcus,"Place your right foot in front, heel to toe.",training,side_setup,instruction,reuse_exact_existing_pair,stale_fingerprint_refresh,elevenlabs,eleven_multilingual_v2,lUTamkMw7gOzZbFIwmq4,assets/audio/voice/marcus/side-tandem-right-front-v21.mp3,false,false,false,src/audio/manifest.ts,src/audio/voiceV21AudioManifest.ts,already_current_skip,,Voice V2.1 refresh from final cue registry. Exact Clara/Marcus pair exists in the current physical manifest.
voice-v21-257,step-up-next-left-v21,step-up-next-left-v21,clara,Next rep starts with your left leg.,training,side_setup,instruction,reuse_exact_existing_pair,stale_fingerprint_refresh,elevenlabs,eleven_multilingual_v2,rfkTsdZrVWEVhDycUYn9,assets/audio/voice/clara/step-up-next-left-v21.mp3,false,false,false,src/audio/manifest.ts,src/audio/voiceV21AudioManifest.ts,already_current_skip,,Voice V2.1 refresh from final cue registry. Exact Clara/Marcus pair exists in the current physical manifest.
voice-v21-258,step-up-next-left-v21,step-up-next-left-v21,marcus,Next rep starts with your left leg.,training,side_setup,instruction,reuse_exact_existing_pair,stale_fingerprint_refresh,elevenlabs,eleven_multilingual_v2,lUTamkMw7gOzZbFIwmq4,assets/audio/voice/marcus/step-up-next-left-v21.mp3,false,false,false,src/audio/manifest.ts,src/audio/voiceV21AudioManifest.ts,already_current_skip,,Voice V2.1 refresh from final cue registry. Exact Clara/Marcus pair exists in the current physical manifest.
voice-v21-259,step-up-next-right-v21,step-up-next-right-v21,clara,Next rep starts with your right leg.,training,side_setup,instruction,reuse_exact_existing_pair,stale_fingerprint_refresh,elevenlabs,eleven_multilingual_v2,rfkTsdZrVWEVhDycUYn9,assets/audio/voice/clara/step-up-next-right-v21.mp3,false,false,false,src/audio/manifest.ts,src/audio/voiceV21AudioManifest.ts,already_current_skip,,Voice V2.1 refresh from final cue registry. Exact Clara/Marcus pair exists in the current physical manifest.
voice-v21-260,step-up-next-right-v21,step-up-next-right-v21,marcus,Next rep starts with your right leg.,training,side_setup,instruction,reuse_exact_existing_pair,stale_fingerprint_refresh,elevenlabs,eleven_multilingual_v2,lUTamkMw7gOzZbFIwmq4,assets/audio/voice/marcus/step-up-next-right-v21.mp3,false,false,false,src/audio/manifest.ts,src/audio/voiceV21AudioManifest.ts,already_current_skip,,Voice V2.1 refresh from final cue registry. Exact Clara/Marcus pair exists in the current physical manifest.
voice-v21-261,step-up-start-left-v21,step-up-start-left-v21,clara,Start with your left leg.,training,side_setup,instruction,reuse_exact_existing_pair,stale_fingerprint_refresh,elevenlabs,eleven_multilingual_v2,rfkTsdZrVWEVhDycUYn9,assets/audio/voice/clara/step-up-start-left-v21.mp3,false,false,false,src/audio/manifest.ts,src/audio/voiceV21AudioManifest.ts,already_current_skip,,Voice V2.1 refresh from final cue registry. Exact Clara/Marcus pair exists in the current physical manifest.
voice-v21-262,step-up-start-left-v21,step-up-start-left-v21,marcus,Start with your left leg.,training,side_setup,instruction,reuse_exact_existing_pair,stale_fingerprint_refresh,elevenlabs,eleven_multilingual_v2,lUTamkMw7gOzZbFIwmq4,assets/audio/voice/marcus/step-up-start-left-v21.mp3,false,false,false,src/audio/manifest.ts,src/audio/voiceV21AudioManifest.ts,already_current_skip,,Voice V2.1 refresh from final cue registry. Exact Clara/Marcus pair exists in the current physical manifest.
voice-v21-263,step-up-start-right-v21,step-up-start-right-v21,clara,Start with your right leg.,training,side_setup,instruction,reuse_exact_existing_pair,stale_fingerprint_refresh,elevenlabs,eleven_multilingual_v2,rfkTsdZrVWEVhDycUYn9,assets/audio/voice/clara/step-up-start-right-v21.mp3,false,false,false,src/audio/manifest.ts,src/audio/voiceV21AudioManifest.ts,already_current_skip,,Voice V2.1 refresh from final cue registry. Exact Clara/Marcus pair exists in the current physical manifest.
voice-v21-264,step-up-start-right-v21,step-up-start-right-v21,marcus,Start with your right leg.,training,side_setup,instruction,reuse_exact_existing_pair,stale_fingerprint_refresh,elevenlabs,eleven_multilingual_v2,lUTamkMw7gOzZbFIwmq4,assets/audio/voice/marcus/step-up-start-right-v21.mp3,false,false,false,src/audio/manifest.ts,src/audio/voiceV21AudioManifest.ts,already_current_skip,,Voice V2.1 refresh from final cue registry. Exact Clara/Marcus pair exists in the current physical manifest.
voice-v21-265,step-up-wrong-left-v21,step-up-wrong-left-v21,clara,No rep. Start the next one with your left leg.,training,recovery,critical_stop,reuse_exact_existing_pair,stale_fingerprint_refresh,elevenlabs,eleven_multilingual_v2,rfkTsdZrVWEVhDycUYn9,assets/audio/voice/clara/step-up-wrong-left-v21.mp3,false,false,false,src/audio/manifest.ts,src/audio/voiceV21AudioManifest.ts,already_current_skip,,Voice V2.1 refresh from final cue registry. Exact Clara/Marcus pair exists in the current physical manifest.
voice-v21-266,step-up-wrong-left-v21,step-up-wrong-left-v21,marcus,No rep. Start the next one with your left leg.,training,recovery,critical_stop,reuse_exact_existing_pair,stale_fingerprint_refresh,elevenlabs,eleven_multilingual_v2,lUTamkMw7gOzZbFIwmq4,assets/audio/voice/marcus/step-up-wrong-left-v21.mp3,false,false,false,src/audio/manifest.ts,src/audio/voiceV21AudioManifest.ts,already_current_skip,,Voice V2.1 refresh from final cue registry. Exact Clara/Marcus pair exists in the current physical manifest.
voice-v21-267,step-up-wrong-right-v21,step-up-wrong-right-v21,clara,No rep. Start the next one with your right leg.,training,recovery,critical_stop,reuse_exact_existing_pair,stale_fingerprint_refresh,elevenlabs,eleven_multilingual_v2,rfkTsdZrVWEVhDycUYn9,assets/audio/voice/clara/step-up-wrong-right-v21.mp3,false,false,false,src/audio/manifest.ts,src/audio/voiceV21AudioManifest.ts,already_current_skip,,Voice V2.1 refresh from final cue registry. Exact Clara/Marcus pair exists in the current physical manifest.
voice-v21-268,step-up-wrong-right-v21,step-up-wrong-right-v21,marcus,No rep. Start the next one with your right leg.,training,recovery,critical_stop,reuse_exact_existing_pair,stale_fingerprint_refresh,elevenlabs,eleven_multilingual_v2,lUTamkMw7gOzZbFIwmq4,assets/audio/voice/marcus/step-up-wrong-right-v21.mp3,false,false,false,src/audio/manifest.ts,src/audio/voiceV21AudioManifest.ts,already_current_skip,,Voice V2.1 refresh from final cue registry. Exact Clara/Marcus pair exists in the current physical manifest.
voice-v21-269,switch-foot-positions-v21,switch-foot-positions-v21,clara,Switch foot positions.,training,side_switch,instruction,reuse_exact_existing_pair,stale_fingerprint_refresh,elevenlabs,eleven_multilingual_v2,rfkTsdZrVWEVhDycUYn9,assets/audio/voice/clara/switch-foot-positions-v21.mp3,false,false,false,src/audio/manifest.ts,src/audio/voiceV21AudioManifest.ts,already_current_skip,,Voice V2.1 refresh from final cue registry. Exact Clara/Marcus pair exists in the current physical manifest.
voice-v21-270,switch-foot-positions-v21,switch-foot-positions-v21,marcus,Switch foot positions.,training,side_switch,instruction,reuse_exact_existing_pair,stale_fingerprint_refresh,elevenlabs,eleven_multilingual_v2,lUTamkMw7gOzZbFIwmq4,assets/audio/voice/marcus/switch-foot-positions-v21.mp3,false,false,false,src/audio/manifest.ts,src/audio/voiceV21AudioManifest.ts,already_current_skip,,Voice V2.1 refresh from final cue registry. Exact Clara/Marcus pair exists in the current physical manifest.
voice-v21-271,switch-legs-v21,switch-legs-v21,clara,Switch legs.,training,side_switch,instruction,reuse_exact_existing_pair,stale_fingerprint_refresh,elevenlabs,eleven_multilingual_v2,rfkTsdZrVWEVhDycUYn9,assets/audio/voice/clara/switch-legs-v21.mp3,false,false,false,src/audio/manifest.ts,src/audio/voiceV21AudioManifest.ts,already_current_skip,,Voice V2.1 refresh from final cue registry. Exact Clara/Marcus pair exists in the current physical manifest.
voice-v21-272,switch-legs-v21,switch-legs-v21,marcus,Switch legs.,training,side_switch,instruction,reuse_exact_existing_pair,stale_fingerprint_refresh,elevenlabs,eleven_multilingual_v2,lUTamkMw7gOzZbFIwmq4,assets/audio/voice/marcus/switch-legs-v21.mp3,false,false,false,src/audio/manifest.ts,src/audio/voiceV21AudioManifest.ts,already_current_skip,,Voice V2.1 refresh from final cue registry. Exact Clara/Marcus pair exists in the current physical manifest.
voice-v21-273,switch-sides-v21,switch-sides-v21,clara,Switch sides.,training,side_switch,instruction,reuse_exact_existing_pair,stale_fingerprint_refresh,elevenlabs,eleven_multilingual_v2,rfkTsdZrVWEVhDycUYn9,assets/audio/voice/clara/switch-sides-v21.mp3,false,false,false,src/audio/manifest.ts,src/audio/voiceV21AudioManifest.ts,already_current_skip,,Voice V2.1 refresh from final cue registry. Exact Clara/Marcus pair exists in the current physical manifest.
voice-v21-274,switch-sides-v21,switch-sides-v21,marcus,Switch sides.,training,side_switch,instruction,reuse_exact_existing_pair,stale_fingerprint_refresh,elevenlabs,eleven_multilingual_v2,lUTamkMw7gOzZbFIwmq4,assets/audio/voice/marcus/switch-sides-v21.mp3,false,false,false,src/audio/manifest.ts,src/audio/voiceV21AudioManifest.ts,already_current_skip,,Voice V2.1 refresh from final cue registry. Exact Clara/Marcus pair exists in the current physical manifest.
voice-v21-275,target-balance-feet-together-hold-v21,target-balance-feet-together-hold-v21,clara,Hold for twenty seconds.,training,target,instruction,reuse_exact_existing_pair,stale_fingerprint_refresh,elevenlabs,eleven_multilingual_v2,rfkTsdZrVWEVhDycUYn9,assets/audio/voice/clara/target-balance-feet-together-hold-v21.mp3,false,false,false,src/audio/manifest.ts,src/audio/voiceV21AudioManifest.ts,already_current_skip,,Voice V2.1 refresh from final cue registry. Exact Clara/Marcus pair exists in the current physical manifest.
voice-v21-276,target-balance-feet-together-hold-v21,target-balance-feet-together-hold-v21,marcus,Hold for twenty seconds.,training,target,instruction,reuse_exact_existing_pair,stale_fingerprint_refresh,elevenlabs,eleven_multilingual_v2,lUTamkMw7gOzZbFIwmq4,assets/audio/voice/marcus/target-balance-feet-together-hold-v21.mp3,false,false,false,src/audio/manifest.ts,src/audio/voiceV21AudioManifest.ts,already_current_skip,,Voice V2.1 refresh from final cue registry. Exact Clara/Marcus pair exists in the current physical manifest.
voice-v21-277,target-balance-single-leg-hold-v21,target-balance-single-leg-hold-v21,clara,Hold for [duration].,training,target,instruction,reuse_exact_existing_pair,stale_fingerprint_refresh,elevenlabs,eleven_multilingual_v2,rfkTsdZrVWEVhDycUYn9,assets/audio/voice/clara/target-balance-single-leg-hold-v21.mp3,false,false,false,src/audio/manifest.ts,src/audio/voiceV21AudioManifest.ts,already_current_skip,,Voice V2.1 refresh from final cue registry. Exact Clara/Marcus pair exists in the current physical manifest.
voice-v21-278,target-balance-single-leg-hold-v21,target-balance-single-leg-hold-v21,marcus,Hold for [duration].,training,target,instruction,reuse_exact_existing_pair,stale_fingerprint_refresh,elevenlabs,eleven_multilingual_v2,lUTamkMw7gOzZbFIwmq4,assets/audio/voice/marcus/target-balance-single-leg-hold-v21.mp3,false,false,false,src/audio/manifest.ts,src/audio/voiceV21AudioManifest.ts,already_current_skip,,Voice V2.1 refresh from final cue registry. Exact Clara/Marcus pair exists in the current physical manifest.
voice-v21-279,target-balance-tandem-hold-v21,target-balance-tandem-hold-v21,clara,Hold for [duration].,training,target,instruction,reuse_exact_existing_pair,stale_fingerprint_refresh,elevenlabs,eleven_multilingual_v2,rfkTsdZrVWEVhDycUYn9,assets/audio/voice/clara/target-balance-tandem-hold-v21.mp3,false,false,false,src/audio/manifest.ts,src/audio/voiceV21AudioManifest.ts,already_current_skip,,Voice V2.1 refresh from final cue registry. Exact Clara/Marcus pair exists in the current physical manifest.
voice-v21-280,target-balance-tandem-hold-v21,target-balance-tandem-hold-v21,marcus,Hold for [duration].,training,target,instruction,reuse_exact_existing_pair,stale_fingerprint_refresh,elevenlabs,eleven_multilingual_v2,lUTamkMw7gOzZbFIwmq4,assets/audio/voice/marcus/target-balance-tandem-hold-v21.mp3,false,false,false,src/audio/manifest.ts,src/audio/voiceV21AudioManifest.ts,already_current_skip,,Voice V2.1 refresh from final cue registry. Exact Clara/Marcus pair exists in the current physical manifest.
voice-v21-281,target-band-pull-apart-v21,target-band-pull-apart-v21,clara,Move for thirty seconds.,training,target,instruction,reuse_exact_existing_pair,stale_fingerprint_refresh,elevenlabs,eleven_multilingual_v2,rfkTsdZrVWEVhDycUYn9,assets/audio/voice/clara/target-band-pull-apart-v21.mp3,false,false,false,src/audio/manifest.ts,src/audio/voiceV21AudioManifest.ts,already_current_skip,,Voice V2.1 refresh from final cue registry. Exact Clara/Marcus pair exists in the current physical manifest.
voice-v21-282,target-band-pull-apart-v21,target-band-pull-apart-v21,marcus,Move for thirty seconds.,training,target,instruction,reuse_exact_existing_pair,stale_fingerprint_refresh,elevenlabs,eleven_multilingual_v2,lUTamkMw7gOzZbFIwmq4,assets/audio/voice/marcus/target-band-pull-apart-v21.mp3,false,false,false,src/audio/manifest.ts,src/audio/voiceV21AudioManifest.ts,already_current_skip,,Voice V2.1 refresh from final cue registry. Exact Clara/Marcus pair exists in the current physical manifest.
voice-v21-283,target-chair-supported-split-squat-v21,target-chair-supported-split-squat-v21,clara,Aim for [reps] reps.,training,target,instruction,reuse_exact_existing_pair,stale_fingerprint_refresh,elevenlabs,eleven_multilingual_v2,rfkTsdZrVWEVhDycUYn9,assets/audio/voice/clara/target-chair-supported-split-squat-v21.mp3,false,false,false,src/audio/manifest.ts,src/audio/voiceV21AudioManifest.ts,already_current_skip,,Voice V2.1 refresh from final cue registry. Exact Clara/Marcus pair exists in the current physical manifest.
voice-v21-284,target-chair-supported-split-squat-v21,target-chair-supported-split-squat-v21,marcus,Aim for [reps] reps.,training,target,instruction,reuse_exact_existing_pair,stale_fingerprint_refresh,elevenlabs,eleven_multilingual_v2,lUTamkMw7gOzZbFIwmq4,assets/audio/voice/marcus/target-chair-supported-split-squat-v21.mp3,false,false,false,src/audio/manifest.ts,src/audio/voiceV21AudioManifest.ts,already_current_skip,,Voice V2.1 refresh from final cue registry. Exact Clara/Marcus pair exists in the current physical manifest.
voice-v21-285,target-glute-bridge-hold-v21,target-glute-bridge-hold-v21,clara,Hold for twenty seconds.,training,target,instruction,reuse_exact_existing_pair,stale_fingerprint_refresh,elevenlabs,eleven_multilingual_v2,rfkTsdZrVWEVhDycUYn9,assets/audio/voice/clara/target-glute-bridge-hold-v21.mp3,false,false,false,src/audio/manifest.ts,src/audio/voiceV21AudioManifest.ts,already_current_skip,,Voice V2.1 refresh from final cue registry. Exact Clara/Marcus pair exists in the current physical manifest.
voice-v21-286,target-glute-bridge-hold-v21,target-glute-bridge-hold-v21,marcus,Hold for twenty seconds.,training,target,instruction,reuse_exact_existing_pair,stale_fingerprint_refresh,elevenlabs,eleven_multilingual_v2,lUTamkMw7gOzZbFIwmq4,assets/audio/voice/marcus/target-glute-bridge-hold-v21.mp3,false,false,false,src/audio/manifest.ts,src/audio/voiceV21AudioManifest.ts,already_current_skip,,Voice V2.1 refresh from final cue registry. Exact Clara/Marcus pair exists in the current physical manifest.
voice-v21-287,target-glute-bridge-reps-v21,target-glute-bridge-reps-v21,clara,Aim for twelve reps.,training,target,instruction,reuse_exact_existing_pair,stale_fingerprint_refresh,elevenlabs,eleven_multilingual_v2,rfkTsdZrVWEVhDycUYn9,assets/audio/voice/clara/target-glute-bridge-reps-v21.mp3,false,false,false,src/audio/manifest.ts,src/audio/voiceV21AudioManifest.ts,already_current_skip,,Voice V2.1 refresh from final cue registry. Exact Clara/Marcus pair exists in the current physical manifest.
voice-v21-288,target-glute-bridge-reps-v21,target-glute-bridge-reps-v21,marcus,Aim for twelve reps.,training,target,instruction,reuse_exact_existing_pair,stale_fingerprint_refresh,elevenlabs,eleven_multilingual_v2,lUTamkMw7gOzZbFIwmq4,assets/audio/voice/marcus/target-glute-bridge-reps-v21.mp3,false,false,false,src/audio/manifest.ts,src/audio/voiceV21AudioManifest.ts,already_current_skip,,Voice V2.1 refresh from final cue registry. Exact Clara/Marcus pair exists in the current physical manifest.
voice-v21-289,target-heel-raise-free-v21,target-heel-raise-free-v21,clara,Aim for eighteen reps.,training,target,instruction,reuse_exact_existing_pair,stale_fingerprint_refresh,elevenlabs,eleven_multilingual_v2,rfkTsdZrVWEVhDycUYn9,assets/audio/voice/clara/target-heel-raise-free-v21.mp3,false,false,false,src/audio/manifest.ts,src/audio/voiceV21AudioManifest.ts,already_current_skip,,Voice V2.1 refresh from final cue registry. Exact Clara/Marcus pair exists in the current physical manifest.
voice-v21-290,target-heel-raise-free-v21,target-heel-raise-free-v21,marcus,Aim for eighteen reps.,training,target,instruction,reuse_exact_existing_pair,stale_fingerprint_refresh,elevenlabs,eleven_multilingual_v2,lUTamkMw7gOzZbFIwmq4,assets/audio/voice/marcus/target-heel-raise-free-v21.mp3,false,false,false,src/audio/manifest.ts,src/audio/voiceV21AudioManifest.ts,already_current_skip,,Voice V2.1 refresh from final cue registry. Exact Clara/Marcus pair exists in the current physical manifest.
voice-v21-291,target-heel-raise-supported-v21,target-heel-raise-supported-v21,clara,Aim for fifteen reps.,training,target,instruction,reuse_exact_existing_pair,stale_fingerprint_refresh,elevenlabs,eleven_multilingual_v2,rfkTsdZrVWEVhDycUYn9,assets/audio/voice/clara/target-heel-raise-supported-v21.mp3,false,false,false,src/audio/manifest.ts,src/audio/voiceV21AudioManifest.ts,already_current_skip,,Voice V2.1 refresh from final cue registry. Exact Clara/Marcus pair exists in the current physical manifest.
voice-v21-292,target-heel-raise-supported-v21,target-heel-raise-supported-v21,marcus,Aim for fifteen reps.,training,target,instruction,reuse_exact_existing_pair,stale_fingerprint_refresh,elevenlabs,eleven_multilingual_v2,lUTamkMw7gOzZbFIwmq4,assets/audio/voice/marcus/target-heel-raise-supported-v21.mp3,false,false,false,src/audio/manifest.ts,src/audio/voiceV21AudioManifest.ts,already_current_skip,,Voice V2.1 refresh from final cue registry. Exact Clara/Marcus pair exists in the current physical manifest.
voice-v21-293,target-hip-hinge-free-v21,target-hip-hinge-free-v21,clara,Aim for twelve reps.,training,target,instruction,reuse_exact_existing_pair,stale_fingerprint_refresh,elevenlabs,eleven_multilingual_v2,rfkTsdZrVWEVhDycUYn9,assets/audio/voice/clara/target-hip-hinge-free-v21.mp3,false,false,false,src/audio/manifest.ts,src/audio/voiceV21AudioManifest.ts,already_current_skip,,Voice V2.1 refresh from final cue registry. Exact Clara/Marcus pair exists in the current physical manifest.
voice-v21-294,target-hip-hinge-free-v21,target-hip-hinge-free-v21,marcus,Aim for twelve reps.,training,target,instruction,reuse_exact_existing_pair,stale_fingerprint_refresh,elevenlabs,eleven_multilingual_v2,lUTamkMw7gOzZbFIwmq4,assets/audio/voice/marcus/target-hip-hinge-free-v21.mp3,false,false,false,src/audio/manifest.ts,src/audio/voiceV21AudioManifest.ts,already_current_skip,,Voice V2.1 refresh from final cue registry. Exact Clara/Marcus pair exists in the current physical manifest.
voice-v21-295,target-hip-hinge-wall-v21,target-hip-hinge-wall-v21,clara,Aim for ten reps.,training,target,instruction,reuse_exact_existing_pair,stale_fingerprint_refresh,elevenlabs,eleven_multilingual_v2,rfkTsdZrVWEVhDycUYn9,assets/audio/voice/clara/target-hip-hinge-wall-v21.mp3,false,false,false,src/audio/manifest.ts,src/audio/voiceV21AudioManifest.ts,already_current_skip,,Voice V2.1 refresh from final cue registry. Exact Clara/Marcus pair exists in the current physical manifest.
voice-v21-296,target-hip-hinge-wall-v21,target-hip-hinge-wall-v21,marcus,Aim for ten reps.,training,target,instruction,reuse_exact_existing_pair,stale_fingerprint_refresh,elevenlabs,eleven_multilingual_v2,lUTamkMw7gOzZbFIwmq4,assets/audio/voice/marcus/target-hip-hinge-wall-v21.mp3,false,false,false,src/audio/manifest.ts,src/audio/voiceV21AudioManifest.ts,already_current_skip,,Voice V2.1 refresh from final cue registry. Exact Clara/Marcus pair exists in the current physical manifest.
voice-v21-297,target-loaded-march-v21,target-loaded-march-v21,clara,Aim for sixteen reps.,training,target,instruction,reuse_exact_existing_pair,stale_fingerprint_refresh,elevenlabs,eleven_multilingual_v2,rfkTsdZrVWEVhDycUYn9,assets/audio/voice/clara/target-loaded-march-v21.mp3,false,false,false,src/audio/manifest.ts,src/audio/voiceV21AudioManifest.ts,already_current_skip,,Voice V2.1 refresh from final cue registry. Exact Clara/Marcus pair exists in the current physical manifest.
voice-v21-298,target-loaded-march-v21,target-loaded-march-v21,marcus,Aim for sixteen reps.,training,target,instruction,reuse_exact_existing_pair,stale_fingerprint_refresh,elevenlabs,eleven_multilingual_v2,lUTamkMw7gOzZbFIwmq4,assets/audio/voice/marcus/target-loaded-march-v21.mp3,false,false,false,src/audio/manifest.ts,src/audio/voiceV21AudioManifest.ts,already_current_skip,,Voice V2.1 refresh from final cue registry. Exact Clara/Marcus pair exists in the current physical manifest.
voice-v21-299,target-loaded-sit-to-stand-v21,target-loaded-sit-to-stand-v21,clara,Aim for eight reps.,training,target,instruction,reuse_exact_existing_pair,stale_fingerprint_refresh,elevenlabs,eleven_multilingual_v2,rfkTsdZrVWEVhDycUYn9,assets/audio/voice/clara/target-loaded-sit-to-stand-v21.mp3,false,false,false,src/audio/manifest.ts,src/audio/voiceV21AudioManifest.ts,already_current_skip,,Voice V2.1 refresh from final cue registry. Exact Clara/Marcus pair exists in the current physical manifest.
voice-v21-300,target-loaded-sit-to-stand-v21,target-loaded-sit-to-stand-v21,marcus,Aim for eight reps.,training,target,instruction,reuse_exact_existing_pair,stale_fingerprint_refresh,elevenlabs,eleven_multilingual_v2,lUTamkMw7gOzZbFIwmq4,assets/audio/voice/marcus/target-loaded-sit-to-stand-v21.mp3,false,false,false,src/audio/manifest.ts,src/audio/voiceV21AudioManifest.ts,already_current_skip,,Voice V2.1 refresh from final cue registry. Exact Clara/Marcus pair exists in the current physical manifest.
voice-v21-301,target-mini-band-lateral-walk-v21,target-mini-band-lateral-walk-v21,clara,Move for thirty seconds.,training,target,instruction,reuse_exact_existing_pair,stale_fingerprint_refresh,elevenlabs,eleven_multilingual_v2,rfkTsdZrVWEVhDycUYn9,assets/audio/voice/clara/target-mini-band-lateral-walk-v21.mp3,false,false,false,src/audio/manifest.ts,src/audio/voiceV21AudioManifest.ts,already_current_skip,,Voice V2.1 refresh from final cue registry. Exact Clara/Marcus pair exists in the current physical manifest.
voice-v21-302,target-mini-band-lateral-walk-v21,target-mini-band-lateral-walk-v21,marcus,Move for thirty seconds.,training,target,instruction,reuse_exact_existing_pair,stale_fingerprint_refresh,elevenlabs,eleven_multilingual_v2,lUTamkMw7gOzZbFIwmq4,assets/audio/voice/marcus/target-mini-band-lateral-walk-v21.mp3,false,false,false,src/audio/manifest.ts,src/audio/voiceV21AudioManifest.ts,already_current_skip,,Voice V2.1 refresh from final cue registry. Exact Clara/Marcus pair exists in the current physical manifest.
voice-v21-303,target-neck-rotation-v21,target-neck-rotation-v21,clara,Move slowly until I say stop.,training,target,instruction,reuse_exact_existing_pair,stale_fingerprint_refresh,elevenlabs,eleven_multilingual_v2,rfkTsdZrVWEVhDycUYn9,assets/audio/voice/clara/target-neck-rotation-v21.mp3,false,false,false,src/audio/manifest.ts,src/audio/voiceV21AudioManifest.ts,already_current_skip,,Voice V2.1 refresh from final cue registry. Exact Clara/Marcus pair exists in the current physical manifest.
voice-v21-304,target-neck-rotation-v21,target-neck-rotation-v21,marcus,Move slowly until I say stop.,training,target,instruction,reuse_exact_existing_pair,stale_fingerprint_refresh,elevenlabs,eleven_multilingual_v2,lUTamkMw7gOzZbFIwmq4,assets/audio/voice/marcus/target-neck-rotation-v21.mp3,false,false,false,src/audio/manifest.ts,src/audio/voiceV21AudioManifest.ts,already_current_skip,,Voice V2.1 refresh from final cue registry. Exact Clara/Marcus pair exists in the current physical manifest.
voice-v21-305,target-overhead-press-band-v21,target-overhead-press-band-v21,clara,Aim for twelve reps.,training,target,instruction,reuse_exact_existing_pair,stale_fingerprint_refresh,elevenlabs,eleven_multilingual_v2,rfkTsdZrVWEVhDycUYn9,assets/audio/voice/clara/target-overhead-press-band-v21.mp3,false,false,false,src/audio/manifest.ts,src/audio/voiceV21AudioManifest.ts,already_current_skip,,Voice V2.1 refresh from final cue registry. Exact Clara/Marcus pair exists in the current physical manifest.
voice-v21-306,target-overhead-press-band-v21,target-overhead-press-band-v21,marcus,Aim for twelve reps.,training,target,instruction,reuse_exact_existing_pair,stale_fingerprint_refresh,elevenlabs,eleven_multilingual_v2,lUTamkMw7gOzZbFIwmq4,assets/audio/voice/marcus/target-overhead-press-band-v21.mp3,false,false,false,src/audio/manifest.ts,src/audio/voiceV21AudioManifest.ts,already_current_skip,,Voice V2.1 refresh from final cue registry. Exact Clara/Marcus pair exists in the current physical manifest.
voice-v21-307,target-overhead-reach-v21,target-overhead-reach-v21,clara,Aim for twelve reps.,training,target,instruction,reuse_exact_existing_pair,stale_fingerprint_refresh,elevenlabs,eleven_multilingual_v2,rfkTsdZrVWEVhDycUYn9,assets/audio/voice/clara/target-overhead-reach-v21.mp3,false,false,false,src/audio/manifest.ts,src/audio/voiceV21AudioManifest.ts,already_current_skip,,Voice V2.1 refresh from final cue registry. Exact Clara/Marcus pair exists in the current physical manifest.
voice-v21-308,target-overhead-reach-v21,target-overhead-reach-v21,marcus,Aim for twelve reps.,training,target,instruction,reuse_exact_existing_pair,stale_fingerprint_refresh,elevenlabs,eleven_multilingual_v2,lUTamkMw7gOzZbFIwmq4,assets/audio/voice/marcus/target-overhead-reach-v21.mp3,false,false,false,src/audio/manifest.ts,src/audio/voiceV21AudioManifest.ts,already_current_skip,,Voice V2.1 refresh from final cue registry. Exact Clara/Marcus pair exists in the current physical manifest.
voice-v21-309,target-push-up-incline-v21,target-push-up-incline-v21,clara,Aim for ten reps.,training,target,instruction,reuse_exact_existing_pair,stale_fingerprint_refresh,elevenlabs,eleven_multilingual_v2,rfkTsdZrVWEVhDycUYn9,assets/audio/voice/clara/target-push-up-incline-v21.mp3,false,false,false,src/audio/manifest.ts,src/audio/voiceV21AudioManifest.ts,already_current_skip,,Voice V2.1 refresh from final cue registry. Exact Clara/Marcus pair exists in the current physical manifest.
voice-v21-310,target-push-up-incline-v21,target-push-up-incline-v21,marcus,Aim for ten reps.,training,target,instruction,reuse_exact_existing_pair,stale_fingerprint_refresh,elevenlabs,eleven_multilingual_v2,lUTamkMw7gOzZbFIwmq4,assets/audio/voice/marcus/target-push-up-incline-v21.mp3,false,false,false,src/audio/manifest.ts,src/audio/voiceV21AudioManifest.ts,already_current_skip,,Voice V2.1 refresh from final cue registry. Exact Clara/Marcus pair exists in the current physical manifest.
voice-v21-311,target-push-up-standard-v21,target-push-up-standard-v21,clara,Aim for eight reps.,training,target,instruction,reuse_exact_existing_pair,stale_fingerprint_refresh,elevenlabs,eleven_multilingual_v2,rfkTsdZrVWEVhDycUYn9,assets/audio/voice/clara/target-push-up-standard-v21.mp3,false,false,false,src/audio/manifest.ts,src/audio/voiceV21AudioManifest.ts,already_current_skip,,Voice V2.1 refresh from final cue registry. Exact Clara/Marcus pair exists in the current physical manifest.
voice-v21-312,target-push-up-standard-v21,target-push-up-standard-v21,marcus,Aim for eight reps.,training,target,instruction,reuse_exact_existing_pair,stale_fingerprint_refresh,elevenlabs,eleven_multilingual_v2,lUTamkMw7gOzZbFIwmq4,assets/audio/voice/marcus/target-push-up-standard-v21.mp3,false,false,false,src/audio/manifest.ts,src/audio/voiceV21AudioManifest.ts,already_current_skip,,Voice V2.1 refresh from final cue registry. Exact Clara/Marcus pair exists in the current physical manifest.
voice-v21-313,target-push-up-wall-v21,target-push-up-wall-v21,clara,Aim for ten reps.,training,target,instruction,reuse_exact_existing_pair,stale_fingerprint_refresh,elevenlabs,eleven_multilingual_v2,rfkTsdZrVWEVhDycUYn9,assets/audio/voice/clara/target-push-up-wall-v21.mp3,false,false,false,src/audio/manifest.ts,src/audio/voiceV21AudioManifest.ts,already_current_skip,,Voice V2.1 refresh from final cue registry. Exact Clara/Marcus pair exists in the current physical manifest.
voice-v21-314,target-push-up-wall-v21,target-push-up-wall-v21,marcus,Aim for ten reps.,training,target,instruction,reuse_exact_existing_pair,stale_fingerprint_refresh,elevenlabs,eleven_multilingual_v2,lUTamkMw7gOzZbFIwmq4,assets/audio/voice/marcus/target-push-up-wall-v21.mp3,false,false,false,src/audio/manifest.ts,src/audio/voiceV21AudioManifest.ts,already_current_skip,,Voice V2.1 refresh from final cue registry. Exact Clara/Marcus pair exists in the current physical manifest.
voice-v21-315,target-seated-band-row-v21,target-seated-band-row-v21,clara,Aim for ten reps.,training,target,instruction,reuse_exact_existing_pair,stale_fingerprint_refresh,elevenlabs,eleven_multilingual_v2,rfkTsdZrVWEVhDycUYn9,assets/audio/voice/clara/target-seated-band-row-v21.mp3,false,false,false,src/audio/manifest.ts,src/audio/voiceV21AudioManifest.ts,already_current_skip,,Voice V2.1 refresh from final cue registry. Exact Clara/Marcus pair exists in the current physical manifest.
voice-v21-316,target-seated-band-row-v21,target-seated-band-row-v21,marcus,Aim for ten reps.,training,target,instruction,reuse_exact_existing_pair,stale_fingerprint_refresh,elevenlabs,eleven_multilingual_v2,lUTamkMw7gOzZbFIwmq4,assets/audio/voice/marcus/target-seated-band-row-v21.mp3,false,false,false,src/audio/manifest.ts,src/audio/voiceV21AudioManifest.ts,already_current_skip,,Voice V2.1 refresh from final cue registry. Exact Clara/Marcus pair exists in the current physical manifest.
voice-v21-317,target-seated-hamstring-reach-v21,target-seated-hamstring-reach-v21,clara,Reach gently and hold until I say relax.,training,target,instruction,reuse_exact_existing_pair,stale_fingerprint_refresh,elevenlabs,eleven_multilingual_v2,rfkTsdZrVWEVhDycUYn9,assets/audio/voice/clara/target-seated-hamstring-reach-v21.mp3,false,false,false,src/audio/manifest.ts,src/audio/voiceV21AudioManifest.ts,already_current_skip,,Voice V2.1 refresh from final cue registry. Exact Clara/Marcus pair exists in the current physical manifest.
voice-v21-318,target-seated-hamstring-reach-v21,target-seated-hamstring-reach-v21,marcus,Reach gently and hold until I say relax.,training,target,instruction,reuse_exact_existing_pair,stale_fingerprint_refresh,elevenlabs,eleven_multilingual_v2,lUTamkMw7gOzZbFIwmq4,assets/audio/voice/marcus/target-seated-hamstring-reach-v21.mp3,false,false,false,src/audio/manifest.ts,src/audio/voiceV21AudioManifest.ts,already_current_skip,,Voice V2.1 refresh from final cue registry. Exact Clara/Marcus pair exists in the current physical manifest.
voice-v21-319,target-squat-free-v21,target-squat-free-v21,clara,Aim for twelve reps.,training,target,instruction,reuse_exact_existing_pair,stale_fingerprint_refresh,elevenlabs,eleven_multilingual_v2,rfkTsdZrVWEVhDycUYn9,assets/audio/voice/clara/target-squat-free-v21.mp3,false,false,false,src/audio/manifest.ts,src/audio/voiceV21AudioManifest.ts,already_current_skip,,Voice V2.1 refresh from final cue registry. Exact Clara/Marcus pair exists in the current physical manifest.
voice-v21-320,target-squat-free-v21,target-squat-free-v21,marcus,Aim for twelve reps.,training,target,instruction,reuse_exact_existing_pair,stale_fingerprint_refresh,elevenlabs,eleven_multilingual_v2,lUTamkMw7gOzZbFIwmq4,assets/audio/voice/marcus/target-squat-free-v21.mp3,false,false,false,src/audio/manifest.ts,src/audio/voiceV21AudioManifest.ts,already_current_skip,,Voice V2.1 refresh from final cue registry. Exact Clara/Marcus pair exists in the current physical manifest.
voice-v21-321,target-squat-loaded-v21,target-squat-loaded-v21,clara,Aim for eight reps.,training,target,instruction,reuse_exact_existing_pair,stale_fingerprint_refresh,elevenlabs,eleven_multilingual_v2,rfkTsdZrVWEVhDycUYn9,assets/audio/voice/clara/target-squat-loaded-v21.mp3,false,false,false,src/audio/manifest.ts,src/audio/voiceV21AudioManifest.ts,already_current_skip,,Voice V2.1 refresh from final cue registry. Exact Clara/Marcus pair exists in the current physical manifest.
voice-v21-322,target-squat-loaded-v21,target-squat-loaded-v21,marcus,Aim for eight reps.,training,target,instruction,reuse_exact_existing_pair,stale_fingerprint_refresh,elevenlabs,eleven_multilingual_v2,lUTamkMw7gOzZbFIwmq4,assets/audio/voice/marcus/target-squat-loaded-v21.mp3,false,false,false,src/audio/manifest.ts,src/audio/voiceV21AudioManifest.ts,already_current_skip,,Voice V2.1 refresh from final cue registry. Exact Clara/Marcus pair exists in the current physical manifest.
voice-v21-323,target-squat-slow-eccentric-v21,target-squat-slow-eccentric-v21,clara,Aim for eight reps.,training,target,instruction,reuse_exact_existing_pair,stale_fingerprint_refresh,elevenlabs,eleven_multilingual_v2,rfkTsdZrVWEVhDycUYn9,assets/audio/voice/clara/target-squat-slow-eccentric-v21.mp3,false,false,false,src/audio/manifest.ts,src/audio/voiceV21AudioManifest.ts,already_current_skip,,Voice V2.1 refresh from final cue registry. Exact Clara/Marcus pair exists in the current physical manifest.
voice-v21-324,target-squat-slow-eccentric-v21,target-squat-slow-eccentric-v21,marcus,Aim for eight reps.,training,target,instruction,reuse_exact_existing_pair,stale_fingerprint_refresh,elevenlabs,eleven_multilingual_v2,lUTamkMw7gOzZbFIwmq4,assets/audio/voice/marcus/target-squat-slow-eccentric-v21.mp3,false,false,false,src/audio/manifest.ts,src/audio/voiceV21AudioManifest.ts,already_current_skip,,Voice V2.1 refresh from final cue registry. Exact Clara/Marcus pair exists in the current physical manifest.
voice-v21-325,target-squat-supported-v21,target-squat-supported-v21,clara,Aim for ten reps.,training,target,instruction,reuse_exact_existing_pair,stale_fingerprint_refresh,elevenlabs,eleven_multilingual_v2,rfkTsdZrVWEVhDycUYn9,assets/audio/voice/clara/target-squat-supported-v21.mp3,false,false,false,src/audio/manifest.ts,src/audio/voiceV21AudioManifest.ts,already_current_skip,,Voice V2.1 refresh from final cue registry. Exact Clara/Marcus pair exists in the current physical manifest.
voice-v21-326,target-squat-supported-v21,target-squat-supported-v21,marcus,Aim for ten reps.,training,target,instruction,reuse_exact_existing_pair,stale_fingerprint_refresh,elevenlabs,eleven_multilingual_v2,lUTamkMw7gOzZbFIwmq4,assets/audio/voice/marcus/target-squat-supported-v21.mp3,false,false,false,src/audio/manifest.ts,src/audio/voiceV21AudioManifest.ts,already_current_skip,,Voice V2.1 refresh from final cue registry. Exact Clara/Marcus pair exists in the current physical manifest.
voice-v21-327,target-standing-band-row-v21,target-standing-band-row-v21,clara,Aim for ten reps.,training,target,instruction,reuse_exact_existing_pair,stale_fingerprint_refresh,elevenlabs,eleven_multilingual_v2,rfkTsdZrVWEVhDycUYn9,assets/audio/voice/clara/target-standing-band-row-v21.mp3,false,false,false,src/audio/manifest.ts,src/audio/voiceV21AudioManifest.ts,already_current_skip,,Voice V2.1 refresh from final cue registry. Exact Clara/Marcus pair exists in the current physical manifest.
voice-v21-328,target-standing-band-row-v21,target-standing-band-row-v21,marcus,Aim for ten reps.,training,target,instruction,reuse_exact_existing_pair,stale_fingerprint_refresh,elevenlabs,eleven_multilingual_v2,lUTamkMw7gOzZbFIwmq4,assets/audio/voice/marcus/target-standing-band-row-v21.mp3,false,false,false,src/audio/manifest.ts,src/audio/voiceV21AudioManifest.ts,already_current_skip,,Voice V2.1 refresh from final cue registry. Exact Clara/Marcus pair exists in the current physical manifest.
voice-v21-329,target-step-up-v21,target-step-up-v21,clara,Do twelve total reps.,training,target,instruction,reuse_exact_existing_pair,stale_fingerprint_refresh,elevenlabs,eleven_multilingual_v2,rfkTsdZrVWEVhDycUYn9,assets/audio/voice/clara/target-step-up-v21.mp3,false,false,false,src/audio/manifest.ts,src/audio/voiceV21AudioManifest.ts,already_current_skip,,Voice V2.1 refresh from final cue registry. Exact Clara/Marcus pair exists in the current physical manifest.
voice-v21-330,target-step-up-v21,target-step-up-v21,marcus,Do twelve total reps.,training,target,instruction,reuse_exact_existing_pair,stale_fingerprint_refresh,elevenlabs,eleven_multilingual_v2,lUTamkMw7gOzZbFIwmq4,assets/audio/voice/marcus/target-step-up-v21.mp3,false,false,false,src/audio/manifest.ts,src/audio/voiceV21AudioManifest.ts,already_current_skip,,Voice V2.1 refresh from final cue registry. Exact Clara/Marcus pair exists in the current physical manifest.
voice-v21-331,target-sts-cushion-v21,target-sts-cushion-v21,clara,Aim for eight reps.,training,target,instruction,reuse_exact_existing_pair,stale_fingerprint_refresh,elevenlabs,eleven_multilingual_v2,rfkTsdZrVWEVhDycUYn9,assets/audio/voice/clara/target-sts-cushion-v21.mp3,false,false,false,src/audio/manifest.ts,src/audio/voiceV21AudioManifest.ts,already_current_skip,,Voice V2.1 refresh from final cue registry. Exact Clara/Marcus pair exists in the current physical manifest.
voice-v21-332,target-sts-cushion-v21,target-sts-cushion-v21,marcus,Aim for eight reps.,training,target,instruction,reuse_exact_existing_pair,stale_fingerprint_refresh,elevenlabs,eleven_multilingual_v2,lUTamkMw7gOzZbFIwmq4,assets/audio/voice/marcus/target-sts-cushion-v21.mp3,false,false,false,src/audio/manifest.ts,src/audio/voiceV21AudioManifest.ts,already_current_skip,,Voice V2.1 refresh from final cue registry. Exact Clara/Marcus pair exists in the current physical manifest.
voice-v21-333,target-sts-power-v21,target-sts-power-v21,clara,Aim for twelve reps.,training,target,instruction,reuse_exact_existing_pair,stale_fingerprint_refresh,elevenlabs,eleven_multilingual_v2,rfkTsdZrVWEVhDycUYn9,assets/audio/voice/clara/target-sts-power-v21.mp3,false,false,false,src/audio/manifest.ts,src/audio/voiceV21AudioManifest.ts,already_current_skip,,Voice V2.1 refresh from final cue registry. Exact Clara/Marcus pair exists in the current physical manifest.
voice-v21-334,target-sts-power-v21,target-sts-power-v21,marcus,Aim for twelve reps.,training,target,instruction,reuse_exact_existing_pair,stale_fingerprint_refresh,elevenlabs,eleven_multilingual_v2,lUTamkMw7gOzZbFIwmq4,assets/audio/voice/marcus/target-sts-power-v21.mp3,false,false,false,src/audio/manifest.ts,src/audio/voiceV21AudioManifest.ts,already_current_skip,,Voice V2.1 refresh from final cue registry. Exact Clara/Marcus pair exists in the current physical manifest.
voice-v21-335,target-sts-slow-eccentric-v21,target-sts-slow-eccentric-v21,clara,Aim for eight reps.,training,target,instruction,reuse_exact_existing_pair,stale_fingerprint_refresh,elevenlabs,eleven_multilingual_v2,rfkTsdZrVWEVhDycUYn9,assets/audio/voice/clara/target-sts-slow-eccentric-v21.mp3,false,false,false,src/audio/manifest.ts,src/audio/voiceV21AudioManifest.ts,already_current_skip,,Voice V2.1 refresh from final cue registry. Exact Clara/Marcus pair exists in the current physical manifest.
voice-v21-336,target-sts-slow-eccentric-v21,target-sts-slow-eccentric-v21,marcus,Aim for eight reps.,training,target,instruction,reuse_exact_existing_pair,stale_fingerprint_refresh,elevenlabs,eleven_multilingual_v2,lUTamkMw7gOzZbFIwmq4,assets/audio/voice/marcus/target-sts-slow-eccentric-v21.mp3,false,false,false,src/audio/manifest.ts,src/audio/voiceV21AudioManifest.ts,already_current_skip,,Voice V2.1 refresh from final cue registry. Exact Clara/Marcus pair exists in the current physical manifest.
voice-v21-337,target-sts-standard-v21,target-sts-standard-v21,clara,Aim for ten reps.,training,target,instruction,reuse_exact_existing_pair,stale_fingerprint_refresh,elevenlabs,eleven_multilingual_v2,rfkTsdZrVWEVhDycUYn9,assets/audio/voice/clara/target-sts-standard-v21.mp3,false,false,false,src/audio/manifest.ts,src/audio/voiceV21AudioManifest.ts,already_current_skip,,Voice V2.1 refresh from final cue registry. Exact Clara/Marcus pair exists in the current physical manifest.
voice-v21-338,target-sts-standard-v21,target-sts-standard-v21,marcus,Aim for ten reps.,training,target,instruction,reuse_exact_existing_pair,stale_fingerprint_refresh,elevenlabs,eleven_multilingual_v2,lUTamkMw7gOzZbFIwmq4,assets/audio/voice/marcus/target-sts-standard-v21.mp3,false,false,false,src/audio/manifest.ts,src/audio/voiceV21AudioManifest.ts,already_current_skip,,Voice V2.1 refresh from final cue registry. Exact Clara/Marcus pair exists in the current physical manifest.
voice-v21-339,target-supported-hip-flexor-stretch-v21,target-supported-hip-flexor-stretch-v21,clara,Hold for [duration].,training,target,instruction,reuse_exact_existing_pair,stale_fingerprint_refresh,elevenlabs,eleven_multilingual_v2,rfkTsdZrVWEVhDycUYn9,assets/audio/voice/clara/target-supported-hip-flexor-stretch-v21.mp3,false,false,false,src/audio/manifest.ts,src/audio/voiceV21AudioManifest.ts,already_current_skip,,Voice V2.1 refresh from final cue registry. Exact Clara/Marcus pair exists in the current physical manifest.
voice-v21-340,target-supported-hip-flexor-stretch-v21,target-supported-hip-flexor-stretch-v21,marcus,Hold for [duration].,training,target,instruction,reuse_exact_existing_pair,stale_fingerprint_refresh,elevenlabs,eleven_multilingual_v2,lUTamkMw7gOzZbFIwmq4,assets/audio/voice/marcus/target-supported-hip-flexor-stretch-v21.mp3,false,false,false,src/audio/manifest.ts,src/audio/voiceV21AudioManifest.ts,already_current_skip,,Voice V2.1 refresh from final cue registry. Exact Clara/Marcus pair exists in the current physical manifest.
voice-v21-341,target-supported-side-step-v21,target-supported-side-step-v21,clara,Move for thirty seconds.,training,target,instruction,reuse_exact_existing_pair,stale_fingerprint_refresh,elevenlabs,eleven_multilingual_v2,rfkTsdZrVWEVhDycUYn9,assets/audio/voice/clara/target-supported-side-step-v21.mp3,false,false,false,src/audio/manifest.ts,src/audio/voiceV21AudioManifest.ts,already_current_skip,,Voice V2.1 refresh from final cue registry. Exact Clara/Marcus pair exists in the current physical manifest.
voice-v21-342,target-supported-side-step-v21,target-supported-side-step-v21,marcus,Move for thirty seconds.,training,target,instruction,reuse_exact_existing_pair,stale_fingerprint_refresh,elevenlabs,eleven_multilingual_v2,lUTamkMw7gOzZbFIwmq4,assets/audio/voice/marcus/target-supported-side-step-v21.mp3,false,false,false,src/audio/manifest.ts,src/audio/voiceV21AudioManifest.ts,already_current_skip,,Voice V2.1 refresh from final cue registry. Exact Clara/Marcus pair exists in the current physical manifest.
voice-v21-343,target-thoracic-rotation-v21,target-thoracic-rotation-v21,clara,Move for thirty seconds.,training,target,instruction,reuse_exact_existing_pair,stale_fingerprint_refresh,elevenlabs,eleven_multilingual_v2,rfkTsdZrVWEVhDycUYn9,assets/audio/voice/clara/target-thoracic-rotation-v21.mp3,false,false,false,src/audio/manifest.ts,src/audio/voiceV21AudioManifest.ts,already_current_skip,,Voice V2.1 refresh from final cue registry. Exact Clara/Marcus pair exists in the current physical manifest.
voice-v21-344,target-thoracic-rotation-v21,target-thoracic-rotation-v21,marcus,Move for thirty seconds.,training,target,instruction,reuse_exact_existing_pair,stale_fingerprint_refresh,elevenlabs,eleven_multilingual_v2,lUTamkMw7gOzZbFIwmq4,assets/audio/voice/marcus/target-thoracic-rotation-v21.mp3,false,false,false,src/audio/manifest.ts,src/audio/voiceV21AudioManifest.ts,already_current_skip,,Voice V2.1 refresh from final cue registry. Exact Clara/Marcus pair exists in the current physical manifest.
voice-v21-345,target-toe-raise-supported-v21,target-toe-raise-supported-v21,clara,Move for thirty seconds.,training,target,instruction,reuse_exact_existing_pair,stale_fingerprint_refresh,elevenlabs,eleven_multilingual_v2,rfkTsdZrVWEVhDycUYn9,assets/audio/voice/clara/target-toe-raise-supported-v21.mp3,false,false,false,src/audio/manifest.ts,src/audio/voiceV21AudioManifest.ts,already_current_skip,,Voice V2.1 refresh from final cue registry. Exact Clara/Marcus pair exists in the current physical manifest.
voice-v21-346,target-toe-raise-supported-v21,target-toe-raise-supported-v21,marcus,Move for thirty seconds.,training,target,instruction,reuse_exact_existing_pair,stale_fingerprint_refresh,elevenlabs,eleven_multilingual_v2,lUTamkMw7gOzZbFIwmq4,assets/audio/voice/marcus/target-toe-raise-supported-v21.mp3,false,false,false,src/audio/manifest.ts,src/audio/voiceV21AudioManifest.ts,already_current_skip,,Voice V2.1 refresh from final cue registry. Exact Clara/Marcus pair exists in the current physical manifest.
voice-v21-347,target-wall-calf-stretch-v21,target-wall-calf-stretch-v21,clara,Hold for [duration].,training,target,instruction,reuse_exact_existing_pair,stale_fingerprint_refresh,elevenlabs,eleven_multilingual_v2,rfkTsdZrVWEVhDycUYn9,assets/audio/voice/clara/target-wall-calf-stretch-v21.mp3,false,false,false,src/audio/manifest.ts,src/audio/voiceV21AudioManifest.ts,already_current_skip,,Voice V2.1 refresh from final cue registry. Exact Clara/Marcus pair exists in the current physical manifest.
voice-v21-348,target-wall-calf-stretch-v21,target-wall-calf-stretch-v21,marcus,Hold for [duration].,training,target,instruction,reuse_exact_existing_pair,stale_fingerprint_refresh,elevenlabs,eleven_multilingual_v2,lUTamkMw7gOzZbFIwmq4,assets/audio/voice/marcus/target-wall-calf-stretch-v21.mp3,false,false,false,src/audio/manifest.ts,src/audio/voiceV21AudioManifest.ts,already_current_skip,,Voice V2.1 refresh from final cue registry. Exact Clara/Marcus pair exists in the current physical manifest.
voice-v21-349,training-intro-v21,training-intro-v21,clara,"Time to train. I will guide the setup, work, and rests. Follow my voice and pause whenever you need.",training,session_intro,instruction,reuse_exact_existing_pair,stale_fingerprint_refresh,elevenlabs,eleven_multilingual_v2,rfkTsdZrVWEVhDycUYn9,assets/audio/voice/clara/training-intro-v21.mp3,false,false,false,src/audio/manifest.ts,src/audio/voiceV21AudioManifest.ts,already_current_skip,,Voice V2.1 refresh from final cue registry. Exact Clara/Marcus pair exists in the current physical manifest.
voice-v21-350,training-intro-v21,training-intro-v21,marcus,"Time to train. I will guide the setup, work, and rests. Follow my voice and pause whenever you need.",training,session_intro,instruction,reuse_exact_existing_pair,stale_fingerprint_refresh,elevenlabs,eleven_multilingual_v2,lUTamkMw7gOzZbFIwmq4,assets/audio/voice/marcus/training-intro-v21.mp3,false,false,false,src/audio/manifest.ts,src/audio/voiceV21AudioManifest.ts,already_current_skip,,Voice V2.1 refresh from final cue registry. Exact Clara/Marcus pair exists in the current physical manifest.
voice-v21-351,training-skip-v21,training-skip-v21,clara,Skipped. Moving on.,training,control,result_transition,reuse_exact_existing_pair,stale_fingerprint_refresh,elevenlabs,eleven_multilingual_v2,rfkTsdZrVWEVhDycUYn9,assets/audio/voice/clara/training-skip-v21.mp3,false,false,false,src/audio/manifest.ts,src/audio/voiceV21AudioManifest.ts,already_current_skip,,Voice V2.1 refresh from final cue registry. Exact Clara/Marcus pair exists in the current physical manifest.
voice-v21-352,training-skip-v21,training-skip-v21,marcus,Skipped. Moving on.,training,control,result_transition,reuse_exact_existing_pair,stale_fingerprint_refresh,elevenlabs,eleven_multilingual_v2,lUTamkMw7gOzZbFIwmq4,assets/audio/voice/marcus/training-skip-v21.mp3,false,false,false,src/audio/manifest.ts,src/audio/voiceV21AudioManifest.ts,already_current_skip,,Voice V2.1 refresh from final cue registry. Exact Clara/Marcus pair exists in the current physical manifest.
