jobId,logicalCueKey,physicalCueKey,voiceId,exactScript,outputPath,status,provider,model,providerVoiceId,fileSizeBytes,sha256,durationMs,sampleRateHz,channels,metadataWritten,manifestRegistered,verifyAudioCovered,errorCode,errorMessage,notes
voice-v21-001,checkup-balance-feet-together-v21,checkup-balance-feet-together-v21,clara,Feet together. Keep your eyes open and support within reach.,assets/audio/voice/clara/checkup-balance-feet-together-v21.mp3,generated,elevenlabs,eleven_multilingual_v2,rfkTsdZrVWEVhDycUYn9,64409,b2103b1787d5de75cc452872458e61afcd1737024d94051ce85950b83eade387,3947,44100,1,true,true,true,,,generatedAt=2026-06-26T10:51:01.115Z; Existing generic cue omits eyes-open/support language.
voice-v21-002,checkup-balance-feet-together-v21,checkup-balance-feet-together-v21,marcus,Feet together. Keep your eyes open and support within reach.,assets/audio/voice/marcus/checkup-balance-feet-together-v21.mp3,generated,elevenlabs,eleven_multilingual_v2,lUTamkMw7gOzZbFIwmq4,58140,654fc80a0f009df7ccc9285270891d2095841b8d385c76725c8da52eca3cf46d,3576,44100,1,true,true,true,,,generatedAt=2026-06-26T10:51:01.115Z; Existing generic cue omits eyes-open/support language.
voice-v21-003,checkup-balance-next-stance-v21,checkup-balance-next-stance-v21,clara,Nicely done. I will guide the next stance.,assets/audio/voice/clara/checkup-balance-next-stance-v21.mp3,generated,elevenlabs,eleven_multilingual_v2,rfkTsdZrVWEVhDycUYn9,42675,7532724d38a3d39dbe6cd34d3d3404fc5e0414369dc76decec9a410bd7cfeb29,2601,44100,1,true,true,true,,,generatedAt=2026-06-26T10:51:01.115Z; Generic completion lacks next-stance meaning.
voice-v21-004,checkup-balance-next-stance-v21,checkup-balance-next-stance-v21,marcus,Nicely done. I will guide the next stance.,assets/audio/voice/marcus/checkup-balance-next-stance-v21.mp3,generated,elevenlabs,eleven_multilingual_v2,lUTamkMw7gOzZbFIwmq4,35152,35cbd9579ebb38f1bb83f6739fb565e9b88bf52e8521425dde6fbfc0d008596b,2136,44100,1,true,true,true,,,generatedAt=2026-06-26T10:51:01.115Z; Generic completion lacks next-stance meaning.
voice-v21-005,checkup-balance-semi-tandem-left-v21,checkup-balance-semi-tandem-left-v21,clara,Place your left foot half a step forward. Keep your eyes open.,assets/audio/voice/clara/checkup-balance-semi-tandem-left-v21.mp3,generated,elevenlabs,eleven_multilingual_v2,rfkTsdZrVWEVhDycUYn9,58976,cb6370269f6b068721d87ca79d61d595859be823b05052ddad38161f065b70f1,3622,44100,1,true,true,true,,,generatedAt=2026-06-26T10:51:01.115Z; Existing cue has no selected lead-foot side.
voice-v21-006,checkup-balance-semi-tandem-left-v21,checkup-balance-semi-tandem-left-v21,marcus,Place your left foot half a step forward. Keep your eyes open.,assets/audio/voice/marcus/checkup-balance-semi-tandem-left-v21.mp3,generated,elevenlabs,eleven_multilingual_v2,lUTamkMw7gOzZbFIwmq4,55214,4707132a81145c44c1f9f835f5352849cf595cffcd680900540dbef32415e00e,3390,44100,1,true,true,true,,,generatedAt=2026-06-26T10:51:01.115Z; Existing cue has no selected lead-foot side.
voice-v21-007,checkup-balance-semi-tandem-right-v21,checkup-balance-semi-tandem-right-v21,clara,Place your right foot half a step forward. Keep your eyes open.,assets/audio/voice/clara/checkup-balance-semi-tandem-right-v21.mp3,generated,elevenlabs,eleven_multilingual_v2,rfkTsdZrVWEVhDycUYn9,60648,fb005e152e9694285a61ff2466e243ad2bf7755ef23e8a4391860c3b75930ed5,3715,44100,1,true,true,true,,,generatedAt=2026-06-26T10:51:01.115Z; Existing cue has no selected lead-foot side.
voice-v21-008,checkup-balance-semi-tandem-right-v21,checkup-balance-semi-tandem-right-v21,marcus,Place your right foot half a step forward. Keep your eyes open.,assets/audio/voice/marcus/checkup-balance-semi-tandem-right-v21.mp3,generated,elevenlabs,eleven_multilingual_v2,lUTamkMw7gOzZbFIwmq4,53124,002eca6c0ffa2a24b220afff921c4d9f6343a100befb91230583ecfdbf24024e,3251,44100,1,true,true,true,,,generatedAt=2026-06-26T10:51:01.115Z; Existing cue has no selected lead-foot side.
voice-v21-009,checkup-balance-single-leg-left-v21,checkup-balance-single-leg-left-v21,clara,Stand on your left leg and lift your right foot slightly.,assets/audio/voice/clara/checkup-balance-single-leg-left-v21.mp3,generated,elevenlabs,eleven_multilingual_v2,rfkTsdZrVWEVhDycUYn9,53124,75634ec2d05e9588821d1c1c362abe6019cca226e38c801c79bcad564f450bb9,3251,44100,1,true,true,true,,,generatedAt=2026-06-26T10:51:01.115Z; Existing cue uses placeholder selected leg.
voice-v21-010,checkup-balance-single-leg-left-v21,checkup-balance-single-leg-left-v21,marcus,Stand on your left leg and lift your right foot slightly.,assets/audio/voice/marcus/checkup-balance-single-leg-left-v21.mp3,generated,elevenlabs,eleven_multilingual_v2,lUTamkMw7gOzZbFIwmq4,49363,9145f2ee060444eb941c328422efa927f28dfc7005903764bc4c4ceffbf6af31,3019,44100,1,true,true,true,,,generatedAt=2026-06-26T10:51:01.115Z; Existing cue uses placeholder selected leg.
voice-v21-011,checkup-balance-single-leg-right-v21,checkup-balance-single-leg-right-v21,clara,Stand on your right leg and lift your left foot slightly.,assets/audio/voice/clara/checkup-balance-single-leg-right-v21.mp3,generated,elevenlabs,eleven_multilingual_v2,rfkTsdZrVWEVhDycUYn9,53124,649572e625e9d68d766fd33c3e8ad2f99b0fe3efe767449ec6a729d03b54ce39,3251,44100,1,true,true,true,,,generatedAt=2026-06-26T10:51:01.115Z; Existing cue uses placeholder selected leg.
voice-v21-012,checkup-balance-single-leg-right-v21,checkup-balance-single-leg-right-v21,marcus,Stand on your right leg and lift your left foot slightly.,assets/audio/voice/marcus/checkup-balance-single-leg-right-v21.mp3,generated,elevenlabs,eleven_multilingual_v2,lUTamkMw7gOzZbFIwmq4,45601,3aec40ef658e0e828d60f4358eae4cdbbe036ce7f5676fbb4b528f28b1c84325,2786,44100,1,true,true,true,,,generatedAt=2026-06-26T10:51:01.115Z; Existing cue uses placeholder selected leg.
voice-v21-013,checkup-balance-support-touch-v21,checkup-balance-support-touch-v21,clara,Support touch noted. Balance check complete.,assets/audio/voice/clara/checkup-balance-support-touch-v21.mp3,generated,elevenlabs,eleven_multilingual_v2,rfkTsdZrVWEVhDycUYn9,51035,181c9dd518db7114c4d6219d23519144783041c970711d53e06f4c92fcc51fe2,3111,44100,1,true,true,true,,,generatedAt=2026-06-26T10:51:01.115Z; Needed if explicit support-touch action should be acknowledged by voice.
voice-v21-014,checkup-balance-support-touch-v21,checkup-balance-support-touch-v21,marcus,Support touch noted. Balance check complete.,assets/audio/voice/marcus/checkup-balance-support-touch-v21.mp3,generated,elevenlabs,eleven_multilingual_v2,lUTamkMw7gOzZbFIwmq4,43511,f9e057228923740d31efcca2b1508d2dccfcecd8d94e9b34c04fc6c522d00a24,2647,44100,1,true,true,true,,,generatedAt=2026-06-26T10:51:01.115Z; Needed if explicit support-touch action should be acknowledged by voice.
voice-v21-015,checkup-balance-tandem-left-v21,checkup-balance-tandem-left-v21,clara,Place your left foot directly in front heel to toe. Keep your eyes open.,assets/audio/voice/clara/checkup-balance-tandem-left-v21.mp3,generated,elevenlabs,eleven_multilingual_v2,rfkTsdZrVWEVhDycUYn9,73186,c49b4390dd0c5bf66a5e41421565aa3f2e40d08fbafc320d747793aeaddbcd1e,4505,44100,1,true,true,true,,,generatedAt=2026-06-26T10:51:01.115Z; Existing cue has no selected lead-foot side.
voice-v21-016,checkup-balance-tandem-left-v21,checkup-balance-tandem-left-v21,marcus,Place your left foot directly in front heel to toe. Keep your eyes open.,assets/audio/voice/marcus/checkup-balance-tandem-left-v21.mp3,generated,elevenlabs,eleven_multilingual_v2,lUTamkMw7gOzZbFIwmq4,74440,d280307722213687bbfaed1702abbefc3b9358ae9a73ff30f5c2d343d1a9e228,4598,44100,1,true,true,true,,,generatedAt=2026-06-26T10:51:01.115Z; Existing cue has no selected lead-foot side.
voice-v21-017,checkup-balance-tandem-right-v21,checkup-balance-tandem-right-v21,clara,Place your right foot directly in front heel to toe. Keep your eyes open.,assets/audio/voice/clara/checkup-balance-tandem-right-v21.mp3,generated,elevenlabs,eleven_multilingual_v2,rfkTsdZrVWEVhDycUYn9,76948,66433fd3b84029a1fb0e0d459810b2aeb4aad201a89925b7ec9f320be85fcea1,4737,44100,1,true,true,true,,,generatedAt=2026-06-26T10:51:01.115Z; Existing cue has no selected lead-foot side.
voice-v21-018,checkup-balance-tandem-right-v21,checkup-balance-tandem-right-v21,marcus,Place your right foot directly in front heel to toe. Keep your eyes open.,assets/audio/voice/marcus/checkup-balance-tandem-right-v21.mp3,generated,elevenlabs,eleven_multilingual_v2,lUTamkMw7gOzZbFIwmq4,71515,eed918c98b64127ec47a59792f1c392da291592d163de8aba37828726ceccb00,4412,44100,1,true,true,true,,,generatedAt=2026-06-26T10:51:01.115Z; Existing cue has no selected lead-foot side.
voice-v21-019,equip-balance-support-v21,equip-balance-support-v21,clara,Keep support within easy reach.,assets/audio/voice/clara/equip-balance-support-v21.mp3,generated,elevenlabs,eleven_multilingual_v2,rfkTsdZrVWEVhDycUYn9,33898,13c9f0ff04f94fe4a99d8255148bf937d2c62437d0dbca9f3603bd0c990a0285,2043,44100,1,true,true,true,,,"generatedAt=2026-06-26T10:51:01.115Z; A physical candidate exists, but V2.1 requires a separate exact logical cue."
voice-v21-020,equip-balance-support-v21,equip-balance-support-v21,marcus,Keep support within easy reach.,assets/audio/voice/marcus/equip-balance-support-v21.mp3,generated,elevenlabs,eleven_multilingual_v2,lUTamkMw7gOzZbFIwmq4,29301,c23120bfd12536a2b6d952fb60cbee6812039903c5f94789ec6704b63a1558d4,1765,44100,1,true,true,true,,,"generatedAt=2026-06-26T10:51:01.115Z; A physical candidate exists, but V2.1 requires a separate exact logical cue."
voice-v21-021,equip-chair-stable-v21,equip-chair-stable-v21,clara,Use a sturdy chair that will not slide.,assets/audio/voice/clara/equip-chair-stable-v21.mp3,generated,elevenlabs,eleven_multilingual_v2,rfkTsdZrVWEVhDycUYn9,40586,18a902ce08f14f2bb0b9072224203aa93be9a2e095b880578e688c404fb92dcf,2461,44100,1,true,true,true,,,"generatedAt=2026-06-26T10:51:01.115Z; A physical candidate exists, but V2.1 requires a separate exact logical cue."
voice-v21-022,equip-chair-stable-v21,equip-chair-stable-v21,marcus,Use a sturdy chair that will not slide.,assets/audio/voice/marcus/equip-chair-stable-v21.mp3,generated,elevenlabs,eleven_multilingual_v2,lUTamkMw7gOzZbFIwmq4,37660,61978c8143a6f6032eeeae07faacd5b0e4d1a0053075963300b148bba7f24d1e,2276,44100,1,true,true,true,,,"generatedAt=2026-06-26T10:51:01.115Z; A physical candidate exists, but V2.1 requires a separate exact logical cue."
voice-v21-023,equip-door-anchor-v21,equip-door-anchor-v21,clara,Use a secure closed door anchor and test light tension first.,assets/audio/voice/clara/equip-door-anchor-v21.mp3,generated,elevenlabs,eleven_multilingual_v2,rfkTsdZrVWEVhDycUYn9,64827,d54a3a900ca8e7dfd510191264d085cef6a413fb98f1e6f5fc69bac782a8353e,3994,44100,1,true,true,true,,,"generatedAt=2026-06-26T10:51:01.115Z; A physical candidate exists, but V2.1 requires a separate exact logical cue."
voice-v21-024,equip-door-anchor-v21,equip-door-anchor-v21,marcus,Use a secure closed door anchor and test light tension first.,assets/audio/voice/marcus/equip-door-anchor-v21.mp3,generated,elevenlabs,eleven_multilingual_v2,lUTamkMw7gOzZbFIwmq4,54378,7200193040d480fc3f2fcec018f429b52d5363c726a7ec8319226e87a48d28cf,3344,44100,1,true,true,true,,,"generatedAt=2026-06-26T10:51:01.115Z; A physical candidate exists, but V2.1 requires a separate exact logical cue."
voice-v21-025,equip-floor-transition-v21,equip-floor-transition-v21,clara,Move down to the floor and settle into the start position.,assets/audio/voice/clara/equip-floor-transition-v21.mp3,generated,elevenlabs,eleven_multilingual_v2,rfkTsdZrVWEVhDycUYn9,49363,9ebe95f23a8a91a862f1b729bd77687ffa90b2b804162ed3d3e74c4d881167f1,3019,44100,1,true,true,true,,,"generatedAt=2026-06-26T10:51:01.115Z; A physical candidate exists, but V2.1 requires a separate exact logical cue."
voice-v21-026,equip-floor-transition-v21,equip-floor-transition-v21,marcus,Move down to the floor and settle into the start position.,assets/audio/voice/marcus/equip-floor-transition-v21.mp3,generated,elevenlabs,eleven_multilingual_v2,lUTamkMw7gOzZbFIwmq4,51035,262476a630bb383414f913ae1a5d89bde26e536dcd98cc7baba0403f3acd5678,3111,44100,1,true,true,true,,,"generatedAt=2026-06-26T10:51:01.115Z; A physical candidate exists, but V2.1 requires a separate exact logical cue."
voice-v21-027,equip-long-band-v21,equip-long-band-v21,clara,Check the band first and keep it away from your face.,assets/audio/voice/clara/equip-long-band-v21.mp3,generated,elevenlabs,eleven_multilingual_v2,rfkTsdZrVWEVhDycUYn9,51035,deff1493c316176370a3a59191ed0e06d30d8d4aecb15b8a2acde9520912911b,3111,44100,1,true,true,true,,,"generatedAt=2026-06-26T10:51:01.115Z; A physical candidate exists, but V2.1 requires a separate exact logical cue."
voice-v21-028,equip-long-band-v21,equip-long-band-v21,marcus,Check the band first and keep it away from your face.,assets/audio/voice/marcus/equip-long-band-v21.mp3,generated,elevenlabs,eleven_multilingual_v2,lUTamkMw7gOzZbFIwmq4,47691,15c581e3a8beb7506fdb02e9b9452dcb125f43965b4d8cd8eb701cd3d22ae60e,2926,44100,1,true,true,true,,,"generatedAt=2026-06-26T10:51:01.115Z; A physical candidate exists, but V2.1 requires a separate exact logical cue."
voice-v21-029,equip-step-stable-v21,equip-step-stable-v21,clara,"Use the lowest stable step, with support nearby.",assets/audio/voice/clara/equip-step-stable-v21.mp3,generated,elevenlabs,eleven_multilingual_v2,rfkTsdZrVWEVhDycUYn9,47691,cefbc5ce6f222e3072f4b5ae590fc679b585db91cb1dfc76f07521fdfc9e0034,2926,44100,1,true,true,true,,,"generatedAt=2026-06-26T10:51:01.115Z; A physical candidate exists, but V2.1 requires a separate exact logical cue."
voice-v21-030,equip-step-stable-v21,equip-step-stable-v21,marcus,"Use the lowest stable step, with support nearby.",assets/audio/voice/marcus/equip-step-stable-v21.mp3,generated,elevenlabs,eleven_multilingual_v2,lUTamkMw7gOzZbFIwmq4,49363,74b9117a50220f24cbdc195938d18910840114060321b3e6dc77b75dfe973175,3019,44100,1,true,true,true,,,"generatedAt=2026-06-26T10:51:01.115Z; A physical candidate exists, but V2.1 requires a separate exact logical cue."
voice-v21-031,equip-support-close-v21,equip-support-close-v21,clara,Keep sturdy support within easy reach.,assets/audio/voice/clara/equip-support-close-v21.mp3,generated,elevenlabs,eleven_multilingual_v2,rfkTsdZrVWEVhDycUYn9,38078,075fae70b8d82a6c84fb96b6d1dc3a6d8e740b8d2dae04024d28ce186c8bbb72,2322,44100,1,true,true,true,,,"generatedAt=2026-06-26T10:51:01.115Z; A physical candidate exists, but V2.1 requires a separate exact logical cue."
voice-v21-032,equip-support-close-v21,equip-support-close-v21,marcus,Keep sturdy support within easy reach.,assets/audio/voice/marcus/equip-support-close-v21.mp3,generated,elevenlabs,eleven_multilingual_v2,lUTamkMw7gOzZbFIwmq4,35988,bc5fcfef2cdd434e4e32721ba83a3d0ce3faa9eb8fe6f42727888d569b17183c,2183,44100,1,true,true,true,,,"generatedAt=2026-06-26T10:51:01.115Z; A physical candidate exists, but V2.1 requires a separate exact logical cue."
voice-v21-033,ex-balance-feet-together-hold-first-v21,ex-balance-feet-together-hold-first-v21,clara,"Feet-together hold. Stand with feet together, fingertips near support, eyes open.",assets/audio/voice/clara/ex-balance-feet-together-hold-first-v21.mp3,generated,elevenlabs,eleven_multilingual_v2,rfkTsdZrVWEVhDycUYn9,88651,c3737f7224b6b1ab92e8104cafa909aee430ff6fedaedf30d37e42291cf4c1fa,5480,44100,1,true,true,true,,,generatedAt=2026-06-26T10:51:01.115Z; No current physical pair exists for this logical Training Voice V2.1 cue.
voice-v21-034,ex-balance-feet-together-hold-first-v21,ex-balance-feet-together-hold-first-v21,marcus,"Feet-together hold. Stand with feet together, fingertips near support, eyes open.",assets/audio/voice/marcus/ex-balance-feet-together-hold-first-v21.mp3,generated,elevenlabs,eleven_multilingual_v2,lUTamkMw7gOzZbFIwmq4,82799,df60d7c52991c0aa11055786af8d415b31a3c44f20205d6befa7e28526f8b654,5108,44100,1,true,true,true,,,generatedAt=2026-06-26T10:51:01.115Z; No current physical pair exists for this logical Training Voice V2.1 cue.
voice-v21-035,ex-balance-feet-together-hold-next-v21,ex-balance-feet-together-hold-next-v21,clara,Feet-together hold.,assets/audio/voice/clara/ex-balance-feet-together-hold-next-v21.mp3,generated,elevenlabs,eleven_multilingual_v2,rfkTsdZrVWEVhDycUYn9,24285,3eb15fed29d81da7c7b083c91b34643156136df0caf41d786629f2f7d74233e9,1440,44100,1,true,true,true,,,generatedAt=2026-06-26T10:51:01.115Z; No current physical pair exists for this logical Training Voice V2.1 cue.
voice-v21-036,ex-balance-feet-together-hold-next-v21,ex-balance-feet-together-hold-next-v21,marcus,Feet-together hold.,assets/audio/voice/marcus/ex-balance-feet-together-hold-next-v21.mp3,generated,elevenlabs,eleven_multilingual_v2,lUTamkMw7gOzZbFIwmq4,23449,7fd5826420d44772fffc7c40fb60f555e9b9ea5606db2cbe9942dc5f40498a5b,1393,44100,1,true,true,true,,,generatedAt=2026-06-26T10:51:01.115Z; No current physical pair exists for this logical Training Voice V2.1 cue.
voice-v21-037,ex-balance-single-leg-hold-first-v21,ex-balance-single-leg-hold-first-v21,clara,Single-leg hold. Keep support close.,assets/audio/voice/clara/ex-balance-single-leg-hold-first-v21.mp3,generated,elevenlabs,eleven_multilingual_v2,rfkTsdZrVWEVhDycUYn9,43511,c2dabe27288d3ec9d22ad3941cb74ab4f2b4fcafa013af80fddca1db9939f5db,2647,44100,1,true,true,true,,,generatedAt=2026-06-26T10:51:01.115Z; No current physical pair exists for this logical Training Voice V2.1 cue.
voice-v21-038,ex-balance-single-leg-hold-first-v21,ex-balance-single-leg-hold-first-v21,marcus,Single-leg hold. Keep support close.,assets/audio/voice/marcus/ex-balance-single-leg-hold-first-v21.mp3,generated,elevenlabs,eleven_multilingual_v2,lUTamkMw7gOzZbFIwmq4,35988,0170c7cfddaab014d990be92c084c174c0b6b3cdf64e1c3e777e6a61df29d955,2183,44100,1,true,true,true,,,generatedAt=2026-06-26T10:51:01.115Z; No current physical pair exists for this logical Training Voice V2.1 cue.
voice-v21-039,ex-balance-single-leg-hold-next-v21,ex-balance-single-leg-hold-next-v21,clara,Single-leg hold.,assets/audio/voice/clara/ex-balance-single-leg-hold-next-v21.mp3,generated,elevenlabs,eleven_multilingual_v2,rfkTsdZrVWEVhDycUYn9,23449,17d6658a1fc096865c56056f08df85775c3b1b8d5d3307dc17bfa58fb7960e84,1393,44100,1,true,true,true,,,generatedAt=2026-06-26T10:51:01.115Z; No current physical pair exists for this logical Training Voice V2.1 cue.
voice-v21-040,ex-balance-single-leg-hold-next-v21,ex-balance-single-leg-hold-next-v21,marcus,Single-leg hold.,assets/audio/voice/marcus/ex-balance-single-leg-hold-next-v21.mp3,generated,elevenlabs,eleven_multilingual_v2,lUTamkMw7gOzZbFIwmq4,20942,41b8c74511d813d779459794a99e528327f7080d7cc927b0c6c30bc1f4cc5fc4,1254,44100,1,true,true,true,,,generatedAt=2026-06-26T10:51:01.115Z; No current physical pair exists for this logical Training Voice V2.1 cue.
voice-v21-041,ex-balance-tandem-hold-first-v21,ex-balance-tandem-hold-first-v21,clara,Tandem hold. Keep support close.,assets/audio/voice/clara/ex-balance-tandem-hold-first-v21.mp3,generated,elevenlabs,eleven_multilingual_v2,rfkTsdZrVWEVhDycUYn9,38078,2e913c0f0755d3a287699484b1a1f4e0d8102b729046b3342ac825750348a8a7,2322,44100,1,true,true,true,,,generatedAt=2026-06-26T10:51:01.115Z; No current physical pair exists for this logical Training Voice V2.1 cue.
voice-v21-042,ex-balance-tandem-hold-first-v21,ex-balance-tandem-hold-first-v21,marcus,Tandem hold. Keep support close.,assets/audio/voice/marcus/ex-balance-tandem-hold-first-v21.mp3,generated,elevenlabs,eleven_multilingual_v2,lUTamkMw7gOzZbFIwmq4,36824,cf76d10f462d879c50b2d6104c158421b02f438bf03b57e0b7ea75cc0752ddde,2229,44100,1,true,true,true,,,generatedAt=2026-06-26T10:51:01.115Z; No current physical pair exists for this logical Training Voice V2.1 cue.
voice-v21-043,ex-balance-tandem-hold-next-v21,ex-balance-tandem-hold-next-v21,clara,Tandem hold.,assets/audio/voice/clara/ex-balance-tandem-hold-next-v21.mp3,generated,elevenlabs,eleven_multilingual_v2,rfkTsdZrVWEVhDycUYn9,19688,c0b16998f9d05e96ed4f7f22ef2b67b8790cc3e34e721d9d4c910ef79aaf521e,1161,44100,1,true,true,true,,,generatedAt=2026-06-26T10:51:01.115Z; No current physical pair exists for this logical Training Voice V2.1 cue.
voice-v21-044,ex-balance-tandem-hold-next-v21,ex-balance-tandem-hold-next-v21,marcus,Tandem hold.,assets/audio/voice/marcus/ex-balance-tandem-hold-next-v21.mp3,generated,elevenlabs,eleven_multilingual_v2,lUTamkMw7gOzZbFIwmq4,16762,7d189ed99a7569dc535ac45f8db4bfa92d305925b8ea181fd5e5f141c6b11fef,975,44100,1,true,true,true,,,generatedAt=2026-06-26T10:51:01.115Z; No current physical pair exists for this logical Training Voice V2.1 cue.
voice-v21-045,ex-band-pull-apart-first-v21,ex-band-pull-apart-first-v21,clara,"Band pull-apart. Hold a light band at chest height. Pull your hands wide, then return slowly.",assets/audio/voice/clara/ex-band-pull-apart-first-v21.mp3,generated,elevenlabs,eleven_multilingual_v2,rfkTsdZrVWEVhDycUYn9,106623,b7c0a6920f8f16f370c7f3a9e8cc7aa555cefbb179162328fab9e86d9d3d89b5,6594,44100,1,true,true,true,,,generatedAt=2026-06-26T10:51:01.115Z; No current physical pair exists for this logical Training Voice V2.1 cue.
voice-v21-046,ex-band-pull-apart-first-v21,ex-band-pull-apart-first-v21,marcus,"Band pull-apart. Hold a light band at chest height. Pull your hands wide, then return slowly.",assets/audio/voice/marcus/ex-band-pull-apart-first-v21.mp3,generated,elevenlabs,eleven_multilingual_v2,lUTamkMw7gOzZbFIwmq4,105787,c6563158cf1146fe3d00780a08f1d2f11dc05cf1fba7f05b5fda95d24cdd6379,6548,44100,1,true,true,true,,,generatedAt=2026-06-26T10:51:01.115Z; No current physical pair exists for this logical Training Voice V2.1 cue.
voice-v21-047,ex-band-pull-apart-next-v21,ex-band-pull-apart-next-v21,clara,Band pull-apart.,assets/audio/voice/clara/ex-band-pull-apart-next-v21.mp3,generated,elevenlabs,eleven_multilingual_v2,rfkTsdZrVWEVhDycUYn9,24703,1f71b4f2b893c7451a3ecffd594bfd8e21d043bfed82395dfb1cb73511cabf37,1486,44100,1,true,true,true,,,generatedAt=2026-06-26T10:51:01.115Z; No current physical pair exists for this logical Training Voice V2.1 cue.
voice-v21-048,ex-band-pull-apart-next-v21,ex-band-pull-apart-next-v21,marcus,Band pull-apart.,assets/audio/voice/marcus/ex-band-pull-apart-next-v21.mp3,generated,elevenlabs,eleven_multilingual_v2,lUTamkMw7gOzZbFIwmq4,23449,b2686d808214fc5487f2c13c6e9ccefd061d3f1987b2a12fc9336bdb8b39b34d,1393,44100,1,true,true,true,,,generatedAt=2026-06-26T10:51:01.115Z; No current physical pair exists for this logical Training Voice V2.1 cue.
voice-v21-049,ex-chair-supported-split-squat-first-v21,ex-chair-supported-split-squat-first-v21,clara,Supported split squat. Keep fingertips near sturdy support.,assets/audio/voice/clara/ex-chair-supported-split-squat-first-v21.mp3,generated,elevenlabs,eleven_multilingual_v2,rfkTsdZrVWEVhDycUYn9,59812,611c8e0c1ca26d42dfaa6166455905ed044dfff74abffc63c83bfcf47059560b,3669,44100,1,true,true,true,,,generatedAt=2026-06-26T10:51:01.115Z; No current physical pair exists for this logical Training Voice V2.1 cue.
voice-v21-050,ex-chair-supported-split-squat-first-v21,ex-chair-supported-split-squat-first-v21,marcus,Supported split squat. Keep fingertips near sturdy support.,assets/audio/voice/marcus/ex-chair-supported-split-squat-first-v21.mp3,generated,elevenlabs,eleven_multilingual_v2,lUTamkMw7gOzZbFIwmq4,58140,66838c3bb7d76452450a4b8156102c92aac1a7a12fc61efba638d7e09d2360bd,3576,44100,1,true,true,true,,,generatedAt=2026-06-26T10:51:01.115Z; No current physical pair exists for this logical Training Voice V2.1 cue.
voice-v21-051,ex-chair-supported-split-squat-next-v21,ex-chair-supported-split-squat-next-v21,clara,Supported split squat.,assets/audio/voice/clara/ex-chair-supported-split-squat-next-v21.mp3,generated,elevenlabs,eleven_multilingual_v2,rfkTsdZrVWEVhDycUYn9,23449,41f14ac6f92cccca0684f615409004fa18fe12bb0920602cafa35d0bacf480e6,1393,44100,1,true,true,true,,,generatedAt=2026-06-26T10:51:01.115Z; No current physical pair exists for this logical Training Voice V2.1 cue.
voice-v21-052,ex-chair-supported-split-squat-next-v21,ex-chair-supported-split-squat-next-v21,marcus,Supported split squat.,assets/audio/voice/marcus/ex-chair-supported-split-squat-next-v21.mp3,generated,elevenlabs,eleven_multilingual_v2,lUTamkMw7gOzZbFIwmq4,24703,6d3af7bbff1d438049a666c0e6aa4eb3e3917f6d6d8f4fb68b99a3746cdbe8ba,1486,44100,1,true,true,true,,,generatedAt=2026-06-26T10:51:01.115Z; No current physical pair exists for this logical Training Voice V2.1 cue.
voice-v21-053,ex-glute-bridge-hold-first-v21,ex-glute-bridge-hold-first-v21,clara,"Bridge hold. Lie on your back, knees bent, feet flat. Lift your hips and hold.",assets/audio/voice/clara/ex-glute-bridge-hold-first-v21.mp3,generated,elevenlabs,eleven_multilingual_v2,rfkTsdZrVWEVhDycUYn9,88651,b723ae8d4f442b80af2703009ca5dc66f24384d468b667c6c3988e9a57e716ed,5480,44100,1,true,true,true,,,generatedAt=2026-06-26T10:51:01.115Z; No current physical pair exists for this logical Training Voice V2.1 cue.
voice-v21-054,ex-glute-bridge-hold-first-v21,ex-glute-bridge-hold-first-v21,marcus,"Bridge hold. Lie on your back, knees bent, feet flat. Lift your hips and hold.",assets/audio/voice/marcus/ex-glute-bridge-hold-first-v21.mp3,generated,elevenlabs,eleven_multilingual_v2,lUTamkMw7gOzZbFIwmq4,81964,936deb7b51609b20b0d1d5803999e5457da0465246ad36265b6662baf6baabdb,5062,44100,1,true,true,true,,,generatedAt=2026-06-26T10:51:01.115Z; No current physical pair exists for this logical Training Voice V2.1 cue.
voice-v21-055,ex-glute-bridge-hold-next-v21,ex-glute-bridge-hold-next-v21,clara,Bridge hold.,assets/audio/voice/clara/ex-glute-bridge-hold-next-v21.mp3,generated,elevenlabs,eleven_multilingual_v2,rfkTsdZrVWEVhDycUYn9,18016,fda5cbd2cab31882f9d15c4de722ea62814bf0bcfecae66331f37168e02e171e,1068,44100,1,true,true,true,,,generatedAt=2026-06-26T10:51:01.115Z; No current physical pair exists for this logical Training Voice V2.1 cue.
voice-v21-056,ex-glute-bridge-hold-next-v21,ex-glute-bridge-hold-next-v21,marcus,Bridge hold.,assets/audio/voice/marcus/ex-glute-bridge-hold-next-v21.mp3,generated,elevenlabs,eleven_multilingual_v2,lUTamkMw7gOzZbFIwmq4,16762,d4204106a951e541369e01b394b6c3ee680b522f8152fbfe5d4de3ad1a7b6db2,975,44100,1,true,true,true,,,generatedAt=2026-06-26T10:51:01.115Z; No current physical pair exists for this logical Training Voice V2.1 cue.
voice-v21-057,ex-glute-bridge-reps-first-v21,ex-glute-bridge-reps-first-v21,clara,"Glute bridge. Lie on your back, knees bent, feet flat. Lift your hips, then lower with control.",assets/audio/voice/clara/ex-glute-bridge-reps-first-v21.mp3,generated,elevenlabs,eleven_multilingual_v2,rfkTsdZrVWEVhDycUYn9,129611,cc3ee235fd1fe93ab4927721c706dc22360254c730e4913fc9fe96dd69f043aa,8034,44100,1,true,true,true,,,generatedAt=2026-06-26T10:51:01.115Z; No current physical pair exists for this logical Training Voice V2.1 cue.
voice-v21-058,ex-glute-bridge-reps-first-v21,ex-glute-bridge-reps-first-v21,marcus,"Glute bridge. Lie on your back, knees bent, feet flat. Lift your hips, then lower with control.",assets/audio/voice/marcus/ex-glute-bridge-reps-first-v21.mp3,generated,elevenlabs,eleven_multilingual_v2,lUTamkMw7gOzZbFIwmq4,109549,045fcee4fe690203615081a48f942f6c21376c7da589e459e3e24adab8d7d6cb,6780,44100,1,true,true,true,,,generatedAt=2026-06-26T10:51:01.115Z; No current physical pair exists for this logical Training Voice V2.1 cue.
voice-v21-059,ex-glute-bridge-reps-next-v21,ex-glute-bridge-reps-next-v21,clara,Glute bridge.,assets/audio/voice/clara/ex-glute-bridge-reps-next-v21.mp3,generated,elevenlabs,eleven_multilingual_v2,rfkTsdZrVWEVhDycUYn9,19688,309d1b2b5bba0c3fd0f440417aedd7fb465a05cac90a983438670d6d48d9cb11,1161,44100,1,true,true,true,,,generatedAt=2026-06-26T10:51:01.115Z; No current physical pair exists for this logical Training Voice V2.1 cue.
voice-v21-060,ex-glute-bridge-reps-next-v21,ex-glute-bridge-reps-next-v21,marcus,Glute bridge.,assets/audio/voice/marcus/ex-glute-bridge-reps-next-v21.mp3,generated,elevenlabs,eleven_multilingual_v2,lUTamkMw7gOzZbFIwmq4,18016,048ec9a6668cfe5bfa8c0904bb804edf73cde6f657cca6bbd4466880311218ca,1068,44100,1,true,true,true,,,generatedAt=2026-06-26T10:51:01.115Z; No current physical pair exists for this logical Training Voice V2.1 cue.
voice-v21-061,ex-heel-raise-free-first-v21,ex-heel-raise-free-first-v21,clara,"Heel raise. Stand tall. Rise onto the balls of your feet, then lower slowly.",assets/audio/voice/clara/ex-heel-raise-free-first-v21.mp3,generated,elevenlabs,eleven_multilingual_v2,rfkTsdZrVWEVhDycUYn9,94084,643b3f8f7631aacff2b2967233e7bef648a219668a7548c539ec216605aeaa43,5805,44100,1,true,true,true,,,generatedAt=2026-06-26T10:51:01.115Z; No current physical pair exists for this logical Training Voice V2.1 cue.
voice-v21-062,ex-heel-raise-free-first-v21,ex-heel-raise-free-first-v21,marcus,"Heel raise. Stand tall. Rise onto the balls of your feet, then lower slowly.",assets/audio/voice/marcus/ex-heel-raise-free-first-v21.mp3,generated,elevenlabs,eleven_multilingual_v2,lUTamkMw7gOzZbFIwmq4,87397,c64316f008e0a4dfc62f79062041e7803460eb735104f582e350f91e2f6771ee,5387,44100,1,true,true,true,,,generatedAt=2026-06-26T10:51:01.115Z; No current physical pair exists for this logical Training Voice V2.1 cue.
voice-v21-063,ex-heel-raise-free-next-v21,ex-heel-raise-free-next-v21,clara,Heel raise.,assets/audio/voice/clara/ex-heel-raise-free-next-v21.mp3,generated,elevenlabs,eleven_multilingual_v2,rfkTsdZrVWEVhDycUYn9,20524,ffee03f0647e7d4ea2f6170bd0b4009f6e32683a309929fe1f2f702fdf57cbb2,1207,44100,1,true,true,true,,,generatedAt=2026-06-26T10:51:01.115Z; No current physical pair exists for this logical Training Voice V2.1 cue.
voice-v21-064,ex-heel-raise-free-next-v21,ex-heel-raise-free-next-v21,marcus,Heel raise.,assets/audio/voice/marcus/ex-heel-raise-free-next-v21.mp3,generated,elevenlabs,eleven_multilingual_v2,lUTamkMw7gOzZbFIwmq4,18016,7b2aab28796461180884ec44a513f50e0760794d0bdadf389f00989865867a15,1068,44100,1,true,true,true,,,generatedAt=2026-06-26T10:51:01.115Z; No current physical pair exists for this logical Training Voice V2.1 cue.
voice-v21-065,ex-heel-raise-supported-first-v21,ex-heel-raise-supported-first-v21,clara,"Supported heel raise. Fingertips near support. Rise onto the balls of your feet, then lower slowly.",assets/audio/voice/clara/ex-heel-raise-supported-first-v21.mp3,generated,elevenlabs,eleven_multilingual_v2,rfkTsdZrVWEVhDycUYn9,119162,db79e2723bf24df8937e648d35fbd375d5a0bf52148baf1471d830ba3c3e72eb,7384,44100,1,true,true,true,,,generatedAt=2026-06-26T10:51:01.115Z; No current physical pair exists for this logical Training Voice V2.1 cue.
voice-v21-066,ex-heel-raise-supported-first-v21,ex-heel-raise-supported-first-v21,marcus,"Supported heel raise. Fingertips near support. Rise onto the balls of your feet, then lower slowly.",assets/audio/voice/marcus/ex-heel-raise-supported-first-v21.mp3,generated,elevenlabs,eleven_multilingual_v2,lUTamkMw7gOzZbFIwmq4,115400,f5ec73654a762d71ed26596ff9b9408080b99db0222254ce4d021c73ef2665e1,7152,44100,1,true,true,true,,,generatedAt=2026-06-26T10:51:01.115Z; No current physical pair exists for this logical Training Voice V2.1 cue.
voice-v21-067,ex-heel-raise-supported-next-v21,ex-heel-raise-supported-next-v21,clara,Supported heel raise.,assets/audio/voice/clara/ex-heel-raise-supported-next-v21.mp3,generated,elevenlabs,eleven_multilingual_v2,rfkTsdZrVWEVhDycUYn9,26375,be9fea84385aa0a38d75b41781d2124b13817e077f4a82fd5bf3c21447115b7a,1579,44100,1,true,true,true,,,generatedAt=2026-06-26T10:51:01.115Z; No current physical pair exists for this logical Training Voice V2.1 cue.
voice-v21-068,ex-heel-raise-supported-next-v21,ex-heel-raise-supported-next-v21,marcus,Supported heel raise.,assets/audio/voice/marcus/ex-heel-raise-supported-next-v21.mp3,generated,elevenlabs,eleven_multilingual_v2,lUTamkMw7gOzZbFIwmq4,23449,35d55cf90c753632c9738f02f69f09acf039d6ce1615218950828a482926a7ee,1393,44100,1,true,true,true,,,generatedAt=2026-06-26T10:51:01.115Z; No current physical pair exists for this logical Training Voice V2.1 cue.
voice-v21-069,ex-hip-hinge-free-first-v21,ex-hip-hinge-free-first-v21,clara,"Hip hinge. Feet under hips. Send hips back with a long spine, then stand tall.",assets/audio/voice/clara/ex-hip-hinge-free-first-v21.mp3,generated,elevenlabs,eleven_multilingual_v2,rfkTsdZrVWEVhDycUYn9,101190,122b4c9e7d3a97d20a93776e0879b5b5f54bc1cb07a0a564b5122a86d63e7893,6269,44100,1,true,true,true,,,generatedAt=2026-06-26T10:51:01.115Z; No current physical pair exists for this logical Training Voice V2.1 cue.
voice-v21-070,ex-hip-hinge-free-first-v21,ex-hip-hinge-free-first-v21,marcus,"Hip hinge. Feet under hips. Send hips back with a long spine, then stand tall.",assets/audio/voice/marcus/ex-hip-hinge-free-first-v21.mp3,generated,elevenlabs,eleven_multilingual_v2,lUTamkMw7gOzZbFIwmq4,91577,7c83d847e5c031949172b119bf7e76130823b0a9a85d465647dbb6098db6ac2f,5666,44100,1,true,true,true,,,generatedAt=2026-06-26T10:51:01.115Z; No current physical pair exists for this logical Training Voice V2.1 cue.
voice-v21-071,ex-hip-hinge-free-next-v21,ex-hip-hinge-free-next-v21,clara,Hip hinge.,assets/audio/voice/clara/ex-hip-hinge-free-next-v21.mp3,generated,elevenlabs,eleven_multilingual_v2,rfkTsdZrVWEVhDycUYn9,18852,eb4308902cb14c0adbf0fecc90722011e385612edb999ad8d18f9c2ecc4a166f,1115,44100,1,true,true,true,,,generatedAt=2026-06-26T10:51:01.115Z; No current physical pair exists for this logical Training Voice V2.1 cue.
voice-v21-072,ex-hip-hinge-free-next-v21,ex-hip-hinge-free-next-v21,marcus,Hip hinge.,assets/audio/voice/marcus/ex-hip-hinge-free-next-v21.mp3,generated,elevenlabs,eleven_multilingual_v2,lUTamkMw7gOzZbFIwmq4,18852,5c4e871bff3e1863db9ae9887bb7271d45aac8250e9211ba02870d53e6ec4dd7,1115,44100,1,true,true,true,,,generatedAt=2026-06-26T10:51:01.115Z; No current physical pair exists for this logical Training Voice V2.1 cue.
voice-v21-073,ex-hip-hinge-wall-first-v21,ex-hip-hinge-wall-first-v21,clara,"Wall-tap hinge. Stand a step from the wall. Send hips back to tap the wall, then stand tall.",assets/audio/voice/clara/ex-hip-hinge-wall-first-v21.mp3,generated,elevenlabs,eleven_multilingual_v2,rfkTsdZrVWEVhDycUYn9,110385,ab18cc1e03fe052480391421c0e4a6743717209f0206c62ddc40f095ea55d8d6,6827,44100,1,true,true,true,,,generatedAt=2026-06-26T10:51:01.115Z; No current physical pair exists for this logical Training Voice V2.1 cue.
voice-v21-074,ex-hip-hinge-wall-first-v21,ex-hip-hinge-wall-first-v21,marcus,"Wall-tap hinge. Stand a step from the wall. Send hips back to tap the wall, then stand tall.",assets/audio/voice/marcus/ex-hip-hinge-wall-first-v21.mp3,generated,elevenlabs,eleven_multilingual_v2,lUTamkMw7gOzZbFIwmq4,99936,d330a36b19fba6917c1e111884619d915567a9256fbc85e87eef2ba25b224d7b,6177,44100,1,true,true,true,,,generatedAt=2026-06-26T10:51:01.115Z; No current physical pair exists for this logical Training Voice V2.1 cue.
voice-v21-075,ex-hip-hinge-wall-next-v21,ex-hip-hinge-wall-next-v21,clara,Wall-tap hinge.,assets/audio/voice/clara/ex-hip-hinge-wall-next-v21.mp3,generated,elevenlabs,eleven_multilingual_v2,rfkTsdZrVWEVhDycUYn9,23449,71bbf9ae6d214348e493ee35a337d22d8375fe60fb852ceb248da6939bdf1f02,1393,44100,1,true,true,true,,,generatedAt=2026-06-26T10:51:01.115Z; No current physical pair exists for this logical Training Voice V2.1 cue.
voice-v21-076,ex-hip-hinge-wall-next-v21,ex-hip-hinge-wall-next-v21,marcus,Wall-tap hinge.,assets/audio/voice/marcus/ex-hip-hinge-wall-next-v21.mp3,generated,elevenlabs,eleven_multilingual_v2,lUTamkMw7gOzZbFIwmq4,20942,9acc8ea7e1606d8da44dcb653346e0939769ecf09ba59183c0c22899bbbf0fb4,1254,44100,1,true,true,true,,,generatedAt=2026-06-26T10:51:01.115Z; No current physical pair exists for this logical Training Voice V2.1 cue.
voice-v21-077,ex-loaded-march-first-v21,ex-loaded-march-first-v21,clara,March in place. Stand tall near support and march with a steady rhythm.,assets/audio/voice/clara/ex-loaded-march-first-v21.mp3,generated,elevenlabs,eleven_multilingual_v2,rfkTsdZrVWEVhDycUYn9,79874,7d4aa73358399e41af82ab9d10dea5ed3831ec1c9a00ebccad5545d29a9dacae,4923,44100,1,true,true,true,,,generatedAt=2026-06-26T10:51:01.115Z; No current physical pair exists for this logical Training Voice V2.1 cue.
voice-v21-078,ex-loaded-march-first-v21,ex-loaded-march-first-v21,marcus,March in place. Stand tall near support and march with a steady rhythm.,assets/audio/voice/marcus/ex-loaded-march-first-v21.mp3,generated,elevenlabs,eleven_multilingual_v2,lUTamkMw7gOzZbFIwmq4,73186,e18064270e8e19a761a2c4977d4abd92bcb3f924664bf197e9e784b40e331be2,4505,44100,1,true,true,true,,,generatedAt=2026-06-26T10:51:01.115Z; No current physical pair exists for this logical Training Voice V2.1 cue.
voice-v21-079,ex-loaded-march-next-v21,ex-loaded-march-next-v21,clara,March in place.,assets/audio/voice/clara/ex-loaded-march-next-v21.mp3,generated,elevenlabs,eleven_multilingual_v2,rfkTsdZrVWEVhDycUYn9,22613,419170d85e013bdb44b97ad4894903abf6324d90d5e94c8d79183e368fbc000c,1347,44100,1,true,true,true,,,generatedAt=2026-06-26T10:51:01.115Z; No current physical pair exists for this logical Training Voice V2.1 cue.
voice-v21-080,ex-loaded-march-next-v21,ex-loaded-march-next-v21,marcus,March in place.,assets/audio/voice/marcus/ex-loaded-march-next-v21.mp3,generated,elevenlabs,eleven_multilingual_v2,lUTamkMw7gOzZbFIwmq4,21777,379c42dfa228101f52061c55aadd42e631ec68be23fbd9b7cf5be9ae47979a4c,1300,44100,1,true,true,true,,,generatedAt=2026-06-26T10:51:01.115Z; No current physical pair exists for this logical Training Voice V2.1 cue.
voice-v21-081,ex-loaded-sit-to-stand-first-v21,ex-loaded-sit-to-stand-first-v21,clara,"Loaded sit-to-stand. Hold the load close to your chest. Stand fully, then sit with control.",assets/audio/voice/clara/ex-loaded-sit-to-stand-first-v21.mp3,generated,elevenlabs,eleven_multilingual_v2,rfkTsdZrVWEVhDycUYn9,101190,7a644fbc095a58b7150ada05ee3a1d2156ea472340d4cf16d93a0ebd09cf8db4,6269,44100,1,true,true,true,,,generatedAt=2026-06-26T10:51:01.115Z; No current physical pair exists for this logical Training Voice V2.1 cue.
voice-v21-082,ex-loaded-sit-to-stand-first-v21,ex-loaded-sit-to-stand-first-v21,marcus,"Loaded sit-to-stand. Hold the load close to your chest. Stand fully, then sit with control.",assets/audio/voice/marcus/ex-loaded-sit-to-stand-first-v21.mp3,generated,elevenlabs,eleven_multilingual_v2,lUTamkMw7gOzZbFIwmq4,105787,138f8c86a2dfc100b08ed93b23fdd88a76df2a79d18eb4973993cb6b6d80dedd,6548,44100,1,true,true,true,,,generatedAt=2026-06-26T10:51:01.115Z; No current physical pair exists for this logical Training Voice V2.1 cue.
voice-v21-083,ex-loaded-sit-to-stand-next-v21,ex-loaded-sit-to-stand-next-v21,clara,Loaded sit-to-stand.,assets/audio/voice/clara/ex-loaded-sit-to-stand-next-v21.mp3,generated,elevenlabs,eleven_multilingual_v2,rfkTsdZrVWEVhDycUYn9,27629,7c453c7a953dc2cf699af8c820aeb377ae4e1d027376c7c4cdd2ffdd177bb6ac,1672,44100,1,true,true,true,,,generatedAt=2026-06-26T10:51:01.115Z; No current physical pair exists for this logical Training Voice V2.1 cue.
voice-v21-084,ex-loaded-sit-to-stand-next-v21,ex-loaded-sit-to-stand-next-v21,marcus,Loaded sit-to-stand.,assets/audio/voice/marcus/ex-loaded-sit-to-stand-next-v21.mp3,generated,elevenlabs,eleven_multilingual_v2,lUTamkMw7gOzZbFIwmq4,24703,3b74a8898dc0ae9bb4952d14a6611a0539d6c9390852882dc8c9fc2961c1e042,1486,44100,1,true,true,true,,,generatedAt=2026-06-26T10:51:01.115Z; No current physical pair exists for this logical Training Voice V2.1 cue.
voice-v21-085,ex-mini-band-lateral-walk-first-v21,ex-mini-band-lateral-walk-first-v21,clara,Mini-band lateral walk. Band above your knees. Take small controlled steps both directions.,assets/audio/voice/clara/ex-mini-band-lateral-walk-first-v21.mp3,generated,elevenlabs,eleven_multilingual_v2,rfkTsdZrVWEVhDycUYn9,106623,b824a380b35f6ae5a970f87bf90c4389a96c26cca254f23fde9dcdc1ca74b6f0,6594,44100,1,true,true,true,,,generatedAt=2026-06-26T10:51:01.115Z; No current physical pair exists for this logical Training Voice V2.1 cue.
voice-v21-086,ex-mini-band-lateral-walk-first-v21,ex-mini-band-lateral-walk-first-v21,marcus,Mini-band lateral walk. Band above your knees. Take small controlled steps both directions.,assets/audio/voice/marcus/ex-mini-band-lateral-walk-first-v21.mp3,generated,elevenlabs,eleven_multilingual_v2,lUTamkMw7gOzZbFIwmq4,92413,4d7e577104e3eb8e0118daa8968ddb6e4ccc0a040bd22bb1064e320f230a959a,5712,44100,1,true,true,true,,,generatedAt=2026-06-26T10:51:01.115Z; No current physical pair exists for this logical Training Voice V2.1 cue.
voice-v21-087,ex-mini-band-lateral-walk-next-v21,ex-mini-band-lateral-walk-next-v21,clara,Mini-band lateral walk.,assets/audio/voice/clara/ex-mini-band-lateral-walk-next-v21.mp3,generated,elevenlabs,eleven_multilingual_v2,rfkTsdZrVWEVhDycUYn9,27211,36b91dc5962e989125940b5ac1c1277bf68b4b5d6032f772d6610a3e56f7ad0f,1625,44100,1,true,true,true,,,generatedAt=2026-06-26T10:51:01.115Z; No current physical pair exists for this logical Training Voice V2.1 cue.
voice-v21-088,ex-mini-band-lateral-walk-next-v21,ex-mini-band-lateral-walk-next-v21,marcus,Mini-band lateral walk.,assets/audio/voice/marcus/ex-mini-band-lateral-walk-next-v21.mp3,generated,elevenlabs,eleven_multilingual_v2,lUTamkMw7gOzZbFIwmq4,25539,4f98f674c23381861ed6da35a17517790df67190c405d9185e10f3f30078ec65,1533,44100,1,true,true,true,,,generatedAt=2026-06-26T10:51:01.115Z; No current physical pair exists for this logical Training Voice V2.1 cue.
voice-v21-089,ex-neck-rotation-first-v21,ex-neck-rotation-first-v21,clara,"Neck rotations. Face the phone, sit or stand tall, and slowly look over one shoulder, then the other.",assets/audio/voice/clara/ex-neck-rotation-first-v21.mp3,generated,elevenlabs,eleven_multilingual_v2,rfkTsdZrVWEVhDycUYn9,119162,e18c3bcb5cdf9d0cec9af273a98caca3b990d22e1ab94db963fcf2f1cb8c5865,7384,44100,1,true,true,true,,,generatedAt=2026-06-26T10:51:01.115Z; No current physical pair exists for this logical Training Voice V2.1 cue.
voice-v21-090,ex-neck-rotation-first-v21,ex-neck-rotation-first-v21,marcus,"Neck rotations. Face the phone, sit or stand tall, and slowly look over one shoulder, then the other.",assets/audio/voice/marcus/ex-neck-rotation-first-v21.mp3,generated,elevenlabs,eleven_multilingual_v2,lUTamkMw7gOzZbFIwmq4,100772,a24c643093c21ed80bbd1b26deaaeb898563933c8d54b7e901b1eef955cf9913,6223,44100,1,true,true,true,,,generatedAt=2026-06-26T10:51:01.115Z; No current physical pair exists for this logical Training Voice V2.1 cue.
voice-v21-091,ex-neck-rotation-next-v21,ex-neck-rotation-next-v21,clara,Neck rotations.,assets/audio/voice/clara/ex-neck-rotation-next-v21.mp3,generated,elevenlabs,eleven_multilingual_v2,rfkTsdZrVWEVhDycUYn9,24285,56f4c9814775d9ed403680e8ef52896becdf01714876cc827d34889274d8c310,1440,44100,1,true,true,true,,,generatedAt=2026-06-26T10:51:01.115Z; No current physical pair exists for this logical Training Voice V2.1 cue.
voice-v21-092,ex-neck-rotation-next-v21,ex-neck-rotation-next-v21,marcus,Neck rotations.,assets/audio/voice/marcus/ex-neck-rotation-next-v21.mp3,generated,elevenlabs,eleven_multilingual_v2,lUTamkMw7gOzZbFIwmq4,22613,f6c9d06ac63e9ee6ed5357b1f765199a7041ed7f0ee78c3ac4b665bfff7da92d,1347,44100,1,true,true,true,,,generatedAt=2026-06-26T10:51:01.115Z; No current physical pair exists for this logical Training Voice V2.1 cue.
voice-v21-093,ex-overhead-press-band-first-v21,ex-overhead-press-band-first-v21,clara,"Band overhead press. Stand tall with light band tension. Press overhead, then return slowly.",assets/audio/voice/clara/ex-overhead-press-band-first-v21.mp3,generated,elevenlabs,eleven_multilingual_v2,rfkTsdZrVWEVhDycUYn9,103697,05d358bfbfd201504b046dca085ac31ec655084543e0e816126eb8f2b3b21be9,6409,44100,1,true,true,true,,,generatedAt=2026-06-26T10:51:01.115Z; No current physical pair exists for this logical Training Voice V2.1 cue.
voice-v21-094,ex-overhead-press-band-first-v21,ex-overhead-press-band-first-v21,marcus,"Band overhead press. Stand tall with light band tension. Press overhead, then return slowly.",assets/audio/voice/marcus/ex-overhead-press-band-first-v21.mp3,generated,elevenlabs,eleven_multilingual_v2,lUTamkMw7gOzZbFIwmq4,100772,194e92c5ddfa4c5369d138053798338ff7b26ab833c5bdb10fda58c73b00aee0,6223,44100,1,true,true,true,,,generatedAt=2026-06-26T10:51:01.115Z; No current physical pair exists for this logical Training Voice V2.1 cue.
voice-v21-095,ex-overhead-press-band-next-v21,ex-overhead-press-band-next-v21,clara,Band overhead press.,assets/audio/voice/clara/ex-overhead-press-band-next-v21.mp3,generated,elevenlabs,eleven_multilingual_v2,rfkTsdZrVWEVhDycUYn9,25539,5ba5d87c0d264e2d4a4c75af70888e27d815f17d4b50f518ebd96186ddfab6e6,1533,44100,1,true,true,true,,,generatedAt=2026-06-26T10:51:01.115Z; No current physical pair exists for this logical Training Voice V2.1 cue.
voice-v21-096,ex-overhead-press-band-next-v21,ex-overhead-press-band-next-v21,marcus,Band overhead press.,assets/audio/voice/marcus/ex-overhead-press-band-next-v21.mp3,generated,elevenlabs,eleven_multilingual_v2,lUTamkMw7gOzZbFIwmq4,24285,9d8ada29eb9403cd36423eb9a19c49af45fcff7418673c3861ba939f7f675797,1440,44100,1,true,true,true,,,generatedAt=2026-06-26T10:51:01.115Z; No current physical pair exists for this logical Training Voice V2.1 cue.
voice-v21-097,ex-overhead-reach-first-v21,ex-overhead-reach-first-v21,clara,"Overhead reach. Stand tall. Reach both arms overhead as far as comfortable, then lower.",assets/audio/voice/clara/ex-overhead-reach-first-v21.mp3,generated,elevenlabs,eleven_multilingual_v2,rfkTsdZrVWEVhDycUYn9,95338,14e80bae749cbf8c4ec1db78ae0a93e4d426febad3336041dae43062df6a417c,5898,44100,1,true,true,true,,,generatedAt=2026-06-26T10:51:01.115Z; No current physical pair exists for this logical Training Voice V2.1 cue.
voice-v21-098,ex-overhead-reach-first-v21,ex-overhead-reach-first-v21,marcus,"Overhead reach. Stand tall. Reach both arms overhead as far as comfortable, then lower.",assets/audio/voice/marcus/ex-overhead-reach-first-v21.mp3,generated,elevenlabs,eleven_multilingual_v2,lUTamkMw7gOzZbFIwmq4,82799,bf7466425d137fee9f575e8b34e366651d23ffe468d185e17dfa0ab6eeb61de5,5108,44100,1,true,true,true,,,generatedAt=2026-06-26T10:51:01.115Z; No current physical pair exists for this logical Training Voice V2.1 cue.
voice-v21-099,ex-overhead-reach-next-v21,ex-overhead-reach-next-v21,clara,Overhead reach.,assets/audio/voice/clara/ex-overhead-reach-next-v21.mp3,generated,elevenlabs,eleven_multilingual_v2,rfkTsdZrVWEVhDycUYn9,21777,695c219567fd5c7f193710f8a78007013c61e2c37936c8a2fb85cdfbea24d812,1300,44100,1,true,true,true,,,generatedAt=2026-06-26T10:51:01.115Z; No current physical pair exists for this logical Training Voice V2.1 cue.
voice-v21-100,ex-overhead-reach-next-v21,ex-overhead-reach-next-v21,marcus,Overhead reach.,assets/audio/voice/marcus/ex-overhead-reach-next-v21.mp3,generated,elevenlabs,eleven_multilingual_v2,lUTamkMw7gOzZbFIwmq4,18852,c0c1443469038bffb2086d92eba6e6ded2d846248ec3c00a9bfbc4c27d3f265c,1115,44100,1,true,true,true,,,generatedAt=2026-06-26T10:51:01.115Z; No current physical pair exists for this logical Training Voice V2.1 cue.
voice-v21-101,ex-push-up-incline-first-v21,ex-push-up-incline-first-v21,clara,"Incline push-up. Hands on a stable counter or sturdy chair. Lower in with control, then press away.",assets/audio/voice/clara/ex-push-up-incline-first-v21.mp3,generated,elevenlabs,eleven_multilingual_v2,rfkTsdZrVWEVhDycUYn9,119998,d37c39c5e23508c487f650673b3e48f805a64b2ecb687ce90b45310dbb4ddd8c,7430,44100,1,true,true,true,,,generatedAt=2026-06-26T10:51:01.115Z; No current physical pair exists for this logical Training Voice V2.1 cue.
voice-v21-102,ex-push-up-incline-first-v21,ex-push-up-incline-first-v21,marcus,"Incline push-up. Hands on a stable counter or sturdy chair. Lower in with control, then press away.",assets/audio/voice/marcus/ex-push-up-incline-first-v21.mp3,generated,elevenlabs,eleven_multilingual_v2,lUTamkMw7gOzZbFIwmq4,109549,daba00392b867056124f924d62de613e56ac393ad41348a73f51380fb6db41c9,6780,44100,1,true,true,true,,,generatedAt=2026-06-26T10:51:01.115Z; No current physical pair exists for this logical Training Voice V2.1 cue.
voice-v21-103,ex-push-up-incline-next-v21,ex-push-up-incline-next-v21,clara,Incline push-up.,assets/audio/voice/clara/ex-push-up-incline-next-v21.mp3,generated,elevenlabs,eleven_multilingual_v2,rfkTsdZrVWEVhDycUYn9,23449,c085729eacd6d94b72f12fee425249eebf48078baca8f7ef54bab80cf52a2c94,1393,44100,1,true,true,true,,,generatedAt=2026-06-26T10:51:01.115Z; No current physical pair exists for this logical Training Voice V2.1 cue.
voice-v21-104,ex-push-up-incline-next-v21,ex-push-up-incline-next-v21,marcus,Incline push-up.,assets/audio/voice/marcus/ex-push-up-incline-next-v21.mp3,generated,elevenlabs,eleven_multilingual_v2,lUTamkMw7gOzZbFIwmq4,19688,4ef9ff4e6b52b21243428697211c964e55abb4be95997c412624295b59ecef3b,1161,44100,1,true,true,true,,,generatedAt=2026-06-26T10:51:01.115Z; No current physical pair exists for this logical Training Voice V2.1 cue.
voice-v21-105,ex-push-up-standard-first-v21,ex-push-up-standard-first-v21,clara,"Push-up. Start from the floor position. Lower with control, then press up.",assets/audio/voice/clara/ex-push-up-standard-first-v21.mp3,generated,elevenlabs,eleven_multilingual_v2,rfkTsdZrVWEVhDycUYn9,88651,bc24ed66a1843b7790254ca044a7d59abb58bfa23e367f9721137f4531a46f9b,5480,44100,1,true,true,true,,,generatedAt=2026-06-26T10:51:01.115Z; No current physical pair exists for this logical Training Voice V2.1 cue.
voice-v21-106,ex-push-up-standard-first-v21,ex-push-up-standard-first-v21,marcus,"Push-up. Start from the floor position. Lower with control, then press up.",assets/audio/voice/marcus/ex-push-up-standard-first-v21.mp3,generated,elevenlabs,eleven_multilingual_v2,lUTamkMw7gOzZbFIwmq4,81128,1e5f392043da4f92b5d9f76334d7b3d8fa6f73881b4444ee336ccefbdc2e88d5,5016,44100,1,true,true,true,,,generatedAt=2026-06-26T10:51:01.115Z; No current physical pair exists for this logical Training Voice V2.1 cue.
voice-v21-107,ex-push-up-standard-next-v21,ex-push-up-standard-next-v21,clara,Push-up.,assets/audio/voice/clara/ex-push-up-standard-next-v21.mp3,generated,elevenlabs,eleven_multilingual_v2,rfkTsdZrVWEVhDycUYn9,15926,1037539d22e0986c3754d39986588b7eeb77121cd67a50eb38261342be1f0f50,929,44100,1,true,true,true,,,generatedAt=2026-06-26T10:51:01.115Z; No current physical pair exists for this logical Training Voice V2.1 cue.
voice-v21-108,ex-push-up-standard-next-v21,ex-push-up-standard-next-v21,marcus,Push-up.,assets/audio/voice/marcus/ex-push-up-standard-next-v21.mp3,generated,elevenlabs,eleven_multilingual_v2,lUTamkMw7gOzZbFIwmq4,15926,30bdb3a7eb6ab03ae85f81caec3d73a5d617431410cad172465aeca836111901,929,44100,1,true,true,true,,,generatedAt=2026-06-26T10:51:01.115Z; No current physical pair exists for this logical Training Voice V2.1 cue.
voice-v21-109,ex-push-up-wall-first-v21,ex-push-up-wall-first-v21,clara,"Wall push-up. Hands on the wall. Lower in with control, then press away.",assets/audio/voice/clara/ex-push-up-wall-first-v21.mp3,generated,elevenlabs,eleven_multilingual_v2,rfkTsdZrVWEVhDycUYn9,87397,3e8d12e4fb701b054e0aaf42fa4f823caff8dff94e07c6eb8a3a75cc3606c244,5387,44100,1,true,true,true,,,generatedAt=2026-06-26T10:51:01.115Z; No current physical pair exists for this logical Training Voice V2.1 cue.
voice-v21-110,ex-push-up-wall-first-v21,ex-push-up-wall-first-v21,marcus,"Wall push-up. Hands on the wall. Lower in with control, then press away.",assets/audio/voice/marcus/ex-push-up-wall-first-v21.mp3,generated,elevenlabs,eleven_multilingual_v2,lUTamkMw7gOzZbFIwmq4,71515,da4e3cdb1725322a358c4885343c9aabc6703289215fe02dc203799bd2008a4e,4412,44100,1,true,true,true,,,generatedAt=2026-06-26T10:51:01.115Z; No current physical pair exists for this logical Training Voice V2.1 cue.
voice-v21-111,ex-push-up-wall-next-v21,ex-push-up-wall-next-v21,clara,Wall push-up.,assets/audio/voice/clara/ex-push-up-wall-next-v21.mp3,generated,elevenlabs,eleven_multilingual_v2,rfkTsdZrVWEVhDycUYn9,20524,74133477f839d9f50bb6d105705c1a3e3cc7a5fdfa038e98cccc3b105871b162,1207,44100,1,true,true,true,,,generatedAt=2026-06-26T10:51:01.115Z; No current physical pair exists for this logical Training Voice V2.1 cue.
voice-v21-112,ex-push-up-wall-next-v21,ex-push-up-wall-next-v21,marcus,Wall push-up.,assets/audio/voice/marcus/ex-push-up-wall-next-v21.mp3,generated,elevenlabs,eleven_multilingual_v2,lUTamkMw7gOzZbFIwmq4,17598,76af67b835e3e3d9284e9b3bf55f87f53c8248e4cf73f586cdc2047acf767264,1022,44100,1,true,true,true,,,generatedAt=2026-06-26T10:51:01.115Z; No current physical pair exists for this logical Training Voice V2.1 cue.
voice-v21-113,ex-seated-band-row-first-v21,ex-seated-band-row-first-v21,clara,"Seated band row. Sit tall on a sturdy chair with the band anchored under both feet. Pull elbows back, then return slowly.",assets/audio/voice/clara/ex-seated-band-row-first-v21.mp3,generated,elevenlabs,eleven_multilingual_v2,rfkTsdZrVWEVhDycUYn9,142150,ac9639a8ce65ab361c23766b565e39af2f226d874df55c7bf2a1ce03968e16d4,8824,44100,1,true,true,true,,,generatedAt=2026-06-26T10:51:01.115Z; No current physical pair exists for this logical Training Voice V2.1 cue.
voice-v21-114,ex-seated-band-row-first-v21,ex-seated-band-row-first-v21,marcus,"Seated band row. Sit tall on a sturdy chair with the band anchored under both feet. Pull elbows back, then return slowly.",assets/audio/voice/marcus/ex-seated-band-row-first-v21.mp3,generated,elevenlabs,eleven_multilingual_v2,lUTamkMw7gOzZbFIwmq4,135462,1e7cb3f4a61942d2b7c08b1f2e936e56a718ba492484bccd5bbd148a4b74af57,8406,44100,1,true,true,true,,,generatedAt=2026-06-26T10:51:01.115Z; No current physical pair exists for this logical Training Voice V2.1 cue.
voice-v21-115,ex-seated-band-row-next-v21,ex-seated-band-row-next-v21,clara,Seated band row.,assets/audio/voice/clara/ex-seated-band-row-next-v21.mp3,generated,elevenlabs,eleven_multilingual_v2,rfkTsdZrVWEVhDycUYn9,22613,ff6da160f5f063db1ab2952195eeacd2b34dbcc29e969ea6d8cc49b7f478a376,1347,44100,1,true,true,true,,,generatedAt=2026-06-26T10:51:01.115Z; No current physical pair exists for this logical Training Voice V2.1 cue.
voice-v21-116,ex-seated-band-row-next-v21,ex-seated-band-row-next-v21,marcus,Seated band row.,assets/audio/voice/marcus/ex-seated-band-row-next-v21.mp3,generated,elevenlabs,eleven_multilingual_v2,lUTamkMw7gOzZbFIwmq4,22613,77dd1d7356d6bf660a485ab8b12eaabef7eeea098a12e5372ecd18264fb5f251,1347,44100,1,true,true,true,,,generatedAt=2026-06-26T10:51:01.115Z; No current physical pair exists for this logical Training Voice V2.1 cue.
voice-v21-117,ex-seated-hamstring-reach-first-v21,ex-seated-hamstring-reach-first-v21,clara,Seated hamstring reach. Sit tall at the chair edge.,assets/audio/voice/clara/ex-seated-hamstring-reach-first-v21.mp3,generated,elevenlabs,eleven_multilingual_v2,rfkTsdZrVWEVhDycUYn9,56050,597a090352d201624c0041d09e90ad775cde531f43a717723e6f6aaa9771691b,3437,44100,1,true,true,true,,,generatedAt=2026-06-26T10:51:01.115Z; No current physical pair exists for this logical Training Voice V2.1 cue.
voice-v21-118,ex-seated-hamstring-reach-first-v21,ex-seated-hamstring-reach-first-v21,marcus,Seated hamstring reach. Sit tall at the chair edge.,assets/audio/voice/marcus/ex-seated-hamstring-reach-first-v21.mp3,generated,elevenlabs,eleven_multilingual_v2,lUTamkMw7gOzZbFIwmq4,50199,b65e344e0a272c3630ac58e61cd6c8c83c68cc760943274a2634b8ce27a05502,3065,44100,1,true,true,true,,,generatedAt=2026-06-26T10:51:01.115Z; No current physical pair exists for this logical Training Voice V2.1 cue.
voice-v21-119,ex-seated-hamstring-reach-next-v21,ex-seated-hamstring-reach-next-v21,clara,Seated hamstring reach.,assets/audio/voice/clara/ex-seated-hamstring-reach-next-v21.mp3,generated,elevenlabs,eleven_multilingual_v2,rfkTsdZrVWEVhDycUYn9,27629,df719b2a4f6bccbcd4e98b5a01591ff5a8e39a060e443549c87c9cbda0cf5e21,1672,44100,1,true,true,true,,,generatedAt=2026-06-26T10:51:01.115Z; No current physical pair exists for this logical Training Voice V2.1 cue.
voice-v21-120,ex-seated-hamstring-reach-next-v21,ex-seated-hamstring-reach-next-v21,marcus,Seated hamstring reach.,assets/audio/voice/marcus/ex-seated-hamstring-reach-next-v21.mp3,generated,elevenlabs,eleven_multilingual_v2,lUTamkMw7gOzZbFIwmq4,23449,7be1c368172c0f795c6970217ec33dc2cca28e66cede0fc22708425e0cd1db5b,1393,44100,1,true,true,true,,,generatedAt=2026-06-26T10:51:01.115Z; No current physical pair exists for this logical Training Voice V2.1 cue.
voice-v21-121,ex-squat-free-first-v21,ex-squat-free-first-v21,clara,"Squat. Feet about hip width. Lower as if to sit, then stand with control.",assets/audio/voice/clara/ex-squat-free-first-v21.mp3,generated,elevenlabs,eleven_multilingual_v2,rfkTsdZrVWEVhDycUYn9,95338,9d4ee2a16846c3097251976975b565eb4dd01f9bde2170fb9cdee7e3161dfeb6,5898,44100,1,true,true,true,,,generatedAt=2026-06-26T10:51:01.115Z; No current physical pair exists for this logical Training Voice V2.1 cue.
voice-v21-122,ex-squat-free-first-v21,ex-squat-free-first-v21,marcus,"Squat. Feet about hip width. Lower as if to sit, then stand with control.",assets/audio/voice/marcus/ex-squat-free-first-v21.mp3,generated,elevenlabs,eleven_multilingual_v2,lUTamkMw7gOzZbFIwmq4,89487,32417d348b2b767035f9a271e7d25ba4970670bef94ff68e03b822b664cf0143,5526,44100,1,true,true,true,,,generatedAt=2026-06-26T10:51:01.115Z; No current physical pair exists for this logical Training Voice V2.1 cue.
voice-v21-123,ex-squat-free-next-v21,ex-squat-free-next-v21,clara,Squat.,assets/audio/voice/clara/ex-squat-free-next-v21.mp3,generated,elevenlabs,eleven_multilingual_v2,rfkTsdZrVWEVhDycUYn9,15090,b2b3c13a6f30e316791c413de40281c0f00e9624d40ff95f099560bd03cbfddb,882,44100,1,true,true,true,,,generatedAt=2026-06-26T10:51:01.115Z; No current physical pair exists for this logical Training Voice V2.1 cue.
voice-v21-124,ex-squat-free-next-v21,ex-squat-free-next-v21,marcus,Squat.,assets/audio/voice/marcus/ex-squat-free-next-v21.mp3,generated,elevenlabs,eleven_multilingual_v2,lUTamkMw7gOzZbFIwmq4,14254,9fe9dff6e60a8c6fd07fb1af193c68c82598774bfac35789cce7fdf470b3a0b4,836,44100,1,true,true,true,,,generatedAt=2026-06-26T10:51:01.115Z; No current physical pair exists for this logical Training Voice V2.1 cue.
voice-v21-125,ex-squat-loaded-first-v21,ex-squat-loaded-first-v21,clara,"Loaded squat. Hold the load close to your chest. Lower into a squat, then stand with control.",assets/audio/voice/clara/ex-squat-loaded-first-v21.mp3,generated,elevenlabs,eleven_multilingual_v2,rfkTsdZrVWEVhDycUYn9,102862,6da13a0a53344d8da434a3601a01c3eb6b77b9d84d3cbb53748d28cb863af87d,6362,44100,1,true,true,true,,,generatedAt=2026-06-26T10:51:01.115Z; No current physical pair exists for this logical Training Voice V2.1 cue.
voice-v21-126,ex-squat-loaded-first-v21,ex-squat-loaded-first-v21,marcus,"Loaded squat. Hold the load close to your chest. Lower into a squat, then stand with control.",assets/audio/voice/marcus/ex-squat-loaded-first-v21.mp3,generated,elevenlabs,eleven_multilingual_v2,lUTamkMw7gOzZbFIwmq4,102862,e09110a10dba5197a8098d21ddcffb44eb470b3443a78fdd8144deba79b2abb4,6362,44100,1,true,true,true,,,generatedAt=2026-06-26T10:51:01.115Z; No current physical pair exists for this logical Training Voice V2.1 cue.
voice-v21-127,ex-squat-loaded-next-v21,ex-squat-loaded-next-v21,clara,Loaded squat.,assets/audio/voice/clara/ex-squat-loaded-next-v21.mp3,generated,elevenlabs,eleven_multilingual_v2,rfkTsdZrVWEVhDycUYn9,21777,ffd3930e791e0c40010907f0bcfb6949fbac8bf89c030f67646afafcc2e9d721,1300,44100,1,true,true,true,,,generatedAt=2026-06-26T10:51:01.115Z; No current physical pair exists for this logical Training Voice V2.1 cue.
voice-v21-128,ex-squat-loaded-next-v21,ex-squat-loaded-next-v21,marcus,Loaded squat.,assets/audio/voice/marcus/ex-squat-loaded-next-v21.mp3,generated,elevenlabs,eleven_multilingual_v2,lUTamkMw7gOzZbFIwmq4,20524,4d0d2c575ee82ba8161318a9b4eb35a095ee5b40b744de33d17fdcefa74064ea,1207,44100,1,true,true,true,,,generatedAt=2026-06-26T10:51:01.115Z; No current physical pair exists for this logical Training Voice V2.1 cue.
voice-v21-129,ex-squat-slow-eccentric-first-v21,ex-squat-slow-eccentric-first-v21,clara,"Slow-lower squat. Lower slowly, then stand with control.",assets/audio/voice/clara/ex-squat-slow-eccentric-first-v21.mp3,generated,elevenlabs,eleven_multilingual_v2,rfkTsdZrVWEVhDycUYn9,64409,507ff5261766128353d5f132f0a7602ad01b6030c5259459930d92e7e3b9cf2a,3947,44100,1,true,true,true,,,generatedAt=2026-06-26T10:51:01.115Z; No current physical pair exists for this logical Training Voice V2.1 cue.
voice-v21-130,ex-squat-slow-eccentric-first-v21,ex-squat-slow-eccentric-first-v21,marcus,"Slow-lower squat. Lower slowly, then stand with control.",assets/audio/voice/marcus/ex-squat-slow-eccentric-first-v21.mp3,generated,elevenlabs,eleven_multilingual_v2,lUTamkMw7gOzZbFIwmq4,61902,9392216ff48be2ea24508aa0d79803ca3b7f085d371af6205fb894681cc06a7f,3808,44100,1,true,true,true,,,generatedAt=2026-06-26T10:51:01.115Z; No current physical pair exists for this logical Training Voice V2.1 cue.
voice-v21-131,ex-squat-slow-eccentric-next-v21,ex-squat-slow-eccentric-next-v21,clara,Slow-lower squat.,assets/audio/voice/clara/ex-squat-slow-eccentric-next-v21.mp3,generated,elevenlabs,eleven_multilingual_v2,rfkTsdZrVWEVhDycUYn9,24703,71021ef73a83905acac77d5f3bcfa7f651e1352fa86dbbe2a1f322d0655657dc,1486,44100,1,true,true,true,,,generatedAt=2026-06-26T10:51:01.115Z; No current physical pair exists for this logical Training Voice V2.1 cue.
voice-v21-132,ex-squat-slow-eccentric-next-v21,ex-squat-slow-eccentric-next-v21,marcus,Slow-lower squat.,assets/audio/voice/marcus/ex-squat-slow-eccentric-next-v21.mp3,generated,elevenlabs,eleven_multilingual_v2,lUTamkMw7gOzZbFIwmq4,22613,68c32ff5b88cb8503ea7dbbfdbaec3649b2cb6ace103a77604ca2748f41afadb,1347,44100,1,true,true,true,,,generatedAt=2026-06-26T10:51:01.115Z; No current physical pair exists for this logical Training Voice V2.1 cue.
voice-v21-133,ex-squat-supported-first-v21,ex-squat-supported-first-v21,clara,"Supported squat. Stand near sturdy support. Lower as if to sit, then stand with control.",assets/audio/voice/clara/ex-squat-supported-first-v21.mp3,generated,elevenlabs,eleven_multilingual_v2,rfkTsdZrVWEVhDycUYn9,103697,7ebb2fa11746474d14399c38ab4bd6f9bda072601306a5e64886b9a3209a5da6,6409,44100,1,true,true,true,,,generatedAt=2026-06-26T10:51:01.115Z; No current physical pair exists for this logical Training Voice V2.1 cue.
voice-v21-134,ex-squat-supported-first-v21,ex-squat-supported-first-v21,marcus,"Supported squat. Stand near sturdy support. Lower as if to sit, then stand with control.",assets/audio/voice/marcus/ex-squat-supported-first-v21.mp3,generated,elevenlabs,eleven_multilingual_v2,lUTamkMw7gOzZbFIwmq4,95338,4ae5a36465432d4a8e761e8f3c66990513aadf76fbbfe95d7b6396d11248a320,5898,44100,1,true,true,true,,,generatedAt=2026-06-26T10:51:01.115Z; No current physical pair exists for this logical Training Voice V2.1 cue.
voice-v21-135,ex-squat-supported-next-v21,ex-squat-supported-next-v21,clara,Supported squat.,assets/audio/voice/clara/ex-squat-supported-next-v21.mp3,generated,elevenlabs,eleven_multilingual_v2,rfkTsdZrVWEVhDycUYn9,22613,2cf47b6c711bc814d7bee2c5a7d8184ace2f147438f8f61c78bdcfb017971a44,1347,44100,1,true,true,true,,,generatedAt=2026-06-26T10:51:01.115Z; No current physical pair exists for this logical Training Voice V2.1 cue.
voice-v21-136,ex-squat-supported-next-v21,ex-squat-supported-next-v21,marcus,Supported squat.,assets/audio/voice/marcus/ex-squat-supported-next-v21.mp3,generated,elevenlabs,eleven_multilingual_v2,lUTamkMw7gOzZbFIwmq4,20524,fa7acd35384c0d397a396957e9ff65ec6b7c23591f713e58d076a742635c98e3,1207,44100,1,true,true,true,,,generatedAt=2026-06-26T10:51:01.115Z; No current physical pair exists for this logical Training Voice V2.1 cue.
voice-v21-137,ex-standing-band-row-first-v21,ex-standing-band-row-first-v21,clara,"Standing band row. Face the secure door anchor in a stable stance. Pull elbows back, then return slowly.",assets/audio/voice/clara/ex-standing-band-row-first-v21.mp3,generated,elevenlabs,eleven_multilingual_v2,rfkTsdZrVWEVhDycUYn9,123759,ad9d1b005524daa37fab9bbf5eabe636a851f599009240ff95987150b4572cb2,7663,44100,1,true,true,true,,,generatedAt=2026-06-26T10:51:01.115Z; No current physical pair exists for this logical Training Voice V2.1 cue.
voice-v21-138,ex-standing-band-row-first-v21,ex-standing-band-row-first-v21,marcus,"Standing band row. Face the secure door anchor in a stable stance. Pull elbows back, then return slowly.",assets/audio/voice/marcus/ex-standing-band-row-first-v21.mp3,generated,elevenlabs,eleven_multilingual_v2,lUTamkMw7gOzZbFIwmq4,127521,98ca748c95d0c17988a501fda8685300017e350c35b5728cb252315cde101bbb,7895,44100,1,true,true,true,,,generatedAt=2026-06-26T10:51:01.115Z; No current physical pair exists for this logical Training Voice V2.1 cue.
voice-v21-139,ex-standing-band-row-next-v21,ex-standing-band-row-next-v21,clara,Standing band row.,assets/audio/voice/clara/ex-standing-band-row-next-v21.mp3,generated,elevenlabs,eleven_multilingual_v2,rfkTsdZrVWEVhDycUYn9,24703,42114c559a97de7b7c5dd0fc8fab7b88b559aab8d8339b3ce403486a396fc3b9,1486,44100,1,true,true,true,,,generatedAt=2026-06-26T10:51:01.115Z; No current physical pair exists for this logical Training Voice V2.1 cue.
voice-v21-140,ex-standing-band-row-next-v21,ex-standing-band-row-next-v21,marcus,Standing band row.,assets/audio/voice/marcus/ex-standing-band-row-next-v21.mp3,generated,elevenlabs,eleven_multilingual_v2,lUTamkMw7gOzZbFIwmq4,21777,568f89448fbb0efe1a83171b9aed9e193be5f00b628eac69dd1460fb54e03bef,1300,44100,1,true,true,true,,,generatedAt=2026-06-26T10:51:01.115Z; No current physical pair exists for this logical Training Voice V2.1 cue.
voice-v21-141,ex-step-up-first-v21,ex-step-up-first-v21,clara,Step-up. Use the lowest stable step with support nearby. Return both feet to the floor after each rep.,assets/audio/voice/clara/ex-step-up-first-v21.mp3,generated,elevenlabs,eleven_multilingual_v2,rfkTsdZrVWEVhDycUYn9,120834,6715ac49f243720a780668468c3e107ed0013edbafc0fbffcfb6358a1b1597d1,7477,44100,1,true,true,true,,,generatedAt=2026-06-26T10:51:01.115Z; No current physical pair exists for this logical Training Voice V2.1 cue.
voice-v21-142,ex-step-up-first-v21,ex-step-up-first-v21,marcus,Step-up. Use the lowest stable step with support nearby. Return both feet to the floor after each rep.,assets/audio/voice/marcus/ex-step-up-first-v21.mp3,generated,elevenlabs,eleven_multilingual_v2,lUTamkMw7gOzZbFIwmq4,117072,5dc20fed379ab888b06fea76efea8574dcc6788cb638a5b2fd469855df6983d2,7245,44100,1,true,true,true,,,generatedAt=2026-06-26T10:51:01.115Z; No current physical pair exists for this logical Training Voice V2.1 cue.
voice-v21-143,ex-step-up-next-v21,ex-step-up-next-v21,clara,Step-up. Return both feet to the floor after each rep.,assets/audio/voice/clara/ex-step-up-next-v21.mp3,generated,elevenlabs,eleven_multilingual_v2,rfkTsdZrVWEVhDycUYn9,56886,6c77cd9f816271af4b159b86ca2cc4735cb1353266f5a863923646c7c9777038,3483,44100,1,true,true,true,,,generatedAt=2026-06-26T10:51:01.115Z; No current physical pair exists for this logical Training Voice V2.1 cue.
voice-v21-144,ex-step-up-next-v21,ex-step-up-next-v21,marcus,Step-up. Return both feet to the floor after each rep.,assets/audio/voice/marcus/ex-step-up-next-v21.mp3,generated,elevenlabs,eleven_multilingual_v2,lUTamkMw7gOzZbFIwmq4,53124,8b037b5a6b9a072902a0b46dcc817ccec4fae10f9d909fb8a6f9af8cdec16dd2,3251,44100,1,true,true,true,,,generatedAt=2026-06-26T10:51:01.115Z; No current physical pair exists for this logical Training Voice V2.1 cue.
voice-v21-145,ex-sts-cushion-first-v21,ex-sts-cushion-first-v21,clara,"Cushion sit-to-stand. Sit tall on the cushion, feet flat. Stand fully, then sit with control.",assets/audio/voice/clara/ex-sts-cushion-first-v21.mp3,generated,elevenlabs,eleven_multilingual_v2,rfkTsdZrVWEVhDycUYn9,117908,66d7a2031629f38b8b0a80cf7e36a4e6b0f6851de9fc6abfc26008ef4bdb51b5,7291,44100,1,true,true,true,,,generatedAt=2026-06-26T10:51:01.115Z; No current physical pair exists for this logical Training Voice V2.1 cue.
voice-v21-146,ex-sts-cushion-first-v21,ex-sts-cushion-first-v21,marcus,"Cushion sit-to-stand. Sit tall on the cushion, feet flat. Stand fully, then sit with control.",assets/audio/voice/marcus/ex-sts-cushion-first-v21.mp3,generated,elevenlabs,eleven_multilingual_v2,lUTamkMw7gOzZbFIwmq4,118326,2400fe0be2fe9cc5d8f7139596f4fd7fd9159ab556581da8540f7280945af14f,7338,44100,1,true,true,true,,,generatedAt=2026-06-26T10:51:01.115Z; No current physical pair exists for this logical Training Voice V2.1 cue.
voice-v21-147,ex-sts-cushion-next-v21,ex-sts-cushion-next-v21,clara,Cushion sit-to-stand.,assets/audio/voice/clara/ex-sts-cushion-next-v21.mp3,generated,elevenlabs,eleven_multilingual_v2,rfkTsdZrVWEVhDycUYn9,24703,2053324a476010cbd784a30e97464df8906308be5e07a8dde102d4d4d9766bee,1486,44100,1,true,true,true,,,generatedAt=2026-06-26T10:51:01.115Z; No current physical pair exists for this logical Training Voice V2.1 cue.
voice-v21-148,ex-sts-cushion-next-v21,ex-sts-cushion-next-v21,marcus,Cushion sit-to-stand.,assets/audio/voice/marcus/ex-sts-cushion-next-v21.mp3,generated,elevenlabs,eleven_multilingual_v2,lUTamkMw7gOzZbFIwmq4,22613,c7ae02212d4c2c411519568e9095b044668752346a37c259e500745b5ba4cee4,1347,44100,1,true,true,true,,,generatedAt=2026-06-26T10:51:01.115Z; No current physical pair exists for this logical Training Voice V2.1 cue.
voice-v21-149,ex-sts-power-first-v21,ex-sts-power-first-v21,clara,"Power sit-to-stand. Sit tall, drive up briskly to standing, then sit with control.",assets/audio/voice/clara/ex-sts-power-first-v21.mp3,generated,elevenlabs,eleven_multilingual_v2,rfkTsdZrVWEVhDycUYn9,98264,aa9f6a799fcfb8a5f61eb73f1a674aa0099729187e356eebbd81ea55cd6c44ea,6084,44100,1,true,true,true,,,generatedAt=2026-06-26T10:51:01.115Z; No current physical pair exists for this logical Training Voice V2.1 cue.
voice-v21-150,ex-sts-power-first-v21,ex-sts-power-first-v21,marcus,"Power sit-to-stand. Sit tall, drive up briskly to standing, then sit with control.",assets/audio/voice/marcus/ex-sts-power-first-v21.mp3,generated,elevenlabs,eleven_multilingual_v2,lUTamkMw7gOzZbFIwmq4,80710,f1bd0efe175ab37d59cb0d1dbae9fb808a0a73cb629c112510d562227b9d73b4,4969,44100,1,true,true,true,,,generatedAt=2026-06-26T10:51:01.115Z; No current physical pair exists for this logical Training Voice V2.1 cue.
voice-v21-151,ex-sts-power-next-v21,ex-sts-power-next-v21,clara,Power sit-to-stand.,assets/audio/voice/clara/ex-sts-power-next-v21.mp3,generated,elevenlabs,eleven_multilingual_v2,rfkTsdZrVWEVhDycUYn9,24285,11ef27c8d9b29147e85a008bfa863e3acbe6676a373cc01bc4bc5d0f1268827f,1440,44100,1,true,true,true,,,generatedAt=2026-06-26T10:51:01.115Z; No current physical pair exists for this logical Training Voice V2.1 cue.
voice-v21-152,ex-sts-power-next-v21,ex-sts-power-next-v21,marcus,Power sit-to-stand.,assets/audio/voice/marcus/ex-sts-power-next-v21.mp3,generated,elevenlabs,eleven_multilingual_v2,lUTamkMw7gOzZbFIwmq4,22613,4b2e9445348920f9594fc91b30f8ba9bb29c50278e7e72562ed1dbfa8c58465f,1347,44100,1,true,true,true,,,generatedAt=2026-06-26T10:51:01.115Z; No current physical pair exists for this logical Training Voice V2.1 cue.
voice-v21-153,ex-sts-slow-eccentric-first-v21,ex-sts-slow-eccentric-first-v21,clara,"Slow-lower sit-to-stand. Stand fully, then lower slowly and steadily before the next rep.",assets/audio/voice/clara/ex-sts-slow-eccentric-first-v21.mp3,generated,elevenlabs,eleven_multilingual_v2,rfkTsdZrVWEVhDycUYn9,105787,f5065e38c660e3134f9f74e841e21a483354ded363d0aa532d0e4ba58191e33a,6548,44100,1,true,true,true,,,generatedAt=2026-06-26T10:51:01.115Z; No current physical pair exists for this logical Training Voice V2.1 cue.
voice-v21-154,ex-sts-slow-eccentric-first-v21,ex-sts-slow-eccentric-first-v21,marcus,"Slow-lower sit-to-stand. Stand fully, then lower slowly and steadily before the next rep.",assets/audio/voice/marcus/ex-sts-slow-eccentric-first-v21.mp3,generated,elevenlabs,eleven_multilingual_v2,lUTamkMw7gOzZbFIwmq4,110385,ab92e819133920d1e5e26d14408e63b5340910dea8d4ab13f4e639b0008e67db,6827,44100,1,true,true,true,,,generatedAt=2026-06-26T10:51:01.115Z; No current physical pair exists for this logical Training Voice V2.1 cue.
voice-v21-155,ex-sts-slow-eccentric-next-v21,ex-sts-slow-eccentric-next-v21,clara,Slow-lower sit-to-stand.,assets/audio/voice/clara/ex-sts-slow-eccentric-next-v21.mp3,generated,elevenlabs,eleven_multilingual_v2,rfkTsdZrVWEVhDycUYn9,27211,12f4a0dc914d7b800fbc1938f879c5ec3c86e54fc62d0597da19b0565f572e58,1625,44100,1,true,true,true,,,generatedAt=2026-06-26T10:51:01.115Z; No current physical pair exists for this logical Training Voice V2.1 cue.
voice-v21-156,ex-sts-slow-eccentric-next-v21,ex-sts-slow-eccentric-next-v21,marcus,Slow-lower sit-to-stand.,assets/audio/voice/marcus/ex-sts-slow-eccentric-next-v21.mp3,generated,elevenlabs,eleven_multilingual_v2,lUTamkMw7gOzZbFIwmq4,25539,67db74b083790361e44958560ea13ef464ea8ea7e297ee0bedd7a21229ba0a51,1533,44100,1,true,true,true,,,generatedAt=2026-06-26T10:51:01.115Z; No current physical pair exists for this logical Training Voice V2.1 cue.
voice-v21-157,ex-sts-standard-first-v21,ex-sts-standard-first-v21,clara,"Sit-to-stand. Sit tall in the middle of the chair, feet flat. Stand fully, then sit with control.",assets/audio/voice/clara/ex-sts-standard-first-v21.mp3,generated,elevenlabs,eleven_multilingual_v2,rfkTsdZrVWEVhDycUYn9,127939,abd1afa4573f2ac0aa60d03dfdf917c8b49a34403b18705eb9425afabc0cf7ce,7941,44100,1,true,true,true,,,generatedAt=2026-06-26T10:51:01.115Z; No current physical pair exists for this logical Training Voice V2.1 cue.
voice-v21-158,ex-sts-standard-first-v21,ex-sts-standard-first-v21,marcus,"Sit-to-stand. Sit tall in the middle of the chair, feet flat. Stand fully, then sit with control.",assets/audio/voice/marcus/ex-sts-standard-first-v21.mp3,generated,elevenlabs,eleven_multilingual_v2,lUTamkMw7gOzZbFIwmq4,127521,421586ff998896ac53718f4bb76bbfb90d6a7d71ea0c1aca0524348bb082cc56,7895,44100,1,true,true,true,,,generatedAt=2026-06-26T10:51:01.115Z; No current physical pair exists for this logical Training Voice V2.1 cue.
voice-v21-159,ex-sts-standard-next-v21,ex-sts-standard-next-v21,clara,Sit-to-stand.,assets/audio/voice/clara/ex-sts-standard-next-v21.mp3,generated,elevenlabs,eleven_multilingual_v2,rfkTsdZrVWEVhDycUYn9,20524,dbd71aac25423f2a7228366899e14c8fb792024ee98bb36ef258add3706b3bba,1207,44100,1,true,true,true,,,generatedAt=2026-06-26T10:51:01.115Z; No current physical pair exists for this logical Training Voice V2.1 cue.
voice-v21-160,ex-sts-standard-next-v21,ex-sts-standard-next-v21,marcus,Sit-to-stand.,assets/audio/voice/marcus/ex-sts-standard-next-v21.mp3,generated,elevenlabs,eleven_multilingual_v2,lUTamkMw7gOzZbFIwmq4,20524,53a312aabb08721864df14c2d0644cf4a7fedd06e841519c98a3b0b27dd9cda9,1207,44100,1,true,true,true,,,generatedAt=2026-06-26T10:51:01.115Z; No current physical pair exists for this logical Training Voice V2.1 cue.
voice-v21-161,ex-supported-hip-flexor-stretch-first-v21,ex-supported-hip-flexor-stretch-first-v21,clara,Supported hip-flexor stretch. Keep fingertips near support.,assets/audio/voice/clara/ex-supported-hip-flexor-stretch-first-v21.mp3,generated,elevenlabs,eleven_multilingual_v2,rfkTsdZrVWEVhDycUYn9,58976,14522e41450452dbc42cbdc8cc3ed886a4af56d8a9fb5a31dff7a6af42aa3b2a,3622,44100,1,true,true,true,,,generatedAt=2026-06-26T10:51:01.115Z; No current physical pair exists for this logical Training Voice V2.1 cue.
voice-v21-162,ex-supported-hip-flexor-stretch-first-v21,ex-supported-hip-flexor-stretch-first-v21,marcus,Supported hip-flexor stretch. Keep fingertips near support.,assets/audio/voice/marcus/ex-supported-hip-flexor-stretch-first-v21.mp3,generated,elevenlabs,eleven_multilingual_v2,lUTamkMw7gOzZbFIwmq4,56886,548721dfc1922b37c7505981a017b61e1c0809cabeb16360d187edb871a4a61f,3483,44100,1,true,true,true,,,generatedAt=2026-06-26T10:51:01.115Z; No current physical pair exists for this logical Training Voice V2.1 cue.
voice-v21-163,ex-supported-hip-flexor-stretch-next-v21,ex-supported-hip-flexor-stretch-next-v21,clara,Supported hip-flexor stretch.,assets/audio/voice/clara/ex-supported-hip-flexor-stretch-next-v21.mp3,generated,elevenlabs,eleven_multilingual_v2,rfkTsdZrVWEVhDycUYn9,29301,7a65c5af9903dec1bffd6f0ab91a414555589bc2e54aae921d9241c8e1362923,1765,44100,1,true,true,true,,,generatedAt=2026-06-26T10:51:01.115Z; No current physical pair exists for this logical Training Voice V2.1 cue.
voice-v21-164,ex-supported-hip-flexor-stretch-next-v21,ex-supported-hip-flexor-stretch-next-v21,marcus,Supported hip-flexor stretch.,assets/audio/voice/marcus/ex-supported-hip-flexor-stretch-next-v21.mp3,generated,elevenlabs,eleven_multilingual_v2,lUTamkMw7gOzZbFIwmq4,27211,f711a32b83ad1fb43eac2eb4b03550f42ae980e778000479ee7bb3c8d18c5ae9,1625,44100,1,true,true,true,,,generatedAt=2026-06-26T10:51:01.115Z; No current physical pair exists for this logical Training Voice V2.1 cue.
voice-v21-165,ex-supported-side-step-first-v21,ex-supported-side-step-first-v21,clara,"Supported side step. Stand near a counter. Step to the side, bring the other foot in, and continue with control.",assets/audio/voice/clara/ex-supported-side-step-first-v21.mp3,generated,elevenlabs,eleven_multilingual_v2,rfkTsdZrVWEVhDycUYn9,125013,a692c2e1c6af17901ec0c66d08aa88f87fad300f54c92ac3f2f2ba23d3011504,7755,44100,1,true,true,true,,,generatedAt=2026-06-26T10:51:01.115Z; No current physical pair exists for this logical Training Voice V2.1 cue.
voice-v21-166,ex-supported-side-step-first-v21,ex-supported-side-step-first-v21,marcus,"Supported side step. Stand near a counter. Step to the side, bring the other foot in, and continue with control.",assets/audio/voice/marcus/ex-supported-side-step-first-v21.mp3,generated,elevenlabs,eleven_multilingual_v2,lUTamkMw7gOzZbFIwmq4,104951,75e66216ae5f1ee357ac5b1a1736c8d25d5fcce6ce209856122fa120654e028a,6502,44100,1,true,true,true,,,generatedAt=2026-06-26T10:51:01.115Z; No current physical pair exists for this logical Training Voice V2.1 cue.
voice-v21-167,ex-supported-side-step-next-v21,ex-supported-side-step-next-v21,clara,Supported side step.,assets/audio/voice/clara/ex-supported-side-step-next-v21.mp3,generated,elevenlabs,eleven_multilingual_v2,rfkTsdZrVWEVhDycUYn9,25539,e21ea1cad905a9834db4aa2f8da985579e715c71aac318a37f548da9cbbcb7a5,1533,44100,1,true,true,true,,,generatedAt=2026-06-26T10:51:01.115Z; No current physical pair exists for this logical Training Voice V2.1 cue.
voice-v21-168,ex-supported-side-step-next-v21,ex-supported-side-step-next-v21,marcus,Supported side step.,assets/audio/voice/marcus/ex-supported-side-step-next-v21.mp3,generated,elevenlabs,eleven_multilingual_v2,lUTamkMw7gOzZbFIwmq4,24285,35a45f0e246c7ae86f39f53b285c3b1c48d9d918749f5d8ba7a4dea17e186b97,1440,44100,1,true,true,true,,,generatedAt=2026-06-26T10:51:01.115Z; No current physical pair exists for this logical Training Voice V2.1 cue.
voice-v21-169,ex-thoracic-rotation-first-v21,ex-thoracic-rotation-first-v21,clara,"Thoracic rotation. Sit or stand tall with arms crossed. Rotate one way, return to center, then rotate the other way.",assets/audio/voice/clara/ex-thoracic-rotation-first-v21.mp3,generated,elevenlabs,eleven_multilingual_v2,rfkTsdZrVWEVhDycUYn9,133373,406a938ec4545a08c42b76c9157dce9bf82ecf2966b3cb6cb7fa66f9349eeb11,8266,44100,1,true,true,true,,,generatedAt=2026-06-26T10:51:01.115Z; No current physical pair exists for this logical Training Voice V2.1 cue.
voice-v21-170,ex-thoracic-rotation-first-v21,ex-thoracic-rotation-first-v21,marcus,"Thoracic rotation. Sit or stand tall with arms crossed. Rotate one way, return to center, then rotate the other way.",assets/audio/voice/marcus/ex-thoracic-rotation-first-v21.mp3,generated,elevenlabs,eleven_multilingual_v2,lUTamkMw7gOzZbFIwmq4,117072,781388ab96a84c5622ac5d43aa532f5d1f32fc4a7498ccb5064ce9566640ca20,7245,44100,1,true,true,true,,,generatedAt=2026-06-26T10:51:01.115Z; No current physical pair exists for this logical Training Voice V2.1 cue.
voice-v21-171,ex-thoracic-rotation-next-v21,ex-thoracic-rotation-next-v21,clara,Thoracic rotation.,assets/audio/voice/clara/ex-thoracic-rotation-next-v21.mp3,generated,elevenlabs,eleven_multilingual_v2,rfkTsdZrVWEVhDycUYn9,25539,b20d853ed6708c623fde86623503ab3b4cd836bcafce3e0fab3d173a5ac7898f,1533,44100,1,true,true,true,,,generatedAt=2026-06-26T10:51:01.115Z; No current physical pair exists for this logical Training Voice V2.1 cue.
voice-v21-172,ex-thoracic-rotation-next-v21,ex-thoracic-rotation-next-v21,marcus,Thoracic rotation.,assets/audio/voice/marcus/ex-thoracic-rotation-next-v21.mp3,generated,elevenlabs,eleven_multilingual_v2,lUTamkMw7gOzZbFIwmq4,24285,d1d071f981851d761142044261b4ba4fd623404bdb3e1c4137e4eb2be2018d33,1440,44100,1,true,true,true,,,generatedAt=2026-06-26T10:51:01.115Z; No current physical pair exists for this logical Training Voice V2.1 cue.
voice-v21-173,ex-toe-raise-supported-first-v21,ex-toe-raise-supported-first-v21,clara,"Supported toe raise. Keep heels down, lift the front of your feet, then lower slowly.",assets/audio/voice/clara/ex-toe-raise-supported-first-v21.mp3,generated,elevenlabs,eleven_multilingual_v2,rfkTsdZrVWEVhDycUYn9,87397,fdd262785262ef55389424db6e7654d43889f90bcba410f7edc9f26ee6e8bcf0,5387,44100,1,true,true,true,,,generatedAt=2026-06-26T10:51:01.115Z; No current physical pair exists for this logical Training Voice V2.1 cue.
voice-v21-174,ex-toe-raise-supported-first-v21,ex-toe-raise-supported-first-v21,marcus,"Supported toe raise. Keep heels down, lift the front of your feet, then lower slowly.",assets/audio/voice/marcus/ex-toe-raise-supported-first-v21.mp3,generated,elevenlabs,eleven_multilingual_v2,lUTamkMw7gOzZbFIwmq4,72351,b6df06a937195d6cd277d80f28962b98703b16ddcdd267d3c0c108ce69261300,4458,44100,1,true,true,true,,,generatedAt=2026-06-26T10:51:01.115Z; No current physical pair exists for this logical Training Voice V2.1 cue.
voice-v21-175,ex-toe-raise-supported-next-v21,ex-toe-raise-supported-next-v21,clara,Supported toe raise.,assets/audio/voice/clara/ex-toe-raise-supported-next-v21.mp3,generated,elevenlabs,eleven_multilingual_v2,rfkTsdZrVWEVhDycUYn9,26375,45b7c8bf066115a83875510597b68453318a46986358b770b26e03101f42065b,1579,44100,1,true,true,true,,,generatedAt=2026-06-26T10:51:01.115Z; No current physical pair exists for this logical Training Voice V2.1 cue.
voice-v21-176,ex-toe-raise-supported-next-v21,ex-toe-raise-supported-next-v21,marcus,Supported toe raise.,assets/audio/voice/marcus/ex-toe-raise-supported-next-v21.mp3,generated,elevenlabs,eleven_multilingual_v2,lUTamkMw7gOzZbFIwmq4,24285,6565eebf3f7fc33b88dde622e683e4c16777556210856ab00a4744a8b9a97914,1440,44100,1,true,true,true,,,generatedAt=2026-06-26T10:51:01.115Z; No current physical pair exists for this logical Training Voice V2.1 cue.
voice-v21-177,ex-wall-calf-stretch-first-v21,ex-wall-calf-stretch-first-v21,clara,Wall calf stretch. Hands on the wall.,assets/audio/voice/clara/ex-wall-calf-stretch-first-v21.mp3,generated,elevenlabs,eleven_multilingual_v2,rfkTsdZrVWEVhDycUYn9,42675,989515db6d8ba6fa6782170347699f56ede5834697b96588b12c733737f80e28,2601,44100,1,true,true,true,,,generatedAt=2026-06-26T10:51:01.115Z; No current physical pair exists for this logical Training Voice V2.1 cue.
voice-v21-178,ex-wall-calf-stretch-first-v21,ex-wall-calf-stretch-first-v21,marcus,Wall calf stretch. Hands on the wall.,assets/audio/voice/marcus/ex-wall-calf-stretch-first-v21.mp3,generated,elevenlabs,eleven_multilingual_v2,lUTamkMw7gOzZbFIwmq4,32226,76ce11476fa05da946a8d8a0d91198ecd11b0804abd8b3a0e70581082760f8ee,1950,44100,1,true,true,true,,,generatedAt=2026-06-26T10:51:01.115Z; No current physical pair exists for this logical Training Voice V2.1 cue.
voice-v21-179,ex-wall-calf-stretch-next-v21,ex-wall-calf-stretch-next-v21,clara,Wall calf stretch.,assets/audio/voice/clara/ex-wall-calf-stretch-next-v21.mp3,generated,elevenlabs,eleven_multilingual_v2,rfkTsdZrVWEVhDycUYn9,24703,9ed5635614b9b2f338ee7e34004ddb66927f5f985cf796bc0b6e36c74bc2b4f9,1486,44100,1,true,true,true,,,generatedAt=2026-06-26T10:51:01.115Z; No current physical pair exists for this logical Training Voice V2.1 cue.
voice-v21-180,ex-wall-calf-stretch-next-v21,ex-wall-calf-stretch-next-v21,marcus,Wall calf stretch.,assets/audio/voice/marcus/ex-wall-calf-stretch-next-v21.mp3,generated,elevenlabs,eleven_multilingual_v2,lUTamkMw7gOzZbFIwmq4,24285,bc41172d903df4dbce3ba73dd1903a6dc3f5ebd59e550246769db243d6ec6ff7,1440,44100,1,true,true,true,,,generatedAt=2026-06-26T10:51:01.115Z; No current physical pair exists for this logical Training Voice V2.1 cue.
voice-v21-181,five-seconds-left-v21,five-seconds-left-v21,clara,Five seconds left.,assets/audio/voice/clara/five-seconds-left-v21.mp3,generated,elevenlabs,eleven_multilingual_v2,rfkTsdZrVWEVhDycUYn9,23449,2209adecc8b5dffddc90afb3fb4351ea07adfe66a417259b5e60301cc2f77477,1393,44100,1,true,true,true,,,generatedAt=2026-06-26T10:51:01.115Z; No current physical pair exists for this logical Training Voice V2.1 cue.
voice-v21-182,five-seconds-left-v21,five-seconds-left-v21,marcus,Five seconds left.,assets/audio/voice/marcus/five-seconds-left-v21.mp3,generated,elevenlabs,eleven_multilingual_v2,lUTamkMw7gOzZbFIwmq4,21777,d7015855c611f618c65e8fef220490c5c29c89094016d4cf6000dd4bf4169839,1300,44100,1,true,true,true,,,generatedAt=2026-06-26T10:51:01.115Z; No current physical pair exists for this logical Training Voice V2.1 cue.
voice-v21-183,floor-gate-question-v21,floor-gate-question-v21,clara,Can you safely get down to the floor and back up without assistance?,assets/audio/voice/clara/floor-gate-question-v21.mp3,generated,elevenlabs,eleven_multilingual_v2,rfkTsdZrVWEVhDycUYn9,60648,3e01c16585786cb92e28764025280861afe22b294cf3137624e0b78cb447afce,3715,44100,1,true,true,true,,,generatedAt=2026-06-26T10:51:01.115Z; No current physical pair exists for this logical Training Voice V2.1 cue.
voice-v21-184,floor-gate-question-v21,floor-gate-question-v21,marcus,Can you safely get down to the floor and back up without assistance?,assets/audio/voice/marcus/floor-gate-question-v21.mp3,generated,elevenlabs,eleven_multilingual_v2,lUTamkMw7gOzZbFIwmq4,53124,03d5be55d5f31924d50322b87c50286ba2f1e09404cbdb5cc667b85d6d110a00,3251,44100,1,true,true,true,,,generatedAt=2026-06-26T10:51:01.115Z; No current physical pair exists for this logical Training Voice V2.1 cue.
voice-v21-185,halfway-v21,halfway-v21,clara,Halfway.,assets/audio/voice/clara/halfway-v21.mp3,generated,elevenlabs,eleven_multilingual_v2,rfkTsdZrVWEVhDycUYn9,16762,ae11e90635c3ec8b397517439edce11a075b70457e72404553dc3d2db9f91624,975,44100,1,true,true,true,,,generatedAt=2026-06-26T10:51:01.115Z; No current physical pair exists for this logical Training Voice V2.1 cue.
voice-v21-186,halfway-v21,halfway-v21,marcus,Halfway.,assets/audio/voice/marcus/halfway-v21.mp3,generated,elevenlabs,eleven_multilingual_v2,lUTamkMw7gOzZbFIwmq4,15090,e7a694c96c88279b3e743261138811f44eb71e3c27c4eed693a20668774681c9,882,44100,1,true,true,true,,,generatedAt=2026-06-26T10:51:01.115Z; No current physical pair exists for this logical Training Voice V2.1 cue.
voice-v21-187,last-set-v21,last-set-v21,clara,Last set.,assets/audio/voice/clara/last-set-v21.mp3,generated,elevenlabs,eleven_multilingual_v2,rfkTsdZrVWEVhDycUYn9,18852,0ca41026dc84171b378a1e5299c6bda287dc68a30991547a559383f2516cbc38,1115,44100,1,true,true,true,,,"generatedAt=2026-06-26T10:51:01.115Z; A physical candidate exists, but V2.1 requires a separate exact logical cue."
voice-v21-188,last-set-v21,last-set-v21,marcus,Last set.,assets/audio/voice/marcus/last-set-v21.mp3,generated,elevenlabs,eleven_multilingual_v2,lUTamkMw7gOzZbFIwmq4,17598,4bc0fed22e6952e07c356cabc181d0a1f7bc715b34754960a367bfa53249d159,1022,44100,1,true,true,true,,,"generatedAt=2026-06-26T10:51:01.115Z; A physical candidate exists, but V2.1 requires a separate exact logical cue."
voice-v21-189,micro-chair-power-v21,micro-chair-power-v21,clara,Five quick chair stands. Arms crossed. Stand and sit five times as quickly as safely comfortable.,assets/audio/voice/clara/micro-chair-power-v21.mp3,generated,elevenlabs,eleven_multilingual_v2,rfkTsdZrVWEVhDycUYn9,104951,7e652b985d2a1b4b1c2fbf15bf068e43e21361ab497eae4cdb781cfb210dfddc,6502,44100,1,true,true,true,,,"generatedAt=2026-06-26T10:51:01.115Z; A legacy physical candidate exists, but V2.1 requires a separate exact logical cue."
voice-v21-190,micro-chair-power-v21,micro-chair-power-v21,marcus,Five quick chair stands. Arms crossed. Stand and sit five times as quickly as safely comfortable.,assets/audio/voice/marcus/micro-chair-power-v21.mp3,generated,elevenlabs,eleven_multilingual_v2,lUTamkMw7gOzZbFIwmq4,124595,bfdbcd582c4f28dd18f754d07bfa99d490e2769b9c346ad9e65f0dec9e67fc4c,7709,44100,1,true,true,true,,,"generatedAt=2026-06-26T10:51:01.115Z; A legacy physical candidate exists, but V2.1 requires a separate exact logical cue."
voice-v21-191,micro-discard-v21,micro-discard-v21,clara,Check discarded.,assets/audio/voice/clara/micro-discard-v21.mp3,generated,elevenlabs,eleven_multilingual_v2,rfkTsdZrVWEVhDycUYn9,21777,9fa855ae843acd3e5eb3c111b5d23a614c1cc01e249a745b7bdcd3a6f3b89fa7,1300,44100,1,true,true,true,,,generatedAt=2026-06-26T10:51:01.115Z; No current physical pair exists for this logical Micro-Check Voice V2.1 cue.
voice-v21-192,micro-discard-v21,micro-discard-v21,marcus,Check discarded.,assets/audio/voice/marcus/micro-discard-v21.mp3,generated,elevenlabs,eleven_multilingual_v2,lUTamkMw7gOzZbFIwmq4,20942,ced29325631c0e54a60de7578ca8d4299eb097f152ff4e84afeb551710a00786,1254,44100,1,true,true,true,,,generatedAt=2026-06-26T10:51:01.115Z; No current physical pair exists for this logical Micro-Check Voice V2.1 cue.
voice-v21-193,micro-mobility-left-v21,micro-mobility-left-v21,clara,Quick mobility check. Extend your left leg and reach gently until I say relax.,assets/audio/voice/clara/micro-mobility-left-v21.mp3,generated,elevenlabs,eleven_multilingual_v2,rfkTsdZrVWEVhDycUYn9,86561,b8829f158584810164d4d48a8d9d0cc4103485aab5e135596fc90c8777810f90,5341,44100,1,true,true,true,,,"generatedAt=2026-06-26T10:51:01.115Z; A legacy physical candidate exists, but V2.1 requires a separate exact logical cue."
voice-v21-194,micro-mobility-left-v21,micro-mobility-left-v21,marcus,Quick mobility check. Extend your left leg and reach gently until I say relax.,assets/audio/voice/marcus/micro-mobility-left-v21.mp3,generated,elevenlabs,eleven_multilingual_v2,lUTamkMw7gOzZbFIwmq4,78202,3f572993be2fd3fb4a3af33e747bc32e6dc1032da4c81fd6e963048c0781aa03,4830,44100,1,true,true,true,,,"generatedAt=2026-06-26T10:51:01.115Z; A legacy physical candidate exists, but V2.1 requires a separate exact logical cue."
voice-v21-195,micro-mobility-right-v21,micro-mobility-right-v21,clara,Quick mobility check. Extend your right leg and reach gently until I say relax.,assets/audio/voice/clara/micro-mobility-right-v21.mp3,generated,elevenlabs,eleven_multilingual_v2,rfkTsdZrVWEVhDycUYn9,83635,cd35aff9d807eedced151e76900b60e1b13f20e4058513ab17bcbf6427924145,5155,44100,1,true,true,true,,,"generatedAt=2026-06-26T10:51:01.115Z; A legacy physical candidate exists, but V2.1 requires a separate exact logical cue."
voice-v21-196,micro-mobility-right-v21,micro-mobility-right-v21,marcus,Quick mobility check. Extend your right leg and reach gently until I say relax.,assets/audio/voice/marcus/micro-mobility-right-v21.mp3,generated,elevenlabs,eleven_multilingual_v2,lUTamkMw7gOzZbFIwmq4,79038,3092cc643f1e529716235b654261d314bb796c48b2a678cbff77a46138fdf752,4876,44100,1,true,true,true,,,"generatedAt=2026-06-26T10:51:01.115Z; A legacy physical candidate exists, but V2.1 requires a separate exact logical cue."
voice-v21-197,micro-relax-v21,micro-relax-v21,clara,Relax.,assets/audio/voice/clara/micro-relax-v21.mp3,generated,elevenlabs,eleven_multilingual_v2,rfkTsdZrVWEVhDycUYn9,17598,7af99f058ad4b27e3ec9e72ae0abf4265edb706ea06dc9b02c5258b6e75cba7f,1022,44100,1,true,true,true,,,"generatedAt=2026-06-26T10:51:01.115Z; A legacy physical candidate exists, but V2.1 requires a separate exact logical cue."
voice-v21-198,micro-relax-v21,micro-relax-v21,marcus,Relax.,assets/audio/voice/marcus/micro-relax-v21.mp3,generated,elevenlabs,eleven_multilingual_v2,lUTamkMw7gOzZbFIwmq4,15926,4205f27f81f67e84e86815e30b2dfa6bbbd8dbaec5b7ddde6f42f931aa7b08c7,929,44100,1,true,true,true,,,"generatedAt=2026-06-26T10:51:01.115Z; A legacy physical candidate exists, but V2.1 requires a separate exact logical cue."
voice-v21-199,micro-single-leg-left-v21,micro-single-leg-left-v21,clara,Quick balance check. Stand on your left leg with support nearby. Hold as long as comfortable.,assets/audio/voice/clara/micro-single-leg-left-v21.mp3,generated,elevenlabs,eleven_multilingual_v2,rfkTsdZrVWEVhDycUYn9,91159,9f78aaefa2782c58d0b9684edd3a047148df22fed42b77d7f670d2d5d953c76e,5619,44100,1,true,true,true,,,"generatedAt=2026-06-26T10:51:01.115Z; A legacy physical candidate exists, but V2.1 requires a separate exact logical cue."
voice-v21-200,micro-single-leg-left-v21,micro-single-leg-left-v21,marcus,Quick balance check. Stand on your left leg with support nearby. Hold as long as comfortable.,assets/audio/voice/marcus/micro-single-leg-left-v21.mp3,generated,elevenlabs,eleven_multilingual_v2,lUTamkMw7gOzZbFIwmq4,87397,ce2682e0e2380124a2358258b20951c3c99e85835ce9aacf76562a5dcf0edd04,5387,44100,1,true,true,true,,,"generatedAt=2026-06-26T10:51:01.115Z; A legacy physical candidate exists, but V2.1 requires a separate exact logical cue."
voice-v21-201,micro-single-leg-right-v21,micro-single-leg-right-v21,clara,Quick balance check. Stand on your right leg with support nearby. Hold as long as comfortable.,assets/audio/voice/clara/micro-single-leg-right-v21.mp3,generated,elevenlabs,eleven_multilingual_v2,rfkTsdZrVWEVhDycUYn9,94084,6f1dd14270e799d6ef516988cb97a5e921ee0d8f6a885c8a7a52fa99088517c0,5805,44100,1,true,true,true,,,"generatedAt=2026-06-26T10:51:01.115Z; A legacy physical candidate exists, but V2.1 requires a separate exact logical cue."
voice-v21-202,micro-single-leg-right-v21,micro-single-leg-right-v21,marcus,Quick balance check. Stand on your right leg with support nearby. Hold as long as comfortable.,assets/audio/voice/marcus/micro-single-leg-right-v21.mp3,generated,elevenlabs,eleven_multilingual_v2,lUTamkMw7gOzZbFIwmq4,97010,5c2556156a76cf330ebf2fe72a2c92920f0963173ad82746943a10d5bd3fb7b4,5991,44100,1,true,true,true,,,"generatedAt=2026-06-26T10:51:01.115Z; A legacy physical candidate exists, but V2.1 requires a separate exact logical cue."
voice-v21-203,microcheck-complete-v21,microcheck-complete-v21,clara,Check complete.,assets/audio/voice/clara/microcheck-complete-v21.mp3,generated,elevenlabs,eleven_multilingual_v2,rfkTsdZrVWEVhDycUYn9,21777,c738d86c64d47f990fbc818207fff80c6a29c3caa1260f83f1d842c7115e71d3,1300,44100,1,true,true,true,,,"generatedAt=2026-06-26T10:51:01.115Z; A legacy physical candidate exists, but V2.1 requires a separate exact logical cue."
voice-v21-204,microcheck-complete-v21,microcheck-complete-v21,marcus,Check complete.,assets/audio/voice/marcus/microcheck-complete-v21.mp3,generated,elevenlabs,eleven_multilingual_v2,lUTamkMw7gOzZbFIwmq4,19688,22f1d8fc41767789a431cdcfc4aeaa4a93174a19ddb848bc807665f7b680deeb,1161,44100,1,true,true,true,,,"generatedAt=2026-06-26T10:51:01.115Z; A legacy physical candidate exists, but V2.1 requires a separate exact logical cue."
voice-v21-205,next-exercise-v21,next-exercise-v21,clara,Next exercise.,assets/audio/voice/clara/next-exercise-v21.mp3,generated,elevenlabs,eleven_multilingual_v2,rfkTsdZrVWEVhDycUYn9,20524,ddcff779651f57ee4a2837951731694f157c7a3da17e9ffb7f65265e5f1d38e6,1207,44100,1,true,true,true,,,"generatedAt=2026-06-26T10:51:01.115Z; A physical candidate exists, but V2.1 requires a separate exact logical cue."
voice-v21-206,next-exercise-v21,next-exercise-v21,marcus,Next exercise.,assets/audio/voice/marcus/next-exercise-v21.mp3,generated,elevenlabs,eleven_multilingual_v2,lUTamkMw7gOzZbFIwmq4,20942,f93f2480a7ade97ab4c526f17dd177e5221f46192db8b961f332660e520fb1c0,1254,44100,1,true,true,true,,,"generatedAt=2026-06-26T10:51:01.115Z; A physical candidate exists, but V2.1 requires a separate exact logical cue."
voice-v21-207,paused-v21,paused-v21,clara,Paused.,assets/audio/voice/clara/paused-v21.mp3,generated,elevenlabs,eleven_multilingual_v2,rfkTsdZrVWEVhDycUYn9,16762,bc80e46a6dbac4e8b84b5c41857499d18651a9956227ccab6d4c07b3b4e1a039,975,44100,1,true,true,true,,,generatedAt=2026-06-26T10:51:01.115Z; No current physical pair exists for this logical Micro-Check Voice V2.1 cue. No current physical pair exists for this logical Training Voice V2.1 cue.
voice-v21-208,paused-v21,paused-v21,marcus,Paused.,assets/audio/voice/marcus/paused-v21.mp3,generated,elevenlabs,eleven_multilingual_v2,lUTamkMw7gOzZbFIwmq4,11328,f0661ca4a4c79efa9c16b4f4fa077eb04c60ffa0c14ce3f1471c3c407ee77675,650,44100,1,true,true,true,,,generatedAt=2026-06-26T10:51:01.115Z; No current physical pair exists for this logical Micro-Check Voice V2.1 cue. No current physical pair exists for this logical Training Voice V2.1 cue.
voice-v21-209,rest-now-v21,rest-now-v21,clara,Rest now.,assets/audio/voice/clara/rest-now-v21.mp3,generated,elevenlabs,eleven_multilingual_v2,rfkTsdZrVWEVhDycUYn9,18016,048802ec9791755480cecf26ddf48f81d020c981b760608a951bccb47f305ef9,1068,44100,1,true,true,true,,,"generatedAt=2026-06-26T10:51:01.115Z; A physical candidate exists, but V2.1 requires a separate exact logical cue."
voice-v21-210,rest-now-v21,rest-now-v21,marcus,Rest now.,assets/audio/voice/marcus/rest-now-v21.mp3,generated,elevenlabs,eleven_multilingual_v2,lUTamkMw7gOzZbFIwmq4,15926,888289f3354333c4b68d06810197eef3752c85880288f8e68d6c0db0990e1477,929,44100,1,true,true,true,,,"generatedAt=2026-06-26T10:51:01.115Z; A physical candidate exists, but V2.1 requires a separate exact logical cue."
voice-v21-211,resuming-v21,resuming-v21,clara,Resuming.,assets/audio/voice/clara/resuming-v21.mp3,generated,elevenlabs,eleven_multilingual_v2,rfkTsdZrVWEVhDycUYn9,17598,8fb200cec4ac878a69f27f37104c8e7f7934443bbaf56260a8db712caec8671b,1022,44100,1,true,true,true,,,generatedAt=2026-06-26T10:51:01.115Z; No current physical pair exists for this logical Micro-Check Voice V2.1 cue. No current physical pair exists for this logical Training Voice V2.1 cue.
voice-v21-212,resuming-v21,resuming-v21,marcus,Resuming.,assets/audio/voice/marcus/resuming-v21.mp3,generated,elevenlabs,eleven_multilingual_v2,lUTamkMw7gOzZbFIwmq4,15090,a41b244df5087e4cb271b7f2a1738476c0f2da601a59c192cdba451fe9d333a9,882,44100,1,true,true,true,,,generatedAt=2026-06-26T10:51:01.115Z; No current physical pair exists for this logical Micro-Check Voice V2.1 cue. No current physical pair exists for this logical Training Voice V2.1 cue.
voice-v21-213,safe-session-start-v21,safe-session-start-v21,clara,"Clear the space around you. Stop for sharp pain, dizziness, or feeling unwell.",assets/audio/voice/clara/safe-session-start-v21.mp3,generated,elevenlabs,eleven_multilingual_v2,rfkTsdZrVWEVhDycUYn9,84471,5318a7395cb74ec6bf0ea8ef429064e9a9327165f3df14f0f724e42a38eb93fd,5201,44100,1,true,true,true,,,generatedAt=2026-06-26T10:51:01.115Z; No current physical pair exists for this logical Training Voice V2.1 cue.
voice-v21-214,safe-session-start-v21,safe-session-start-v21,marcus,"Clear the space around you. Stop for sharp pain, dizziness, or feeling unwell.",assets/audio/voice/marcus/safe-session-start-v21.mp3,generated,elevenlabs,eleven_multilingual_v2,lUTamkMw7gOzZbFIwmq4,80710,958dd0e925da1036cd5fb78971da6789971e84f64ea6ea67154d7eb4ccad1e14,4969,44100,1,true,true,true,,,generatedAt=2026-06-26T10:51:01.115Z; No current physical pair exists for this logical Training Voice V2.1 cue.
voice-v21-215,session-complete-v21,session-complete-v21,clara,Session complete.,assets/audio/voice/clara/session-complete-v21.mp3,generated,elevenlabs,eleven_multilingual_v2,rfkTsdZrVWEVhDycUYn9,22613,c2282435e15a1687258fed25704018831927a0385f16c00cc1437e2265de48e5,1347,44100,1,true,true,true,,,"generatedAt=2026-06-26T10:51:01.115Z; A physical candidate exists, but V2.1 requires a separate exact logical cue."
voice-v21-216,session-complete-v21,session-complete-v21,marcus,Session complete.,assets/audio/voice/marcus/session-complete-v21.mp3,generated,elevenlabs,eleven_multilingual_v2,lUTamkMw7gOzZbFIwmq4,20524,e6cd4d6c6a30192f121ee26fae950f8f2c0220e04ed0336eea6c0c9d48a1204c,1207,44100,1,true,true,true,,,"generatedAt=2026-06-26T10:51:01.115Z; A physical candidate exists, but V2.1 requires a separate exact logical cue."
voice-v21-217,set-complete-v21,set-complete-v21,clara,Set complete.,assets/audio/voice/clara/set-complete-v21.mp3,generated,elevenlabs,eleven_multilingual_v2,rfkTsdZrVWEVhDycUYn9,20524,d0db2fe71c155b6bb143aac9910dcdfe807dbe27ba28c09cbae9cc9b627fc1ab,1207,44100,1,true,true,true,,,"generatedAt=2026-06-26T10:51:01.115Z; A physical candidate exists, but V2.1 requires a separate exact logical cue."
voice-v21-218,set-complete-v21,set-complete-v21,marcus,Set complete.,assets/audio/voice/marcus/set-complete-v21.mp3,generated,elevenlabs,eleven_multilingual_v2,lUTamkMw7gOzZbFIwmq4,18852,9ba12ed068b3843c04cc067a2b6b111e3d37013ebe758155bb0fb6dafaa87cd3,1115,44100,1,true,true,true,,,"generatedAt=2026-06-26T10:51:01.115Z; A physical candidate exists, but V2.1 requires a separate exact logical cue."
voice-v21-219,setup-back-v21,setup-back-v21,clara,Move a little farther back.,assets/audio/voice/clara/setup-back-v21.mp3,generated,elevenlabs,eleven_multilingual_v2,rfkTsdZrVWEVhDycUYn9,26375,145711ecaeca364b50949135a3470b47a7b84bde8d898d9b489dcddeb42a4402,1579,44100,1,true,true,true,,,"generatedAt=2026-06-26T10:51:01.115Z; A physical candidate exists, but V2.1 requires a separate exact logical cue."
voice-v21-220,setup-back-v21,setup-back-v21,marcus,Move a little farther back.,assets/audio/voice/marcus/setup-back-v21.mp3,generated,elevenlabs,eleven_multilingual_v2,lUTamkMw7gOzZbFIwmq4,24285,ad7890450ee58f68d2ed194496874b5ad5f51b80cd2b892814cc8ccf5b37be57,1440,44100,1,true,true,true,,,"generatedAt=2026-06-26T10:51:01.115Z; A physical candidate exists, but V2.1 requires a separate exact logical cue."
voice-v21-221,setup-center-v21,setup-center-v21,clara,Move to the centre of the view.,assets/audio/voice/clara/setup-center-v21.mp3,generated,elevenlabs,eleven_multilingual_v2,rfkTsdZrVWEVhDycUYn9,28465,a4f2872f849f4a9a0a3ddc5a66e95a14680da3a68fba2737677865685740ff57,1718,44100,1,true,true,true,,,"generatedAt=2026-06-26T10:51:01.115Z; A physical candidate exists, but V2.1 requires a separate exact logical cue."
voice-v21-222,setup-center-v21,setup-center-v21,marcus,Move to the centre of the view.,assets/audio/voice/marcus/setup-center-v21.mp3,generated,elevenlabs,eleven_multilingual_v2,lUTamkMw7gOzZbFIwmq4,27629,6eabd0766426b050aca0925f42b3b56abec8ace631847ad130a4dd78c6f84910,1672,44100,1,true,true,true,,,"generatedAt=2026-06-26T10:51:01.115Z; A physical candidate exists, but V2.1 requires a separate exact logical cue."
voice-v21-223,setup-clearer-view-v21,setup-clearer-view-v21,clara,I need a clearer view. Make sure your whole body is visible.,assets/audio/voice/clara/setup-clearer-view-v21.mp3,generated,elevenlabs,eleven_multilingual_v2,rfkTsdZrVWEVhDycUYn9,59812,e87332ba13686dcce796cdc3bf8f3998a46886f0b1f778f302662aad64f3c573,3669,44100,1,true,true,true,,,generatedAt=2026-06-26T10:51:01.115Z; No current physical pair exists for this logical Training Voice V2.1 cue.
voice-v21-224,setup-clearer-view-v21,setup-clearer-view-v21,marcus,I need a clearer view. Make sure your whole body is visible.,assets/audio/voice/marcus/setup-clearer-view-v21.mp3,generated,elevenlabs,eleven_multilingual_v2,lUTamkMw7gOzZbFIwmq4,53960,40dd105c7b595d7dcd5d558d13a8d7ec037fc97788feb72e86ff1f925598a796,3297,44100,1,true,true,true,,,generatedAt=2026-06-26T10:51:01.115Z; No current physical pair exists for this logical Training Voice V2.1 cue.
voice-v21-225,setup-closer-v21,setup-closer-v21,clara,Move a little closer.,assets/audio/voice/clara/setup-closer-v21.mp3,generated,elevenlabs,eleven_multilingual_v2,rfkTsdZrVWEVhDycUYn9,23449,da21bf5f6f1c71401707b73c7ef0ea9e7b91334d7dc0e5df06ba931d8635a244,1393,44100,1,true,true,true,,,"generatedAt=2026-06-26T10:51:01.115Z; A physical candidate exists, but V2.1 requires a separate exact logical cue."
voice-v21-226,setup-closer-v21,setup-closer-v21,marcus,Move a little closer.,assets/audio/voice/marcus/setup-closer-v21.mp3,generated,elevenlabs,eleven_multilingual_v2,lUTamkMw7gOzZbFIwmq4,23449,9137c1b2369563180e0992692ff592ba4a0ba998e604dbcb80cfc0df9d1bc456,1393,44100,1,true,true,true,,,"generatedAt=2026-06-26T10:51:01.115Z; A physical candidate exists, but V2.1 requires a separate exact logical cue."
voice-v21-227,setup-enter-view-v21,setup-enter-view-v21,clara,Step into view so your whole body is visible.,assets/audio/voice/clara/setup-enter-view-v21.mp3,generated,elevenlabs,eleven_multilingual_v2,rfkTsdZrVWEVhDycUYn9,44347,704a21f7b8fc2a3c4a5f39391a7cf13e566e08cc514b6c99cb704b12058a4dc3,2694,44100,1,true,true,true,,,"generatedAt=2026-06-26T10:51:01.115Z; A physical candidate exists, but V2.1 requires a separate exact logical cue."
voice-v21-228,setup-enter-view-v21,setup-enter-view-v21,marcus,Step into view so your whole body is visible.,assets/audio/voice/marcus/setup-enter-view-v21.mp3,generated,elevenlabs,eleven_multilingual_v2,lUTamkMw7gOzZbFIwmq4,39750,03674f58e3bcda092cf2d086e8d06587e97560512419bec19816b4654c798571,2415,44100,1,true,true,true,,,"generatedAt=2026-06-26T10:51:01.115Z; A physical candidate exists, but V2.1 requires a separate exact logical cue."
voice-v21-229,setup-hold-still-v21,setup-hold-still-v21,clara,Hold still for a moment.,assets/audio/voice/clara/setup-hold-still-v21.mp3,generated,elevenlabs,eleven_multilingual_v2,rfkTsdZrVWEVhDycUYn9,27629,485f3a3e8cfc4828cc68d06fc2168ae3362633f19e0d7acbf5844b371452e75c,1672,44100,1,true,true,true,,,"generatedAt=2026-06-26T10:51:01.115Z; A physical candidate exists, but V2.1 requires a separate exact logical cue."
voice-v21-230,setup-hold-still-v21,setup-hold-still-v21,marcus,Hold still for a moment.,assets/audio/voice/marcus/setup-hold-still-v21.mp3,generated,elevenlabs,eleven_multilingual_v2,lUTamkMw7gOzZbFIwmq4,21777,d2ae7b84ff57f1e369627eadba7f34788afa436efa69a15b1caafaa361d738e6,1300,44100,1,true,true,true,,,"generatedAt=2026-06-26T10:51:01.115Z; A physical candidate exists, but V2.1 requires a separate exact logical cue."
voice-v21-231,setup-light-v21,setup-light-v21,clara,Please turn on the main light.,assets/audio/voice/clara/setup-light-v21.mp3,generated,elevenlabs,eleven_multilingual_v2,rfkTsdZrVWEVhDycUYn9,28465,2262ff562c9a74dc9646d05b81823acd43f75659f39b71a638a7b45ced231fa1,1718,44100,1,true,true,true,,,"generatedAt=2026-06-26T10:51:01.115Z; A physical candidate exists, but V2.1 requires a separate exact logical cue."
voice-v21-232,setup-light-v21,setup-light-v21,marcus,Please turn on the main light.,assets/audio/voice/marcus/setup-light-v21.mp3,generated,elevenlabs,eleven_multilingual_v2,lUTamkMw7gOzZbFIwmq4,24703,3474e2c67471a15bfbe4e7cd3f3fadf2eca3defa4987571cb9c4959688825ccd,1486,44100,1,true,true,true,,,"generatedAt=2026-06-26T10:51:01.115Z; A physical candidate exists, but V2.1 requires a separate exact logical cue."
voice-v21-233,side-calf-left-back-v21,side-calf-left-back-v21,clara,"Step your left leg back, heel down.",assets/audio/voice/clara/side-calf-left-back-v21.mp3,generated,elevenlabs,eleven_multilingual_v2,rfkTsdZrVWEVhDycUYn9,38914,f0724da11f019a5b131e9a52d15d910a8da8fe5f20b709dff449e346cf29ebdf,2368,44100,1,true,true,true,,,generatedAt=2026-06-26T10:51:01.115Z; No current physical pair exists for this logical Training Voice V2.1 cue.
voice-v21-234,side-calf-left-back-v21,side-calf-left-back-v21,marcus,"Step your left leg back, heel down.",assets/audio/voice/marcus/side-calf-left-back-v21.mp3,generated,elevenlabs,eleven_multilingual_v2,lUTamkMw7gOzZbFIwmq4,36824,0b916736cca2ea230216a2415cd7adc11b5a877b07adbad4e9bdaa22071ae43b,2229,44100,1,true,true,true,,,generatedAt=2026-06-26T10:51:01.115Z; No current physical pair exists for this logical Training Voice V2.1 cue.
voice-v21-235,side-calf-right-back-v21,side-calf-right-back-v21,clara,"Step your right leg back, heel down.",assets/audio/voice/clara/side-calf-right-back-v21.mp3,generated,elevenlabs,eleven_multilingual_v2,rfkTsdZrVWEVhDycUYn9,40586,dfb3beac8e499ccf817ff6e3cd509f851e9f093f8fc62b071e48e87ef4279e0d,2461,44100,1,true,true,true,,,generatedAt=2026-06-26T10:51:01.115Z; No current physical pair exists for this logical Training Voice V2.1 cue.
voice-v21-236,side-calf-right-back-v21,side-calf-right-back-v21,marcus,"Step your right leg back, heel down.",assets/audio/voice/marcus/side-calf-right-back-v21.mp3,generated,elevenlabs,eleven_multilingual_v2,lUTamkMw7gOzZbFIwmq4,38914,068c9678414318a0178f6a04fc8ee54f58d22f067de00879421f7d6738e2cd1b,2368,44100,1,true,true,true,,,generatedAt=2026-06-26T10:51:01.115Z; No current physical pair exists for this logical Training Voice V2.1 cue.
voice-v21-237,side-hamstring-left-extended-v21,side-hamstring-left-extended-v21,clara,"Extend your left leg, heel on the floor.",assets/audio/voice/clara/side-hamstring-left-extended-v21.mp3,generated,elevenlabs,eleven_multilingual_v2,rfkTsdZrVWEVhDycUYn9,40586,62458a6e0c30bf45c0353c99ca274ed7357dd0467e157b92e4da3e7f48d2f07d,2461,44100,1,true,true,true,,,generatedAt=2026-06-26T10:51:01.115Z; No current physical pair exists for this logical Training Voice V2.1 cue.
voice-v21-238,side-hamstring-left-extended-v21,side-hamstring-left-extended-v21,marcus,"Extend your left leg, heel on the floor.",assets/audio/voice/marcus/side-hamstring-left-extended-v21.mp3,generated,elevenlabs,eleven_multilingual_v2,lUTamkMw7gOzZbFIwmq4,40586,6ffb63609811bf9e50c4c0c39ba000e03d49d9b86e9f86cef70b7efbc6cc4924,2461,44100,1,true,true,true,,,generatedAt=2026-06-26T10:51:01.115Z; No current physical pair exists for this logical Training Voice V2.1 cue.
voice-v21-239,side-hamstring-right-extended-v21,side-hamstring-right-extended-v21,clara,"Extend your right leg, heel on the floor.",assets/audio/voice/clara/side-hamstring-right-extended-v21.mp3,generated,elevenlabs,eleven_multilingual_v2,rfkTsdZrVWEVhDycUYn9,40586,ab518c6e9755870123fe47c68c1975640f1a856debf16b263db25815bec3f7b0,2461,44100,1,true,true,true,,,generatedAt=2026-06-26T10:51:01.115Z; No current physical pair exists for this logical Training Voice V2.1 cue.
voice-v21-240,side-hamstring-right-extended-v21,side-hamstring-right-extended-v21,marcus,"Extend your right leg, heel on the floor.",assets/audio/voice/marcus/side-hamstring-right-extended-v21.mp3,generated,elevenlabs,eleven_multilingual_v2,lUTamkMw7gOzZbFIwmq4,37660,0b212d5e5edd4159149185173f8de5824fa7f152f9dd0859cc33d6a68d02c920,2276,44100,1,true,true,true,,,generatedAt=2026-06-26T10:51:01.115Z; No current physical pair exists for this logical Training Voice V2.1 cue.
voice-v21-241,side-hip-flexor-left-back-v21,side-hip-flexor-left-back-v21,clara,Step your right foot forward so your left hip side stretches.,assets/audio/voice/clara/side-hip-flexor-left-back-v21.mp3,generated,elevenlabs,eleven_multilingual_v2,rfkTsdZrVWEVhDycUYn9,55214,c1411ba96f8ae1b353f69c857b10c9a8871c398be089cef2703636034e3dc76e,3390,44100,1,true,true,true,,,generatedAt=2026-06-26T10:51:01.115Z; No current physical pair exists for this logical Training Voice V2.1 cue.
voice-v21-242,side-hip-flexor-left-back-v21,side-hip-flexor-left-back-v21,marcus,Step your right foot forward so your left hip side stretches.,assets/audio/voice/marcus/side-hip-flexor-left-back-v21.mp3,generated,elevenlabs,eleven_multilingual_v2,lUTamkMw7gOzZbFIwmq4,53124,cbb2fac677ee24d4eac02cbf9b59b5445bf551924dceab84f22eb21387155dc5,3251,44100,1,true,true,true,,,generatedAt=2026-06-26T10:51:01.115Z; No current physical pair exists for this logical Training Voice V2.1 cue.
voice-v21-243,side-hip-flexor-right-back-v21,side-hip-flexor-right-back-v21,clara,Step your left foot forward so your right hip side stretches.,assets/audio/voice/clara/side-hip-flexor-right-back-v21.mp3,generated,elevenlabs,eleven_multilingual_v2,rfkTsdZrVWEVhDycUYn9,60648,003407997a29a8a3bc3d999ede0e966c5cd0d70b3dcc63c67dbbea78e69db330,3715,44100,1,true,true,true,,,generatedAt=2026-06-26T10:51:01.115Z; No current physical pair exists for this logical Training Voice V2.1 cue.
voice-v21-244,side-hip-flexor-right-back-v21,side-hip-flexor-right-back-v21,marcus,Step your left foot forward so your right hip side stretches.,assets/audio/voice/marcus/side-hip-flexor-right-back-v21.mp3,generated,elevenlabs,eleven_multilingual_v2,lUTamkMw7gOzZbFIwmq4,52288,6529383facf3e683c6dc340dd2afac963898c2267d13aff2d240aa799168311b,3204,44100,1,true,true,true,,,generatedAt=2026-06-26T10:51:01.115Z; No current physical pair exists for this logical Training Voice V2.1 cue.
voice-v21-245,side-single-leg-left-v21,side-single-leg-left-v21,clara,Start on your left leg. Lift your right foot slightly.,assets/audio/voice/clara/side-single-leg-left-v21.mp3,generated,elevenlabs,eleven_multilingual_v2,rfkTsdZrVWEVhDycUYn9,57722,65dac428d4cea6905446c8fa0ef600a45ec424e51d8c534f758780455fc5eaaf,3529,44100,1,true,true,true,,,generatedAt=2026-06-26T10:51:01.115Z; No current physical pair exists for this logical Training Voice V2.1 cue.
voice-v21-246,side-single-leg-left-v21,side-single-leg-left-v21,marcus,Start on your left leg. Lift your right foot slightly.,assets/audio/voice/marcus/side-single-leg-left-v21.mp3,generated,elevenlabs,eleven_multilingual_v2,lUTamkMw7gOzZbFIwmq4,51035,67f24920ccfe97d87ce8e63df5a09ed7104ed6aac26f94c0fcbf9fe819feb31e,3111,44100,1,true,true,true,,,generatedAt=2026-06-26T10:51:01.115Z; No current physical pair exists for this logical Training Voice V2.1 cue.
voice-v21-247,side-single-leg-right-v21,side-single-leg-right-v21,clara,Start on your right leg. Lift your left foot slightly.,assets/audio/voice/clara/side-single-leg-right-v21.mp3,generated,elevenlabs,eleven_multilingual_v2,rfkTsdZrVWEVhDycUYn9,58140,5e60aac629f107aab4b55ac43add69d625837028fc6e8c9f47cc54267e548c70,3576,44100,1,true,true,true,,,generatedAt=2026-06-26T10:51:01.115Z; No current physical pair exists for this logical Training Voice V2.1 cue.
voice-v21-248,side-single-leg-right-v21,side-single-leg-right-v21,marcus,Start on your right leg. Lift your left foot slightly.,assets/audio/voice/marcus/side-single-leg-right-v21.mp3,generated,elevenlabs,eleven_multilingual_v2,lUTamkMw7gOzZbFIwmq4,49363,468bd83ab30b830a9f8a254ea0e7c5eb903f74f2caf3612a48346ae2d5fd381e,3019,44100,1,true,true,true,,,generatedAt=2026-06-26T10:51:01.115Z; No current physical pair exists for this logical Training Voice V2.1 cue.
voice-v21-249,side-split-squat-left-forward-v21,side-split-squat-left-forward-v21,clara,"Left foot forward, small split stance.",assets/audio/voice/clara/side-split-squat-left-forward-v21.mp3,generated,elevenlabs,eleven_multilingual_v2,rfkTsdZrVWEVhDycUYn9,41004,154904c14ddf8729c28488abc1613351dce9b478025c61702b247d28f010c022,2508,44100,1,true,true,true,,,generatedAt=2026-06-26T10:51:01.115Z; No current physical pair exists for this logical Training Voice V2.1 cue.
voice-v21-250,side-split-squat-left-forward-v21,side-split-squat-left-forward-v21,marcus,"Left foot forward, small split stance.",assets/audio/voice/marcus/side-split-squat-left-forward-v21.mp3,generated,elevenlabs,eleven_multilingual_v2,lUTamkMw7gOzZbFIwmq4,36824,169057a6a58533108021c45d77d4403d83711259d500c8b213c019feddb3aa7f,2229,44100,1,true,true,true,,,generatedAt=2026-06-26T10:51:01.115Z; No current physical pair exists for this logical Training Voice V2.1 cue.
voice-v21-251,side-split-squat-right-forward-v21,side-split-squat-right-forward-v21,clara,"Right foot forward, small split stance.",assets/audio/voice/clara/side-split-squat-right-forward-v21.mp3,generated,elevenlabs,eleven_multilingual_v2,rfkTsdZrVWEVhDycUYn9,43511,25a8153f8d180c4537677cad56f27086caa12e9ac7595d71379d9c38c6d1c360,2647,44100,1,true,true,true,,,generatedAt=2026-06-26T10:51:01.115Z; No current physical pair exists for this logical Training Voice V2.1 cue.
voice-v21-252,side-split-squat-right-forward-v21,side-split-squat-right-forward-v21,marcus,"Right foot forward, small split stance.",assets/audio/voice/marcus/side-split-squat-right-forward-v21.mp3,generated,elevenlabs,eleven_multilingual_v2,lUTamkMw7gOzZbFIwmq4,36824,35868c3d19c7b704f32d77ea514f0b2eb4c9659d6fa267246b35f80b5b68946f,2229,44100,1,true,true,true,,,generatedAt=2026-06-26T10:51:01.115Z; No current physical pair exists for this logical Training Voice V2.1 cue.
voice-v21-253,side-tandem-left-front-v21,side-tandem-left-front-v21,clara,"Place your left foot in front, heel to toe.",assets/audio/voice/clara/side-tandem-left-front-v21.mp3,generated,elevenlabs,eleven_multilingual_v2,rfkTsdZrVWEVhDycUYn9,39750,7d43b1a0f0997fa525e8f280ce2292700c0a6f169701696b177100727f034612,2415,44100,1,true,true,true,,,generatedAt=2026-06-26T10:51:01.115Z; No current physical pair exists for this logical Training Voice V2.1 cue.
voice-v21-254,side-tandem-left-front-v21,side-tandem-left-front-v21,marcus,"Place your left foot in front, heel to toe.",assets/audio/voice/marcus/side-tandem-left-front-v21.mp3,generated,elevenlabs,eleven_multilingual_v2,lUTamkMw7gOzZbFIwmq4,37660,0b8823acbd890643c0bcc71d7cb98862ec49dfbd8adc7c477bffaadf7141aee7,2276,44100,1,true,true,true,,,generatedAt=2026-06-26T10:51:01.115Z; No current physical pair exists for this logical Training Voice V2.1 cue.
voice-v21-255,side-tandem-right-front-v21,side-tandem-right-front-v21,clara,"Place your right foot in front, heel to toe.",assets/audio/voice/clara/side-tandem-right-front-v21.mp3,generated,elevenlabs,eleven_multilingual_v2,rfkTsdZrVWEVhDycUYn9,44347,efe52c9c40281baf91dce12536056364e70a085c0866d93fa4a422d8aab0bcf0,2694,44100,1,true,true,true,,,generatedAt=2026-06-26T10:51:01.115Z; No current physical pair exists for this logical Training Voice V2.1 cue.
voice-v21-256,side-tandem-right-front-v21,side-tandem-right-front-v21,marcus,"Place your right foot in front, heel to toe.",assets/audio/voice/marcus/side-tandem-right-front-v21.mp3,generated,elevenlabs,eleven_multilingual_v2,lUTamkMw7gOzZbFIwmq4,41839,ffce2063954d5d6f204d517448237951f92869110ac85d03709937db4ed08ee2,2554,44100,1,true,true,true,,,generatedAt=2026-06-26T10:51:01.115Z; No current physical pair exists for this logical Training Voice V2.1 cue.
voice-v21-257,step-up-next-left-v21,step-up-next-left-v21,clara,Next rep starts with your left leg.,assets/audio/voice/clara/step-up-next-left-v21.mp3,generated,elevenlabs,eleven_multilingual_v2,rfkTsdZrVWEVhDycUYn9,35988,7b6f5aaf061242283b8a06e5788475402b0ae58fd2861c26236506aa34ca8fe8,2183,44100,1,true,true,true,,,generatedAt=2026-06-26T10:51:01.115Z; No current physical pair exists for this logical Training Voice V2.1 cue.
voice-v21-258,step-up-next-left-v21,step-up-next-left-v21,marcus,Next rep starts with your left leg.,assets/audio/voice/marcus/step-up-next-left-v21.mp3,generated,elevenlabs,eleven_multilingual_v2,lUTamkMw7gOzZbFIwmq4,31391,fca88bd4893760ccf0d3a88ef68d0ba0c41d9c205aa51058ab4db78493b1fbec,1904,44100,1,true,true,true,,,generatedAt=2026-06-26T10:51:01.115Z; No current physical pair exists for this logical Training Voice V2.1 cue.
voice-v21-259,step-up-next-right-v21,step-up-next-right-v21,clara,Next rep starts with your right leg.,assets/audio/voice/clara/step-up-next-right-v21.mp3,generated,elevenlabs,eleven_multilingual_v2,rfkTsdZrVWEVhDycUYn9,35988,5e6e7abb7e2734bed5f51135559108710423c1c57bd6df2dea18c93c3fb8a137,2183,44100,1,true,true,true,,,generatedAt=2026-06-26T10:51:01.115Z; No current physical pair exists for this logical Training Voice V2.1 cue.
voice-v21-260,step-up-next-right-v21,step-up-next-right-v21,marcus,Next rep starts with your right leg.,assets/audio/voice/marcus/step-up-next-right-v21.mp3,generated,elevenlabs,eleven_multilingual_v2,lUTamkMw7gOzZbFIwmq4,32226,479434486e8ddc9bd3229af4690a246fc9023cb5076885ddb2c68484b90427c4,1950,44100,1,true,true,true,,,generatedAt=2026-06-26T10:51:01.115Z; No current physical pair exists for this logical Training Voice V2.1 cue.
voice-v21-261,step-up-start-left-v21,step-up-start-left-v21,clara,Start with your left leg.,assets/audio/voice/clara/step-up-start-left-v21.mp3,generated,elevenlabs,eleven_multilingual_v2,rfkTsdZrVWEVhDycUYn9,25539,ec55d952b336cb60338dfcdc38733415848b906f166222035b0fa2b539d094f1,1533,44100,1,true,true,true,,,generatedAt=2026-06-26T10:51:01.115Z; No current physical pair exists for this logical Training Voice V2.1 cue.
voice-v21-262,step-up-start-left-v21,step-up-start-left-v21,marcus,Start with your left leg.,assets/audio/voice/marcus/step-up-start-left-v21.mp3,generated,elevenlabs,eleven_multilingual_v2,lUTamkMw7gOzZbFIwmq4,24285,12ec94849d8c7e0e7ba02027c2e6f9ebfbfbcc74280dbf6028d9c0c6b132c5cb,1440,44100,1,true,true,true,,,generatedAt=2026-06-26T10:51:01.115Z; No current physical pair exists for this logical Training Voice V2.1 cue.
voice-v21-263,step-up-start-right-v21,step-up-start-right-v21,clara,Start with your right leg.,assets/audio/voice/clara/step-up-start-right-v21.mp3,generated,elevenlabs,eleven_multilingual_v2,rfkTsdZrVWEVhDycUYn9,26375,70b04b1dfe3baed09f1bc040eb794f9560c0e849c1a29b88c315e474066b3bd2,1579,44100,1,true,true,true,,,generatedAt=2026-06-26T10:51:01.115Z; No current physical pair exists for this logical Training Voice V2.1 cue.
voice-v21-264,step-up-start-right-v21,step-up-start-right-v21,marcus,Start with your right leg.,assets/audio/voice/marcus/step-up-start-right-v21.mp3,generated,elevenlabs,eleven_multilingual_v2,lUTamkMw7gOzZbFIwmq4,24703,604f71a401ff6c8b33e5026f8b0da3fe5b631036475869bfbbaff7e3be0e1352,1486,44100,1,true,true,true,,,generatedAt=2026-06-26T10:51:01.115Z; No current physical pair exists for this logical Training Voice V2.1 cue.
voice-v21-265,step-up-wrong-left-v21,step-up-wrong-left-v21,clara,No rep. Start the next one with your left leg.,assets/audio/voice/clara/step-up-wrong-left-v21.mp3,generated,elevenlabs,eleven_multilingual_v2,rfkTsdZrVWEVhDycUYn9,47691,4e52dbf8c99e3dc48ed476184aaaf759519ea2f47a372c8130b1483feb53f428,2926,44100,1,true,true,true,,,generatedAt=2026-06-26T10:51:01.115Z; No current physical pair exists for this logical Training Voice V2.1 cue.
voice-v21-266,step-up-wrong-left-v21,step-up-wrong-left-v21,marcus,No rep. Start the next one with your left leg.,assets/audio/voice/marcus/step-up-wrong-left-v21.mp3,generated,elevenlabs,eleven_multilingual_v2,lUTamkMw7gOzZbFIwmq4,45601,8a925a53899415a23e8f31ff47f02d9570726b38551fbc1f7201da511a4d4a45,2786,44100,1,true,true,true,,,generatedAt=2026-06-26T10:51:01.115Z; No current physical pair exists for this logical Training Voice V2.1 cue.
voice-v21-267,step-up-wrong-right-v21,step-up-wrong-right-v21,clara,No rep. Start the next one with your right leg.,assets/audio/voice/clara/step-up-wrong-right-v21.mp3,generated,elevenlabs,eleven_multilingual_v2,rfkTsdZrVWEVhDycUYn9,48527,3f5ea2f8202c19bd332782213391d4f7974f4ed6ee5709bd9203a767b37825ab,2972,44100,1,true,true,true,,,generatedAt=2026-06-26T10:51:01.115Z; No current physical pair exists for this logical Training Voice V2.1 cue.
voice-v21-268,step-up-wrong-right-v21,step-up-wrong-right-v21,marcus,No rep. Start the next one with your right leg.,assets/audio/voice/marcus/step-up-wrong-right-v21.mp3,generated,elevenlabs,eleven_multilingual_v2,lUTamkMw7gOzZbFIwmq4,36824,7b6fd3713e690ba7d495f56da52f57bbe6bd92843d191d9f2c1b6744f122fd19,2229,44100,1,true,true,true,,,generatedAt=2026-06-26T10:51:01.115Z; No current physical pair exists for this logical Training Voice V2.1 cue.
voice-v21-269,switch-foot-positions-v21,switch-foot-positions-v21,clara,Switch foot positions.,assets/audio/voice/clara/switch-foot-positions-v21.mp3,generated,elevenlabs,eleven_multilingual_v2,rfkTsdZrVWEVhDycUYn9,24703,83ffc0cc5f4f741e9085047859ea8f2e1915af758d53c7ac4016ee1e7f6c44fa,1486,44100,1,true,true,true,,,generatedAt=2026-06-26T10:51:01.115Z; No current physical pair exists for this logical Training Voice V2.1 cue.
voice-v21-270,switch-foot-positions-v21,switch-foot-positions-v21,marcus,Switch foot positions.,assets/audio/voice/marcus/switch-foot-positions-v21.mp3,generated,elevenlabs,eleven_multilingual_v2,lUTamkMw7gOzZbFIwmq4,21777,1aa6b57906f8188f62c0c0f30f27bf3733af695efe51e1a39157b59071a23af5,1300,44100,1,true,true,true,,,generatedAt=2026-06-26T10:51:01.115Z; No current physical pair exists for this logical Training Voice V2.1 cue.
voice-v21-271,switch-legs-v21,switch-legs-v21,clara,Switch legs.,assets/audio/voice/clara/switch-legs-v21.mp3,generated,elevenlabs,eleven_multilingual_v2,rfkTsdZrVWEVhDycUYn9,19688,8ed2268e2a63a0c0216823fd130c6b6326da6514f29560549960da7147959b7a,1161,44100,1,true,true,true,,,generatedAt=2026-06-26T10:51:01.115Z; No current physical pair exists for this logical Training Voice V2.1 cue.
voice-v21-272,switch-legs-v21,switch-legs-v21,marcus,Switch legs.,assets/audio/voice/marcus/switch-legs-v21.mp3,generated,elevenlabs,eleven_multilingual_v2,lUTamkMw7gOzZbFIwmq4,17598,b5b4e011fc7c68ecdbb3bf3b736f1582df77b94264333a779192bb32d0dc1232,1022,44100,1,true,true,true,,,generatedAt=2026-06-26T10:51:01.115Z; No current physical pair exists for this logical Training Voice V2.1 cue.
voice-v21-273,switch-sides-v21,switch-sides-v21,clara,Switch sides.,assets/audio/voice/clara/switch-sides-v21.mp3,generated,elevenlabs,eleven_multilingual_v2,rfkTsdZrVWEVhDycUYn9,17598,18ba33ea32881f117c30276e08bb4f0fdecbf6d765b2c7fef18af65b467c48b5,1022,44100,1,true,true,true,,,generatedAt=2026-06-26T10:51:01.115Z; No current physical pair exists for this logical Training Voice V2.1 cue.
voice-v21-274,switch-sides-v21,switch-sides-v21,marcus,Switch sides.,assets/audio/voice/marcus/switch-sides-v21.mp3,generated,elevenlabs,eleven_multilingual_v2,lUTamkMw7gOzZbFIwmq4,18852,859ccbc9f4ee7fafffbee7194b991306fd2c90d3663595c1b9d85b92c8bb730b,1115,44100,1,true,true,true,,,generatedAt=2026-06-26T10:51:01.115Z; No current physical pair exists for this logical Training Voice V2.1 cue.
voice-v21-275,target-balance-feet-together-hold-v21,target-balance-feet-together-hold-v21,clara,Hold for twenty seconds.,assets/audio/voice/clara/target-balance-feet-together-hold-v21.mp3,generated,elevenlabs,eleven_multilingual_v2,rfkTsdZrVWEVhDycUYn9,26375,1abee64d76b54719cc08de74a53e1f516a7a98a4df5897cf0453acf09d0d2dc0,1579,44100,1,true,true,true,,,generatedAt=2026-06-26T10:51:01.115Z; No current physical pair exists for this logical Training Voice V2.1 cue.
voice-v21-276,target-balance-feet-together-hold-v21,target-balance-feet-together-hold-v21,marcus,Hold for twenty seconds.,assets/audio/voice/marcus/target-balance-feet-together-hold-v21.mp3,generated,elevenlabs,eleven_multilingual_v2,lUTamkMw7gOzZbFIwmq4,24285,c2f5899ff6a2591e9979ac7e7d0a3d1d0713a712e10e350ff83a714b44a79b49,1440,44100,1,true,true,true,,,generatedAt=2026-06-26T10:51:01.115Z; No current physical pair exists for this logical Training Voice V2.1 cue.
voice-v21-277,target-balance-single-leg-hold-v21,target-balance-single-leg-hold-v21,clara,Hold for [duration].,assets/audio/voice/clara/target-balance-single-leg-hold-v21.mp3,generated,elevenlabs,eleven_multilingual_v2,rfkTsdZrVWEVhDycUYn9,25539,6aea6d8f5396de8cef9188417c0df725ae625bb9df8a5086efd522697bd7a221,1533,44100,1,true,true,true,,,generatedAt=2026-06-26T10:51:01.115Z; No current physical pair exists for this logical Training Voice V2.1 cue.
voice-v21-278,target-balance-single-leg-hold-v21,target-balance-single-leg-hold-v21,marcus,Hold for [duration].,assets/audio/voice/marcus/target-balance-single-leg-hold-v21.mp3,generated,elevenlabs,eleven_multilingual_v2,lUTamkMw7gOzZbFIwmq4,22613,790c62a4182bfaf75b0961cbdb9b895fa6d9535d3ab7436e15b0be24f6e7b514,1347,44100,1,true,true,true,,,generatedAt=2026-06-26T10:51:01.115Z; No current physical pair exists for this logical Training Voice V2.1 cue.
voice-v21-279,target-balance-tandem-hold-v21,target-balance-tandem-hold-v21,clara,Hold for [duration].,assets/audio/voice/clara/target-balance-tandem-hold-v21.mp3,generated,elevenlabs,eleven_multilingual_v2,rfkTsdZrVWEVhDycUYn9,25539,7ac1569f2beae7bf8383581b81dcd051c29e1f6d6c9977b24cf66d728ca0dd5a,1533,44100,1,true,true,true,,,generatedAt=2026-06-26T10:51:01.115Z; No current physical pair exists for this logical Training Voice V2.1 cue.
voice-v21-280,target-balance-tandem-hold-v21,target-balance-tandem-hold-v21,marcus,Hold for [duration].,assets/audio/voice/marcus/target-balance-tandem-hold-v21.mp3,generated,elevenlabs,eleven_multilingual_v2,lUTamkMw7gOzZbFIwmq4,24703,650cc56ba448419c897470b6ffbbaf7f7c035dd17068455fa535f898a48ae3a6,1486,44100,1,true,true,true,,,generatedAt=2026-06-26T10:51:01.115Z; No current physical pair exists for this logical Training Voice V2.1 cue.
voice-v21-281,target-band-pull-apart-v21,target-band-pull-apart-v21,clara,Move for thirty seconds.,assets/audio/voice/clara/target-band-pull-apart-v21.mp3,generated,elevenlabs,eleven_multilingual_v2,rfkTsdZrVWEVhDycUYn9,26375,29c1e7535066a400d7a8f79456327dbdbe44c2a6e57fa29aed6f356b3b1c72f5,1579,44100,1,true,true,true,,,generatedAt=2026-06-26T10:51:01.115Z; No current physical pair exists for this logical Training Voice V2.1 cue.
voice-v21-282,target-band-pull-apart-v21,target-band-pull-apart-v21,marcus,Move for thirty seconds.,assets/audio/voice/marcus/target-band-pull-apart-v21.mp3,generated,elevenlabs,eleven_multilingual_v2,lUTamkMw7gOzZbFIwmq4,24285,ab533b51444b1f666dd15207bb466c729a6788acd0ccbe64a57a63ae18147884,1440,44100,1,true,true,true,,,generatedAt=2026-06-26T10:51:01.115Z; No current physical pair exists for this logical Training Voice V2.1 cue.
voice-v21-283,target-chair-supported-split-squat-v21,target-chair-supported-split-squat-v21,clara,Aim for [reps] reps.,assets/audio/voice/clara/target-chair-supported-split-squat-v21.mp3,generated,elevenlabs,eleven_multilingual_v2,rfkTsdZrVWEVhDycUYn9,27211,5a089f62d31c39817e176bdf4f165612abaa1f204760f46fc61254fa32b81ec1,1625,44100,1,true,true,true,,,generatedAt=2026-06-26T10:51:01.115Z; No current physical pair exists for this logical Training Voice V2.1 cue.
voice-v21-284,target-chair-supported-split-squat-v21,target-chair-supported-split-squat-v21,marcus,Aim for [reps] reps.,assets/audio/voice/marcus/target-chair-supported-split-squat-v21.mp3,generated,elevenlabs,eleven_multilingual_v2,lUTamkMw7gOzZbFIwmq4,22613,bc284c06607da76fff003ab412f9026ebf6f8d99500d809d2fe3d83d3ac446ab,1347,44100,1,true,true,true,,,generatedAt=2026-06-26T10:51:01.115Z; No current physical pair exists for this logical Training Voice V2.1 cue.
voice-v21-285,target-glute-bridge-hold-v21,target-glute-bridge-hold-v21,clara,Hold for twenty seconds.,assets/audio/voice/clara/target-glute-bridge-hold-v21.mp3,generated,elevenlabs,eleven_multilingual_v2,rfkTsdZrVWEVhDycUYn9,26375,13d1bfe58b1a0480d4749d74a87e2a527a9770039622b437077df26d3b80ae80,1579,44100,1,true,true,true,,,generatedAt=2026-06-26T10:51:01.115Z; No current physical pair exists for this logical Training Voice V2.1 cue.
voice-v21-286,target-glute-bridge-hold-v21,target-glute-bridge-hold-v21,marcus,Hold for twenty seconds.,assets/audio/voice/marcus/target-glute-bridge-hold-v21.mp3,generated,elevenlabs,eleven_multilingual_v2,lUTamkMw7gOzZbFIwmq4,25539,c8985fb60c0bdfef2bae4dcb63346127b4c224fdb9201fd52105898baa4b52ba,1533,44100,1,true,true,true,,,generatedAt=2026-06-26T10:51:01.115Z; No current physical pair exists for this logical Training Voice V2.1 cue.
voice-v21-287,target-glute-bridge-reps-v21,target-glute-bridge-reps-v21,clara,Aim for twelve reps.,assets/audio/voice/clara/target-glute-bridge-reps-v21.mp3,generated,elevenlabs,eleven_multilingual_v2,rfkTsdZrVWEVhDycUYn9,24703,c5b135da60cec16b7e4a1d1c84b1ad1853d8a8586805587a6feb9bf68c2e80e9,1486,44100,1,true,true,true,,,generatedAt=2026-06-26T10:51:01.115Z; No current physical pair exists for this logical Training Voice V2.1 cue.
voice-v21-288,target-glute-bridge-reps-v21,target-glute-bridge-reps-v21,marcus,Aim for twelve reps.,assets/audio/voice/marcus/target-glute-bridge-reps-v21.mp3,generated,elevenlabs,eleven_multilingual_v2,lUTamkMw7gOzZbFIwmq4,21777,97c9eb65c35f8d6f51113ff1785f663a5f9851acd58eb598a3f9721790bf9ac3,1300,44100,1,true,true,true,,,generatedAt=2026-06-26T10:51:01.115Z; No current physical pair exists for this logical Training Voice V2.1 cue.
voice-v21-289,target-heel-raise-free-v21,target-heel-raise-free-v21,clara,Aim for eighteen reps.,assets/audio/voice/clara/target-heel-raise-free-v21.mp3,generated,elevenlabs,eleven_multilingual_v2,rfkTsdZrVWEVhDycUYn9,26375,cc267afe63310fcdb74da648dd0661473b1dcb747ae4d7276b8d736803b89d27,1579,44100,1,true,true,true,,,generatedAt=2026-06-26T10:51:01.115Z; No current physical pair exists for this logical Training Voice V2.1 cue.
voice-v21-290,target-heel-raise-free-v21,target-heel-raise-free-v21,marcus,Aim for eighteen reps.,assets/audio/voice/marcus/target-heel-raise-free-v21.mp3,generated,elevenlabs,eleven_multilingual_v2,lUTamkMw7gOzZbFIwmq4,22613,5f8f016c0cf5ffac51da018fcc91989207094e038e4a0f7974075c6be2ea8fac,1347,44100,1,true,true,true,,,generatedAt=2026-06-26T10:51:01.115Z; No current physical pair exists for this logical Training Voice V2.1 cue.
voice-v21-291,target-heel-raise-supported-v21,target-heel-raise-supported-v21,clara,Aim for fifteen reps.,assets/audio/voice/clara/target-heel-raise-supported-v21.mp3,generated,elevenlabs,eleven_multilingual_v2,rfkTsdZrVWEVhDycUYn9,23449,a73dae1a73f9dd830196347362f991e2ddf7dcbcc4e380d9016ca1cf46e26ad3,1393,44100,1,true,true,true,,,generatedAt=2026-06-26T10:51:01.115Z; No current physical pair exists for this logical Training Voice V2.1 cue.
voice-v21-292,target-heel-raise-supported-v21,target-heel-raise-supported-v21,marcus,Aim for fifteen reps.,assets/audio/voice/marcus/target-heel-raise-supported-v21.mp3,generated,elevenlabs,eleven_multilingual_v2,lUTamkMw7gOzZbFIwmq4,25539,c822c74a7aa5d174b8fd54612af41e6628427f0620072191eb14f5327a9423e8,1533,44100,1,true,true,true,,,generatedAt=2026-06-26T10:51:01.115Z; No current physical pair exists for this logical Training Voice V2.1 cue.
voice-v21-293,target-hip-hinge-free-v21,target-hip-hinge-free-v21,clara,Aim for twelve reps.,assets/audio/voice/clara/target-hip-hinge-free-v21.mp3,generated,elevenlabs,eleven_multilingual_v2,rfkTsdZrVWEVhDycUYn9,23449,8a798fc0f070cbabab827e5ff4e9a2fa91f215ea687b65dedadc97760b268364,1393,44100,1,true,true,true,,,generatedAt=2026-06-26T10:51:01.115Z; No current physical pair exists for this logical Training Voice V2.1 cue.
voice-v21-294,target-hip-hinge-free-v21,target-hip-hinge-free-v21,marcus,Aim for twelve reps.,assets/audio/voice/marcus/target-hip-hinge-free-v21.mp3,generated,elevenlabs,eleven_multilingual_v2,lUTamkMw7gOzZbFIwmq4,22613,c6a216ce3e97765ddc4767354d36b298e4bea7b663bf71f2d609f5d6c5c630da,1347,44100,1,true,true,true,,,generatedAt=2026-06-26T10:51:01.115Z; No current physical pair exists for this logical Training Voice V2.1 cue.
voice-v21-295,target-hip-hinge-wall-v21,target-hip-hinge-wall-v21,clara,Aim for ten reps.,assets/audio/voice/clara/target-hip-hinge-wall-v21.mp3,generated,elevenlabs,eleven_multilingual_v2,rfkTsdZrVWEVhDycUYn9,23449,2caad5cf4c07b5d4bdf711d8a56a6ac4c133ec18762fcb6bd82920655231c3d5,1393,44100,1,true,true,true,,,generatedAt=2026-06-26T10:51:01.115Z; No current physical pair exists for this logical Training Voice V2.1 cue.
voice-v21-296,target-hip-hinge-wall-v21,target-hip-hinge-wall-v21,marcus,Aim for ten reps.,assets/audio/voice/marcus/target-hip-hinge-wall-v21.mp3,generated,elevenlabs,eleven_multilingual_v2,lUTamkMw7gOzZbFIwmq4,24703,9d78fe0c1edf996935301994dfceb29ae5db67fb8f3c36b665ada11ba3aab646,1486,44100,1,true,true,true,,,generatedAt=2026-06-26T10:51:01.115Z; No current physical pair exists for this logical Training Voice V2.1 cue.
voice-v21-297,target-loaded-march-v21,target-loaded-march-v21,clara,Aim for sixteen reps.,assets/audio/voice/clara/target-loaded-march-v21.mp3,generated,elevenlabs,eleven_multilingual_v2,rfkTsdZrVWEVhDycUYn9,24285,307afa0b5440ef30677ab55f7f0e0962394539142ac488f448f3ddb31070af8d,1440,44100,1,true,true,true,,,generatedAt=2026-06-26T10:51:01.115Z; No current physical pair exists for this logical Training Voice V2.1 cue.
voice-v21-298,target-loaded-march-v21,target-loaded-march-v21,marcus,Aim for sixteen reps.,assets/audio/voice/marcus/target-loaded-march-v21.mp3,generated,elevenlabs,eleven_multilingual_v2,lUTamkMw7gOzZbFIwmq4,24703,9b93ec8c7bc603dce1061d7fb09b6a0ec6db42e26f4bc229b391a07338154fde,1486,44100,1,true,true,true,,,generatedAt=2026-06-26T10:51:01.115Z; No current physical pair exists for this logical Training Voice V2.1 cue.
voice-v21-299,target-loaded-sit-to-stand-v21,target-loaded-sit-to-stand-v21,clara,Aim for eight reps.,assets/audio/voice/clara/target-loaded-sit-to-stand-v21.mp3,generated,elevenlabs,eleven_multilingual_v2,rfkTsdZrVWEVhDycUYn9,23449,4d98787625b74e83158a7883d5fd520bb1e0514a14ade5b3e1b55a4292047beb,1393,44100,1,true,true,true,,,generatedAt=2026-06-26T10:51:01.115Z; No current physical pair exists for this logical Training Voice V2.1 cue.
voice-v21-300,target-loaded-sit-to-stand-v21,target-loaded-sit-to-stand-v21,marcus,Aim for eight reps.,assets/audio/voice/marcus/target-loaded-sit-to-stand-v21.mp3,generated,elevenlabs,eleven_multilingual_v2,lUTamkMw7gOzZbFIwmq4,20942,7b5357685ebc4ad680c0ba1642b04b3aed09ec520ca39ffcc92bac1e085a39ae,1254,44100,1,true,true,true,,,generatedAt=2026-06-26T10:51:01.115Z; No current physical pair exists for this logical Training Voice V2.1 cue.
voice-v21-301,target-mini-band-lateral-walk-v21,target-mini-band-lateral-walk-v21,clara,Move for thirty seconds.,assets/audio/voice/clara/target-mini-band-lateral-walk-v21.mp3,generated,elevenlabs,eleven_multilingual_v2,rfkTsdZrVWEVhDycUYn9,23449,0d998df2c47e65c9bc0cbd744b1959306a8a560ede1103632d103ac73acbf37a,1393,44100,1,true,true,true,,,generatedAt=2026-06-26T10:51:01.115Z; No current physical pair exists for this logical Training Voice V2.1 cue.
voice-v21-302,target-mini-band-lateral-walk-v21,target-mini-band-lateral-walk-v21,marcus,Move for thirty seconds.,assets/audio/voice/marcus/target-mini-band-lateral-walk-v21.mp3,generated,elevenlabs,eleven_multilingual_v2,lUTamkMw7gOzZbFIwmq4,25539,739aa2502ba90032ccf4fd23bdc95ef6a34267a6cdb589ed91c20d76355adf6f,1533,44100,1,true,true,true,,,generatedAt=2026-06-26T10:51:01.115Z; No current physical pair exists for this logical Training Voice V2.1 cue.
voice-v21-303,target-neck-rotation-v21,target-neck-rotation-v21,clara,Move slowly until I say stop.,assets/audio/voice/clara/target-neck-rotation-v21.mp3,generated,elevenlabs,eleven_multilingual_v2,rfkTsdZrVWEVhDycUYn9,35152,821e87689001955dfb0554bcbbf3817450e96997e8405cd818fb5f5374143ad3,2136,44100,1,true,true,true,,,generatedAt=2026-06-26T10:51:01.115Z; No current physical pair exists for this logical Training Voice V2.1 cue.
voice-v21-304,target-neck-rotation-v21,target-neck-rotation-v21,marcus,Move slowly until I say stop.,assets/audio/voice/marcus/target-neck-rotation-v21.mp3,generated,elevenlabs,eleven_multilingual_v2,lUTamkMw7gOzZbFIwmq4,33062,2442f17e43965653c1ffca210912b2e9b224dbe6156baf8dfc21b30e328c4daf,1997,44100,1,true,true,true,,,generatedAt=2026-06-26T10:51:01.115Z; No current physical pair exists for this logical Training Voice V2.1 cue.
voice-v21-305,target-overhead-press-band-v21,target-overhead-press-band-v21,clara,Aim for twelve reps.,assets/audio/voice/clara/target-overhead-press-band-v21.mp3,generated,elevenlabs,eleven_multilingual_v2,rfkTsdZrVWEVhDycUYn9,25539,1a05c68b3745ced06b7981259532984f95268813962598112d8d4a110f21526f,1533,44100,1,true,true,true,,,generatedAt=2026-06-26T10:51:01.115Z; No current physical pair exists for this logical Training Voice V2.1 cue.
voice-v21-306,target-overhead-press-band-v21,target-overhead-press-band-v21,marcus,Aim for twelve reps.,assets/audio/voice/marcus/target-overhead-press-band-v21.mp3,generated,elevenlabs,eleven_multilingual_v2,lUTamkMw7gOzZbFIwmq4,23449,b376134dc30a221510edc2900252dabec46d9aa49641a568cd4db2064ec2b55d,1393,44100,1,true,true,true,,,generatedAt=2026-06-26T10:51:01.115Z; No current physical pair exists for this logical Training Voice V2.1 cue.
voice-v21-307,target-overhead-reach-v21,target-overhead-reach-v21,clara,Aim for twelve reps.,assets/audio/voice/clara/target-overhead-reach-v21.mp3,generated,elevenlabs,eleven_multilingual_v2,rfkTsdZrVWEVhDycUYn9,21777,6e3096d7cd5f3a2072adae1978b78122ff2395d36694ae5af0dde5d4c00af135,1300,44100,1,true,true,true,,,generatedAt=2026-06-26T10:51:01.115Z; No current physical pair exists for this logical Training Voice V2.1 cue.
voice-v21-308,target-overhead-reach-v21,target-overhead-reach-v21,marcus,Aim for twelve reps.,assets/audio/voice/marcus/target-overhead-reach-v21.mp3,generated,elevenlabs,eleven_multilingual_v2,lUTamkMw7gOzZbFIwmq4,23449,7535ee37c485228ced6fca2f00ef8cf874b3ca3492a27139e80af6d564cf0062,1393,44100,1,true,true,true,,,generatedAt=2026-06-26T10:51:01.115Z; No current physical pair exists for this logical Training Voice V2.1 cue.
voice-v21-309,target-push-up-incline-v21,target-push-up-incline-v21,clara,Aim for ten reps.,assets/audio/voice/clara/target-push-up-incline-v21.mp3,generated,elevenlabs,eleven_multilingual_v2,rfkTsdZrVWEVhDycUYn9,24703,1c908a47b2aa23e4f483e8fafabd06d42d5e2daa318f888b09d8926ee5464189,1486,44100,1,true,true,true,,,generatedAt=2026-06-26T10:51:01.115Z; No current physical pair exists for this logical Training Voice V2.1 cue.
voice-v21-310,target-push-up-incline-v21,target-push-up-incline-v21,marcus,Aim for ten reps.,assets/audio/voice/marcus/target-push-up-incline-v21.mp3,generated,elevenlabs,eleven_multilingual_v2,lUTamkMw7gOzZbFIwmq4,24285,766f2a452e283279eaff5b7df760be2ea8e018ada9c99d6c37b4214b877ea93b,1440,44100,1,true,true,true,,,generatedAt=2026-06-26T10:51:01.115Z; No current physical pair exists for this logical Training Voice V2.1 cue.
voice-v21-311,target-push-up-standard-v21,target-push-up-standard-v21,clara,Aim for eight reps.,assets/audio/voice/clara/target-push-up-standard-v21.mp3,generated,elevenlabs,eleven_multilingual_v2,rfkTsdZrVWEVhDycUYn9,24285,b6a173545005880d906fe413c4b206978fa5816c7f4723878f3639ea09cc30c0,1440,44100,1,true,true,true,,,generatedAt=2026-06-26T10:51:01.115Z; No current physical pair exists for this logical Training Voice V2.1 cue.
voice-v21-312,target-push-up-standard-v21,target-push-up-standard-v21,marcus,Aim for eight reps.,assets/audio/voice/marcus/target-push-up-standard-v21.mp3,generated,elevenlabs,eleven_multilingual_v2,lUTamkMw7gOzZbFIwmq4,23449,f0a0666133f9f15c2f626ae9b299e3b6d6e587ba682886442db71fa7c5d08c62,1393,44100,1,true,true,true,,,generatedAt=2026-06-26T10:51:01.115Z; No current physical pair exists for this logical Training Voice V2.1 cue.
voice-v21-313,target-push-up-wall-v21,target-push-up-wall-v21,clara,Aim for ten reps.,assets/audio/voice/clara/target-push-up-wall-v21.mp3,generated,elevenlabs,eleven_multilingual_v2,rfkTsdZrVWEVhDycUYn9,20942,b6e861d1dce79ee8ea43df033cec303a853426a6fdda30af68f6e7a955c8d2ef,1254,44100,1,true,true,true,,,generatedAt=2026-06-26T10:51:01.115Z; No current physical pair exists for this logical Training Voice V2.1 cue.
voice-v21-314,target-push-up-wall-v21,target-push-up-wall-v21,marcus,Aim for ten reps.,assets/audio/voice/marcus/target-push-up-wall-v21.mp3,generated,elevenlabs,eleven_multilingual_v2,lUTamkMw7gOzZbFIwmq4,20942,ad64517f055d0a1ef6602bb6316eddcfa56e5992d8180b3fae2ddecea23795c6,1254,44100,1,true,true,true,,,generatedAt=2026-06-26T10:51:01.115Z; No current physical pair exists for this logical Training Voice V2.1 cue.
voice-v21-315,target-seated-band-row-v21,target-seated-band-row-v21,clara,Aim for ten reps.,assets/audio/voice/clara/target-seated-band-row-v21.mp3,generated,elevenlabs,eleven_multilingual_v2,rfkTsdZrVWEVhDycUYn9,24703,be008cd7e6f29c7ab295db0e88de3ae9de5e9e72f9d4e20df81ce931facf5466,1486,44100,1,true,true,true,,,generatedAt=2026-06-26T10:51:01.115Z; No current physical pair exists for this logical Training Voice V2.1 cue.
voice-v21-316,target-seated-band-row-v21,target-seated-band-row-v21,marcus,Aim for ten reps.,assets/audio/voice/marcus/target-seated-band-row-v21.mp3,generated,elevenlabs,eleven_multilingual_v2,lUTamkMw7gOzZbFIwmq4,20524,8338020918ca6bb1d3dc6b08d2dffab7f2dd8c64006c625650054601a51aa4b6,1207,44100,1,true,true,true,,,generatedAt=2026-06-26T10:51:01.115Z; No current physical pair exists for this logical Training Voice V2.1 cue.
voice-v21-317,target-seated-hamstring-reach-v21,target-seated-hamstring-reach-v21,clara,Reach gently and hold until I say relax.,assets/audio/voice/clara/target-seated-hamstring-reach-v21.mp3,generated,elevenlabs,eleven_multilingual_v2,rfkTsdZrVWEVhDycUYn9,44765,72bb989e072a2bdf9ba09d3a66eec03f36e4c29443b64d75f2148f56f27cd86c,2740,44100,1,true,true,true,,,generatedAt=2026-06-26T10:51:01.115Z; No current physical pair exists for this logical Training Voice V2.1 cue.
voice-v21-318,target-seated-hamstring-reach-v21,target-seated-hamstring-reach-v21,marcus,Reach gently and hold until I say relax.,assets/audio/voice/marcus/target-seated-hamstring-reach-v21.mp3,generated,elevenlabs,eleven_multilingual_v2,lUTamkMw7gOzZbFIwmq4,38078,fc60ed7d7cee72144d55086718285e0451109f7a555675a1e674871ba2780d89,2322,44100,1,true,true,true,,,generatedAt=2026-06-26T10:51:01.115Z; No current physical pair exists for this logical Training Voice V2.1 cue.
voice-v21-319,target-squat-free-v21,target-squat-free-v21,clara,Aim for twelve reps.,assets/audio/voice/clara/target-squat-free-v21.mp3,generated,elevenlabs,eleven_multilingual_v2,rfkTsdZrVWEVhDycUYn9,25539,3ed7560ec11b7fdd60dff75e7e3b1e46a88879e21ca3ea40931ec712cff48ead,1533,44100,1,true,true,true,,,generatedAt=2026-06-26T10:51:01.115Z; No current physical pair exists for this logical Training Voice V2.1 cue.
voice-v21-320,target-squat-free-v21,target-squat-free-v21,marcus,Aim for twelve reps.,assets/audio/voice/marcus/target-squat-free-v21.mp3,generated,elevenlabs,eleven_multilingual_v2,lUTamkMw7gOzZbFIwmq4,21777,6bac0bf4954e779b7cdf2a2d9f8654d107252e24d285505db8e718af50673625,1300,44100,1,true,true,true,,,generatedAt=2026-06-26T10:51:01.115Z; No current physical pair exists for this logical Training Voice V2.1 cue.
voice-v21-321,target-squat-loaded-v21,target-squat-loaded-v21,clara,Aim for eight reps.,assets/audio/voice/clara/target-squat-loaded-v21.mp3,generated,elevenlabs,eleven_multilingual_v2,rfkTsdZrVWEVhDycUYn9,24285,baac71747ec1462dbd5d6fb85c0741edc614601aa5491fb870c6fd93093c1bd9,1440,44100,1,true,true,true,,,generatedAt=2026-06-26T10:51:01.115Z; No current physical pair exists for this logical Training Voice V2.1 cue.
voice-v21-322,target-squat-loaded-v21,target-squat-loaded-v21,marcus,Aim for eight reps.,assets/audio/voice/marcus/target-squat-loaded-v21.mp3,generated,elevenlabs,eleven_multilingual_v2,lUTamkMw7gOzZbFIwmq4,22613,f91e6e115df3259438dd58491bc9802f34e6dd8bf6c4e5956890ce0f4f9b6baa,1347,44100,1,true,true,true,,,generatedAt=2026-06-26T10:51:01.115Z; No current physical pair exists for this logical Training Voice V2.1 cue.
voice-v21-323,target-squat-slow-eccentric-v21,target-squat-slow-eccentric-v21,clara,Aim for eight reps.,assets/audio/voice/clara/target-squat-slow-eccentric-v21.mp3,generated,elevenlabs,eleven_multilingual_v2,rfkTsdZrVWEVhDycUYn9,24703,c65e5f7acc7bc787e821d55c3369ff1318bb3cbf24645f865df89b5cae1db549,1486,44100,1,true,true,true,,,generatedAt=2026-06-26T10:51:01.115Z; No current physical pair exists for this logical Training Voice V2.1 cue.
voice-v21-324,target-squat-slow-eccentric-v21,target-squat-slow-eccentric-v21,marcus,Aim for eight reps.,assets/audio/voice/marcus/target-squat-slow-eccentric-v21.mp3,generated,elevenlabs,eleven_multilingual_v2,lUTamkMw7gOzZbFIwmq4,20524,77a47db82cd47cc2caa9f864aa161b95a9f9b599d87cb81f23efc60cccebc190,1207,44100,1,true,true,true,,,generatedAt=2026-06-26T10:51:01.115Z; No current physical pair exists for this logical Training Voice V2.1 cue.
voice-v21-325,target-squat-supported-v21,target-squat-supported-v21,clara,Aim for ten reps.,assets/audio/voice/clara/target-squat-supported-v21.mp3,generated,elevenlabs,eleven_multilingual_v2,rfkTsdZrVWEVhDycUYn9,24703,3bff22e9fd0983e7072df4fb6f34d1eac2f9af28aa5a6af2af4ecd96be687909,1486,44100,1,true,true,true,,,generatedAt=2026-06-26T10:51:01.115Z; No current physical pair exists for this logical Training Voice V2.1 cue.
voice-v21-326,target-squat-supported-v21,target-squat-supported-v21,marcus,Aim for ten reps.,assets/audio/voice/marcus/target-squat-supported-v21.mp3,generated,elevenlabs,eleven_multilingual_v2,lUTamkMw7gOzZbFIwmq4,22613,35cf588a382e26f1902d5dc71522fe9382e9a776ff3c010b2eda337077171d8d,1347,44100,1,true,true,true,,,generatedAt=2026-06-26T10:51:01.115Z; No current physical pair exists for this logical Training Voice V2.1 cue.
voice-v21-327,target-standing-band-row-v21,target-standing-band-row-v21,clara,Aim for ten reps.,assets/audio/voice/clara/target-standing-band-row-v21.mp3,generated,elevenlabs,eleven_multilingual_v2,rfkTsdZrVWEVhDycUYn9,24703,edcdeb9cc367fdd6340c80845af573b604b805518fb5be37fbabf20a7c13cdf6,1486,44100,1,true,true,true,,,generatedAt=2026-06-26T10:51:01.115Z; No current physical pair exists for this logical Training Voice V2.1 cue.
voice-v21-328,target-standing-band-row-v21,target-standing-band-row-v21,marcus,Aim for ten reps.,assets/audio/voice/marcus/target-standing-band-row-v21.mp3,generated,elevenlabs,eleven_multilingual_v2,lUTamkMw7gOzZbFIwmq4,24285,62f22e12cf4cb0bb1aeccdcbdf5821e6d240c6049f5d515b040d975f8b661ee5,1440,44100,1,true,true,true,,,generatedAt=2026-06-26T10:51:01.115Z; No current physical pair exists for this logical Training Voice V2.1 cue.
voice-v21-329,target-step-up-v21,target-step-up-v21,clara,Do twelve total reps.,assets/audio/voice/clara/target-step-up-v21.mp3,generated,elevenlabs,eleven_multilingual_v2,rfkTsdZrVWEVhDycUYn9,27629,4b522d66632d840371869046294e750f79751fd022f11b5949a474863f00afb2,1672,44100,1,true,true,true,,,generatedAt=2026-06-26T10:51:01.115Z; No current physical pair exists for this logical Training Voice V2.1 cue.
voice-v21-330,target-step-up-v21,target-step-up-v21,marcus,Do twelve total reps.,assets/audio/voice/marcus/target-step-up-v21.mp3,generated,elevenlabs,eleven_multilingual_v2,lUTamkMw7gOzZbFIwmq4,25539,549457140c1ae0defa5aab67f9fe92972341e3d7b570680d36edc5c2ca89e82c,1533,44100,1,true,true,true,,,generatedAt=2026-06-26T10:51:01.115Z; No current physical pair exists for this logical Training Voice V2.1 cue.
voice-v21-331,target-sts-cushion-v21,target-sts-cushion-v21,clara,Aim for eight reps.,assets/audio/voice/clara/target-sts-cushion-v21.mp3,generated,elevenlabs,eleven_multilingual_v2,rfkTsdZrVWEVhDycUYn9,24703,6d5908412775f7455f510a2b53a61703ca01f680094d9c78b2ccf09875d8a85c,1486,44100,1,true,true,true,,,generatedAt=2026-06-26T10:51:01.115Z; No current physical pair exists for this logical Training Voice V2.1 cue.
voice-v21-332,target-sts-cushion-v21,target-sts-cushion-v21,marcus,Aim for eight reps.,assets/audio/voice/marcus/target-sts-cushion-v21.mp3,generated,elevenlabs,eleven_multilingual_v2,lUTamkMw7gOzZbFIwmq4,22613,a56e0286f29f2900efff368ce627f4fb9fa9006d05d8a207b9774c2c9d3bfcd1,1347,44100,1,true,true,true,,,generatedAt=2026-06-26T10:51:01.115Z; No current physical pair exists for this logical Training Voice V2.1 cue.
voice-v21-333,target-sts-power-v21,target-sts-power-v21,clara,Aim for twelve reps.,assets/audio/voice/clara/target-sts-power-v21.mp3,generated,elevenlabs,eleven_multilingual_v2,rfkTsdZrVWEVhDycUYn9,26375,7dee1f3b28a3e213e111c96efaa51ddbae248fb9606cf570c221439d46775951,1579,44100,1,true,true,true,,,generatedAt=2026-06-26T10:51:01.115Z; No current physical pair exists for this logical Training Voice V2.1 cue.
voice-v21-334,target-sts-power-v21,target-sts-power-v21,marcus,Aim for twelve reps.,assets/audio/voice/marcus/target-sts-power-v21.mp3,generated,elevenlabs,eleven_multilingual_v2,lUTamkMw7gOzZbFIwmq4,21777,00f2336d9066778494c6ff34dc44f3feb528b308679fb52eb72e39320b5ed28a,1300,44100,1,true,true,true,,,generatedAt=2026-06-26T10:51:01.115Z; No current physical pair exists for this logical Training Voice V2.1 cue.
voice-v21-335,target-sts-slow-eccentric-v21,target-sts-slow-eccentric-v21,clara,Aim for eight reps.,assets/audio/voice/clara/target-sts-slow-eccentric-v21.mp3,generated,elevenlabs,eleven_multilingual_v2,rfkTsdZrVWEVhDycUYn9,19688,bbfbb1b649d74c8ba475e77f38bafd74dd999a596e0a249984071728e766bb14,1161,44100,1,true,true,true,,,generatedAt=2026-06-26T10:51:01.115Z; No current physical pair exists for this logical Training Voice V2.1 cue.
voice-v21-336,target-sts-slow-eccentric-v21,target-sts-slow-eccentric-v21,marcus,Aim for eight reps.,assets/audio/voice/marcus/target-sts-slow-eccentric-v21.mp3,generated,elevenlabs,eleven_multilingual_v2,lUTamkMw7gOzZbFIwmq4,23449,3f5f870af4a810e33d67debd6d98fb62f45717ca8788efd04467c733a71d5d56,1393,44100,1,true,true,true,,,generatedAt=2026-06-26T10:51:01.115Z; No current physical pair exists for this logical Training Voice V2.1 cue.
voice-v21-337,target-sts-standard-v21,target-sts-standard-v21,clara,Aim for ten reps.,assets/audio/voice/clara/target-sts-standard-v21.mp3,generated,elevenlabs,eleven_multilingual_v2,rfkTsdZrVWEVhDycUYn9,20942,1863aa485778d9ae4b9e7466f8b74d630cb62a8154f872e62c0e8301a24d1c55,1254,44100,1,true,true,true,,,generatedAt=2026-06-26T10:51:01.115Z; No current physical pair exists for this logical Training Voice V2.1 cue.
voice-v21-338,target-sts-standard-v21,target-sts-standard-v21,marcus,Aim for ten reps.,assets/audio/voice/marcus/target-sts-standard-v21.mp3,generated,elevenlabs,eleven_multilingual_v2,lUTamkMw7gOzZbFIwmq4,22613,5a6aa0d2ca4db5ef696af22cb3a7947ab48cec503c90040e6f341b02048249e4,1347,44100,1,true,true,true,,,generatedAt=2026-06-26T10:51:01.115Z; No current physical pair exists for this logical Training Voice V2.1 cue.
voice-v21-339,target-supported-hip-flexor-stretch-v21,target-supported-hip-flexor-stretch-v21,clara,Hold for [duration].,assets/audio/voice/clara/target-supported-hip-flexor-stretch-v21.mp3,generated,elevenlabs,eleven_multilingual_v2,rfkTsdZrVWEVhDycUYn9,24703,a4cf5e3b6a5d10ff1b5c803d494ae5198c087c216f004961897da4519e727e76,1486,44100,1,true,true,true,,,generatedAt=2026-06-26T10:51:01.115Z; No current physical pair exists for this logical Training Voice V2.1 cue.
voice-v21-340,target-supported-hip-flexor-stretch-v21,target-supported-hip-flexor-stretch-v21,marcus,Hold for [duration].,assets/audio/voice/marcus/target-supported-hip-flexor-stretch-v21.mp3,generated,elevenlabs,eleven_multilingual_v2,lUTamkMw7gOzZbFIwmq4,24285,0e21415713e0a73027955e009c9ae6d066748d356afa742b46d63e01b59cf22a,1440,44100,1,true,true,true,,,generatedAt=2026-06-26T10:51:01.115Z; No current physical pair exists for this logical Training Voice V2.1 cue.
voice-v21-341,target-supported-side-step-v21,target-supported-side-step-v21,clara,Move for thirty seconds.,assets/audio/voice/clara/target-supported-side-step-v21.mp3,generated,elevenlabs,eleven_multilingual_v2,rfkTsdZrVWEVhDycUYn9,27211,81de8b8f94f33baa31fc9e4afa5c11cafca89ca5b397e15accabda71e9b8d80a,1625,44100,1,true,true,true,,,generatedAt=2026-06-26T10:51:01.115Z; No current physical pair exists for this logical Training Voice V2.1 cue.
voice-v21-342,target-supported-side-step-v21,target-supported-side-step-v21,marcus,Move for thirty seconds.,assets/audio/voice/marcus/target-supported-side-step-v21.mp3,generated,elevenlabs,eleven_multilingual_v2,lUTamkMw7gOzZbFIwmq4,24703,ac9eaae1ea9d8d6a06293e859dd1dcf8d079e5e6f00fb6ed477e3dffa9989ed2,1486,44100,1,true,true,true,,,generatedAt=2026-06-26T10:51:01.115Z; No current physical pair exists for this logical Training Voice V2.1 cue.
voice-v21-343,target-thoracic-rotation-v21,target-thoracic-rotation-v21,clara,Move for thirty seconds.,assets/audio/voice/clara/target-thoracic-rotation-v21.mp3,generated,elevenlabs,eleven_multilingual_v2,rfkTsdZrVWEVhDycUYn9,26375,eeb77c4ec32a324f76e5b980e1f44e435de39fc9e2d752e23f051c83e21e9977,1579,44100,1,true,true,true,,,generatedAt=2026-06-26T10:51:01.115Z; No current physical pair exists for this logical Training Voice V2.1 cue.
voice-v21-344,target-thoracic-rotation-v21,target-thoracic-rotation-v21,marcus,Move for thirty seconds.,assets/audio/voice/marcus/target-thoracic-rotation-v21.mp3,generated,elevenlabs,eleven_multilingual_v2,lUTamkMw7gOzZbFIwmq4,24703,5b22a34e70b45742ab2a744946f62a0b5669ff9b7c9fc1c9a10528029fe3cd02,1486,44100,1,true,true,true,,,generatedAt=2026-06-26T10:51:01.115Z; No current physical pair exists for this logical Training Voice V2.1 cue.
voice-v21-345,target-toe-raise-supported-v21,target-toe-raise-supported-v21,clara,Move for thirty seconds.,assets/audio/voice/clara/target-toe-raise-supported-v21.mp3,generated,elevenlabs,eleven_multilingual_v2,rfkTsdZrVWEVhDycUYn9,27211,afae77c844f1a3ac31d0b06c7b40a33dc29733df6b9170874f673299f68c9eb3,1625,44100,1,true,true,true,,,generatedAt=2026-06-26T10:51:01.115Z; No current physical pair exists for this logical Training Voice V2.1 cue.
voice-v21-346,target-toe-raise-supported-v21,target-toe-raise-supported-v21,marcus,Move for thirty seconds.,assets/audio/voice/marcus/target-toe-raise-supported-v21.mp3,generated,elevenlabs,eleven_multilingual_v2,lUTamkMw7gOzZbFIwmq4,21777,c9caa0f6b3e4b814637b281b0a2bfa759bf42be5c0575e70907b7b16a8e60ab6,1300,44100,1,true,true,true,,,generatedAt=2026-06-26T10:51:01.115Z; No current physical pair exists for this logical Training Voice V2.1 cue.
voice-v21-347,target-wall-calf-stretch-v21,target-wall-calf-stretch-v21,clara,Hold for [duration].,assets/audio/voice/clara/target-wall-calf-stretch-v21.mp3,generated,elevenlabs,eleven_multilingual_v2,rfkTsdZrVWEVhDycUYn9,26375,28e2bbd69e6a9801c7b4973f294f216001a8d9f085a5ec5d5f97074051c78181,1579,44100,1,true,true,true,,,generatedAt=2026-06-26T10:51:01.115Z; No current physical pair exists for this logical Training Voice V2.1 cue.
voice-v21-348,target-wall-calf-stretch-v21,target-wall-calf-stretch-v21,marcus,Hold for [duration].,assets/audio/voice/marcus/target-wall-calf-stretch-v21.mp3,generated,elevenlabs,eleven_multilingual_v2,lUTamkMw7gOzZbFIwmq4,24285,8913e853f0106001a4e8e7bd97b6325d5c14330edbd5e30509be86a20d1da0c3,1440,44100,1,true,true,true,,,generatedAt=2026-06-26T10:51:01.115Z; No current physical pair exists for this logical Training Voice V2.1 cue.
voice-v21-349,training-intro-v21,training-intro-v21,clara,"Time to train. I will guide the setup, work, and rests. Follow my voice and pause whenever you need.",assets/audio/voice/clara/training-intro-v21.mp3,generated,elevenlabs,eleven_multilingual_v2,rfkTsdZrVWEVhDycUYn9,114146,880586c5b34c34ad6f46078ad593dee8296cd9a7c22230d13ec24f70e0b98c86,7059,44100,1,true,true,true,,,"generatedAt=2026-06-26T10:51:01.115Z; A physical candidate exists, but V2.1 requires a separate exact logical cue."
voice-v21-350,training-intro-v21,training-intro-v21,marcus,"Time to train. I will guide the setup, work, and rests. Follow my voice and pause whenever you need.",assets/audio/voice/marcus/training-intro-v21.mp3,generated,elevenlabs,eleven_multilingual_v2,lUTamkMw7gOzZbFIwmq4,116236,b812c768e441357e944187bb63306e8c11a9703e1584c579a2cf9eb4d5767d25,7198,44100,1,true,true,true,,,"generatedAt=2026-06-26T10:51:01.115Z; A physical candidate exists, but V2.1 requires a separate exact logical cue."
voice-v21-351,training-skip-v21,training-skip-v21,clara,Skipped. Moving on.,assets/audio/voice/clara/training-skip-v21.mp3,generated,elevenlabs,eleven_multilingual_v2,rfkTsdZrVWEVhDycUYn9,27211,bfdfbcef4144389e95569da93f366bc0b3eb6a432721c6fc802831e90c20e071,1625,44100,1,true,true,true,,,"generatedAt=2026-06-26T10:51:01.115Z; A physical candidate exists, but V2.1 requires a separate exact logical cue."
voice-v21-352,training-skip-v21,training-skip-v21,marcus,Skipped. Moving on.,assets/audio/voice/marcus/training-skip-v21.mp3,generated,elevenlabs,eleven_multilingual_v2,lUTamkMw7gOzZbFIwmq4,24703,f4770a410057776c8b7b9828dd033041080d2b1763e619a4a8d05143438aaa1f,1486,44100,1,true,true,true,,,"generatedAt=2026-06-26T10:51:01.115Z; A physical candidate exists, but V2.1 requires a separate exact logical cue."
