physicalCueKey,logicalCueKeys,voiceId,path,exists,sha256,durationMs,fileSizeBytes,sampleRateHz,channels,manifestRegistered,verifyAudioCovered,metadataStatus,fingerprintStatus,decodeStatus,classification,notes
rep-credit,,sfx,assets/audio/sfx/rep-credit.wav,true,1d35f4f51fa625be1dd9362e237f61cca1b2e7f1e702bd7a36efc04135bfff94,160,7724,24000,1,true,false,not_required_sfx,not_required_sfx,ok,sfx_asset,Non-voice session sound.
balance-feet-together,,clara,assets/audio/voice/clara/balance-feet-together.mp3,true,ef625d83ef99af9764f59cd4a8409a39aa3514234703732c889bf483d3558abf,2368,38914,44100,1,true,false,not_required_legacy,not_required_legacy,ok,legacy_only,Measured from current task-start physical corpus.
balance-intro,,clara,assets/audio/voice/clara/balance-intro.mp3,true,c9b87c7a2c690efafdcd581247c3cf1cb299136c7ad65a52bbebe0457724dcc3,9660,155524,44100,1,true,false,not_required_legacy,not_required_legacy,ok,legacy_only,Measured from current task-start physical corpus.
balance-semi-tandem,,clara,assets/audio/voice/clara/balance-semi-tandem.mp3,true,e8f952e2a3e1fadfa407699bc6844eadb93182061d8728330957cfeee898463c,4551,74022,44100,1,true,false,not_required_legacy,not_required_legacy,ok,legacy_only,Measured from current task-start physical corpus.
balance-setup,,clara,assets/audio/voice/clara/balance-setup.mp3,true,e1c9e71acba2fa89a613013630e35a772e2afb25a4cab032c8c7bf128b85ba6a,7338,118326,44100,1,true,false,not_required_legacy,not_required_legacy,ok,legacy_only,Measured from current task-start physical corpus.
balance-single-leg,,clara,assets/audio/voice/clara/balance-single-leg.mp3,true,9ba13a7675048087f9b5e1c4969aa9db4922b1488d82035d6e8c35dc3be4e748,3901,63573,44100,1,true,false,not_required_legacy,not_required_legacy,ok,legacy_only,Measured from current task-start physical corpus.
balance-tandem,,clara,assets/audio/voice/clara/balance-tandem.mp3,true,5973ed9f2e15a91fefe37c7a6e9b12cbe7808de87e450f8f807c1d1c75f44c83,3390,55214,44100,1,true,false,not_required_legacy,not_required_legacy,ok,legacy_only,Measured from current task-start physical corpus.
balance_no_eyes_closed_or_unstable_surface,,clara,assets/audio/voice/clara/balance_no_eyes_closed_or_unstable_surface.mp3,true,4d1aeac66b272f327115e889ad58717e220ff98cd1c74121d4635c490cc79c17,4505,73186,44100,1,true,true,covered_by_required_audio_metadata,verified_by_verify_audio,ok,legacy_only,Measured from current task-start physical corpus.
balance_stop_if_unsteady,,clara,assets/audio/voice/clara/balance_stop_if_unsteady.mp3,true,69b56666c5c8cbb4797ed658703212781fb1c6cddab42ba881e1f9b2347c8c9b,2833,46437,44100,1,true,true,covered_by_required_audio_metadata,verified_by_verify_audio,ok,legacy_only,Measured from current task-start physical corpus.
balance_support_within_reach,,clara,assets/audio/voice/clara/balance_support_within_reach.mp3,true,960038b9920717181043cc64acb8678731de400833aa38109789a7bc345424fc,4226,68589,44100,1,true,true,covered_by_required_audio_metadata,verified_by_verify_audio,ok,legacy_only,Measured from current task-start physical corpus.
balance_supported_if_hesitant,,clara,assets/audio/voice/clara/balance_supported_if_hesitant.mp3,true,92e31ae7bd0e90f64d9fa24ed6dc6038d5438a634b90e187f8dbae8d50425f85,2276,37660,44100,1,true,true,covered_by_required_audio_metadata,verified_by_verify_audio,ok,legacy_only,Measured from current task-start physical corpus.
band_anchor_feet_secure,,clara,assets/audio/voice/clara/band_anchor_feet_secure.mp3,true,2bbb258cdf096f92fb6ded59af2c693462d033f866c2ae71a6905697fc281fbc,4598,74440,44100,1,true,true,covered_by_required_audio_metadata,verified_by_verify_audio,ok,legacy_only,Measured from current task-start physical corpus.
band_controlled_return,,clara,assets/audio/voice/clara/band_controlled_return.mp3,true,2eb0402b064c0690661484f6d585606283af8948abdba64daf9319376e71ff18,2368,38914,44100,1,true,true,covered_by_required_audio_metadata,verified_by_verify_audio,ok,legacy_only,Measured from current task-start physical corpus.
band_do_not_overstretch,,clara,assets/audio/voice/clara/band_do_not_overstretch.mp3,true,d42d142e8f44126ced588982277bbba88e843b13416c54381aecd41d04d4d573,3529,57722,44100,1,true,true,covered_by_required_audio_metadata,verified_by_verify_audio,ok,legacy_only,Measured from current task-start physical corpus.
band_face_and_eyes_clear,,clara,assets/audio/voice/clara/band_face_and_eyes_clear.mp3,true,7fe226f7367431ce7461c6d7a431551e57debdde112402482eb82f5288408546,2926,47691,44100,1,true,true,covered_by_required_audio_metadata,verified_by_verify_audio,ok,legacy_only,Measured from current task-start physical corpus.
band_inspect_before_use,,clara,assets/audio/voice/clara/band_inspect_before_use.mp3,true,39b4f0a495aecca591ed76575a6e81e4efc8557ce73a52d4badbd240a2fc3815,5108,82799,44100,1,true,true,covered_by_required_audio_metadata,verified_by_verify_audio,ok,legacy_only,Measured from current task-start physical corpus.
band_never_release_under_tension,,clara,assets/audio/voice/clara/band_never_release_under_tension.mp3,true,6c1549b8f49ffe27fa2388cccd3b39ca94a053e45df593ffcf625005fedf6cd5,1950,32226,44100,1,true,true,covered_by_required_audio_metadata,verified_by_verify_audio,ok,legacy_only,Measured from current task-start physical corpus.
band_secure_grip,,clara,assets/audio/voice/clara/band_secure_grip.mp3,true,90f7b0734a6809610bb4fd33028f26a4e3edbd1299ccf93b5ffada4260e7b26e,3111,51035,44100,1,true,true,covered_by_required_audio_metadata,verified_by_verify_audio,ok,legacy_only,Measured from current task-start physical corpus.
band_stable_stance,,clara,assets/audio/voice/clara/band_stable_stance.mp3,true,a5e05f4682e50f924ea9053967ca96c3d65b1ed8fbfa03040297326f43916fcf,3251,53124,44100,1,true,true,covered_by_required_audio_metadata,verified_by_verify_audio,ok,legacy_only,Measured from current task-start physical corpus.
band_stop_if_slips_or_shifts,,clara,assets/audio/voice/clara/band_stop_if_slips_or_shifts.mp3,true,d9edcf831beb7631afd8d1e5e0e8e1537683a70ad326ef2eaff2a4f5f026b48e,5294,85725,44100,1,true,true,covered_by_required_audio_metadata,verified_by_verify_audio,ok,legacy_only,Measured from current task-start physical corpus.
center-yourself,,clara,assets/audio/voice/clara/center-yourself.mp3,true,e5e05d47f0a4afef76154cfabc3e1a00326ca25479036f3c5dcd832846f8732b,2090,34316,44100,1,true,false,not_required_legacy,not_required_legacy,ok,legacy_only,Measured from current task-start physical corpus.
chair-stand-intro,,clara,assets/audio/voice/clara/chair-stand-intro.mp3,true,1f5289f343e15713cbc63c56c4254b5eed6856724e850797b1ed21778bec34ea,9474,152599,44100,1,true,false,not_required_legacy,not_required_legacy,ok,legacy_only,Measured from current task-start physical corpus.
chair-stand-setup,,clara,assets/audio/voice/clara/chair-stand-setup.mp3,true,f9ecdc501d8eff499a583ae6cc3f6959f1926c66072c0d254b433fb4d9384809,10031,161376,44100,1,true,false,not_required_legacy,not_required_legacy,ok,legacy_only,Measured from current task-start physical corpus.
chair_controlled_sit,,clara,assets/audio/voice/clara/chair_controlled_sit.mp3,true,cc4e642f3572261679f5973b2dfbc3bddfad359b3616de1ef3f9f39ac9ddc996,3019,49363,44100,1,true,true,covered_by_required_audio_metadata,verified_by_verify_audio,ok,legacy_only,Measured from current task-start physical corpus.
chair_use_sturdy_chair,,clara,assets/audio/voice/clara/chair_use_sturdy_chair.mp3,true,c5df146871d164d6f887df2a30fd159e1195348814c407254b39fc3eb7130f4c,2926,47691,44100,1,true,true,covered_by_required_audio_metadata,verified_by_verify_audio,ok,legacy_only,Measured from current task-start physical corpus.
checkup-balance-feet-together-v21,checkup-balance-feet-together-v21,clara,assets/audio/voice/clara/checkup-balance-feet-together-v21.mp3,true,b2103b1787d5de75cc452872458e61afcd1737024d94051ce85950b83eade387,3947,64409,44100,1,true,true,current_generated_metadata,current,ok,physical_ready_exact_pair,Generated Voice V2.1 asset measured from current disk bytes.
checkup-balance-intro-v21,checkup-balance-intro-v21,clara,assets/audio/voice/clara/checkup-balance-intro-v21.mp3,true,d50f2797e1a4e219547db5114c6900755aa4a8c320e03ae26b3da96fac315365,4690,76112,44100,1,true,true,covered_by_required_audio_metadata,verified_by_verify_audio,ok,physical_ready_exact_pair,Measured from current task-start physical corpus.
checkup-balance-next-stance-v21,checkup-balance-next-stance-v21,clara,assets/audio/voice/clara/checkup-balance-next-stance-v21.mp3,true,7532724d38a3d39dbe6cd34d3d3404fc5e0414369dc76decec9a410bd7cfeb29,2601,42675,44100,1,true,true,current_generated_metadata,current,ok,physical_ready_exact_pair,Generated Voice V2.1 asset measured from current disk bytes.
checkup-balance-semi-tandem-left-v21,checkup-balance-semi-tandem-left-v21,clara,assets/audio/voice/clara/checkup-balance-semi-tandem-left-v21.mp3,true,cb6370269f6b068721d87ca79d61d595859be823b05052ddad38161f065b70f1,3622,58976,44100,1,true,true,current_generated_metadata,current,ok,physical_ready_exact_pair,Generated Voice V2.1 asset measured from current disk bytes.
checkup-balance-semi-tandem-right-v21,checkup-balance-semi-tandem-right-v21,clara,assets/audio/voice/clara/checkup-balance-semi-tandem-right-v21.mp3,true,fb005e152e9694285a61ff2466e243ad2bf7755ef23e8a4391860c3b75930ed5,3715,60648,44100,1,true,true,current_generated_metadata,current,ok,physical_ready_exact_pair,Generated Voice V2.1 asset measured from current disk bytes.
checkup-balance-single-leg-left-v21,checkup-balance-single-leg-left-v21,clara,assets/audio/voice/clara/checkup-balance-single-leg-left-v21.mp3,true,75634ec2d05e9588821d1c1c362abe6019cca226e38c801c79bcad564f450bb9,3251,53124,44100,1,true,true,current_generated_metadata,current,ok,physical_ready_exact_pair,Generated Voice V2.1 asset measured from current disk bytes.
checkup-balance-single-leg-right-v21,checkup-balance-single-leg-right-v21,clara,assets/audio/voice/clara/checkup-balance-single-leg-right-v21.mp3,true,649572e625e9d68d766fd33c3e8ad2f99b0fe3efe767449ec6a729d03b54ce39,3251,53124,44100,1,true,true,current_generated_metadata,current,ok,physical_ready_exact_pair,Generated Voice V2.1 asset measured from current disk bytes.
checkup-balance-single-leg-v21,checkup-balance-single-leg-v21,clara,assets/audio/voice/clara/checkup-balance-single-leg-v21.mp3,true,150f92299310232b0a58dbd793883816c901fbd30594462b0ff08b49760f282c,4690,76112,44100,1,true,true,covered_by_required_audio_metadata,verified_by_verify_audio,ok,physical_ready_exact_pair,Measured from current task-start physical corpus.
checkup-balance-support-touch-v21,checkup-balance-support-touch-v21,clara,assets/audio/voice/clara/checkup-balance-support-touch-v21.mp3,true,181c9dd518db7114c4d6219d23519144783041c970711d53e06f4c92fcc51fe2,3111,51035,44100,1,true,true,current_generated_metadata,current,ok,physical_ready_exact_pair,Generated Voice V2.1 asset measured from current disk bytes.
checkup-balance-tandem-left-v21,checkup-balance-tandem-left-v21,clara,assets/audio/voice/clara/checkup-balance-tandem-left-v21.mp3,true,c49b4390dd0c5bf66a5e41421565aa3f2e40d08fbafc320d747793aeaddbcd1e,4505,73186,44100,1,true,true,current_generated_metadata,current,ok,physical_ready_exact_pair,Generated Voice V2.1 asset measured from current disk bytes.
checkup-balance-tandem-right-v21,checkup-balance-tandem-right-v21,clara,assets/audio/voice/clara/checkup-balance-tandem-right-v21.mp3,true,66433fd3b84029a1fb0e0d459810b2aeb4aad201a89925b7ec9f320be85fcea1,4737,76948,44100,1,true,true,current_generated_metadata,current,ok,physical_ready_exact_pair,Generated Voice V2.1 asset measured from current disk bytes.
checkup-chair-stand-intro-v21,checkup-chair-stand-intro-v21,clara,assets/audio/voice/clara/checkup-chair-stand-intro-v21.mp3,true,78e07bb6e09b12918fd688eac88178b0b5a3f9e9b76cb72934ee176606aedcce,4737,76948,44100,1,true,true,covered_by_required_audio_metadata,verified_by_verify_audio,ok,physical_ready_exact_pair,Measured from current task-start physical corpus.
checkup-chair-stand-setup-v21,checkup-chair-stand-setup-v21,clara,assets/audio/voice/clara/checkup-chair-stand-setup-v21.mp3,true,28a340ea76a15341a3848e117bb914da604f900dfc2c1320babc8e9ad69d56b5,5619,91159,44100,1,true,true,covered_by_required_audio_metadata,verified_by_verify_audio,ok,physical_ready_exact_pair,Measured from current task-start physical corpus.
checkup-complete-v21,checkup-complete-v21,clara,assets/audio/voice/clara/checkup-complete-v21.mp3,true,f5dc277ca5d4290279149f8497c4e64f1f1addefeddbb43ed175e977ee3bbf9e,2601,42675,44100,1,true,true,covered_by_required_audio_metadata,verified_by_verify_audio,ok,physical_ready_exact_pair,Measured from current task-start physical corpus.
checkup-complete,,clara,assets/audio/voice/clara/checkup-complete.mp3,true,91aaaf9bb6b7b06c4ac37aa33944b7e7e4dfbdec701e69409516d5eefacf9c3a,5201,84471,44100,1,true,false,not_required_legacy,not_required_legacy,ok,legacy_only,Measured from current task-start physical corpus.
checkup-hinge-setup-v21,checkup-hinge-setup-v21,clara,assets/audio/voice/clara/checkup-hinge-setup-v21.mp3,true,ed41360d9bfe88a1fcc1c336e57c9de216abdf760ff210b9fccb9884bb565e7e,6641,107459,44100,1,true,true,covered_by_required_audio_metadata,verified_by_verify_audio,ok,physical_ready_exact_pair,Measured from current task-start physical corpus.
checkup-intro,,clara,assets/audio/voice/clara/checkup-intro.mp3,true,f8615e112d44fc487f412af2cff86d391e5423829511017c91e108a440b4433e,12492,201082,44100,1,true,false,not_required_legacy,not_required_legacy,ok,legacy_only,Measured from current task-start physical corpus.
checkup-shoulder-raise-left-v21,checkup-shoulder-raise-left-v21,clara,assets/audio/voice/clara/checkup-shoulder-raise-left-v21.mp3,true,6565233b8651dd52422b09c612c0a5faa021f6dcb1a968d92eb7ba88b8acebb2,4690,76112,44100,1,true,true,covered_by_required_audio_metadata,verified_by_verify_audio,ok,physical_ready_exact_pair,Measured from current task-start physical corpus.
checkup-shoulder-raise-right-v21,checkup-shoulder-raise-right-v21,clara,assets/audio/voice/clara/checkup-shoulder-raise-right-v21.mp3,true,1e92ab429a5ac3343299277aecc242c06cb3d98731636a9e2335d5b2a2c12315,5155,83635,44100,1,true,true,covered_by_required_audio_metadata,verified_by_verify_audio,ok,physical_ready_exact_pair,Measured from current task-start physical corpus.
checkup-shoulder-turn-left-v21,checkup-shoulder-turn-left-v21,clara,assets/audio/voice/clara/checkup-shoulder-turn-left-v21.mp3,true,52374e4bf3a58c023cf310729bd585676e2cbc0e800c0c98c847a785fc2fc93b,2601,42675,44100,1,true,true,covered_by_required_audio_metadata,verified_by_verify_audio,ok,physical_ready_exact_pair,Measured from current task-start physical corpus.
checkup-shoulder-turn-right-v21,checkup-shoulder-turn-right-v21,clara,assets/audio/voice/clara/checkup-shoulder-turn-right-v21.mp3,true,5da47d97f2c31c6650ea0dae62838b6e2cf52d0358d8d95024bd1a403088edb5,2554,41839,44100,1,true,true,covered_by_required_audio_metadata,verified_by_verify_audio,ok,physical_ready_exact_pair,Measured from current task-start physical corpus.
close-your-eyes,close-your-eyes,clara,assets/audio/voice/clara/close-your-eyes.mp3,true,596221b014a55929130b8c7c4e5a1bf98369a263916ed2a56d350b22dcc9c5f7,2461,40586,44100,1,true,false,not_required_legacy,not_required_legacy,ok,script_mismatch_candidate_not_reused,Measured from current task-start physical corpus.
comfortable_range_only,,clara,assets/audio/voice/clara/comfortable_range_only.mp3,true,60583faa7b2fcf7cb8f132d42bf741a0cc73d5421b0d39567b1ced8480868986,2136,35152,44100,1,true,true,covered_by_required_audio_metadata,verified_by_verify_audio,ok,legacy_only,Measured from current task-start physical corpus.
cooldown-now,,clara,assets/audio/voice/clara/cooldown-now.mp3,true,6bb0a9b428dafc1383c28de59cad1b0cb73ba8afddf146764cab45d50bbec84c,2601,42675,44100,1,true,false,not_required_legacy,not_required_legacy,ok,legacy_only,Measured from current task-start physical corpus.
countdown-one,countdown-one,clara,assets/audio/voice/clara/countdown-one.mp3,true,60897a7add547b8f1226c9bdea8477d732720c8190245fe0752c3524e5df5961,604,10911,44100,1,true,false,not_required_legacy,not_required_legacy,ok,physical_ready_exact_pair,Measured from current task-start physical corpus.
countdown-three,countdown-three,clara,assets/audio/voice/clara/countdown-three.mp3,true,f328b2ce277c8813452f39cf970b34008b7906baa3d51732b1b93707285b9bcf,789,13836,44100,1,true,false,not_required_legacy,not_required_legacy,ok,physical_ready_exact_pair,Measured from current task-start physical corpus.
countdown-two,countdown-two,clara,assets/audio/voice/clara/countdown-two.mp3,true,ffd95b7bd9220c741ce08c80f5e01d5ed06bc8bf31573638175daa4dc8936e6b,743,13000,44100,1,true,false,not_required_legacy,not_required_legacy,ok,physical_ready_exact_pair,Measured from current task-start physical corpus.
door_anchor_follow_manufacturer_setup,,clara,assets/audio/voice/clara/door_anchor_follow_manufacturer_setup.mp3,true,4d0f15b7495800576df2d984dcb22581084086a591b5a87579beaf0ae42cba8e,4040,65663,44100,1,true,true,covered_by_required_audio_metadata,verified_by_verify_audio,ok,legacy_only,Measured from current task-start physical corpus.
door_anchor_fully_closed,,clara,assets/audio/voice/clara/door_anchor_fully_closed.mp3,true,34c3f0da39caaa93bb3335e92047812da861709861d17faa28cf34de95142f0b,3529,57722,44100,1,true,true,covered_by_required_audio_metadata,verified_by_verify_audio,ok,legacy_only,Measured from current task-start physical corpus.
door_anchor_stay_out_of_door_path,,clara,assets/audio/voice/clara/door_anchor_stay_out_of_door_path.mp3,true,4e6ee142b9e234ef97eadc96ae2fedc05c46a68a4f45b988131c8078756a7bfe,3297,53960,44100,1,true,true,covered_by_required_audio_metadata,verified_by_verify_audio,ok,legacy_only,Measured from current task-start physical corpus.
door_anchor_stop_if_moves,,clara,assets/audio/voice/clara/door_anchor_stop_if_moves.mp3,true,2ec77de5e47a867fe6e05c5d3f77f786e0c72c4f9ef4a43edd8a9c93b4a412b2,4830,78202,44100,1,true,true,covered_by_required_audio_metadata,verified_by_verify_audio,ok,legacy_only,Measured from current task-start physical corpus.
door_anchor_test_light_tension,,clara,assets/audio/voice/clara/door_anchor_test_light_tension.mp3,true,68d4880f66db25734091129a890e3fdcf211cef2760a77231b97de87de33c043,3297,53960,44100,1,true,true,covered_by_required_audio_metadata,verified_by_verify_audio,ok,legacy_only,Measured from current task-start physical corpus.
equip-balance-support-v21,equip-balance-support-v21,clara,assets/audio/voice/clara/equip-balance-support-v21.mp3,true,13c9f0ff04f94fe4a99d8255148bf937d2c62437d0dbca9f3603bd0c990a0285,2043,33898,44100,1,true,true,current_generated_metadata,current,ok,physical_ready_exact_pair,Generated Voice V2.1 asset measured from current disk bytes.
equip-chair-stable-v21,equip-chair-stable-v21,clara,assets/audio/voice/clara/equip-chair-stable-v21.mp3,true,18a902ce08f14f2bb0b9072224203aa93be9a2e095b880578e688c404fb92dcf,2461,40586,44100,1,true,true,current_generated_metadata,current,ok,physical_ready_exact_pair,Generated Voice V2.1 asset measured from current disk bytes.
equip-door-anchor-v21,equip-door-anchor-v21,clara,assets/audio/voice/clara/equip-door-anchor-v21.mp3,true,d54a3a900ca8e7dfd510191264d085cef6a413fb98f1e6f5fc69bac782a8353e,3994,64827,44100,1,true,true,current_generated_metadata,current,ok,physical_ready_exact_pair,Generated Voice V2.1 asset measured from current disk bytes.
equip-floor-transition-v21,equip-floor-transition-v21,clara,assets/audio/voice/clara/equip-floor-transition-v21.mp3,true,9ebe95f23a8a91a862f1b729bd77687ffa90b2b804162ed3d3e74c4d881167f1,3019,49363,44100,1,true,true,current_generated_metadata,current,ok,physical_ready_exact_pair,Generated Voice V2.1 asset measured from current disk bytes.
equip-long-band-v21,equip-long-band-v21,clara,assets/audio/voice/clara/equip-long-band-v21.mp3,true,deff1493c316176370a3a59191ed0e06d30d8d4aecb15b8a2acde9520912911b,3111,51035,44100,1,true,true,current_generated_metadata,current,ok,physical_ready_exact_pair,Generated Voice V2.1 asset measured from current disk bytes.
equip-step-stable-v21,equip-step-stable-v21,clara,assets/audio/voice/clara/equip-step-stable-v21.mp3,true,cefbc5ce6f222e3072f4b5ae590fc679b585db91cb1dfc76f07521fdfc9e0034,2926,47691,44100,1,true,true,current_generated_metadata,current,ok,physical_ready_exact_pair,Generated Voice V2.1 asset measured from current disk bytes.
equip-support-close-v21,equip-support-close-v21,clara,assets/audio/voice/clara/equip-support-close-v21.mp3,true,075fae70b8d82a6c84fb96b6d1dc3a6d8e740b8d2dae04024d28ce186c8bbb72,2322,38078,44100,1,true,true,current_generated_metadata,current,ok,physical_ready_exact_pair,Generated Voice V2.1 asset measured from current disk bytes.
ex-balance-feet-together-hold-first-v21,ex-balance-feet-together-hold-first-v21,clara,assets/audio/voice/clara/ex-balance-feet-together-hold-first-v21.mp3,true,c3737f7224b6b1ab92e8104cafa909aee430ff6fedaedf30d37e42291cf4c1fa,5480,88651,44100,1,true,true,current_generated_metadata,current,ok,physical_ready_exact_pair,Generated Voice V2.1 asset measured from current disk bytes.
ex-balance-feet-together-hold-next-v21,ex-balance-feet-together-hold-next-v21,clara,assets/audio/voice/clara/ex-balance-feet-together-hold-next-v21.mp3,true,3eb15fed29d81da7c7b083c91b34643156136df0caf41d786629f2f7d74233e9,1440,24285,44100,1,true,true,current_generated_metadata,current,ok,physical_ready_exact_pair,Generated Voice V2.1 asset measured from current disk bytes.
ex-balance-single-leg-hold-first-v21,ex-balance-single-leg-hold-first-v21,clara,assets/audio/voice/clara/ex-balance-single-leg-hold-first-v21.mp3,true,c2dabe27288d3ec9d22ad3941cb74ab4f2b4fcafa013af80fddca1db9939f5db,2647,43511,44100,1,true,true,current_generated_metadata,current,ok,physical_ready_exact_pair,Generated Voice V2.1 asset measured from current disk bytes.
ex-balance-single-leg-hold-next-v21,ex-balance-single-leg-hold-next-v21,clara,assets/audio/voice/clara/ex-balance-single-leg-hold-next-v21.mp3,true,17d6658a1fc096865c56056f08df85775c3b1b8d5d3307dc17bfa58fb7960e84,1393,23449,44100,1,true,true,current_generated_metadata,current,ok,physical_ready_exact_pair,Generated Voice V2.1 asset measured from current disk bytes.
ex-balance-tandem-hold-first-v21,ex-balance-tandem-hold-first-v21,clara,assets/audio/voice/clara/ex-balance-tandem-hold-first-v21.mp3,true,2e913c0f0755d3a287699484b1a1f4e0d8102b729046b3342ac825750348a8a7,2322,38078,44100,1,true,true,current_generated_metadata,current,ok,physical_ready_exact_pair,Generated Voice V2.1 asset measured from current disk bytes.
ex-balance-tandem-hold-next-v21,ex-balance-tandem-hold-next-v21,clara,assets/audio/voice/clara/ex-balance-tandem-hold-next-v21.mp3,true,c0b16998f9d05e96ed4f7f22ef2b67b8790cc3e34e721d9d4c910ef79aaf521e,1161,19688,44100,1,true,true,current_generated_metadata,current,ok,physical_ready_exact_pair,Generated Voice V2.1 asset measured from current disk bytes.
ex-balance,,clara,assets/audio/voice/clara/ex-balance.mp3,true,ea2b4e90e176988c6512a6daa67b5ad2d34aaf9aa17c36a06e5db8aff83816dc,8081,130447,44100,1,true,false,not_required_legacy,not_required_legacy,ok,legacy_only,Measured from current task-start physical corpus.
ex-band-pull-apart-first-v21,ex-band-pull-apart-first-v21,clara,assets/audio/voice/clara/ex-band-pull-apart-first-v21.mp3,true,b7c0a6920f8f16f370c7f3a9e8cc7aa555cefbb179162328fab9e86d9d3d89b5,6594,106623,44100,1,true,true,current_generated_metadata,current,ok,physical_ready_exact_pair,Generated Voice V2.1 asset measured from current disk bytes.
ex-band-pull-apart-next-v21,ex-band-pull-apart-next-v21,clara,assets/audio/voice/clara/ex-band-pull-apart-next-v21.mp3,true,1f71b4f2b893c7451a3ecffd594bfd8e21d043bfed82395dfb1cb73511cabf37,1486,24703,44100,1,true,true,current_generated_metadata,current,ok,physical_ready_exact_pair,Generated Voice V2.1 asset measured from current disk bytes.
ex-chair-supported-split-squat-first-v21,ex-chair-supported-split-squat-first-v21,clara,assets/audio/voice/clara/ex-chair-supported-split-squat-first-v21.mp3,true,611c8e0c1ca26d42dfaa6166455905ed044dfff74abffc63c83bfcf47059560b,3669,59812,44100,1,true,true,current_generated_metadata,current,ok,physical_ready_exact_pair,Generated Voice V2.1 asset measured from current disk bytes.
ex-chair-supported-split-squat-next-v21,ex-chair-supported-split-squat-next-v21,clara,assets/audio/voice/clara/ex-chair-supported-split-squat-next-v21.mp3,true,41f14ac6f92cccca0684f615409004fa18fe12bb0920602cafa35d0bacf480e6,1393,23449,44100,1,true,true,current_generated_metadata,current,ok,physical_ready_exact_pair,Generated Voice V2.1 asset measured from current disk bytes.
ex-glute-bridge-hold-first-v21,ex-glute-bridge-hold-first-v21,clara,assets/audio/voice/clara/ex-glute-bridge-hold-first-v21.mp3,true,b723ae8d4f442b80af2703009ca5dc66f24384d468b667c6c3988e9a57e716ed,5480,88651,44100,1,true,true,current_generated_metadata,current,ok,physical_ready_exact_pair,Generated Voice V2.1 asset measured from current disk bytes.
ex-glute-bridge-hold-next-v21,ex-glute-bridge-hold-next-v21,clara,assets/audio/voice/clara/ex-glute-bridge-hold-next-v21.mp3,true,fda5cbd2cab31882f9d15c4de722ea62814bf0bcfecae66331f37168e02e171e,1068,18016,44100,1,true,true,current_generated_metadata,current,ok,physical_ready_exact_pair,Generated Voice V2.1 asset measured from current disk bytes.
ex-glute-bridge-reps-first-v21,ex-glute-bridge-reps-first-v21,clara,assets/audio/voice/clara/ex-glute-bridge-reps-first-v21.mp3,true,cc3ee235fd1fe93ab4927721c706dc22360254c730e4913fc9fe96dd69f043aa,8034,129611,44100,1,true,true,current_generated_metadata,current,ok,physical_ready_exact_pair,Generated Voice V2.1 asset measured from current disk bytes.
ex-glute-bridge-reps-next-v21,ex-glute-bridge-reps-next-v21,clara,assets/audio/voice/clara/ex-glute-bridge-reps-next-v21.mp3,true,309d1b2b5bba0c3fd0f440417aedd7fb465a05cac90a983438670d6d48d9cb11,1161,19688,44100,1,true,true,current_generated_metadata,current,ok,physical_ready_exact_pair,Generated Voice V2.1 asset measured from current disk bytes.
ex-glute-bridge,,clara,assets/audio/voice/clara/ex-glute-bridge.mp3,true,309733ea2a3d8a44fe6bdaffac9282192405ec76c20970792150e838e32035c6,8731,140896,44100,1,true,false,not_required_legacy,not_required_legacy,ok,legacy_only,Measured from current task-start physical corpus.
ex-hamstring-reach,,clara,assets/audio/voice/clara/ex-hamstring-reach.mp3,true,f317ec4c73a02cf05d36a469c9c91bc029a62e28b5057401a292e486e86f748d,10077,162212,44100,1,true,false,not_required_legacy,not_required_legacy,ok,legacy_only,Measured from current task-start physical corpus.
ex-heel-raise-free-first-v21,ex-heel-raise-free-first-v21,clara,assets/audio/voice/clara/ex-heel-raise-free-first-v21.mp3,true,643b3f8f7631aacff2b2967233e7bef648a219668a7548c539ec216605aeaa43,5805,94084,44100,1,true,true,current_generated_metadata,current,ok,physical_ready_exact_pair,Generated Voice V2.1 asset measured from current disk bytes.
ex-heel-raise-free-next-v21,ex-heel-raise-free-next-v21,clara,assets/audio/voice/clara/ex-heel-raise-free-next-v21.mp3,true,ffee03f0647e7d4ea2f6170bd0b4009f6e32683a309929fe1f2f702fdf57cbb2,1207,20524,44100,1,true,true,current_generated_metadata,current,ok,physical_ready_exact_pair,Generated Voice V2.1 asset measured from current disk bytes.
ex-heel-raise-supported-first-v21,ex-heel-raise-supported-first-v21,clara,assets/audio/voice/clara/ex-heel-raise-supported-first-v21.mp3,true,db79e2723bf24df8937e648d35fbd375d5a0bf52148baf1471d830ba3c3e72eb,7384,119162,44100,1,true,true,current_generated_metadata,current,ok,physical_ready_exact_pair,Generated Voice V2.1 asset measured from current disk bytes.
ex-heel-raise-supported-next-v21,ex-heel-raise-supported-next-v21,clara,assets/audio/voice/clara/ex-heel-raise-supported-next-v21.mp3,true,be9fea84385aa0a38d75b41781d2124b13817e077f4a82fd5bf3c21447115b7a,1579,26375,44100,1,true,true,current_generated_metadata,current,ok,physical_ready_exact_pair,Generated Voice V2.1 asset measured from current disk bytes.
ex-heel-raise,,clara,assets/audio/voice/clara/ex-heel-raise.mp3,true,61f4aee79175b7e9e32f676fe0d471a4e928c7887ca783b198643c06b9100578,9381,151345,44100,1,true,false,not_required_legacy,not_required_legacy,ok,legacy_only,Measured from current task-start physical corpus.
ex-hip-hinge-free-first-v21,ex-hip-hinge-free-first-v21,clara,assets/audio/voice/clara/ex-hip-hinge-free-first-v21.mp3,true,122b4c9e7d3a97d20a93776e0879b5b5f54bc1cb07a0a564b5122a86d63e7893,6269,101190,44100,1,true,true,current_generated_metadata,current,ok,physical_ready_exact_pair,Generated Voice V2.1 asset measured from current disk bytes.
ex-hip-hinge-free-next-v21,ex-hip-hinge-free-next-v21,clara,assets/audio/voice/clara/ex-hip-hinge-free-next-v21.mp3,true,eb4308902cb14c0adbf0fecc90722011e385612edb999ad8d18f9c2ecc4a166f,1115,18852,44100,1,true,true,current_generated_metadata,current,ok,physical_ready_exact_pair,Generated Voice V2.1 asset measured from current disk bytes.
ex-hip-hinge-wall-first-v21,ex-hip-hinge-wall-first-v21,clara,assets/audio/voice/clara/ex-hip-hinge-wall-first-v21.mp3,true,ab18cc1e03fe052480391421c0e4a6743717209f0206c62ddc40f095ea55d8d6,6827,110385,44100,1,true,true,current_generated_metadata,current,ok,physical_ready_exact_pair,Generated Voice V2.1 asset measured from current disk bytes.
ex-hip-hinge-wall-next-v21,ex-hip-hinge-wall-next-v21,clara,assets/audio/voice/clara/ex-hip-hinge-wall-next-v21.mp3,true,71bbf9ae6d214348e493ee35a337d22d8375fe60fb852ceb248da6939bdf1f02,1393,23449,44100,1,true,true,current_generated_metadata,current,ok,physical_ready_exact_pair,Generated Voice V2.1 asset measured from current disk bytes.
ex-hip-hinge,,clara,assets/audio/voice/clara/ex-hip-hinge.mp3,true,82fcd38126fcac55cddbd9ce7dbfdcbc71dea8c4e5076dc75e32878180ee02b3,10542,169735,44100,1,true,false,not_required_legacy,not_required_legacy,ok,legacy_only,Measured from current task-start physical corpus.
ex-loaded-march-first-v21,ex-loaded-march-first-v21,clara,assets/audio/voice/clara/ex-loaded-march-first-v21.mp3,true,7d4aa73358399e41af82ab9d10dea5ed3831ec1c9a00ebccad5545d29a9dacae,4923,79874,44100,1,true,true,current_generated_metadata,current,ok,physical_ready_exact_pair,Generated Voice V2.1 asset measured from current disk bytes.
ex-loaded-march-next-v21,ex-loaded-march-next-v21,clara,assets/audio/voice/clara/ex-loaded-march-next-v21.mp3,true,419170d85e013bdb44b97ad4894903abf6324d90d5e94c8d79183e368fbc000c,1347,22613,44100,1,true,true,current_generated_metadata,current,ok,physical_ready_exact_pair,Generated Voice V2.1 asset measured from current disk bytes.
ex-loaded-sit-to-stand-first-v21,ex-loaded-sit-to-stand-first-v21,clara,assets/audio/voice/clara/ex-loaded-sit-to-stand-first-v21.mp3,true,7a644fbc095a58b7150ada05ee3a1d2156ea472340d4cf16d93a0ebd09cf8db4,6269,101190,44100,1,true,true,current_generated_metadata,current,ok,physical_ready_exact_pair,Generated Voice V2.1 asset measured from current disk bytes.
ex-loaded-sit-to-stand-next-v21,ex-loaded-sit-to-stand-next-v21,clara,assets/audio/voice/clara/ex-loaded-sit-to-stand-next-v21.mp3,true,7c453c7a953dc2cf699af8c820aeb377ae4e1d027376c7c4cdd2ffdd177bb6ac,1672,27629,44100,1,true,true,current_generated_metadata,current,ok,physical_ready_exact_pair,Generated Voice V2.1 asset measured from current disk bytes.
ex-march,,clara,assets/audio/voice/clara/ex-march.mp3,true,4fd135a1a59e1d5058f7cec061066f41828073d5bfd70a01bd0d13d1a977bbf8,7709,124595,44100,1,true,false,not_required_legacy,not_required_legacy,ok,legacy_only,Measured from current task-start physical corpus.
ex-mini-band-lateral-walk-first-v21,ex-mini-band-lateral-walk-first-v21,clara,assets/audio/voice/clara/ex-mini-band-lateral-walk-first-v21.mp3,true,b824a380b35f6ae5a970f87bf90c4389a96c26cca254f23fde9dcdc1ca74b6f0,6594,106623,44100,1,true,true,current_generated_metadata,current,ok,physical_ready_exact_pair,Generated Voice V2.1 asset measured from current disk bytes.
ex-mini-band-lateral-walk-next-v21,ex-mini-band-lateral-walk-next-v21,clara,assets/audio/voice/clara/ex-mini-band-lateral-walk-next-v21.mp3,true,36b91dc5962e989125940b5ac1c1277bf68b4b5d6032f772d6610a3e56f7ad0f,1625,27211,44100,1,true,true,current_generated_metadata,current,ok,physical_ready_exact_pair,Generated Voice V2.1 asset measured from current disk bytes.
ex-neck-rotation-first-v21,ex-neck-rotation-first-v21,clara,assets/audio/voice/clara/ex-neck-rotation-first-v21.mp3,true,e18c3bcb5cdf9d0cec9af273a98caca3b990d22e1ab94db963fcf2f1cb8c5865,7384,119162,44100,1,true,true,current_generated_metadata,current,ok,physical_ready_exact_pair,Generated Voice V2.1 asset measured from current disk bytes.
ex-neck-rotation-next-v21,ex-neck-rotation-next-v21,clara,assets/audio/voice/clara/ex-neck-rotation-next-v21.mp3,true,56f4c9814775d9ed403680e8ef52896becdf01714876cc827d34889274d8c310,1440,24285,44100,1,true,true,current_generated_metadata,current,ok,physical_ready_exact_pair,Generated Voice V2.1 asset measured from current disk bytes.
ex-neck-rotation,,clara,assets/audio/voice/clara/ex-neck-rotation.mp3,true,21fe9852827acac8d14e1dd710860c874a6e46630606f6f14c21b61b55f52b58,8452,136298,44100,1,true,false,not_required_legacy,not_required_legacy,ok,legacy_only,Measured from current task-start physical corpus.
ex-overhead-press-band-first-v21,ex-overhead-press-band-first-v21,clara,assets/audio/voice/clara/ex-overhead-press-band-first-v21.mp3,true,05d358bfbfd201504b046dca085ac31ec655084543e0e816126eb8f2b3b21be9,6409,103697,44100,1,true,true,current_generated_metadata,current,ok,physical_ready_exact_pair,Generated Voice V2.1 asset measured from current disk bytes.
ex-overhead-press-band-next-v21,ex-overhead-press-band-next-v21,clara,assets/audio/voice/clara/ex-overhead-press-band-next-v21.mp3,true,5ba5d87c0d264e2d4a4c75af70888e27d815f17d4b50f518ebd96186ddfab6e6,1533,25539,44100,1,true,true,current_generated_metadata,current,ok,physical_ready_exact_pair,Generated Voice V2.1 asset measured from current disk bytes.
ex-overhead-reach-first-v21,ex-overhead-reach-first-v21,clara,assets/audio/voice/clara/ex-overhead-reach-first-v21.mp3,true,14e80bae749cbf8c4ec1db78ae0a93e4d426febad3336041dae43062df6a417c,5898,95338,44100,1,true,true,current_generated_metadata,current,ok,physical_ready_exact_pair,Generated Voice V2.1 asset measured from current disk bytes.
ex-overhead-reach-next-v21,ex-overhead-reach-next-v21,clara,assets/audio/voice/clara/ex-overhead-reach-next-v21.mp3,true,695c219567fd5c7f193710f8a78007013c61e2c37936c8a2fb85cdfbea24d812,1300,21777,44100,1,true,true,current_generated_metadata,current,ok,physical_ready_exact_pair,Generated Voice V2.1 asset measured from current disk bytes.
ex-overhead,,clara,assets/audio/voice/clara/ex-overhead.mp3,true,94a8a318843f43983234bbf81a5b4d8e6890506bd5fbc2ff7d6cd3a1528f423b,6687,107877,44100,1,true,false,not_required_legacy,not_required_legacy,ok,legacy_only,Measured from current task-start physical corpus.
ex-push-up-incline-first-v21,ex-push-up-incline-first-v21,clara,assets/audio/voice/clara/ex-push-up-incline-first-v21.mp3,true,d37c39c5e23508c487f650673b3e48f805a64b2ecb687ce90b45310dbb4ddd8c,7430,119998,44100,1,true,true,current_generated_metadata,current,ok,physical_ready_exact_pair,Generated Voice V2.1 asset measured from current disk bytes.
ex-push-up-incline-next-v21,ex-push-up-incline-next-v21,clara,assets/audio/voice/clara/ex-push-up-incline-next-v21.mp3,true,c085729eacd6d94b72f12fee425249eebf48078baca8f7ef54bab80cf52a2c94,1393,23449,44100,1,true,true,current_generated_metadata,current,ok,physical_ready_exact_pair,Generated Voice V2.1 asset measured from current disk bytes.
ex-push-up-standard-first-v21,ex-push-up-standard-first-v21,clara,assets/audio/voice/clara/ex-push-up-standard-first-v21.mp3,true,bc24ed66a1843b7790254ca044a7d59abb58bfa23e367f9721137f4531a46f9b,5480,88651,44100,1,true,true,current_generated_metadata,current,ok,physical_ready_exact_pair,Generated Voice V2.1 asset measured from current disk bytes.
ex-push-up-standard-next-v21,ex-push-up-standard-next-v21,clara,assets/audio/voice/clara/ex-push-up-standard-next-v21.mp3,true,1037539d22e0986c3754d39986588b7eeb77121cd67a50eb38261342be1f0f50,929,15926,44100,1,true,true,current_generated_metadata,current,ok,physical_ready_exact_pair,Generated Voice V2.1 asset measured from current disk bytes.
ex-push-up-wall-first-v21,ex-push-up-wall-first-v21,clara,assets/audio/voice/clara/ex-push-up-wall-first-v21.mp3,true,3e8d12e4fb701b054e0aaf42fa4f823caff8dff94e07c6eb8a3a75cc3606c244,5387,87397,44100,1,true,true,current_generated_metadata,current,ok,physical_ready_exact_pair,Generated Voice V2.1 asset measured from current disk bytes.
ex-push-up-wall-next-v21,ex-push-up-wall-next-v21,clara,assets/audio/voice/clara/ex-push-up-wall-next-v21.mp3,true,74133477f839d9f50bb6d105705c1a3e3cc7a5fdfa038e98cccc3b105871b162,1207,20524,44100,1,true,true,current_generated_metadata,current,ok,physical_ready_exact_pair,Generated Voice V2.1 asset measured from current disk bytes.
ex-push-up,,clara,assets/audio/voice/clara/ex-push-up.mp3,true,1fff6218cbfdb0496e2a9716467f70209588d9f225833798bc7c261f01702be2,8127,131283,44100,1,true,false,not_required_legacy,not_required_legacy,ok,legacy_only,Measured from current task-start physical corpus.
ex-seated-band-row-first-v21,ex-seated-band-row-first-v21,clara,assets/audio/voice/clara/ex-seated-band-row-first-v21.mp3,true,ac9639a8ce65ab361c23766b565e39af2f226d874df55c7bf2a1ce03968e16d4,8824,142150,44100,1,true,true,current_generated_metadata,current,ok,physical_ready_exact_pair,Generated Voice V2.1 asset measured from current disk bytes.
ex-seated-band-row-next-v21,ex-seated-band-row-next-v21,clara,assets/audio/voice/clara/ex-seated-band-row-next-v21.mp3,true,ff6da160f5f063db1ab2952195eeacd2b34dbcc29e969ea6d8cc49b7f478a376,1347,22613,44100,1,true,true,current_generated_metadata,current,ok,physical_ready_exact_pair,Generated Voice V2.1 asset measured from current disk bytes.
ex-seated-hamstring-reach-first-v21,ex-seated-hamstring-reach-first-v21,clara,assets/audio/voice/clara/ex-seated-hamstring-reach-first-v21.mp3,true,597a090352d201624c0041d09e90ad775cde531f43a717723e6f6aaa9771691b,3437,56050,44100,1,true,true,current_generated_metadata,current,ok,physical_ready_exact_pair,Generated Voice V2.1 asset measured from current disk bytes.
ex-seated-hamstring-reach-next-v21,ex-seated-hamstring-reach-next-v21,clara,assets/audio/voice/clara/ex-seated-hamstring-reach-next-v21.mp3,true,df719b2a4f6bccbcd4e98b5a01591ff5a8e39a060e443549c87c9cbda0cf5e21,1672,27629,44100,1,true,true,current_generated_metadata,current,ok,physical_ready_exact_pair,Generated Voice V2.1 asset measured from current disk bytes.
ex-sit-to-stand,,clara,assets/audio/voice/clara/ex-sit-to-stand.mp3,true,fe1fa08b6b0927fe22eb6d8f3669c9ce9db7a9499b8017974a648518165b1c37,10077,162212,44100,1,true,false,not_required_legacy,not_required_legacy,ok,legacy_only,Measured from current task-start physical corpus.
ex-squat-free-first-v21,ex-squat-free-first-v21,clara,assets/audio/voice/clara/ex-squat-free-first-v21.mp3,true,9d4ee2a16846c3097251976975b565eb4dd01f9bde2170fb9cdee7e3161dfeb6,5898,95338,44100,1,true,true,current_generated_metadata,current,ok,physical_ready_exact_pair,Generated Voice V2.1 asset measured from current disk bytes.
ex-squat-free-next-v21,ex-squat-free-next-v21,clara,assets/audio/voice/clara/ex-squat-free-next-v21.mp3,true,b2b3c13a6f30e316791c413de40281c0f00e9624d40ff95f099560bd03cbfddb,882,15090,44100,1,true,true,current_generated_metadata,current,ok,physical_ready_exact_pair,Generated Voice V2.1 asset measured from current disk bytes.
ex-squat-loaded-first-v21,ex-squat-loaded-first-v21,clara,assets/audio/voice/clara/ex-squat-loaded-first-v21.mp3,true,6da13a0a53344d8da434a3601a01c3eb6b77b9d84d3cbb53748d28cb863af87d,6362,102862,44100,1,true,true,current_generated_metadata,current,ok,physical_ready_exact_pair,Generated Voice V2.1 asset measured from current disk bytes.
ex-squat-loaded-next-v21,ex-squat-loaded-next-v21,clara,assets/audio/voice/clara/ex-squat-loaded-next-v21.mp3,true,ffd3930e791e0c40010907f0bcfb6949fbac8bf89c030f67646afafcc2e9d721,1300,21777,44100,1,true,true,current_generated_metadata,current,ok,physical_ready_exact_pair,Generated Voice V2.1 asset measured from current disk bytes.
ex-squat-slow-eccentric-first-v21,ex-squat-slow-eccentric-first-v21,clara,assets/audio/voice/clara/ex-squat-slow-eccentric-first-v21.mp3,true,507ff5261766128353d5f132f0a7602ad01b6030c5259459930d92e7e3b9cf2a,3947,64409,44100,1,true,true,current_generated_metadata,current,ok,physical_ready_exact_pair,Generated Voice V2.1 asset measured from current disk bytes.
ex-squat-slow-eccentric-next-v21,ex-squat-slow-eccentric-next-v21,clara,assets/audio/voice/clara/ex-squat-slow-eccentric-next-v21.mp3,true,71021ef73a83905acac77d5f3bcfa7f651e1352fa86dbbe2a1f322d0655657dc,1486,24703,44100,1,true,true,current_generated_metadata,current,ok,physical_ready_exact_pair,Generated Voice V2.1 asset measured from current disk bytes.
ex-squat-supported-first-v21,ex-squat-supported-first-v21,clara,assets/audio/voice/clara/ex-squat-supported-first-v21.mp3,true,7ebb2fa11746474d14399c38ab4bd6f9bda072601306a5e64886b9a3209a5da6,6409,103697,44100,1,true,true,current_generated_metadata,current,ok,physical_ready_exact_pair,Generated Voice V2.1 asset measured from current disk bytes.
ex-squat-supported-next-v21,ex-squat-supported-next-v21,clara,assets/audio/voice/clara/ex-squat-supported-next-v21.mp3,true,2cf47b6c711bc814d7bee2c5a7d8184ace2f147438f8f61c78bdcfb017971a44,1347,22613,44100,1,true,true,current_generated_metadata,current,ok,physical_ready_exact_pair,Generated Voice V2.1 asset measured from current disk bytes.
ex-squat,,clara,assets/audio/voice/clara/ex-squat.mp3,true,bc5a835d288d9c1ebf5674c38235887a6267898e08927d3f7ffd795b3d7f91c1,9009,145075,44100,1,true,false,not_required_legacy,not_required_legacy,ok,legacy_only,Measured from current task-start physical corpus.
ex-standing-band-row-first-v21,ex-standing-band-row-first-v21,clara,assets/audio/voice/clara/ex-standing-band-row-first-v21.mp3,true,ad9d1b005524daa37fab9bbf5eabe636a851f599009240ff95987150b4572cb2,7663,123759,44100,1,true,true,current_generated_metadata,current,ok,physical_ready_exact_pair,Generated Voice V2.1 asset measured from current disk bytes.
ex-standing-band-row-next-v21,ex-standing-band-row-next-v21,clara,assets/audio/voice/clara/ex-standing-band-row-next-v21.mp3,true,42114c559a97de7b7c5dd0fc8fab7b88b559aab8d8339b3ce403486a396fc3b9,1486,24703,44100,1,true,true,current_generated_metadata,current,ok,physical_ready_exact_pair,Generated Voice V2.1 asset measured from current disk bytes.
ex-step-up-first-v21,ex-step-up-first-v21,clara,assets/audio/voice/clara/ex-step-up-first-v21.mp3,true,6715ac49f243720a780668468c3e107ed0013edbafc0fbffcfb6358a1b1597d1,7477,120834,44100,1,true,true,current_generated_metadata,current,ok,physical_ready_exact_pair,Generated Voice V2.1 asset measured from current disk bytes.
ex-step-up-next-v21,ex-step-up-next-v21,clara,assets/audio/voice/clara/ex-step-up-next-v21.mp3,true,6c77cd9f816271af4b159b86ca2cc4735cb1353266f5a863923646c7c9777038,3483,56886,44100,1,true,true,current_generated_metadata,current,ok,physical_ready_exact_pair,Generated Voice V2.1 asset measured from current disk bytes.
ex-step-up,,clara,assets/audio/voice/clara/ex-step-up.mp3,true,b58c4d839ff667b53a3dde655ef7f205a6408573097d0008c8b8e395cc9a8e21,10449,168063,44100,1,true,false,not_required_legacy,not_required_legacy,ok,legacy_only,Measured from current task-start physical corpus.
ex-sts-cushion-first-v21,ex-sts-cushion-first-v21,clara,assets/audio/voice/clara/ex-sts-cushion-first-v21.mp3,true,66d7a2031629f38b8b0a80cf7e36a4e6b0f6851de9fc6abfc26008ef4bdb51b5,7291,117908,44100,1,true,true,current_generated_metadata,current,ok,physical_ready_exact_pair,Generated Voice V2.1 asset measured from current disk bytes.
ex-sts-cushion-next-v21,ex-sts-cushion-next-v21,clara,assets/audio/voice/clara/ex-sts-cushion-next-v21.mp3,true,2053324a476010cbd784a30e97464df8906308be5e07a8dde102d4d4d9766bee,1486,24703,44100,1,true,true,current_generated_metadata,current,ok,physical_ready_exact_pair,Generated Voice V2.1 asset measured from current disk bytes.
ex-sts-power-first-v21,ex-sts-power-first-v21,clara,assets/audio/voice/clara/ex-sts-power-first-v21.mp3,true,aa9f6a799fcfb8a5f61eb73f1a674aa0099729187e356eebbd81ea55cd6c44ea,6084,98264,44100,1,true,true,current_generated_metadata,current,ok,physical_ready_exact_pair,Generated Voice V2.1 asset measured from current disk bytes.
ex-sts-power-next-v21,ex-sts-power-next-v21,clara,assets/audio/voice/clara/ex-sts-power-next-v21.mp3,true,11ef27c8d9b29147e85a008bfa863e3acbe6676a373cc01bc4bc5d0f1268827f,1440,24285,44100,1,true,true,current_generated_metadata,current,ok,physical_ready_exact_pair,Generated Voice V2.1 asset measured from current disk bytes.
ex-sts-slow-eccentric-first-v21,ex-sts-slow-eccentric-first-v21,clara,assets/audio/voice/clara/ex-sts-slow-eccentric-first-v21.mp3,true,f5065e38c660e3134f9f74e841e21a483354ded363d0aa532d0e4ba58191e33a,6548,105787,44100,1,true,true,current_generated_metadata,current,ok,physical_ready_exact_pair,Generated Voice V2.1 asset measured from current disk bytes.
ex-sts-slow-eccentric-next-v21,ex-sts-slow-eccentric-next-v21,clara,assets/audio/voice/clara/ex-sts-slow-eccentric-next-v21.mp3,true,12f4a0dc914d7b800fbc1938f879c5ec3c86e54fc62d0597da19b0565f572e58,1625,27211,44100,1,true,true,current_generated_metadata,current,ok,physical_ready_exact_pair,Generated Voice V2.1 asset measured from current disk bytes.
ex-sts-standard-first-v21,ex-sts-standard-first-v21,clara,assets/audio/voice/clara/ex-sts-standard-first-v21.mp3,true,abd1afa4573f2ac0aa60d03dfdf917c8b49a34403b18705eb9425afabc0cf7ce,7941,127939,44100,1,true,true,current_generated_metadata,current,ok,physical_ready_exact_pair,Generated Voice V2.1 asset measured from current disk bytes.
ex-sts-standard-next-v21,ex-sts-standard-next-v21,clara,assets/audio/voice/clara/ex-sts-standard-next-v21.mp3,true,dbd71aac25423f2a7228366899e14c8fb792024ee98bb36ef258add3706b3bba,1207,20524,44100,1,true,true,current_generated_metadata,current,ok,physical_ready_exact_pair,Generated Voice V2.1 asset measured from current disk bytes.
ex-supported-hip-flexor-stretch-first-v21,ex-supported-hip-flexor-stretch-first-v21,clara,assets/audio/voice/clara/ex-supported-hip-flexor-stretch-first-v21.mp3,true,14522e41450452dbc42cbdc8cc3ed886a4af56d8a9fb5a31dff7a6af42aa3b2a,3622,58976,44100,1,true,true,current_generated_metadata,current,ok,physical_ready_exact_pair,Generated Voice V2.1 asset measured from current disk bytes.
ex-supported-hip-flexor-stretch-next-v21,ex-supported-hip-flexor-stretch-next-v21,clara,assets/audio/voice/clara/ex-supported-hip-flexor-stretch-next-v21.mp3,true,7a65c5af9903dec1bffd6f0ab91a414555589bc2e54aae921d9241c8e1362923,1765,29301,44100,1,true,true,current_generated_metadata,current,ok,physical_ready_exact_pair,Generated Voice V2.1 asset measured from current disk bytes.
ex-supported-side-step-first-v21,ex-supported-side-step-first-v21,clara,assets/audio/voice/clara/ex-supported-side-step-first-v21.mp3,true,a692c2e1c6af17901ec0c66d08aa88f87fad300f54c92ac3f2f2ba23d3011504,7755,125013,44100,1,true,true,current_generated_metadata,current,ok,physical_ready_exact_pair,Generated Voice V2.1 asset measured from current disk bytes.
ex-supported-side-step-next-v21,ex-supported-side-step-next-v21,clara,assets/audio/voice/clara/ex-supported-side-step-next-v21.mp3,true,e21ea1cad905a9834db4aa2f8da985579e715c71aac318a37f548da9cbbcb7a5,1533,25539,44100,1,true,true,current_generated_metadata,current,ok,physical_ready_exact_pair,Generated Voice V2.1 asset measured from current disk bytes.
ex-thoracic-rotation-first-v21,ex-thoracic-rotation-first-v21,clara,assets/audio/voice/clara/ex-thoracic-rotation-first-v21.mp3,true,406a938ec4545a08c42b76c9157dce9bf82ecf2966b3cb6cb7fa66f9349eeb11,8266,133373,44100,1,true,true,current_generated_metadata,current,ok,physical_ready_exact_pair,Generated Voice V2.1 asset measured from current disk bytes.
ex-thoracic-rotation-next-v21,ex-thoracic-rotation-next-v21,clara,assets/audio/voice/clara/ex-thoracic-rotation-next-v21.mp3,true,b20d853ed6708c623fde86623503ab3b4cd836bcafce3e0fab3d173a5ac7898f,1533,25539,44100,1,true,true,current_generated_metadata,current,ok,physical_ready_exact_pair,Generated Voice V2.1 asset measured from current disk bytes.
ex-toe-raise-supported-first-v21,ex-toe-raise-supported-first-v21,clara,assets/audio/voice/clara/ex-toe-raise-supported-first-v21.mp3,true,fdd262785262ef55389424db6e7654d43889f90bcba410f7edc9f26ee6e8bcf0,5387,87397,44100,1,true,true,current_generated_metadata,current,ok,physical_ready_exact_pair,Generated Voice V2.1 asset measured from current disk bytes.
ex-toe-raise-supported-next-v21,ex-toe-raise-supported-next-v21,clara,assets/audio/voice/clara/ex-toe-raise-supported-next-v21.mp3,true,45b7c8bf066115a83875510597b68453318a46986358b770b26e03101f42065b,1579,26375,44100,1,true,true,current_generated_metadata,current,ok,physical_ready_exact_pair,Generated Voice V2.1 asset measured from current disk bytes.
ex-wall-calf-stretch-first-v21,ex-wall-calf-stretch-first-v21,clara,assets/audio/voice/clara/ex-wall-calf-stretch-first-v21.mp3,true,989515db6d8ba6fa6782170347699f56ede5834697b96588b12c733737f80e28,2601,42675,44100,1,true,true,current_generated_metadata,current,ok,physical_ready_exact_pair,Generated Voice V2.1 asset measured from current disk bytes.
ex-wall-calf-stretch-next-v21,ex-wall-calf-stretch-next-v21,clara,assets/audio/voice/clara/ex-wall-calf-stretch-next-v21.mp3,true,9ed5635614b9b2f338ee7e34004ddb66927f5f985cf796bc0b6e36c74bc2b4f9,1486,24703,44100,1,true,true,current_generated_metadata,current,ok,physical_ready_exact_pair,Generated Voice V2.1 asset measured from current disk bytes.
exercise-skipped,,clara,assets/audio/voice/clara/exercise-skipped.mp3,true,cdf7387af7bd24f926d420b88a39f1e74809f3ce0204eebc9f18b8868c8eeac8,3344,54378,44100,1,true,false,not_required_legacy,not_required_legacy,ok,legacy_only,Measured from current task-start physical corpus.
face-forward,,clara,assets/audio/voice/clara/face-forward.mp3,true,8b164c0ccdc535390b4c7335d7400fa0dda2c6f921aa1c663edd151d03de491e,2879,47273,44100,1,true,false,not_required_legacy,not_required_legacy,ok,legacy_only,Measured from current task-start physical corpus.
final-position-set-v21,final-position-set-v21,clara,assets/audio/voice/clara/final-position-set-v21.mp3,true,0bf9c47dee3527dd18ab9f53c0cc4f93160adb07ecc1640fd151a1efbf015dde,1115,18852,44100,1,true,true,covered_by_required_audio_metadata,verified_by_verify_audio,ok,physical_ready_exact_pair,Measured from current task-start physical corpus.
five-seconds-left-v21,five-seconds-left-v21,clara,assets/audio/voice/clara/five-seconds-left-v21.mp3,true,2209adecc8b5dffddc90afb3fb4351ea07adfe66a417259b5e60301cc2f77477,1393,23449,44100,1,true,true,current_generated_metadata,current,ok,physical_ready_exact_pair,Generated Voice V2.1 asset measured from current disk bytes.
floor-gate-question-v21,floor-gate-question-v21,clara,assets/audio/voice/clara/floor-gate-question-v21.mp3,true,3e01c16585786cb92e28764025280861afe22b294cf3137624e0b78cb447afce,3715,60648,44100,1,true,true,current_generated_metadata,current,ok,physical_ready_exact_pair,Generated Voice V2.1 asset measured from current disk bytes.
floor_clear_space,,clara,assets/audio/voice/clara/floor_clear_space.mp3,true,140b5e6bb7d0059d42cacb146cdfce708b0d81e051a4e09972d20adb5e8f3db3,3669,59812,44100,1,true,true,covered_by_required_audio_metadata,verified_by_verify_audio,ok,legacy_only,Measured from current task-start physical corpus.
floor_slow_transition,,clara,assets/audio/voice/clara/floor_slow_transition.mp3,true,96384016ed2b6c64b1234c0dc66809d53ced6bcd36587b814467c693409777b9,3065,50199,44100,1,true,true,covered_by_required_audio_metadata,verified_by_verify_audio,ok,legacy_only,Measured from current task-start physical corpus.
floor_stop_if_transfer_unsteady,,clara,assets/audio/voice/clara/floor_stop_if_transfer_unsteady.mp3,true,6b6455f2eee335ad7301d7796d105cec05a3d5ed47293960a496e4c5225d0fba,4969,80710,44100,1,true,true,covered_by_required_audio_metadata,verified_by_verify_audio,ok,legacy_only,Measured from current task-start physical corpus.
floor_use_support_for_transfer,,clara,assets/audio/voice/clara/floor_use_support_for_transfer.mp3,true,6acf520ecab5eefa062f35e092b0daf4010d86279d0caae744d409b4f2d31261,3297,53960,44100,1,true,true,covered_by_required_audio_metadata,verified_by_verify_audio,ok,legacy_only,Measured from current task-start physical corpus.
framing-ready,,clara,assets/audio/voice/clara/framing-ready.mp3,true,122750274f075ac3b33e691bad168d0a85757d341e20e3cb29f3a87e9cd8760c,1858,30973,44100,1,true,false,not_required_legacy,not_required_legacy,ok,legacy_only,Measured from current task-start physical corpus.
global_breathe_normally,,clara,assets/audio/voice/clara/global_breathe_normally.mp3,true,54cc21dd8c4943531227bc41fa2837011f6873cb7f9bd2b0eb228b7274d9fb4a,3019,49363,44100,1,true,true,covered_by_required_audio_metadata,verified_by_verify_audio,ok,legacy_only,Measured from current task-start physical corpus.
global_clear_space,,clara,assets/audio/voice/clara/global_clear_space.mp3,true,b56cf4db9f6035e0cfb3300487ccfe8e3d0af7b01734ea4d3f67e32eb561e15b,2601,42675,44100,1,true,true,covered_by_required_audio_metadata,verified_by_verify_audio,ok,legacy_only,Measured from current task-start physical corpus.
global_pause_if_tracking_lost,,clara,assets/audio/voice/clara/global_pause_if_tracking_lost.mp3,true,b1132d6dd1fdc5b0725754e1f5c02b893d5152c8b3c7ce3c301829768326d17c,4923,79874,44100,1,true,true,covered_by_required_audio_metadata,verified_by_verify_audio,ok,legacy_only,Measured from current task-start physical corpus.
global_stop_dizzy_or_lightheaded,,clara,assets/audio/voice/clara/global_stop_dizzy_or_lightheaded.mp3,true,f8a5a0c3f073a8c0dca162a0f2d33e146c4b5cf6ba462993fa09e863e25d8a64,3762,61066,44100,1,true,true,covered_by_required_audio_metadata,verified_by_verify_audio,ok,legacy_only,Measured from current task-start physical corpus.
global_stop_if_support_moves,,clara,assets/audio/voice/clara/global_stop_if_support_moves.mp3,true,e60dba614fccae2fee775d9da6eff9270a75c36fc1b3b7cb92bcb2ec03240d25,4458,72351,44100,1,true,true,covered_by_required_audio_metadata,verified_by_verify_audio,ok,legacy_only,Measured from current task-start physical corpus.
global_stop_sharp_or_increasing_pain,,clara,assets/audio/voice/clara/global_stop_sharp_or_increasing_pain.mp3,true,c88d16ff31233549fea5e84be6dae7f10c6b21f1560615e172ca0ef79c6fa1b9,3576,58140,44100,1,true,true,covered_by_required_audio_metadata,verified_by_verify_audio,ok,legacy_only,Measured from current task-start physical corpus.
go,go,clara,assets/audio/voice/clara/go.mp3,true,988157c4832a6285bb155ebfbb10754f34dc88823e3709f2a054162304688323,789,13836,44100,1,true,false,not_required_legacy,not_required_legacy,ok,physical_ready_exact_pair,Measured from current task-start physical corpus.
halfway-v21,halfway-v21,clara,assets/audio/voice/clara/halfway-v21.mp3,true,ae11e90635c3ec8b397517439edce11a075b70457e72404553dc3d2db9f91624,975,16762,44100,1,true,true,current_generated_metadata,current,ok,physical_ready_exact_pair,Generated Voice V2.1 asset measured from current disk bytes.
hinge-intro,,clara,assets/audio/voice/clara/hinge-intro.mp3,true,923f6ba1652de9e897e943bf987b9236b8279533342ac7b6c6dbbbfada893f04,6362,102862,44100,1,true,false,not_required_legacy,not_required_legacy,ok,legacy_only,Measured from current task-start physical corpus.
hinge-setup,,clara,assets/audio/voice/clara/hinge-setup.mp3,true,cbed9e7bbe6b150812be423d203ade971d6b21d2493630c6490dc9bb276a265e,7988,128775,44100,1,true,false,not_required_legacy,not_required_legacy,ok,legacy_only,Measured from current task-start physical corpus.
hold-still,,clara,assets/audio/voice/clara/hold-still.mp3,true,0edd24cd5c8e475413b71e0315c185177b84b37c5fe7639cfb5e8df698629469,2043,33898,44100,1,true,false,not_required_legacy,not_required_legacy,ok,legacy_only,Measured from current task-start physical corpus.
item-complete-v21,item-complete-v21,clara,assets/audio/voice/clara/item-complete-v21.mp3,true,98f8c402da4acb3620dc96facc429662a8fee8a7d888a793a492d58c98241df2,1022,17598,44100,1,true,true,covered_by_required_audio_metadata,verified_by_verify_audio,ok,physical_ready_exact_pair,Measured from current task-start physical corpus.
item-complete,,clara,assets/audio/voice/clara/item-complete.mp3,true,3e527fb07cdee459c8dc55e1d1934f369513ca6795628ede5298ee5a0ebae9cd,1115,18852,44100,1,true,false,not_required_legacy,not_required_legacy,ok,legacy_only,Measured from current task-start physical corpus.
last-set-v21,last-set-v21,clara,assets/audio/voice/clara/last-set-v21.mp3,true,0ca41026dc84171b378a1e5299c6bda287dc68a30991547a559383f2516cbc38,1115,18852,44100,1,true,true,current_generated_metadata,current,ok,physical_ready_exact_pair,Generated Voice V2.1 asset measured from current disk bytes.
last-set,,clara,assets/audio/voice/clara/last-set.mp3,true,29c72f21b1e583d70bdd96faf42698208e67cdf6b4a0b995a66b5da7053c6013,2415,39750,44100,1,true,false,not_required_legacy,not_required_legacy,ok,legacy_only,Measured from current task-start physical corpus.
micro-chair-power-v21,micro-chair-power-v21,clara,assets/audio/voice/clara/micro-chair-power-v21.mp3,true,7e652b985d2a1b4b1c2fbf15bf068e43e21361ab497eae4cdb781cfb210dfddc,6502,104951,44100,1,true,true,current_generated_metadata,current,ok,physical_ready_exact_pair,Generated Voice V2.1 asset measured from current disk bytes.
micro-discard-v21,micro-discard-v21,clara,assets/audio/voice/clara/micro-discard-v21.mp3,true,9fa855ae843acd3e5eb3c111b5d23a614c1cc01e249a745b7bdcd3a6f3b89fa7,1300,21777,44100,1,true,true,current_generated_metadata,current,ok,physical_ready_exact_pair,Generated Voice V2.1 asset measured from current disk bytes.
micro-mobility-left-v21,micro-mobility-left-v21,clara,assets/audio/voice/clara/micro-mobility-left-v21.mp3,true,b8829f158584810164d4d48a8d9d0cc4103485aab5e135596fc90c8777810f90,5341,86561,44100,1,true,true,current_generated_metadata,current,ok,physical_ready_exact_pair,Generated Voice V2.1 asset measured from current disk bytes.
micro-mobility-right-v21,micro-mobility-right-v21,clara,assets/audio/voice/clara/micro-mobility-right-v21.mp3,true,cd35aff9d807eedced151e76900b60e1b13f20e4058513ab17bcbf6427924145,5155,83635,44100,1,true,true,current_generated_metadata,current,ok,physical_ready_exact_pair,Generated Voice V2.1 asset measured from current disk bytes.
micro-relax-v21,micro-relax-v21,clara,assets/audio/voice/clara/micro-relax-v21.mp3,true,7af99f058ad4b27e3ec9e72ae0abf4265edb706ea06dc9b02c5258b6e75cba7f,1022,17598,44100,1,true,true,current_generated_metadata,current,ok,physical_ready_exact_pair,Generated Voice V2.1 asset measured from current disk bytes.
micro-single-leg-left-v21,micro-single-leg-left-v21,clara,assets/audio/voice/clara/micro-single-leg-left-v21.mp3,true,9f78aaefa2782c58d0b9684edd3a047148df22fed42b77d7f670d2d5d953c76e,5619,91159,44100,1,true,true,current_generated_metadata,current,ok,physical_ready_exact_pair,Generated Voice V2.1 asset measured from current disk bytes.
micro-single-leg-right-v21,micro-single-leg-right-v21,clara,assets/audio/voice/clara/micro-single-leg-right-v21.mp3,true,6f1dd14270e799d6ef516988cb97a5e921ee0d8f6a885c8a7a52fa99088517c0,5805,94084,44100,1,true,true,current_generated_metadata,current,ok,physical_ready_exact_pair,Generated Voice V2.1 asset measured from current disk bytes.
microcheck-balance,,clara,assets/audio/voice/clara/microcheck-balance.mp3,true,76601b5b5dcb7232a978df26466ffd3e2227a65eefec553d36062ba67ce36cae,5991,97010,44100,1,true,false,not_required_legacy,not_required_legacy,ok,legacy_only,Measured from current task-start physical corpus.
microcheck-chair,,clara,assets/audio/voice/clara/microcheck-chair.mp3,true,d3916a69021e23c244d2c73e9f98d840e32f166b857854a53329015afb391b1d,9892,159286,44100,1,true,false,not_required_legacy,not_required_legacy,ok,legacy_only,Measured from current task-start physical corpus.
microcheck-complete-v21,microcheck-complete-v21,clara,assets/audio/voice/clara/microcheck-complete-v21.mp3,true,c738d86c64d47f990fbc818207fff80c6a29c3caa1260f83f1d842c7115e71d3,1300,21777,44100,1,true,true,current_generated_metadata,current,ok,physical_ready_exact_pair,Generated Voice V2.1 asset measured from current disk bytes.
microcheck-complete,,clara,assets/audio/voice/clara/microcheck-complete.mp3,true,f1f0d5250d6a3d555603893379a8d4c9bd96551309a9f8b3bc8865cdda3e8788,2647,43511,44100,1,true,false,not_required_legacy,not_required_legacy,ok,legacy_only,Measured from current task-start physical corpus.
microcheck-intro,,clara,assets/audio/voice/clara/microcheck-intro.mp3,true,4efbb11c143733a9925780a0dca81e19cbe81bd7f83d27e08bed9bc6a17c9c46,4087,66499,44100,1,true,false,not_required_legacy,not_required_legacy,ok,retired,Measured from current task-start physical corpus.
mobility_no_forcing,,clara,assets/audio/voice/clara/mobility_no_forcing.mp3,true,860235d6aa27476b753a0a1373c8b2d2d7409aa596a38dde9e1eeb6d8d0a4c7b,3344,54378,44100,1,true,true,covered_by_required_audio_metadata,verified_by_verify_audio,ok,legacy_only,Measured from current task-start physical corpus.
mpv2_balance_attempt_saved,mpv2_balance_attempt_saved,clara,assets/audio/voice/clara/mpv2_balance_attempt_saved.mp3,true,39c4bd68b2d146e76ee60e7a6be3943aed88b55aad313e523d08f46582ac5604,1533,25539,44100,1,true,true,covered_by_required_audio_metadata,verified_by_verify_audio,ok,physical_ready_exact_pair,Measured from current task-start physical corpus.
mpv2_balance_attempt_start,mpv2_balance_attempt_start,clara,assets/audio/voice/clara/mpv2_balance_attempt_start.mp3,true,5fda2fc0f03e022f68deafc0a606c09a5b90d198edb8d0c45d82312d1d65953a,5062,81964,44100,1,true,true,covered_by_required_audio_metadata,verified_by_verify_audio,ok,physical_ready_exact_pair,Measured from current task-start physical corpus.
mpv2_balance_complete,checkup-balance-complete-v21;mpv2_balance_complete,clara,assets/audio/voice/clara/mpv2_balance_complete.mp3,true,b0d59757b2fd889b90764e01aa6787716bf100dd469f3b7405684ebfa9df1a86,1625,27211,44100,1,true,true,covered_by_required_audio_metadata,verified_by_verify_audio,ok,physical_ready_exact_pair,Measured from current task-start physical corpus.
mpv2_balance_full_hold,mpv2_balance_full_hold,clara,assets/audio/voice/clara/mpv2_balance_full_hold.mp3,true,fc10ce523cf8708e45d50ff2f29809b317bcfbba3009b7cffdc0f84355038ae5,2647,43511,44100,1,true,true,covered_by_required_audio_metadata,verified_by_verify_audio,ok,physical_ready_exact_pair,Measured from current task-start physical corpus.
mpv2_balance_ready_after_30,mpv2_balance_ready_after_30,clara,assets/audio/voice/clara/mpv2_balance_ready_after_30.mp3,true,970f921a1c4635f3f33f33e39e23dbccf59683f6b02412f0512d312ba525aa2f,2647,43511,44100,1,true,true,covered_by_required_audio_metadata,verified_by_verify_audio,ok,physical_ready_exact_pair,Measured from current task-start physical corpus.
mpv2_balance_ready_after_60,mpv2_balance_ready_after_60,clara,assets/audio/voice/clara/mpv2_balance_ready_after_60.mp3,true,f9f41ef578e99619e7358f48ea3cbd12a5c4746e2bdc7063adfb332fcf78f937,1904,31391,44100,1,true,true,covered_by_required_audio_metadata,verified_by_verify_audio,ok,physical_ready_exact_pair,Measured from current task-start physical corpus.
mpv2_balance_rest,mpv2_balance_rest,clara,assets/audio/voice/clara/mpv2_balance_rest.mp3,true,16223f5594407c4f8986e1ea86d7fb10f5a1d53da5ec3f855104107387b31a7c,5387,87397,44100,1,true,true,covered_by_required_audio_metadata,verified_by_verify_audio,ok,physical_ready_exact_pair,Measured from current task-start physical corpus.
mpv2_balance_tracking_retry,mpv2_balance_tracking_retry,clara,assets/audio/voice/clara/mpv2_balance_tracking_retry.mp3,true,5609459bb2e625c9580c77762b451edeebd0edf7f8dc2841a19a423d420b8111,7430,119998,44100,1,true,true,covered_by_required_audio_metadata,verified_by_verify_audio,ok,physical_ready_exact_pair,Measured from current task-start physical corpus.
mpv2_balance_use_best,mpv2_balance_use_best,clara,assets/audio/voice/clara/mpv2_balance_use_best.mp3,true,332044cb612f4814232b4b18e5cfeb352d5dd65516db5f3a4fb570e09e0ac06f,1625,27211,44100,1,true,true,covered_by_required_audio_metadata,verified_by_verify_audio,ok,physical_ready_exact_pair,Measured from current task-start physical corpus.
mpv2_chair_official_ready,mpv2_chair_official_ready,clara,assets/audio/voice/clara/mpv2_chair_official_ready.mp3,true,3f6619a12b653ed63dd63148b81a306b5ef866f7f3ec19788c3dd34301c8f917,4133,67335,44100,1,true,true,covered_by_required_audio_metadata,verified_by_verify_audio,ok,physical_ready_exact_pair,Measured from current task-start physical corpus.
mpv2_chair_practice_start,mpv2_chair_practice_start,clara,assets/audio/voice/clara/mpv2_chair_practice_start.mp3,true,33a5e727a6b9483236d8ee7993834b8ffc144afbba8eb97251c19a3017a51ef5,3204,52288,44100,1,true,true,covered_by_required_audio_metadata,verified_by_verify_audio,ok,physical_ready_exact_pair,Measured from current task-start physical corpus.
mpv2_checkup_intro,mpv2_checkup_intro,clara,assets/audio/voice/clara/mpv2_checkup_intro.mp3,true,474618fde1ddc116ca9ecca37f4b4f9a5c0485724b63f4361d4b9d8c25a21a56,5248,84889,44100,1,true,true,covered_by_required_audio_metadata,verified_by_verify_audio,ok,physical_ready_exact_pair,Measured from current task-start physical corpus.
mpv2_hinge_complete,mpv2_hinge_complete,clara,assets/audio/voice/clara/mpv2_hinge_complete.mp3,true,4da5c542d62fe242636f833ff4df1b2ff5d2d87280384a8aa3ac990be42e5da6,1625,27211,44100,1,true,true,covered_by_required_audio_metadata,verified_by_verify_audio,ok,physical_ready_exact_pair,Measured from current task-start physical corpus.
mpv2_hinge_no_measurement,mpv2_hinge_no_measurement,clara,assets/audio/voice/clara/mpv2_hinge_no_measurement.mp3,true,d9d9b4356a620909995f2cd8576e1c859addf39767a6fa83591dc218ce33acdc,3808,61902,44100,1,true,true,covered_by_required_audio_metadata,verified_by_verify_audio,ok,physical_ready_exact_pair,Measured from current task-start physical corpus.
mpv2_shoulder_tracking_retry,mpv2_shoulder_tracking_retry,clara,assets/audio/voice/clara/mpv2_shoulder_tracking_retry.mp3,true,3a9b1b67759e64eb98d924c9102fcc4208adaf7db4845dfb9d345a1596b47a75,6084,98264,44100,1,true,true,covered_by_required_audio_metadata,verified_by_verify_audio,ok,physical_ready_exact_pair,Measured from current task-start physical corpus.
next-exercise-v21,next-exercise-v21,clara,assets/audio/voice/clara/next-exercise-v21.mp3,true,ddcff779651f57ee4a2837951731694f157c7a3da17e9ffb7f65265e5f1d38e6,1207,20524,44100,1,true,true,current_generated_metadata,current,ok,physical_ready_exact_pair,Generated Voice V2.1 asset measured from current disk bytes.
next-exercise,,clara,assets/audio/voice/clara/next-exercise.mp3,true,77598e90155c3857bec47af48c044e32ed1a16bae41c485d93d2170a12052242,2601,42675,44100,1,true,false,not_required_legacy,not_required_legacy,ok,legacy_only,Measured from current task-start physical corpus.
next-up,,clara,assets/audio/voice/clara/next-up.mp3,true,5341027bd00c113796a5ecda260ef235f122a7cb5751491ff8be9d3aa6dba126,1904,31391,44100,1,true,false,not_required_legacy,not_required_legacy,ok,legacy_only,Measured from current task-start physical corpus.
no-reps,,clara,assets/audio/voice/clara/no-reps.mp3,true,d21a07a238814771d47b94b1c4480fc246bca72475cc0e2689338339eca548fb,4737,76948,44100,1,true,false,not_required_legacy,not_required_legacy,ok,legacy_only,Measured from current task-start physical corpus.
num-0,,clara,assets/audio/voice/clara/num-0.mp3,true,96bbe9f677a39f5092d2400e7b958437515e77dd82541f140bb886014a2b5a28,836,14254,44100,1,true,false,not_required_legacy,not_required_legacy,ok,legacy_only,Measured from current task-start physical corpus.
num-1,,clara,assets/audio/voice/clara/num-1.mp3,true,dbf0b4974cc643b6442a95c4245bc623461fe3ed7200ba43e5a9a20f0b9af517,604,10911,44100,1,true,false,not_required_legacy,not_required_legacy,ok,legacy_only,Measured from current task-start physical corpus.
num-10,,clara,assets/audio/voice/clara/num-10.mp3,true,0c0c8f59d9ebf409d5dbb83c579bee3872badca14c841f98e8d5867c52d3ec5e,789,13836,44100,1,true,false,not_required_legacy,not_required_legacy,ok,legacy_only,Measured from current task-start physical corpus.
num-11,,clara,assets/audio/voice/clara/num-11.mp3,true,efbd361d0768ebfdddc1ea2076ce0283fba6acd2afbfea427363e59faab63f5c,836,14254,44100,1,true,false,not_required_legacy,not_required_legacy,ok,legacy_only,Measured from current task-start physical corpus.
num-12,,clara,assets/audio/voice/clara/num-12.mp3,true,1e15bd4e1e27457b6bfa04c8af9afc8b0d82cbd30c788ee449c40a2004f06856,882,15090,44100,1,true,false,not_required_legacy,not_required_legacy,ok,legacy_only,Measured from current task-start physical corpus.
num-13,,clara,assets/audio/voice/clara/num-13.mp3,true,779b74f9d2410036e5ad45042100fa6889603d58e9f1412670724525e5589381,975,16762,44100,1,true,false,not_required_legacy,not_required_legacy,ok,legacy_only,Measured from current task-start physical corpus.
num-14,,clara,assets/audio/voice/clara/num-14.mp3,true,612f91c33409087dff6608f77f63d40de8adef36a0e8836a8023fe24f533e819,1022,17598,44100,1,true,false,not_required_legacy,not_required_legacy,ok,legacy_only,Measured from current task-start physical corpus.
num-15,,clara,assets/audio/voice/clara/num-15.mp3,true,3ccc68dc467153d2cca95e66fc5730e0b3ac780b6e82ec8cae87bdbb61073583,1022,17598,44100,1,true,false,not_required_legacy,not_required_legacy,ok,legacy_only,Measured from current task-start physical corpus.
num-16,,clara,assets/audio/voice/clara/num-16.mp3,true,3cc2ce1bfbb21b7f4005a202952f24e2d6c44674405a6ecf1b9a2e26593e5f5e,1068,18016,44100,1,true,false,not_required_legacy,not_required_legacy,ok,legacy_only,Measured from current task-start physical corpus.
num-17,,clara,assets/audio/voice/clara/num-17.mp3,true,495985d456cfbde052572b6e52df69e3e4ed8cbf40305eaec3a4a3fa5996ea2f,1115,18852,44100,1,true,false,not_required_legacy,not_required_legacy,ok,legacy_only,Measured from current task-start physical corpus.
num-18,,clara,assets/audio/voice/clara/num-18.mp3,true,9101d611cd1ed22fb1b0fcc99d42a2fc03e66b9413f8d9295bd8728e356f9a00,975,16762,44100,1,true,false,not_required_legacy,not_required_legacy,ok,legacy_only,Measured from current task-start physical corpus.
num-19,,clara,assets/audio/voice/clara/num-19.mp3,true,4eb51ebafd408f1f008ecd8a7a262b31abcfb1720583c3a7abd2563369779f10,975,16762,44100,1,true,false,not_required_legacy,not_required_legacy,ok,legacy_only,Measured from current task-start physical corpus.
num-2,,clara,assets/audio/voice/clara/num-2.mp3,true,3ef7a09cf87c4fbfffeeee97e9de6f3886c6050b1de4d7ddcb2237aefc782c0e,743,13000,44100,1,true,false,not_required_legacy,not_required_legacy,ok,legacy_only,Measured from current task-start physical corpus.
num-20,,clara,assets/audio/voice/clara/num-20.mp3,true,ec0e5ec69bd0aa75505201e705e35ec54506642102c8a9554e384b4e651193f3,929,15926,44100,1,true,false,not_required_legacy,not_required_legacy,ok,legacy_only,Measured from current task-start physical corpus.
num-21,,clara,assets/audio/voice/clara/num-21.mp3,true,1fefbbc70e98bcfc7f6165fd7bd82eb5620147a8358ae6dacde51dfcba35ff97,1068,18016,44100,1,true,false,not_required_legacy,not_required_legacy,ok,legacy_only,Measured from current task-start physical corpus.
num-22,,clara,assets/audio/voice/clara/num-22.mp3,true,713f47b93dec8fc302a5603299bedf8c0d58d9b3ce1abf39e7b1096cf056a298,1068,18016,44100,1,true,false,not_required_legacy,not_required_legacy,ok,legacy_only,Measured from current task-start physical corpus.
num-23,,clara,assets/audio/voice/clara/num-23.mp3,true,4bb2bd7e7b6a9719d61962a720b20f61ad3cb1b27e26719ecba7d6e87f81fca0,1161,19688,44100,1,true,false,not_required_legacy,not_required_legacy,ok,legacy_only,Measured from current task-start physical corpus.
num-24,,clara,assets/audio/voice/clara/num-24.mp3,true,170883d444138ee5c05b34f73c83920d3456f35b15b32183a6c38c8ec6e78d73,1115,18852,44100,1,true,false,not_required_legacy,not_required_legacy,ok,legacy_only,Measured from current task-start physical corpus.
num-25,,clara,assets/audio/voice/clara/num-25.mp3,true,ed0374bef5f4683f952e9d2e25bcc5f984e22693caa1fc535dab05ef70680833,1115,18852,44100,1,true,false,not_required_legacy,not_required_legacy,ok,legacy_only,Measured from current task-start physical corpus.
num-26,,clara,assets/audio/voice/clara/num-26.mp3,true,78f66d9b161d9fd158e6f8d7abc9059eadb159129950b548a5ccbe5f0f37adc1,1161,19688,44100,1,true,false,not_required_legacy,not_required_legacy,ok,legacy_only,Measured from current task-start physical corpus.
num-27,,clara,assets/audio/voice/clara/num-27.mp3,true,e4f94f6ffe85a1ac034059bbb8cc527b0b59f9dfd74b6ac2b8e4c2a9f0e0ca7e,1115,18852,44100,1,true,false,not_required_legacy,not_required_legacy,ok,legacy_only,Measured from current task-start physical corpus.
num-28,,clara,assets/audio/voice/clara/num-28.mp3,true,3b1028a8ca37f21dda234404e14cca7b12b4de2da8d3c09a734ebd4cb3b7f2df,1161,19688,44100,1,true,false,not_required_legacy,not_required_legacy,ok,legacy_only,Measured from current task-start physical corpus.
num-29,,clara,assets/audio/voice/clara/num-29.mp3,true,96c765886db587fd37f417c540df9330238a84fb543d14901b8959386cfabb15,1068,18016,44100,1,true,false,not_required_legacy,not_required_legacy,ok,legacy_only,Measured from current task-start physical corpus.
num-3,,clara,assets/audio/voice/clara/num-3.mp3,true,9a6e7707a81fdf8e0715ad2aab8eee49f5960df2d2577e3aee43379ce0cc4b99,789,13836,44100,1,true,false,not_required_legacy,not_required_legacy,ok,legacy_only,Measured from current task-start physical corpus.
num-30,,clara,assets/audio/voice/clara/num-30.mp3,true,f9614e828095a1fbee8a4f5de09ffe4dee7c8875c3483ee687aed756a05cf968,882,15090,44100,1,true,false,not_required_legacy,not_required_legacy,ok,legacy_only,Measured from current task-start physical corpus.
num-31,,clara,assets/audio/voice/clara/num-31.mp3,true,c7da33c371c53620c4e86ba33c124c244d05e0efe614b54f9b678fee035a0b53,1068,18016,44100,1,true,false,not_required_legacy,not_required_legacy,ok,legacy_only,Measured from current task-start physical corpus.
num-32,,clara,assets/audio/voice/clara/num-32.mp3,true,3f34ada60c522b63e79a794c9050876c1be5fe0ba8036a0a6c4844917d9379ea,1068,18016,44100,1,true,false,not_required_legacy,not_required_legacy,ok,legacy_only,Measured from current task-start physical corpus.
num-33,,clara,assets/audio/voice/clara/num-33.mp3,true,d117d3fba81d26e1619d59882076fc987495217d4919d288b6d18ff45b4dd134,1115,18852,44100,1,true,false,not_required_legacy,not_required_legacy,ok,legacy_only,Measured from current task-start physical corpus.
num-34,,clara,assets/audio/voice/clara/num-34.mp3,true,ac2b907b8af22437db457bbb9167b4c58fc192290588fad4a45779b33ddc2d5b,1115,18852,44100,1,true,false,not_required_legacy,not_required_legacy,ok,legacy_only,Measured from current task-start physical corpus.
num-35,,clara,assets/audio/voice/clara/num-35.mp3,true,32aaec63819264f948d3f87efabdda7232cbe76b3e595b492f2e92c85e219a21,1207,20524,44100,1,true,false,not_required_legacy,not_required_legacy,ok,legacy_only,Measured from current task-start physical corpus.
num-36,,clara,assets/audio/voice/clara/num-36.mp3,true,0a3221f7a6f3eb785d0a249affab09b5ce466bd483502dece6c0eed57db0c5a0,1115,18852,44100,1,true,false,not_required_legacy,not_required_legacy,ok,legacy_only,Measured from current task-start physical corpus.
num-37,,clara,assets/audio/voice/clara/num-37.mp3,true,0920f6a85b63a0c74cc3d1130baaf6727211eed1e487c37633ea3c648d96e053,1115,18852,44100,1,true,false,not_required_legacy,not_required_legacy,ok,legacy_only,Measured from current task-start physical corpus.
num-38,,clara,assets/audio/voice/clara/num-38.mp3,true,84b16231348fc53b6cca3aef3032d5ad8ad109262cae63ff4e46080ddcd9bd1b,1161,19688,44100,1,true,false,not_required_legacy,not_required_legacy,ok,legacy_only,Measured from current task-start physical corpus.
num-39,,clara,assets/audio/voice/clara/num-39.mp3,true,0fca86d9d8abd423fce8367654732f21b17ff219731b5d054e39d0da97fca5d6,1115,18852,44100,1,true,false,not_required_legacy,not_required_legacy,ok,legacy_only,Measured from current task-start physical corpus.
num-4,,clara,assets/audio/voice/clara/num-4.mp3,true,aab807d76f93d66140bf9de3cfdad7a8c060249aa860144e00a1ee2d64478b4a,743,13000,44100,1,true,false,not_required_legacy,not_required_legacy,ok,legacy_only,Measured from current task-start physical corpus.
num-40,,clara,assets/audio/voice/clara/num-40.mp3,true,ba443e9583bd6c0f29ec9e0aed86fe8f20026798c549247990ffc0c1df04eff6,975,16762,44100,1,true,false,not_required_legacy,not_required_legacy,ok,legacy_only,Measured from current task-start physical corpus.
num-5,,clara,assets/audio/voice/clara/num-5.mp3,true,92d9b27f4274c70d44d1f981c4ee7a26d0d63d540a9662c7ce96415b69d50bef,604,10911,44100,1,true,false,not_required_legacy,not_required_legacy,ok,legacy_only,Measured from current task-start physical corpus.
num-6,,clara,assets/audio/voice/clara/num-6.mp3,true,6138f2acd2a05aa030ebbba48ce3c91b57b527a8cece3f279a2425260c737190,789,13836,44100,1,true,false,not_required_legacy,not_required_legacy,ok,legacy_only,Measured from current task-start physical corpus.
num-7,,clara,assets/audio/voice/clara/num-7.mp3,true,2cd9e1de4603c898da6f54edbe6ffaf4158b3fdde2d222edf740fe9fb0f76d09,836,14254,44100,1,true,false,not_required_legacy,not_required_legacy,ok,legacy_only,Measured from current task-start physical corpus.
num-8,,clara,assets/audio/voice/clara/num-8.mp3,true,de8afa49444c5e4c6ad68a5b0807335cfdbfd81cbd187808cc09aa94b9313815,789,13836,44100,1,true,false,not_required_legacy,not_required_legacy,ok,legacy_only,Measured from current task-start physical corpus.
num-9,,clara,assets/audio/voice/clara/num-9.mp3,true,5aef5f72e933bea883d530e0a91abc1a76e96a85e5427c22ed21600ab3460b8b,697,12164,44100,1,true,false,not_required_legacy,not_required_legacy,ok,legacy_only,Measured from current task-start physical corpus.
open-your-eyes,open-your-eyes,clara,assets/audio/voice/clara/open-your-eyes.mp3,true,21246a70dcff398c5351212df3ab99978c2a0a9f62c0dc10ba19acb64dee6924,1672,27629,44100,1,true,false,not_required_legacy,not_required_legacy,ok,script_mismatch_candidate_not_reused,Measured from current task-start physical corpus.
paused-v21,paused-v21,clara,assets/audio/voice/clara/paused-v21.mp3,true,bc80e46a6dbac4e8b84b5c41857499d18651a9956227ccab6d4c07b3b4e1a039,975,16762,44100,1,true,true,current_generated_metadata,current,ok,physical_ready_exact_pair,Generated Voice V2.1 asset measured from current disk bytes.
relax-arm,,clara,assets/audio/voice/clara/relax-arm.mp3,true,a4f739dc7aa3de39857dff4c6bc262c006924a5b4a60e15eaf86b73f1cec645f,2554,41839,44100,1,true,false,not_required_legacy,not_required_legacy,ok,legacy_only,Measured from current task-start physical corpus.
rest-now-v21,rest-now-v21,clara,assets/audio/voice/clara/rest-now-v21.mp3,true,048802ec9791755480cecf26ddf48f81d020c981b760608a951bccb47f305ef9,1068,18016,44100,1,true,true,current_generated_metadata,current,ok,physical_ready_exact_pair,Generated Voice V2.1 asset measured from current disk bytes.
rest-now,,clara,assets/audio/voice/clara/rest-now.mp3,true,776c6106a5d18c502ac54c8aebbee9ad649ab970d63a814aef5438ad4d208100,1625,27211,44100,1,true,false,not_required_legacy,not_required_legacy,ok,legacy_only,Measured from current task-start physical corpus.
resuming-v21,resuming-v21,clara,assets/audio/voice/clara/resuming-v21.mp3,true,8fb200cec4ac878a69f27f37104c8e7f7934443bbaf56260a8db712caec8671b,1022,17598,44100,1,true,true,current_generated_metadata,current,ok,physical_ready_exact_pair,Generated Voice V2.1 asset measured from current disk bytes.
retry-v21,retry-v21,clara,assets/audio/voice/clara/retry-v21.mp3,true,a4ee75df0eb03b8d6097203761cc7fc920d19603e5a8d62dfd24e320c608a8ef,1347,22613,44100,1,true,true,covered_by_required_audio_metadata,verified_by_verify_audio,ok,physical_ready_exact_pair,Measured from current task-start physical corpus.
safe-session-start-v21,safe-session-start-v21,clara,assets/audio/voice/clara/safe-session-start-v21.mp3,true,5318a7395cb74ec6bf0ea8ef429064e9a9327165f3df14f0f724e42a38eb93fd,5201,84471,44100,1,true,true,current_generated_metadata,current,ok,physical_ready_exact_pair,Generated Voice V2.1 asset measured from current disk bytes.
session-complete-v21,session-complete-v21,clara,assets/audio/voice/clara/session-complete-v21.mp3,true,c2282435e15a1687258fed25704018831927a0385f16c00cc1437e2265de48e5,1347,22613,44100,1,true,true,current_generated_metadata,current,ok,physical_ready_exact_pair,Generated Voice V2.1 asset measured from current disk bytes.
session-complete,,clara,assets/audio/voice/clara/session-complete.mp3,true,3e69592788ee7cbab47e71403b3911cb4b740c2e9bcf69391515e57720b9e72a,5062,81964,44100,1,true,false,not_required_legacy,not_required_legacy,ok,legacy_only,Measured from current task-start physical corpus.
set-complete-v21,set-complete-v21,clara,assets/audio/voice/clara/set-complete-v21.mp3,true,d0db2fe71c155b6bb143aac9910dcdfe807dbe27ba28c09cbae9cc9b627fc1ab,1207,20524,44100,1,true,true,current_generated_metadata,current,ok,physical_ready_exact_pair,Generated Voice V2.1 asset measured from current disk bytes.
set-done,,clara,assets/audio/voice/clara/set-done.mp3,true,d49037ba2eef2799930aacd9fb2ea8a124e02820d8a3d0691cc50e52a3b8cc4e,1068,18016,44100,1,true,false,not_required_legacy,not_required_legacy,ok,legacy_only,Measured from current task-start physical corpus.
setup-back-v21,setup-back-v21,clara,assets/audio/voice/clara/setup-back-v21.mp3,true,145711ecaeca364b50949135a3470b47a7b84bde8d898d9b489dcddeb42a4402,1579,26375,44100,1,true,true,current_generated_metadata,current,ok,physical_ready_exact_pair,Generated Voice V2.1 asset measured from current disk bytes.
setup-center-v21,setup-center-v21,clara,assets/audio/voice/clara/setup-center-v21.mp3,true,a4f2872f849f4a9a0a3ddc5a66e95a14680da3a68fba2737677865685740ff57,1718,28465,44100,1,true,true,current_generated_metadata,current,ok,physical_ready_exact_pair,Generated Voice V2.1 asset measured from current disk bytes.
setup-clearer-view-v21,setup-clearer-view-v21,clara,assets/audio/voice/clara/setup-clearer-view-v21.mp3,true,e87332ba13686dcce796cdc3bf8f3998a46886f0b1f778f302662aad64f3c573,3669,59812,44100,1,true,true,current_generated_metadata,current,ok,physical_ready_exact_pair,Generated Voice V2.1 asset measured from current disk bytes.
setup-closer-v21,setup-closer-v21,clara,assets/audio/voice/clara/setup-closer-v21.mp3,true,da21bf5f6f1c71401707b73c7ef0ea9e7b91334d7dc0e5df06ba931d8635a244,1393,23449,44100,1,true,true,current_generated_metadata,current,ok,physical_ready_exact_pair,Generated Voice V2.1 asset measured from current disk bytes.
setup-enter-view-v21,setup-enter-view-v21,clara,assets/audio/voice/clara/setup-enter-view-v21.mp3,true,704a21f7b8fc2a3c4a5f39391a7cf13e566e08cc514b6c99cb704b12058a4dc3,2694,44347,44100,1,true,true,current_generated_metadata,current,ok,physical_ready_exact_pair,Generated Voice V2.1 asset measured from current disk bytes.
setup-hold-still-v21,setup-hold-still-v21,clara,assets/audio/voice/clara/setup-hold-still-v21.mp3,true,485f3a3e8cfc4828cc68d06fc2168ae3362633f19e0d7acbf5844b371452e75c,1672,27629,44100,1,true,true,current_generated_metadata,current,ok,physical_ready_exact_pair,Generated Voice V2.1 asset measured from current disk bytes.
setup-light-v21,setup-light-v21,clara,assets/audio/voice/clara/setup-light-v21.mp3,true,2262ff562c9a74dc9646d05b81823acd43f75659f39b71a638a7b45ced231fa1,1718,28465,44100,1,true,true,current_generated_metadata,current,ok,physical_ready_exact_pair,Generated Voice V2.1 asset measured from current disk bytes.
shoulder-intro,,clara,assets/audio/voice/clara/shoulder-intro.mp3,true,383f3a6ba9b9fceceb283e51dc836ead7c611670138764aec10494ddcbb4d518,6780,109549,44100,1,true,false,not_required_legacy,not_required_legacy,ok,legacy_only,Measured from current task-start physical corpus.
shoulder-setup,,clara,assets/audio/voice/clara/shoulder-setup.mp3,true,a232043e57a0cacbcbb83499836e1fce2a8c062834373ac3610e542ab2133698,7059,114146,44100,1,true,false,not_required_legacy,not_required_legacy,ok,legacy_only,Measured from current task-start physical corpus.
side-calf-left-back-v21,side-calf-left-back-v21,clara,assets/audio/voice/clara/side-calf-left-back-v21.mp3,true,f0724da11f019a5b131e9a52d15d910a8da8fe5f20b709dff449e346cf29ebdf,2368,38914,44100,1,true,true,current_generated_metadata,current,ok,physical_ready_exact_pair,Generated Voice V2.1 asset measured from current disk bytes.
side-calf-right-back-v21,side-calf-right-back-v21,clara,assets/audio/voice/clara/side-calf-right-back-v21.mp3,true,dfb3beac8e499ccf817ff6e3cd509f851e9f093f8fc62b071e48e87ef4279e0d,2461,40586,44100,1,true,true,current_generated_metadata,current,ok,physical_ready_exact_pair,Generated Voice V2.1 asset measured from current disk bytes.
side-hamstring-left-extended-v21,side-hamstring-left-extended-v21,clara,assets/audio/voice/clara/side-hamstring-left-extended-v21.mp3,true,62458a6e0c30bf45c0353c99ca274ed7357dd0467e157b92e4da3e7f48d2f07d,2461,40586,44100,1,true,true,current_generated_metadata,current,ok,physical_ready_exact_pair,Generated Voice V2.1 asset measured from current disk bytes.
side-hamstring-right-extended-v21,side-hamstring-right-extended-v21,clara,assets/audio/voice/clara/side-hamstring-right-extended-v21.mp3,true,ab518c6e9755870123fe47c68c1975640f1a856debf16b263db25815bec3f7b0,2461,40586,44100,1,true,true,current_generated_metadata,current,ok,physical_ready_exact_pair,Generated Voice V2.1 asset measured from current disk bytes.
side-hip-flexor-left-back-v21,side-hip-flexor-left-back-v21,clara,assets/audio/voice/clara/side-hip-flexor-left-back-v21.mp3,true,c1411ba96f8ae1b353f69c857b10c9a8871c398be089cef2703636034e3dc76e,3390,55214,44100,1,true,true,current_generated_metadata,current,ok,physical_ready_exact_pair,Generated Voice V2.1 asset measured from current disk bytes.
side-hip-flexor-right-back-v21,side-hip-flexor-right-back-v21,clara,assets/audio/voice/clara/side-hip-flexor-right-back-v21.mp3,true,003407997a29a8a3bc3d999ede0e966c5cd0d70b3dcc63c67dbbea78e69db330,3715,60648,44100,1,true,true,current_generated_metadata,current,ok,physical_ready_exact_pair,Generated Voice V2.1 asset measured from current disk bytes.
side-single-leg-left-v21,side-single-leg-left-v21,clara,assets/audio/voice/clara/side-single-leg-left-v21.mp3,true,65dac428d4cea6905446c8fa0ef600a45ec424e51d8c534f758780455fc5eaaf,3529,57722,44100,1,true,true,current_generated_metadata,current,ok,physical_ready_exact_pair,Generated Voice V2.1 asset measured from current disk bytes.
side-single-leg-right-v21,side-single-leg-right-v21,clara,assets/audio/voice/clara/side-single-leg-right-v21.mp3,true,5e60aac629f107aab4b55ac43add69d625837028fc6e8c9f47cc54267e548c70,3576,58140,44100,1,true,true,current_generated_metadata,current,ok,physical_ready_exact_pair,Generated Voice V2.1 asset measured from current disk bytes.
side-split-squat-left-forward-v21,side-split-squat-left-forward-v21,clara,assets/audio/voice/clara/side-split-squat-left-forward-v21.mp3,true,154904c14ddf8729c28488abc1613351dce9b478025c61702b247d28f010c022,2508,41004,44100,1,true,true,current_generated_metadata,current,ok,physical_ready_exact_pair,Generated Voice V2.1 asset measured from current disk bytes.
side-split-squat-right-forward-v21,side-split-squat-right-forward-v21,clara,assets/audio/voice/clara/side-split-squat-right-forward-v21.mp3,true,25a8153f8d180c4537677cad56f27086caa12e9ac7595d71379d9c38c6d1c360,2647,43511,44100,1,true,true,current_generated_metadata,current,ok,physical_ready_exact_pair,Generated Voice V2.1 asset measured from current disk bytes.
side-tandem-left-front-v21,side-tandem-left-front-v21,clara,assets/audio/voice/clara/side-tandem-left-front-v21.mp3,true,7d43b1a0f0997fa525e8f280ce2292700c0a6f169701696b177100727f034612,2415,39750,44100,1,true,true,current_generated_metadata,current,ok,physical_ready_exact_pair,Generated Voice V2.1 asset measured from current disk bytes.
side-tandem-right-front-v21,side-tandem-right-front-v21,clara,assets/audio/voice/clara/side-tandem-right-front-v21.mp3,true,efe52c9c40281baf91dce12536056364e70a085c0866d93fa4a422d8aab0bcf0,2694,44347,44100,1,true,true,current_generated_metadata,current,ok,physical_ready_exact_pair,Generated Voice V2.1 asset measured from current disk bytes.
stand-tall,,clara,assets/audio/voice/clara/stand-tall.mp3,true,c015fa99a770a24b335b79195ac615143259ec412fcdf26d1cf070b196121461,2926,47691,44100,1,true,false,not_required_legacy,not_required_legacy,ok,legacy_only,Measured from current task-start physical corpus.
stands-suffix,,clara,assets/audio/voice/clara/stands-suffix.mp3,true,7d8e1cab94cf5736e729a3b443e165f5da93c39776b05760a0dfa87ed1dcee2c,1718,28465,44100,1,true,false,not_required_legacy,not_required_legacy,ok,legacy_only,Measured from current task-start physical corpus.
step-back,,clara,assets/audio/voice/clara/step-back.mp3,true,ddb216e9cb40700a0c0c1db1cac1003940ce047a5958466e68475c2fd9a3042c,1393,23449,44100,1,true,false,not_required_legacy,not_required_legacy,ok,legacy_only,Measured from current task-start physical corpus.
step-closer,,clara,assets/audio/voice/clara/step-closer.mp3,true,8fcd2d94d396dba7f3a160b41d32b0d3b6a4817aafdfca53a0e51ca6ec97d21b,1718,28465,44100,1,true,false,not_required_legacy,not_required_legacy,ok,legacy_only,Measured from current task-start physical corpus.
step-into-frame,,clara,assets/audio/voice/clara/step-into-frame.mp3,true,5db89a05890b79d9016f755ed2beaeccf1284159010b7e9b9823104628b3862b,3483,56886,44100,1,true,false,not_required_legacy,not_required_legacy,ok,legacy_only,Measured from current task-start physical corpus.
step-up-next-left-v21,step-up-next-left-v21,clara,assets/audio/voice/clara/step-up-next-left-v21.mp3,true,7b6f5aaf061242283b8a06e5788475402b0ae58fd2861c26236506aa34ca8fe8,2183,35988,44100,1,true,true,current_generated_metadata,current,ok,physical_ready_exact_pair,Generated Voice V2.1 asset measured from current disk bytes.
step-up-next-right-v21,step-up-next-right-v21,clara,assets/audio/voice/clara/step-up-next-right-v21.mp3,true,5e6e7abb7e2734bed5f51135559108710423c1c57bd6df2dea18c93c3fb8a137,2183,35988,44100,1,true,true,current_generated_metadata,current,ok,physical_ready_exact_pair,Generated Voice V2.1 asset measured from current disk bytes.
step-up-start-left-v21,step-up-start-left-v21,clara,assets/audio/voice/clara/step-up-start-left-v21.mp3,true,ec55d952b336cb60338dfcdc38733415848b906f166222035b0fa2b539d094f1,1533,25539,44100,1,true,true,current_generated_metadata,current,ok,physical_ready_exact_pair,Generated Voice V2.1 asset measured from current disk bytes.
step-up-start-right-v21,step-up-start-right-v21,clara,assets/audio/voice/clara/step-up-start-right-v21.mp3,true,70b04b1dfe3baed09f1bc040eb794f9560c0e849c1a29b88c315e474066b3bd2,1579,26375,44100,1,true,true,current_generated_metadata,current,ok,physical_ready_exact_pair,Generated Voice V2.1 asset measured from current disk bytes.
step-up-wrong-left-v21,step-up-wrong-left-v21,clara,assets/audio/voice/clara/step-up-wrong-left-v21.mp3,true,4e52dbf8c99e3dc48ed476184aaaf759519ea2f47a372c8130b1483feb53f428,2926,47691,44100,1,true,true,current_generated_metadata,current,ok,physical_ready_exact_pair,Generated Voice V2.1 asset measured from current disk bytes.
step-up-wrong-right-v21,step-up-wrong-right-v21,clara,assets/audio/voice/clara/step-up-wrong-right-v21.mp3,true,3f5ea2f8202c19bd332782213391d4f7974f4ed6ee5709bd9203a767b37825ab,2972,48527,44100,1,true,true,current_generated_metadata,current,ok,physical_ready_exact_pair,Generated Voice V2.1 asset measured from current disk bytes.
step_clear_dry_area,,clara,assets/audio/voice/clara/step_clear_dry_area.mp3,true,1c5406f94106025cc4611b898d25978db64aca3d153bcabcffe70fccb765206e,3111,51035,44100,1,true,true,covered_by_required_audio_metadata,verified_by_verify_audio,ok,legacy_only,Measured from current task-start physical corpus.
step_controlled_return,,clara,assets/audio/voice/clara/step_controlled_return.mp3,true,787e1fa9e36acf6f86c1eabb5c972926087d1a07a473991c9e66c0e2bf8c5448,3483,56886,44100,1,true,true,covered_by_required_audio_metadata,verified_by_verify_audio,ok,legacy_only,Measured from current task-start physical corpus.
step_fixed_support_nearby,,clara,assets/audio/voice/clara/step_fixed_support_nearby.mp3,true,9b85326f54f50a4dd8765b272433a9652b6c34f2e13da432737f07245d3f6637,4551,74022,44100,1,true,true,covered_by_required_audio_metadata,verified_by_verify_audio,ok,legacy_only,Measured from current task-start physical corpus.
step_phone_out_of_path,,clara,assets/audio/voice/clara/step_phone_out_of_path.mp3,true,74ad51098b96d57750b5df83224aef3d5f06eb0e189cf44b1a148dae5f963f90,2972,48527,44100,1,true,true,covered_by_required_audio_metadata,verified_by_verify_audio,ok,legacy_only,Measured from current task-start physical corpus.
step_stop_if_unstable,,clara,assets/audio/voice/clara/step_stop_if_unstable.mp3,true,3a084a2e0d1ceecb1ab84b659ddfa96d70207dfd6d4f0b5c83acd1a3db68ab84,4876,79038,44100,1,true,true,covered_by_required_audio_metadata,verified_by_verify_audio,ok,legacy_only,Measured from current task-start physical corpus.
step_use_low_stable_step,,clara,assets/audio/voice/clara/step_use_low_stable_step.mp3,true,53823043f61e4cea5dbc762ab2692c743f8dec59037c65598002be1fe09b2313,2926,47691,44100,1,true,true,covered_by_required_audio_metadata,verified_by_verify_audio,ok,legacy_only,Measured from current task-start physical corpus.
support_keep_support_within_reach,,clara,assets/audio/voice/clara/support_keep_support_within_reach.mp3,true,626ed92da17960a646a25dd77251a5353b17c5497ff02a24c52f43be94c97d5a,2786,45601,44100,1,true,true,covered_by_required_audio_metadata,verified_by_verify_audio,ok,legacy_only,Measured from current task-start physical corpus.
support_use_sturdy_support,,clara,assets/audio/voice/clara/support_use_sturdy_support.mp3,true,f656d2cb7dc1cb79d8c0a594d7a2ab0c801c5f8fd5fec8e07024afba4813c5a8,3855,62737,44100,1,true,true,covered_by_required_audio_metadata,verified_by_verify_audio,ok,legacy_only,Measured from current task-start physical corpus.
switch-foot-positions-v21,switch-foot-positions-v21,clara,assets/audio/voice/clara/switch-foot-positions-v21.mp3,true,83ffc0cc5f4f741e9085047859ea8f2e1915af758d53c7ac4016ee1e7f6c44fa,1486,24703,44100,1,true,true,current_generated_metadata,current,ok,physical_ready_exact_pair,Generated Voice V2.1 asset measured from current disk bytes.
switch-legs-v21,switch-legs-v21,clara,assets/audio/voice/clara/switch-legs-v21.mp3,true,8ed2268e2a63a0c0216823fd130c6b6326da6514f29560549960da7147959b7a,1161,19688,44100,1,true,true,current_generated_metadata,current,ok,physical_ready_exact_pair,Generated Voice V2.1 asset measured from current disk bytes.
switch-sides-v21,switch-sides-v21,clara,assets/audio/voice/clara/switch-sides-v21.mp3,true,18ba33ea32881f117c30276e08bb4f0fdecbf6d765b2c7fef18af65b467c48b5,1022,17598,44100,1,true,true,current_generated_metadata,current,ok,physical_ready_exact_pair,Generated Voice V2.1 asset measured from current disk bytes.
target-balance-feet-together-hold-v21,target-balance-feet-together-hold-v21,clara,assets/audio/voice/clara/target-balance-feet-together-hold-v21.mp3,true,1abee64d76b54719cc08de74a53e1f516a7a98a4df5897cf0453acf09d0d2dc0,1579,26375,44100,1,true,true,current_generated_metadata,current,ok,physical_ready_exact_pair,Generated Voice V2.1 asset measured from current disk bytes.
target-balance-single-leg-hold-v21,target-balance-single-leg-hold-v21,clara,assets/audio/voice/clara/target-balance-single-leg-hold-v21.mp3,true,6aea6d8f5396de8cef9188417c0df725ae625bb9df8a5086efd522697bd7a221,1533,25539,44100,1,true,true,current_generated_metadata,current,ok,physical_ready_exact_pair,Generated Voice V2.1 asset measured from current disk bytes.
target-balance-tandem-hold-v21,target-balance-tandem-hold-v21,clara,assets/audio/voice/clara/target-balance-tandem-hold-v21.mp3,true,7ac1569f2beae7bf8383581b81dcd051c29e1f6d6c9977b24cf66d728ca0dd5a,1533,25539,44100,1,true,true,current_generated_metadata,current,ok,physical_ready_exact_pair,Generated Voice V2.1 asset measured from current disk bytes.
target-band-pull-apart-v21,target-band-pull-apart-v21,clara,assets/audio/voice/clara/target-band-pull-apart-v21.mp3,true,29c1e7535066a400d7a8f79456327dbdbe44c2a6e57fa29aed6f356b3b1c72f5,1579,26375,44100,1,true,true,current_generated_metadata,current,ok,physical_ready_exact_pair,Generated Voice V2.1 asset measured from current disk bytes.
target-chair-supported-split-squat-v21,target-chair-supported-split-squat-v21,clara,assets/audio/voice/clara/target-chair-supported-split-squat-v21.mp3,true,5a089f62d31c39817e176bdf4f165612abaa1f204760f46fc61254fa32b81ec1,1625,27211,44100,1,true,true,current_generated_metadata,current,ok,physical_ready_exact_pair,Generated Voice V2.1 asset measured from current disk bytes.
target-glute-bridge-hold-v21,target-glute-bridge-hold-v21,clara,assets/audio/voice/clara/target-glute-bridge-hold-v21.mp3,true,13d1bfe58b1a0480d4749d74a87e2a527a9770039622b437077df26d3b80ae80,1579,26375,44100,1,true,true,current_generated_metadata,current,ok,physical_ready_exact_pair,Generated Voice V2.1 asset measured from current disk bytes.
target-glute-bridge-reps-v21,target-glute-bridge-reps-v21,clara,assets/audio/voice/clara/target-glute-bridge-reps-v21.mp3,true,c5b135da60cec16b7e4a1d1c84b1ad1853d8a8586805587a6feb9bf68c2e80e9,1486,24703,44100,1,true,true,current_generated_metadata,current,ok,physical_ready_exact_pair,Generated Voice V2.1 asset measured from current disk bytes.
target-heel-raise-free-v21,target-heel-raise-free-v21,clara,assets/audio/voice/clara/target-heel-raise-free-v21.mp3,true,cc267afe63310fcdb74da648dd0661473b1dcb747ae4d7276b8d736803b89d27,1579,26375,44100,1,true,true,current_generated_metadata,current,ok,physical_ready_exact_pair,Generated Voice V2.1 asset measured from current disk bytes.
target-heel-raise-supported-v21,target-heel-raise-supported-v21,clara,assets/audio/voice/clara/target-heel-raise-supported-v21.mp3,true,a73dae1a73f9dd830196347362f991e2ddf7dcbcc4e380d9016ca1cf46e26ad3,1393,23449,44100,1,true,true,current_generated_metadata,current,ok,physical_ready_exact_pair,Generated Voice V2.1 asset measured from current disk bytes.
target-hip-hinge-free-v21,target-hip-hinge-free-v21,clara,assets/audio/voice/clara/target-hip-hinge-free-v21.mp3,true,8a798fc0f070cbabab827e5ff4e9a2fa91f215ea687b65dedadc97760b268364,1393,23449,44100,1,true,true,current_generated_metadata,current,ok,physical_ready_exact_pair,Generated Voice V2.1 asset measured from current disk bytes.
target-hip-hinge-wall-v21,target-hip-hinge-wall-v21,clara,assets/audio/voice/clara/target-hip-hinge-wall-v21.mp3,true,2caad5cf4c07b5d4bdf711d8a56a6ac4c133ec18762fcb6bd82920655231c3d5,1393,23449,44100,1,true,true,current_generated_metadata,current,ok,physical_ready_exact_pair,Generated Voice V2.1 asset measured from current disk bytes.
target-loaded-march-v21,target-loaded-march-v21,clara,assets/audio/voice/clara/target-loaded-march-v21.mp3,true,307afa0b5440ef30677ab55f7f0e0962394539142ac488f448f3ddb31070af8d,1440,24285,44100,1,true,true,current_generated_metadata,current,ok,physical_ready_exact_pair,Generated Voice V2.1 asset measured from current disk bytes.
target-loaded-sit-to-stand-v21,target-loaded-sit-to-stand-v21,clara,assets/audio/voice/clara/target-loaded-sit-to-stand-v21.mp3,true,4d98787625b74e83158a7883d5fd520bb1e0514a14ade5b3e1b55a4292047beb,1393,23449,44100,1,true,true,current_generated_metadata,current,ok,physical_ready_exact_pair,Generated Voice V2.1 asset measured from current disk bytes.
target-mini-band-lateral-walk-v21,target-mini-band-lateral-walk-v21,clara,assets/audio/voice/clara/target-mini-band-lateral-walk-v21.mp3,true,0d998df2c47e65c9bc0cbd744b1959306a8a560ede1103632d103ac73acbf37a,1393,23449,44100,1,true,true,current_generated_metadata,current,ok,physical_ready_exact_pair,Generated Voice V2.1 asset measured from current disk bytes.
target-neck-rotation-v21,target-neck-rotation-v21,clara,assets/audio/voice/clara/target-neck-rotation-v21.mp3,true,821e87689001955dfb0554bcbbf3817450e96997e8405cd818fb5f5374143ad3,2136,35152,44100,1,true,true,current_generated_metadata,current,ok,physical_ready_exact_pair,Generated Voice V2.1 asset measured from current disk bytes.
target-overhead-press-band-v21,target-overhead-press-band-v21,clara,assets/audio/voice/clara/target-overhead-press-band-v21.mp3,true,1a05c68b3745ced06b7981259532984f95268813962598112d8d4a110f21526f,1533,25539,44100,1,true,true,current_generated_metadata,current,ok,physical_ready_exact_pair,Generated Voice V2.1 asset measured from current disk bytes.
target-overhead-reach-v21,target-overhead-reach-v21,clara,assets/audio/voice/clara/target-overhead-reach-v21.mp3,true,6e3096d7cd5f3a2072adae1978b78122ff2395d36694ae5af0dde5d4c00af135,1300,21777,44100,1,true,true,current_generated_metadata,current,ok,physical_ready_exact_pair,Generated Voice V2.1 asset measured from current disk bytes.
target-push-up-incline-v21,target-push-up-incline-v21,clara,assets/audio/voice/clara/target-push-up-incline-v21.mp3,true,1c908a47b2aa23e4f483e8fafabd06d42d5e2daa318f888b09d8926ee5464189,1486,24703,44100,1,true,true,current_generated_metadata,current,ok,physical_ready_exact_pair,Generated Voice V2.1 asset measured from current disk bytes.
target-push-up-standard-v21,target-push-up-standard-v21,clara,assets/audio/voice/clara/target-push-up-standard-v21.mp3,true,b6a173545005880d906fe413c4b206978fa5816c7f4723878f3639ea09cc30c0,1440,24285,44100,1,true,true,current_generated_metadata,current,ok,physical_ready_exact_pair,Generated Voice V2.1 asset measured from current disk bytes.
target-push-up-wall-v21,target-push-up-wall-v21,clara,assets/audio/voice/clara/target-push-up-wall-v21.mp3,true,b6e861d1dce79ee8ea43df033cec303a853426a6fdda30af68f6e7a955c8d2ef,1254,20942,44100,1,true,true,current_generated_metadata,current,ok,physical_ready_exact_pair,Generated Voice V2.1 asset measured from current disk bytes.
target-seated-band-row-v21,target-seated-band-row-v21,clara,assets/audio/voice/clara/target-seated-band-row-v21.mp3,true,be008cd7e6f29c7ab295db0e88de3ae9de5e9e72f9d4e20df81ce931facf5466,1486,24703,44100,1,true,true,current_generated_metadata,current,ok,physical_ready_exact_pair,Generated Voice V2.1 asset measured from current disk bytes.
target-seated-hamstring-reach-v21,target-seated-hamstring-reach-v21,clara,assets/audio/voice/clara/target-seated-hamstring-reach-v21.mp3,true,72bb989e072a2bdf9ba09d3a66eec03f36e4c29443b64d75f2148f56f27cd86c,2740,44765,44100,1,true,true,current_generated_metadata,current,ok,physical_ready_exact_pair,Generated Voice V2.1 asset measured from current disk bytes.
target-squat-free-v21,target-squat-free-v21,clara,assets/audio/voice/clara/target-squat-free-v21.mp3,true,3ed7560ec11b7fdd60dff75e7e3b1e46a88879e21ca3ea40931ec712cff48ead,1533,25539,44100,1,true,true,current_generated_metadata,current,ok,physical_ready_exact_pair,Generated Voice V2.1 asset measured from current disk bytes.
target-squat-loaded-v21,target-squat-loaded-v21,clara,assets/audio/voice/clara/target-squat-loaded-v21.mp3,true,baac71747ec1462dbd5d6fb85c0741edc614601aa5491fb870c6fd93093c1bd9,1440,24285,44100,1,true,true,current_generated_metadata,current,ok,physical_ready_exact_pair,Generated Voice V2.1 asset measured from current disk bytes.
target-squat-slow-eccentric-v21,target-squat-slow-eccentric-v21,clara,assets/audio/voice/clara/target-squat-slow-eccentric-v21.mp3,true,c65e5f7acc7bc787e821d55c3369ff1318bb3cbf24645f865df89b5cae1db549,1486,24703,44100,1,true,true,current_generated_metadata,current,ok,physical_ready_exact_pair,Generated Voice V2.1 asset measured from current disk bytes.
target-squat-supported-v21,target-squat-supported-v21,clara,assets/audio/voice/clara/target-squat-supported-v21.mp3,true,3bff22e9fd0983e7072df4fb6f34d1eac2f9af28aa5a6af2af4ecd96be687909,1486,24703,44100,1,true,true,current_generated_metadata,current,ok,physical_ready_exact_pair,Generated Voice V2.1 asset measured from current disk bytes.
target-standing-band-row-v21,target-standing-band-row-v21,clara,assets/audio/voice/clara/target-standing-band-row-v21.mp3,true,edcdeb9cc367fdd6340c80845af573b604b805518fb5be37fbabf20a7c13cdf6,1486,24703,44100,1,true,true,current_generated_metadata,current,ok,physical_ready_exact_pair,Generated Voice V2.1 asset measured from current disk bytes.
target-step-up-v21,target-step-up-v21,clara,assets/audio/voice/clara/target-step-up-v21.mp3,true,4b522d66632d840371869046294e750f79751fd022f11b5949a474863f00afb2,1672,27629,44100,1,true,true,current_generated_metadata,current,ok,physical_ready_exact_pair,Generated Voice V2.1 asset measured from current disk bytes.
target-sts-cushion-v21,target-sts-cushion-v21,clara,assets/audio/voice/clara/target-sts-cushion-v21.mp3,true,6d5908412775f7455f510a2b53a61703ca01f680094d9c78b2ccf09875d8a85c,1486,24703,44100,1,true,true,current_generated_metadata,current,ok,physical_ready_exact_pair,Generated Voice V2.1 asset measured from current disk bytes.
target-sts-power-v21,target-sts-power-v21,clara,assets/audio/voice/clara/target-sts-power-v21.mp3,true,7dee1f3b28a3e213e111c96efaa51ddbae248fb9606cf570c221439d46775951,1579,26375,44100,1,true,true,current_generated_metadata,current,ok,physical_ready_exact_pair,Generated Voice V2.1 asset measured from current disk bytes.
target-sts-slow-eccentric-v21,target-sts-slow-eccentric-v21,clara,assets/audio/voice/clara/target-sts-slow-eccentric-v21.mp3,true,bbfbb1b649d74c8ba475e77f38bafd74dd999a596e0a249984071728e766bb14,1161,19688,44100,1,true,true,current_generated_metadata,current,ok,physical_ready_exact_pair,Generated Voice V2.1 asset measured from current disk bytes.
target-sts-standard-v21,target-sts-standard-v21,clara,assets/audio/voice/clara/target-sts-standard-v21.mp3,true,1863aa485778d9ae4b9e7466f8b74d630cb62a8154f872e62c0e8301a24d1c55,1254,20942,44100,1,true,true,current_generated_metadata,current,ok,physical_ready_exact_pair,Generated Voice V2.1 asset measured from current disk bytes.
target-supported-hip-flexor-stretch-v21,target-supported-hip-flexor-stretch-v21,clara,assets/audio/voice/clara/target-supported-hip-flexor-stretch-v21.mp3,true,a4cf5e3b6a5d10ff1b5c803d494ae5198c087c216f004961897da4519e727e76,1486,24703,44100,1,true,true,current_generated_metadata,current,ok,physical_ready_exact_pair,Generated Voice V2.1 asset measured from current disk bytes.
target-supported-side-step-v21,target-supported-side-step-v21,clara,assets/audio/voice/clara/target-supported-side-step-v21.mp3,true,81de8b8f94f33baa31fc9e4afa5c11cafca89ca5b397e15accabda71e9b8d80a,1625,27211,44100,1,true,true,current_generated_metadata,current,ok,physical_ready_exact_pair,Generated Voice V2.1 asset measured from current disk bytes.
target-thoracic-rotation-v21,target-thoracic-rotation-v21,clara,assets/audio/voice/clara/target-thoracic-rotation-v21.mp3,true,eeb77c4ec32a324f76e5b980e1f44e435de39fc9e2d752e23f051c83e21e9977,1579,26375,44100,1,true,true,current_generated_metadata,current,ok,physical_ready_exact_pair,Generated Voice V2.1 asset measured from current disk bytes.
target-toe-raise-supported-v21,target-toe-raise-supported-v21,clara,assets/audio/voice/clara/target-toe-raise-supported-v21.mp3,true,afae77c844f1a3ac31d0b06c7b40a33dc29733df6b9170874f673299f68c9eb3,1625,27211,44100,1,true,true,current_generated_metadata,current,ok,physical_ready_exact_pair,Generated Voice V2.1 asset measured from current disk bytes.
target-wall-calf-stretch-v21,target-wall-calf-stretch-v21,clara,assets/audio/voice/clara/target-wall-calf-stretch-v21.mp3,true,28e2bbd69e6a9801c7b4973f294f216001a8d9f085a5ec5d5f97074051c78181,1579,26375,44100,1,true,true,current_generated_metadata,current,ok,physical_ready_exact_pair,Generated Voice V2.1 asset measured from current disk bytes.
thats-your-set,,clara,assets/audio/voice/clara/thats-your-set.mp3,true,d70803148b3928512244b8272918b96e0881312f25bd19ff8a4f57f37e947055,1393,23449,44100,1,true,false,not_required_legacy,not_required_legacy,ok,legacy_only,Measured from current task-start physical corpus.
time-to-retest,,clara,assets/audio/voice/clara/time-to-retest.mp3,true,331473a517c812083a41d767e25450567a205056ae9c999b04591a8389e5a3ba,6177,99936,44100,1,true,false,not_required_legacy,not_required_legacy,ok,legacy_only,Measured from current task-start physical corpus.
times-up-v21,times-up-v21,clara,assets/audio/voice/clara/times-up-v21.mp3,true,30e9a875b184c8280c74377703890e1f7a0c5d94207c07c59784539e41fe3d26,836,14254,44100,1,true,true,covered_by_required_audio_metadata,verified_by_verify_audio,ok,physical_ready_exact_pair,Measured from current task-start physical corpus.
times-up,,clara,assets/audio/voice/clara/times-up.mp3,true,a58c49ac2b985b51b94d7cc60c061283b1c2213cf147808479d91cfb0ff3e8bf,2508,41004,44100,1,true,false,not_required_legacy,not_required_legacy,ok,legacy_only,Measured from current task-start physical corpus.
tracking-loss-v21,tracking-loss-v21,clara,assets/audio/voice/clara/tracking-loss-v21.mp3,true,c47310fbdac858abcaa5080839cec952c4fd7a361ac97fc9333a23843fb67a08,2601,42675,44100,1,true,true,covered_by_required_audio_metadata,verified_by_verify_audio,ok,physical_ready_exact_pair,Measured from current task-start physical corpus.
tracking-recovered-v21,tracking-recovered-v21,clara,assets/audio/voice/clara/tracking-recovered-v21.mp3,true,34168a533524aec52ea36d22b5f3b9a808fc8ab0cded155ba4032ca9564f2cca,2647,43511,44100,1,true,true,covered_by_required_audio_metadata,verified_by_verify_audio,ok,physical_ready_exact_pair,Measured from current task-start physical corpus.
tracking_keep_full_body_in_view,,clara,assets/audio/voice/clara/tracking_keep_full_body_in_view.mp3,true,60bf66bc47970a8b740f372d559cbc2c11a970e73e50f278cb5433369aae4d6f,3390,55214,44100,1,true,true,covered_by_required_audio_metadata,verified_by_verify_audio,ok,legacy_only,Measured from current task-start physical corpus.
tracking_move_when_cued,,clara,assets/audio/voice/clara/tracking_move_when_cued.mp3,true,7e45ba3490c900be16149fa2d880aa782b42ac4a28ee65d8d520a2d7b804ccb4,2508,41004,44100,1,true,true,covered_by_required_audio_metadata,verified_by_verify_audio,ok,legacy_only,Measured from current task-start physical corpus.
tracking_no_rush_or_exaggerate,,clara,assets/audio/voice/clara/tracking_no_rush_or_exaggerate.mp3,true,4a74b4096f0d84cd62f199eb95d674b025138676421072ee5b357261ea151935,3855,62737,44100,1,true,true,covered_by_required_audio_metadata,verified_by_verify_audio,ok,legacy_only,Measured from current task-start physical corpus.
tracking_pause_and_reset,,clara,assets/audio/voice/clara/tracking_pause_and_reset.mp3,true,9e1f8239d661eb3b4d435132dae53a09d39a5b2ca35246f371badf353202e29a,4783,77784,44100,1,true,true,covered_by_required_audio_metadata,verified_by_verify_audio,ok,legacy_only,Measured from current task-start physical corpus.
training-intro-v21,training-intro-v21,clara,assets/audio/voice/clara/training-intro-v21.mp3,true,880586c5b34c34ad6f46078ad593dee8296cd9a7c22230d13ec24f70e0b98c86,7059,114146,44100,1,true,true,current_generated_metadata,current,ok,physical_ready_exact_pair,Generated Voice V2.1 asset measured from current disk bytes.
training-intro,,clara,assets/audio/voice/clara/training-intro.mp3,true,2d44a781e71f755b6e5f82946fc922173ea945455d5cdbcbd3a91c6335c4fd9a,9334,150509,44100,1,true,false,not_required_legacy,not_required_legacy,ok,legacy_only,Measured from current task-start physical corpus.
training-skip-v21,training-skip-v21,clara,assets/audio/voice/clara/training-skip-v21.mp3,true,bfdfbcef4144389e95569da93f366bc0b3eb6a432721c6fc802831e90c20e071,1625,27211,44100,1,true,true,current_generated_metadata,current,ok,physical_ready_exact_pair,Generated Voice V2.1 asset measured from current disk bytes.
tug-intro,,clara,assets/audio/voice/clara/tug-intro.mp3,true,ea9329de21a246cabcb6e0dba6a154105742a1d4a0ba1a71c47ae78cd60ced40,7709,124595,44100,1,true,false,not_required_legacy,not_required_legacy,ok,conditional_legacy_only,Measured from current task-start physical corpus.
tug-setup,,clara,assets/audio/voice/clara/tug-setup.mp3,true,8b0ea998bd366a7e0467a26a45036b5f14b178f8acfb52316e878ccba5cd0663,10031,161376,44100,1,true,false,not_required_legacy,not_required_legacy,ok,conditional_legacy_only,Measured from current task-start physical corpus.
turn-on-light,,clara,assets/audio/voice/clara/turn-on-light.mp3,true,a7059e8bacf986a8109a20f18f1bbf461f85a6e1e29171fa18cd1c5e847bb876,3529,57722,44100,1,true,false,not_required_legacy,not_required_legacy,ok,legacy_only,Measured from current task-start physical corpus.
turn-side-on,,clara,assets/audio/voice/clara/turn-side-on.mp3,true,f13a4a6585356faf17cef91d0dc0f22dd60e450bace2a1b7892b5868ccaeb8e9,3576,58140,44100,1,true,false,not_required_legacy,not_required_legacy,ok,legacy_only,Measured from current task-start physical corpus.
voice-preview,,clara,assets/audio/voice/clara/voice-preview.mp3,true,59c420eaf30eec7e2a3a45acb4a6fcde8da931547aafcc8fe54fa7da9cb1a8ee,3344,54378,44100,1,true,false,not_required_legacy,not_required_legacy,ok,legacy_only,Measured from current task-start physical corpus.
you-completed,,clara,assets/audio/voice/clara/you-completed.mp3,true,0eb77a80a4c06c7048bf0e9340e76637fdbb94c8c1cfd6a5796f00e87aa9ad6e,1300,21777,44100,1,true,false,not_required_legacy,not_required_legacy,ok,legacy_only,Measured from current task-start physical corpus.
balance-feet-together,,marcus,assets/audio/voice/marcus/balance-feet-together.mp3,true,1455e162b09bf601f04da59d6a5f5e7c96323eec0ddf937c7d898def697190a9,2183,35988,44100,1,true,false,not_required_legacy,not_required_legacy,ok,legacy_only,Measured from current task-start physical corpus.
balance-intro,,marcus,assets/audio/voice/marcus/balance-intro.mp3,true,dc8cad8c1f97e463ce6a30012e83077a66a7c6ac8f4d632b787879ea9b3be4ab,8220,132537,44100,1,true,false,not_required_legacy,not_required_legacy,ok,legacy_only,Measured from current task-start physical corpus.
balance-semi-tandem,,marcus,assets/audio/voice/marcus/balance-semi-tandem.mp3,true,9a4ba956d49dd7307998d12462622bbf6231556f563a02f305c85e601909f719,4365,71097,44100,1,true,false,not_required_legacy,not_required_legacy,ok,legacy_only,Measured from current task-start physical corpus.
balance-setup,,marcus,assets/audio/voice/marcus/balance-setup.mp3,true,3163578306947109facf627d59fe82bfe35ec2a56966ca9243d5ce53ac75b83b,7245,117072,44100,1,true,false,not_required_legacy,not_required_legacy,ok,legacy_only,Measured from current task-start physical corpus.
balance-single-leg,,marcus,assets/audio/voice/marcus/balance-single-leg.mp3,true,9902f1e4169a6d47ebb5624c178bd98721dad5fdf5de5fa8073dcc672a78c7f7,3297,53960,44100,1,true,false,not_required_legacy,not_required_legacy,ok,legacy_only,Measured from current task-start physical corpus.
balance-tandem,,marcus,assets/audio/voice/marcus/balance-tandem.mp3,true,c9af4b0f2d6b2b63f3a00edae53d9b13d3974f7369015b35b314df8d96bdd47e,3204,52288,44100,1,true,false,not_required_legacy,not_required_legacy,ok,legacy_only,Measured from current task-start physical corpus.
balance_no_eyes_closed_or_unstable_surface,,marcus,assets/audio/voice/marcus/balance_no_eyes_closed_or_unstable_surface.mp3,true,61004d31b1407107515b8eb79d8482a68b795a41da5335ff7bf8feec1d2ad3f0,4365,71097,44100,1,true,true,covered_by_required_audio_metadata,verified_by_verify_audio,ok,legacy_only,Measured from current task-start physical corpus.
balance_stop_if_unsteady,,marcus,assets/audio/voice/marcus/balance_stop_if_unsteady.mp3,true,07c8b8c03566adf1fe56a7cf80b044a08908e2e77821c661eee1d2f688fc6141,2508,41004,44100,1,true,true,covered_by_required_audio_metadata,verified_by_verify_audio,ok,legacy_only,Measured from current task-start physical corpus.
balance_support_within_reach,,marcus,assets/audio/voice/marcus/balance_support_within_reach.mp3,true,d4fe36119aed2655c2b7ba858194164b31342406cb151e36aeb69e74c8a280d3,4087,66499,44100,1,true,true,covered_by_required_audio_metadata,verified_by_verify_audio,ok,legacy_only,Measured from current task-start physical corpus.
balance_supported_if_hesitant,,marcus,assets/audio/voice/marcus/balance_supported_if_hesitant.mp3,true,0e6d42f398713443a64c30734f2c6c84950211df619a5a9746a573008e3d8575,2090,34316,44100,1,true,true,covered_by_required_audio_metadata,verified_by_verify_audio,ok,legacy_only,Measured from current task-start physical corpus.
band_anchor_feet_secure,,marcus,assets/audio/voice/marcus/band_anchor_feet_secure.mp3,true,b93225a2f15bbda3c83aa6af5789a3c7b55ce5c87a042a60b8f83718eeefbf6a,4319,70261,44100,1,true,true,covered_by_required_audio_metadata,verified_by_verify_audio,ok,legacy_only,Measured from current task-start physical corpus.
band_controlled_return,,marcus,assets/audio/voice/marcus/band_controlled_return.mp3,true,2d3c61cef7432c84689a5aed5c09c8c1bc1274e32ff5a0bf658da4e35db161c5,1997,33062,44100,1,true,true,covered_by_required_audio_metadata,verified_by_verify_audio,ok,legacy_only,Measured from current task-start physical corpus.
band_do_not_overstretch,,marcus,assets/audio/voice/marcus/band_do_not_overstretch.mp3,true,fec44b0c0870b8f32527f8a6c2f47af0e314f3dfbc4de490cefc7231c402263f,2972,48527,44100,1,true,true,covered_by_required_audio_metadata,verified_by_verify_audio,ok,legacy_only,Measured from current task-start physical corpus.
band_face_and_eyes_clear,,marcus,assets/audio/voice/marcus/band_face_and_eyes_clear.mp3,true,1d0b4591672f109aeef68e35454e57f124615264734aa4639e112ba30fe4a2e0,2647,43511,44100,1,true,true,covered_by_required_audio_metadata,verified_by_verify_audio,ok,legacy_only,Measured from current task-start physical corpus.
band_inspect_before_use,,marcus,assets/audio/voice/marcus/band_inspect_before_use.mp3,true,3ba59585148b801b8ed46ee36e4a8f8ec2d53a940bc7c96f7340dfe8dc677042,5062,81964,44100,1,true,true,covered_by_required_audio_metadata,verified_by_verify_audio,ok,legacy_only,Measured from current task-start physical corpus.
band_never_release_under_tension,,marcus,assets/audio/voice/marcus/band_never_release_under_tension.mp3,true,9dd37051c0972894656f8fd592d6eeb6a6d2eb8b38c5ec9d9300aa0ea885c952,1904,31391,44100,1,true,true,covered_by_required_audio_metadata,verified_by_verify_audio,ok,legacy_only,Measured from current task-start physical corpus.
band_secure_grip,,marcus,assets/audio/voice/marcus/band_secure_grip.mp3,true,317a0b0a10803a0cf3c925bda364c880d37c1b27939b10a3cc8e862579cafef9,2694,44347,44100,1,true,true,covered_by_required_audio_metadata,verified_by_verify_audio,ok,legacy_only,Measured from current task-start physical corpus.
band_stable_stance,,marcus,assets/audio/voice/marcus/band_stable_stance.mp3,true,f81c2e780aff7ec0b9296fff876fed17f7af89b33c041ec5c6dba912e3e6bb9d,2786,45601,44100,1,true,true,covered_by_required_audio_metadata,verified_by_verify_audio,ok,legacy_only,Measured from current task-start physical corpus.
band_stop_if_slips_or_shifts,,marcus,assets/audio/voice/marcus/band_stop_if_slips_or_shifts.mp3,true,4cf0248178fc3c747c783cb2902b1deb8fccf755ba02a78b2ee55543ca123030,5805,94084,44100,1,true,true,covered_by_required_audio_metadata,verified_by_verify_audio,ok,legacy_only,Measured from current task-start physical corpus.
center-yourself,,marcus,assets/audio/voice/marcus/center-yourself.mp3,true,17163d4582bfd58d61a7e8108bb60d13d08bd95d9ee964a7c0def967895bc76c,1950,32226,44100,1,true,false,not_required_legacy,not_required_legacy,ok,legacy_only,Measured from current task-start physical corpus.
chair-stand-intro,,marcus,assets/audio/voice/marcus/chair-stand-intro.mp3,true,fd98865deb1bfc2752ccb30ef86405bc8a0524f00fa39f0fd46d87d728472f24,10031,161376,44100,1,true,false,not_required_legacy,not_required_legacy,ok,legacy_only,Measured from current task-start physical corpus.
chair-stand-setup,,marcus,assets/audio/voice/marcus/chair-stand-setup.mp3,true,c69c08f2a09fa21bd5490b706600dad752ded9bef5cb9cc2d153bfb172b66c23,11006,177258,44100,1,true,false,not_required_legacy,not_required_legacy,ok,legacy_only,Measured from current task-start physical corpus.
chair_controlled_sit,,marcus,assets/audio/voice/marcus/chair_controlled_sit.mp3,true,f6ae6e2a8883467ea4c5f863789e5c7f7abe7612f6106ebac2ad5d00098fc225,2786,45601,44100,1,true,true,covered_by_required_audio_metadata,verified_by_verify_audio,ok,legacy_only,Measured from current task-start physical corpus.
chair_use_sturdy_chair,,marcus,assets/audio/voice/marcus/chair_use_sturdy_chair.mp3,true,e94bfbe40396fb751a61a3850e8f61f5a203d7f9e0415d2d04dfc2b6386a3e6d,2694,44347,44100,1,true,true,covered_by_required_audio_metadata,verified_by_verify_audio,ok,legacy_only,Measured from current task-start physical corpus.
checkup-balance-feet-together-v21,checkup-balance-feet-together-v21,marcus,assets/audio/voice/marcus/checkup-balance-feet-together-v21.mp3,true,654fc80a0f009df7ccc9285270891d2095841b8d385c76725c8da52eca3cf46d,3576,58140,44100,1,true,true,current_generated_metadata,current,ok,physical_ready_exact_pair,Generated Voice V2.1 asset measured from current disk bytes.
checkup-balance-intro-v21,checkup-balance-intro-v21,marcus,assets/audio/voice/marcus/checkup-balance-intro-v21.mp3,true,f973a9b48e5cb1954f9fc9391c2edd676ae507de6d58c31a64e4ef6680256ee0,5016,81128,44100,1,true,true,covered_by_required_audio_metadata,verified_by_verify_audio,ok,physical_ready_exact_pair,Measured from current task-start physical corpus.
checkup-balance-next-stance-v21,checkup-balance-next-stance-v21,marcus,assets/audio/voice/marcus/checkup-balance-next-stance-v21.mp3,true,35cbd9579ebb38f1bb83f6739fb565e9b88bf52e8521425dde6fbfc0d008596b,2136,35152,44100,1,true,true,current_generated_metadata,current,ok,physical_ready_exact_pair,Generated Voice V2.1 asset measured from current disk bytes.
checkup-balance-semi-tandem-left-v21,checkup-balance-semi-tandem-left-v21,marcus,assets/audio/voice/marcus/checkup-balance-semi-tandem-left-v21.mp3,true,4707132a81145c44c1f9f835f5352849cf595cffcd680900540dbef32415e00e,3390,55214,44100,1,true,true,current_generated_metadata,current,ok,physical_ready_exact_pair,Generated Voice V2.1 asset measured from current disk bytes.
checkup-balance-semi-tandem-right-v21,checkup-balance-semi-tandem-right-v21,marcus,assets/audio/voice/marcus/checkup-balance-semi-tandem-right-v21.mp3,true,002eca6c0ffa2a24b220afff921c4d9f6343a100befb91230583ecfdbf24024e,3251,53124,44100,1,true,true,current_generated_metadata,current,ok,physical_ready_exact_pair,Generated Voice V2.1 asset measured from current disk bytes.
checkup-balance-single-leg-left-v21,checkup-balance-single-leg-left-v21,marcus,assets/audio/voice/marcus/checkup-balance-single-leg-left-v21.mp3,true,9145f2ee060444eb941c328422efa927f28dfc7005903764bc4c4ceffbf6af31,3019,49363,44100,1,true,true,current_generated_metadata,current,ok,physical_ready_exact_pair,Generated Voice V2.1 asset measured from current disk bytes.
checkup-balance-single-leg-right-v21,checkup-balance-single-leg-right-v21,marcus,assets/audio/voice/marcus/checkup-balance-single-leg-right-v21.mp3,true,3aec40ef658e0e828d60f4358eae4cdbbe036ce7f5676fbb4b528f28b1c84325,2786,45601,44100,1,true,true,current_generated_metadata,current,ok,physical_ready_exact_pair,Generated Voice V2.1 asset measured from current disk bytes.
checkup-balance-single-leg-v21,checkup-balance-single-leg-v21,marcus,assets/audio/voice/marcus/checkup-balance-single-leg-v21.mp3,true,4d42d9fc87151b1fc9bf618839f10098ede687a5775b32b0a2aaccabb0ecc3d5,4830,78202,44100,1,true,true,covered_by_required_audio_metadata,verified_by_verify_audio,ok,physical_ready_exact_pair,Measured from current task-start physical corpus.
checkup-balance-support-touch-v21,checkup-balance-support-touch-v21,marcus,assets/audio/voice/marcus/checkup-balance-support-touch-v21.mp3,true,f9e057228923740d31efcca2b1508d2dccfcecd8d94e9b34c04fc6c522d00a24,2647,43511,44100,1,true,true,current_generated_metadata,current,ok,physical_ready_exact_pair,Generated Voice V2.1 asset measured from current disk bytes.
checkup-balance-tandem-left-v21,checkup-balance-tandem-left-v21,marcus,assets/audio/voice/marcus/checkup-balance-tandem-left-v21.mp3,true,d280307722213687bbfaed1702abbefc3b9358ae9a73ff30f5c2d343d1a9e228,4598,74440,44100,1,true,true,current_generated_metadata,current,ok,physical_ready_exact_pair,Generated Voice V2.1 asset measured from current disk bytes.
checkup-balance-tandem-right-v21,checkup-balance-tandem-right-v21,marcus,assets/audio/voice/marcus/checkup-balance-tandem-right-v21.mp3,true,eed918c98b64127ec47a59792f1c392da291592d163de8aba37828726ceccb00,4412,71515,44100,1,true,true,current_generated_metadata,current,ok,physical_ready_exact_pair,Generated Voice V2.1 asset measured from current disk bytes.
checkup-chair-stand-intro-v21,checkup-chair-stand-intro-v21,marcus,assets/audio/voice/marcus/checkup-chair-stand-intro-v21.mp3,true,99b027f676021df1f46c4017c44e9bda7b54eef86e8b096d7fd451abf4d3e37f,4644,75276,44100,1,true,true,covered_by_required_audio_metadata,verified_by_verify_audio,ok,physical_ready_exact_pair,Measured from current task-start physical corpus.
checkup-chair-stand-setup-v21,checkup-chair-stand-setup-v21,marcus,assets/audio/voice/marcus/checkup-chair-stand-setup-v21.mp3,true,fe09277e0786932ff48b6be745cf730746625b70f62470c6aac1be26ee0cf8b1,5248,84889,44100,1,true,true,covered_by_required_audio_metadata,verified_by_verify_audio,ok,physical_ready_exact_pair,Measured from current task-start physical corpus.
checkup-complete-v21,checkup-complete-v21,marcus,assets/audio/voice/marcus/checkup-complete-v21.mp3,true,f13f8816bfe27c601d9197fe0a8d3ec7a76ddf00eb75e99ac373d1414fddafbb,2090,34316,44100,1,true,true,covered_by_required_audio_metadata,verified_by_verify_audio,ok,physical_ready_exact_pair,Measured from current task-start physical corpus.
checkup-complete,,marcus,assets/audio/voice/marcus/checkup-complete.mp3,true,64f5ce124907317bc84741b48a710453e375f6e9e419364cd826a1703a00aa8d,3994,64827,44100,1,true,false,not_required_legacy,not_required_legacy,ok,legacy_only,Measured from current task-start physical corpus.
checkup-hinge-setup-v21,checkup-hinge-setup-v21,marcus,assets/audio/voice/marcus/checkup-hinge-setup-v21.mp3,true,0705c2d169d8132e53c45fa852cc059e4f3c8086b3ab311b2d1dd327351ed3a9,6084,98264,44100,1,true,true,covered_by_required_audio_metadata,verified_by_verify_audio,ok,physical_ready_exact_pair,Measured from current task-start physical corpus.
checkup-intro,,marcus,assets/audio/voice/marcus/checkup-intro.mp3,true,c5ea926e64b3960816df0233c0cd8dc9948a1c7856e2b1c4917e2175292d076c,12910,207769,44100,1,true,false,not_required_legacy,not_required_legacy,ok,legacy_only,Measured from current task-start physical corpus.
checkup-shoulder-raise-left-v21,checkup-shoulder-raise-left-v21,marcus,assets/audio/voice/marcus/checkup-shoulder-raise-left-v21.mp3,true,52f2d7ab2d96002d3308991924be1cd845a493aef53bd6312261862f69f5a58b,4087,66499,44100,1,true,true,covered_by_required_audio_metadata,verified_by_verify_audio,ok,physical_ready_exact_pair,Measured from current task-start physical corpus.
checkup-shoulder-raise-right-v21,checkup-shoulder-raise-right-v21,marcus,assets/audio/voice/marcus/checkup-shoulder-raise-right-v21.mp3,true,2814dfc4190eb3000e6a6f40956f1d8c0586bd17423d84f5465a15326ab418e6,4180,67753,44100,1,true,true,covered_by_required_audio_metadata,verified_by_verify_audio,ok,physical_ready_exact_pair,Measured from current task-start physical corpus.
checkup-shoulder-turn-left-v21,checkup-shoulder-turn-left-v21,marcus,assets/audio/voice/marcus/checkup-shoulder-turn-left-v21.mp3,true,9d8db5289e6632aec48dd1740f51cf732b23d7a7db84740e989475a7c79f3017,2322,38078,44100,1,true,true,covered_by_required_audio_metadata,verified_by_verify_audio,ok,physical_ready_exact_pair,Measured from current task-start physical corpus.
checkup-shoulder-turn-right-v21,checkup-shoulder-turn-right-v21,marcus,assets/audio/voice/marcus/checkup-shoulder-turn-right-v21.mp3,true,8a96888a13a3581ba9f59e1a21707b5f9b355ac374df3d2483c5c6de428745cc,2276,37660,44100,1,true,true,covered_by_required_audio_metadata,verified_by_verify_audio,ok,physical_ready_exact_pair,Measured from current task-start physical corpus.
close-your-eyes,close-your-eyes,marcus,assets/audio/voice/marcus/close-your-eyes.mp3,true,eb7c3ed43be1e9bb35d71cdae491d499477d11d140e6f924d01ed02149eb9e2a,2043,33898,44100,1,true,false,not_required_legacy,not_required_legacy,ok,script_mismatch_candidate_not_reused,Measured from current task-start physical corpus.
comfortable_range_only,,marcus,assets/audio/voice/marcus/comfortable_range_only.mp3,true,208e4c8eca1b377a65fee6a7afa47eb2bca06cdb710c64442e9b44aae2dd26c1,1950,32226,44100,1,true,true,covered_by_required_audio_metadata,verified_by_verify_audio,ok,legacy_only,Measured from current task-start physical corpus.
cooldown-now,,marcus,assets/audio/voice/marcus/cooldown-now.mp3,true,b50340dddde2f8fdba98f43172d1d70ea6532400ddb86e0b633d9143e0bdf880,2508,41004,44100,1,true,false,not_required_legacy,not_required_legacy,ok,legacy_only,Measured from current task-start physical corpus.
countdown-one,countdown-one,marcus,assets/audio/voice/marcus/countdown-one.mp3,true,da321ac124d192e8423bf074f3c5c027840a0b0e25884195116d70c34c225ff4,604,10911,44100,1,true,false,not_required_legacy,not_required_legacy,ok,physical_ready_exact_pair,Measured from current task-start physical corpus.
countdown-three,countdown-three,marcus,assets/audio/voice/marcus/countdown-three.mp3,true,a953bfde0b8641897fd01e4095d6847ab9b5b52de917052a8f2edaafc35dc8a8,789,13836,44100,1,true,false,not_required_legacy,not_required_legacy,ok,physical_ready_exact_pair,Measured from current task-start physical corpus.
countdown-two,countdown-two,marcus,assets/audio/voice/marcus/countdown-two.mp3,true,765398a75a42490b8b037d29f5fa9f657f73eab78717d2967d44978687bfc9b9,743,13000,44100,1,true,false,not_required_legacy,not_required_legacy,ok,physical_ready_exact_pair,Measured from current task-start physical corpus.
door_anchor_follow_manufacturer_setup,,marcus,assets/audio/voice/marcus/door_anchor_follow_manufacturer_setup.mp3,true,16b2dc5d2fa5b489d6f3450c5c20df775b5c0cd2cfd55837b6c22caed8f9ab8e,3947,64409,44100,1,true,true,covered_by_required_audio_metadata,verified_by_verify_audio,ok,legacy_only,Measured from current task-start physical corpus.
door_anchor_fully_closed,,marcus,assets/audio/voice/marcus/door_anchor_fully_closed.mp3,true,e09c730743583b8d86ccba63f8a039e503f6a8e70b6c50c89ffde3f7538b5736,3019,49363,44100,1,true,true,covered_by_required_audio_metadata,verified_by_verify_audio,ok,legacy_only,Measured from current task-start physical corpus.
door_anchor_stay_out_of_door_path,,marcus,assets/audio/voice/marcus/door_anchor_stay_out_of_door_path.mp3,true,dabf3b2c3f495bbe06416e004fee45526890e8360231fb8daf2982d5ba7edf2c,3065,50199,44100,1,true,true,covered_by_required_audio_metadata,verified_by_verify_audio,ok,legacy_only,Measured from current task-start physical corpus.
door_anchor_stop_if_moves,,marcus,assets/audio/voice/marcus/door_anchor_stop_if_moves.mp3,true,448dc5db4f31b8a4a47a7f5ed8ea76709c97612249a7d945322357d526a3def8,4365,71097,44100,1,true,true,covered_by_required_audio_metadata,verified_by_verify_audio,ok,legacy_only,Measured from current task-start physical corpus.
door_anchor_test_light_tension,,marcus,assets/audio/voice/marcus/door_anchor_test_light_tension.mp3,true,9b5b06b4d3a18fd0028e36c395a51256d7db3b9680789f012088392bf6130639,3158,51453,44100,1,true,true,covered_by_required_audio_metadata,verified_by_verify_audio,ok,legacy_only,Measured from current task-start physical corpus.
equip-balance-support-v21,equip-balance-support-v21,marcus,assets/audio/voice/marcus/equip-balance-support-v21.mp3,true,c23120bfd12536a2b6d952fb60cbee6812039903c5f94789ec6704b63a1558d4,1765,29301,44100,1,true,true,current_generated_metadata,current,ok,physical_ready_exact_pair,Generated Voice V2.1 asset measured from current disk bytes.
equip-chair-stable-v21,equip-chair-stable-v21,marcus,assets/audio/voice/marcus/equip-chair-stable-v21.mp3,true,61978c8143a6f6032eeeae07faacd5b0e4d1a0053075963300b148bba7f24d1e,2276,37660,44100,1,true,true,current_generated_metadata,current,ok,physical_ready_exact_pair,Generated Voice V2.1 asset measured from current disk bytes.
equip-door-anchor-v21,equip-door-anchor-v21,marcus,assets/audio/voice/marcus/equip-door-anchor-v21.mp3,true,7200193040d480fc3f2fcec018f429b52d5363c726a7ec8319226e87a48d28cf,3344,54378,44100,1,true,true,current_generated_metadata,current,ok,physical_ready_exact_pair,Generated Voice V2.1 asset measured from current disk bytes.
equip-floor-transition-v21,equip-floor-transition-v21,marcus,assets/audio/voice/marcus/equip-floor-transition-v21.mp3,true,262476a630bb383414f913ae1a5d89bde26e536dcd98cc7baba0403f3acd5678,3111,51035,44100,1,true,true,current_generated_metadata,current,ok,physical_ready_exact_pair,Generated Voice V2.1 asset measured from current disk bytes.
equip-long-band-v21,equip-long-band-v21,marcus,assets/audio/voice/marcus/equip-long-band-v21.mp3,true,15c581e3a8beb7506fdb02e9b9452dcb125f43965b4d8cd8eb701cd3d22ae60e,2926,47691,44100,1,true,true,current_generated_metadata,current,ok,physical_ready_exact_pair,Generated Voice V2.1 asset measured from current disk bytes.
equip-step-stable-v21,equip-step-stable-v21,marcus,assets/audio/voice/marcus/equip-step-stable-v21.mp3,true,74b9117a50220f24cbdc195938d18910840114060321b3e6dc77b75dfe973175,3019,49363,44100,1,true,true,current_generated_metadata,current,ok,physical_ready_exact_pair,Generated Voice V2.1 asset measured from current disk bytes.
equip-support-close-v21,equip-support-close-v21,marcus,assets/audio/voice/marcus/equip-support-close-v21.mp3,true,bc5fcfef2cdd434e4e32721ba83a3d0ce3faa9eb8fe6f42727888d569b17183c,2183,35988,44100,1,true,true,current_generated_metadata,current,ok,physical_ready_exact_pair,Generated Voice V2.1 asset measured from current disk bytes.
ex-balance-feet-together-hold-first-v21,ex-balance-feet-together-hold-first-v21,marcus,assets/audio/voice/marcus/ex-balance-feet-together-hold-first-v21.mp3,true,df60d7c52991c0aa11055786af8d415b31a3c44f20205d6befa7e28526f8b654,5108,82799,44100,1,true,true,current_generated_metadata,current,ok,physical_ready_exact_pair,Generated Voice V2.1 asset measured from current disk bytes.
ex-balance-feet-together-hold-next-v21,ex-balance-feet-together-hold-next-v21,marcus,assets/audio/voice/marcus/ex-balance-feet-together-hold-next-v21.mp3,true,7fd5826420d44772fffc7c40fb60f555e9b9ea5606db2cbe9942dc5f40498a5b,1393,23449,44100,1,true,true,current_generated_metadata,current,ok,physical_ready_exact_pair,Generated Voice V2.1 asset measured from current disk bytes.
ex-balance-single-leg-hold-first-v21,ex-balance-single-leg-hold-first-v21,marcus,assets/audio/voice/marcus/ex-balance-single-leg-hold-first-v21.mp3,true,0170c7cfddaab014d990be92c084c174c0b6b3cdf64e1c3e777e6a61df29d955,2183,35988,44100,1,true,true,current_generated_metadata,current,ok,physical_ready_exact_pair,Generated Voice V2.1 asset measured from current disk bytes.
ex-balance-single-leg-hold-next-v21,ex-balance-single-leg-hold-next-v21,marcus,assets/audio/voice/marcus/ex-balance-single-leg-hold-next-v21.mp3,true,41b8c74511d813d779459794a99e528327f7080d7cc927b0c6c30bc1f4cc5fc4,1254,20942,44100,1,true,true,current_generated_metadata,current,ok,physical_ready_exact_pair,Generated Voice V2.1 asset measured from current disk bytes.
ex-balance-tandem-hold-first-v21,ex-balance-tandem-hold-first-v21,marcus,assets/audio/voice/marcus/ex-balance-tandem-hold-first-v21.mp3,true,cf76d10f462d879c50b2d6104c158421b02f438bf03b57e0b7ea75cc0752ddde,2229,36824,44100,1,true,true,current_generated_metadata,current,ok,physical_ready_exact_pair,Generated Voice V2.1 asset measured from current disk bytes.
ex-balance-tandem-hold-next-v21,ex-balance-tandem-hold-next-v21,marcus,assets/audio/voice/marcus/ex-balance-tandem-hold-next-v21.mp3,true,7d189ed99a7569dc535ac45f8db4bfa92d305925b8ea181fd5e5f141c6b11fef,975,16762,44100,1,true,true,current_generated_metadata,current,ok,physical_ready_exact_pair,Generated Voice V2.1 asset measured from current disk bytes.
ex-balance,,marcus,assets/audio/voice/marcus/ex-balance.mp3,true,bfbe6d2d69387fbff02e641acded41a86b2d2b153e40200b1d50defd3d0273c1,7616,122924,44100,1,true,false,not_required_legacy,not_required_legacy,ok,legacy_only,Measured from current task-start physical corpus.
ex-band-pull-apart-first-v21,ex-band-pull-apart-first-v21,marcus,assets/audio/voice/marcus/ex-band-pull-apart-first-v21.mp3,true,c6563158cf1146fe3d00780a08f1d2f11dc05cf1fba7f05b5fda95d24cdd6379,6548,105787,44100,1,true,true,current_generated_metadata,current,ok,physical_ready_exact_pair,Generated Voice V2.1 asset measured from current disk bytes.
ex-band-pull-apart-next-v21,ex-band-pull-apart-next-v21,marcus,assets/audio/voice/marcus/ex-band-pull-apart-next-v21.mp3,true,b2686d808214fc5487f2c13c6e9ccefd061d3f1987b2a12fc9336bdb8b39b34d,1393,23449,44100,1,true,true,current_generated_metadata,current,ok,physical_ready_exact_pair,Generated Voice V2.1 asset measured from current disk bytes.
ex-chair-supported-split-squat-first-v21,ex-chair-supported-split-squat-first-v21,marcus,assets/audio/voice/marcus/ex-chair-supported-split-squat-first-v21.mp3,true,66838c3bb7d76452450a4b8156102c92aac1a7a12fc61efba638d7e09d2360bd,3576,58140,44100,1,true,true,current_generated_metadata,current,ok,physical_ready_exact_pair,Generated Voice V2.1 asset measured from current disk bytes.
ex-chair-supported-split-squat-next-v21,ex-chair-supported-split-squat-next-v21,marcus,assets/audio/voice/marcus/ex-chair-supported-split-squat-next-v21.mp3,true,6d3af7bbff1d438049a666c0e6aa4eb3e3917f6d6d8f4fb68b99a3746cdbe8ba,1486,24703,44100,1,true,true,current_generated_metadata,current,ok,physical_ready_exact_pair,Generated Voice V2.1 asset measured from current disk bytes.
ex-glute-bridge-hold-first-v21,ex-glute-bridge-hold-first-v21,marcus,assets/audio/voice/marcus/ex-glute-bridge-hold-first-v21.mp3,true,936deb7b51609b20b0d1d5803999e5457da0465246ad36265b6662baf6baabdb,5062,81964,44100,1,true,true,current_generated_metadata,current,ok,physical_ready_exact_pair,Generated Voice V2.1 asset measured from current disk bytes.
ex-glute-bridge-hold-next-v21,ex-glute-bridge-hold-next-v21,marcus,assets/audio/voice/marcus/ex-glute-bridge-hold-next-v21.mp3,true,d4204106a951e541369e01b394b6c3ee680b522f8152fbfe5d4de3ad1a7b6db2,975,16762,44100,1,true,true,current_generated_metadata,current,ok,physical_ready_exact_pair,Generated Voice V2.1 asset measured from current disk bytes.
ex-glute-bridge-reps-first-v21,ex-glute-bridge-reps-first-v21,marcus,assets/audio/voice/marcus/ex-glute-bridge-reps-first-v21.mp3,true,045fcee4fe690203615081a48f942f6c21376c7da589e459e3e24adab8d7d6cb,6780,109549,44100,1,true,true,current_generated_metadata,current,ok,physical_ready_exact_pair,Generated Voice V2.1 asset measured from current disk bytes.
ex-glute-bridge-reps-next-v21,ex-glute-bridge-reps-next-v21,marcus,assets/audio/voice/marcus/ex-glute-bridge-reps-next-v21.mp3,true,048ec9a6668cfe5bfa8c0904bb804edf73cde6f657cca6bbd4466880311218ca,1068,18016,44100,1,true,true,current_generated_metadata,current,ok,physical_ready_exact_pair,Generated Voice V2.1 asset measured from current disk bytes.
ex-glute-bridge,,marcus,assets/audio/voice/marcus/ex-glute-bridge.mp3,true,11cf52fb2ddc3e42da5b08b4bd37b186278cfcaef3082aa7addad20ac53d038e,7988,128775,44100,1,true,false,not_required_legacy,not_required_legacy,ok,legacy_only,Measured from current task-start physical corpus.
ex-hamstring-reach,,marcus,assets/audio/voice/marcus/ex-hamstring-reach.mp3,true,6fb37f89976d292aa9a893ebe48229cbb0ccd237909a8e9ac90526281dc54b5d,9799,158032,44100,1,true,false,not_required_legacy,not_required_legacy,ok,legacy_only,Measured from current task-start physical corpus.
ex-heel-raise-free-first-v21,ex-heel-raise-free-first-v21,marcus,assets/audio/voice/marcus/ex-heel-raise-free-first-v21.mp3,true,c64316f008e0a4dfc62f79062041e7803460eb735104f582e350f91e2f6771ee,5387,87397,44100,1,true,true,current_generated_metadata,current,ok,physical_ready_exact_pair,Generated Voice V2.1 asset measured from current disk bytes.
ex-heel-raise-free-next-v21,ex-heel-raise-free-next-v21,marcus,assets/audio/voice/marcus/ex-heel-raise-free-next-v21.mp3,true,7b2aab28796461180884ec44a513f50e0760794d0bdadf389f00989865867a15,1068,18016,44100,1,true,true,current_generated_metadata,current,ok,physical_ready_exact_pair,Generated Voice V2.1 asset measured from current disk bytes.
ex-heel-raise-supported-first-v21,ex-heel-raise-supported-first-v21,marcus,assets/audio/voice/marcus/ex-heel-raise-supported-first-v21.mp3,true,f5ec73654a762d71ed26596ff9b9408080b99db0222254ce4d021c73ef2665e1,7152,115400,44100,1,true,true,current_generated_metadata,current,ok,physical_ready_exact_pair,Generated Voice V2.1 asset measured from current disk bytes.
ex-heel-raise-supported-next-v21,ex-heel-raise-supported-next-v21,marcus,assets/audio/voice/marcus/ex-heel-raise-supported-next-v21.mp3,true,35d55cf90c753632c9738f02f69f09acf039d6ce1615218950828a482926a7ee,1393,23449,44100,1,true,true,current_generated_metadata,current,ok,physical_ready_exact_pair,Generated Voice V2.1 asset measured from current disk bytes.
ex-heel-raise,,marcus,assets/audio/voice/marcus/ex-heel-raise.mp3,true,c40f2282513172ae709743277b6b8a2b85df842ccdbebaf87fe761ebcf99a678,9938,160122,44100,1,true,false,not_required_legacy,not_required_legacy,ok,legacy_only,Measured from current task-start physical corpus.
ex-hip-hinge-free-first-v21,ex-hip-hinge-free-first-v21,marcus,assets/audio/voice/marcus/ex-hip-hinge-free-first-v21.mp3,true,7c83d847e5c031949172b119bf7e76130823b0a9a85d465647dbb6098db6ac2f,5666,91577,44100,1,true,true,current_generated_metadata,current,ok,physical_ready_exact_pair,Generated Voice V2.1 asset measured from current disk bytes.
ex-hip-hinge-free-next-v21,ex-hip-hinge-free-next-v21,marcus,assets/audio/voice/marcus/ex-hip-hinge-free-next-v21.mp3,true,5c4e871bff3e1863db9ae9887bb7271d45aac8250e9211ba02870d53e6ec4dd7,1115,18852,44100,1,true,true,current_generated_metadata,current,ok,physical_ready_exact_pair,Generated Voice V2.1 asset measured from current disk bytes.
ex-hip-hinge-wall-first-v21,ex-hip-hinge-wall-first-v21,marcus,assets/audio/voice/marcus/ex-hip-hinge-wall-first-v21.mp3,true,d330a36b19fba6917c1e111884619d915567a9256fbc85e87eef2ba25b224d7b,6177,99936,44100,1,true,true,current_generated_metadata,current,ok,physical_ready_exact_pair,Generated Voice V2.1 asset measured from current disk bytes.
ex-hip-hinge-wall-next-v21,ex-hip-hinge-wall-next-v21,marcus,assets/audio/voice/marcus/ex-hip-hinge-wall-next-v21.mp3,true,9acc8ea7e1606d8da44dcb653346e0939769ecf09ba59183c0c22899bbbf0fb4,1254,20942,44100,1,true,true,current_generated_metadata,current,ok,physical_ready_exact_pair,Generated Voice V2.1 asset measured from current disk bytes.
ex-hip-hinge,,marcus,assets/audio/voice/marcus/ex-hip-hinge.mp3,true,d1646bdf3ef9d6b381ccff1cd915c71513bfd79ccd3523a18e8b5c4354f93a5c,11517,185199,44100,1,true,false,not_required_legacy,not_required_legacy,ok,legacy_only,Measured from current task-start physical corpus.
ex-loaded-march-first-v21,ex-loaded-march-first-v21,marcus,assets/audio/voice/marcus/ex-loaded-march-first-v21.mp3,true,e18064270e8e19a761a2c4977d4abd92bcb3f924664bf197e9e784b40e331be2,4505,73186,44100,1,true,true,current_generated_metadata,current,ok,physical_ready_exact_pair,Generated Voice V2.1 asset measured from current disk bytes.
ex-loaded-march-next-v21,ex-loaded-march-next-v21,marcus,assets/audio/voice/marcus/ex-loaded-march-next-v21.mp3,true,379c42dfa228101f52061c55aadd42e631ec68be23fbd9b7cf5be9ae47979a4c,1300,21777,44100,1,true,true,current_generated_metadata,current,ok,physical_ready_exact_pair,Generated Voice V2.1 asset measured from current disk bytes.
ex-loaded-sit-to-stand-first-v21,ex-loaded-sit-to-stand-first-v21,marcus,assets/audio/voice/marcus/ex-loaded-sit-to-stand-first-v21.mp3,true,138f8c86a2dfc100b08ed93b23fdd88a76df2a79d18eb4973993cb6b6d80dedd,6548,105787,44100,1,true,true,current_generated_metadata,current,ok,physical_ready_exact_pair,Generated Voice V2.1 asset measured from current disk bytes.
ex-loaded-sit-to-stand-next-v21,ex-loaded-sit-to-stand-next-v21,marcus,assets/audio/voice/marcus/ex-loaded-sit-to-stand-next-v21.mp3,true,3b74a8898dc0ae9bb4952d14a6611a0539d6c9390852882dc8c9fc2961c1e042,1486,24703,44100,1,true,true,current_generated_metadata,current,ok,physical_ready_exact_pair,Generated Voice V2.1 asset measured from current disk bytes.
ex-march,,marcus,assets/audio/voice/marcus/ex-march.mp3,true,072b97d930527a7dfe6f502292e018b679d30d2b7673760d3ed8b9da5b7d0ce6,6502,104951,44100,1,true,false,not_required_legacy,not_required_legacy,ok,legacy_only,Measured from current task-start physical corpus.
ex-mini-band-lateral-walk-first-v21,ex-mini-band-lateral-walk-first-v21,marcus,assets/audio/voice/marcus/ex-mini-band-lateral-walk-first-v21.mp3,true,4d7e577104e3eb8e0118daa8968ddb6e4ccc0a040bd22bb1064e320f230a959a,5712,92413,44100,1,true,true,current_generated_metadata,current,ok,physical_ready_exact_pair,Generated Voice V2.1 asset measured from current disk bytes.
ex-mini-band-lateral-walk-next-v21,ex-mini-band-lateral-walk-next-v21,marcus,assets/audio/voice/marcus/ex-mini-band-lateral-walk-next-v21.mp3,true,4f98f674c23381861ed6da35a17517790df67190c405d9185e10f3f30078ec65,1533,25539,44100,1,true,true,current_generated_metadata,current,ok,physical_ready_exact_pair,Generated Voice V2.1 asset measured from current disk bytes.
ex-neck-rotation-first-v21,ex-neck-rotation-first-v21,marcus,assets/audio/voice/marcus/ex-neck-rotation-first-v21.mp3,true,a24c643093c21ed80bbd1b26deaaeb898563933c8d54b7e901b1eef955cf9913,6223,100772,44100,1,true,true,current_generated_metadata,current,ok,physical_ready_exact_pair,Generated Voice V2.1 asset measured from current disk bytes.
ex-neck-rotation-next-v21,ex-neck-rotation-next-v21,marcus,assets/audio/voice/marcus/ex-neck-rotation-next-v21.mp3,true,f6c9d06ac63e9ee6ed5357b1f765199a7041ed7f0ee78c3ac4b665bfff7da92d,1347,22613,44100,1,true,true,current_generated_metadata,current,ok,physical_ready_exact_pair,Generated Voice V2.1 asset measured from current disk bytes.
ex-neck-rotation,,marcus,assets/audio/voice/marcus/ex-neck-rotation.mp3,true,28fa0b2d15da2a7d45171e311adcc4fddac673595ecea4ad8235f999b20319a2,7338,118326,44100,1,true,false,not_required_legacy,not_required_legacy,ok,legacy_only,Measured from current task-start physical corpus.
ex-overhead-press-band-first-v21,ex-overhead-press-band-first-v21,marcus,assets/audio/voice/marcus/ex-overhead-press-band-first-v21.mp3,true,194e92c5ddfa4c5369d138053798338ff7b26ab833c5bdb10fda58c73b00aee0,6223,100772,44100,1,true,true,current_generated_metadata,current,ok,physical_ready_exact_pair,Generated Voice V2.1 asset measured from current disk bytes.
ex-overhead-press-band-next-v21,ex-overhead-press-band-next-v21,marcus,assets/audio/voice/marcus/ex-overhead-press-band-next-v21.mp3,true,9d8ada29eb9403cd36423eb9a19c49af45fcff7418673c3861ba939f7f675797,1440,24285,44100,1,true,true,current_generated_metadata,current,ok,physical_ready_exact_pair,Generated Voice V2.1 asset measured from current disk bytes.
ex-overhead-reach-first-v21,ex-overhead-reach-first-v21,marcus,assets/audio/voice/marcus/ex-overhead-reach-first-v21.mp3,true,bf7466425d137fee9f575e8b34e366651d23ffe468d185e17dfa0ab6eeb61de5,5108,82799,44100,1,true,true,current_generated_metadata,current,ok,physical_ready_exact_pair,Generated Voice V2.1 asset measured from current disk bytes.
ex-overhead-reach-next-v21,ex-overhead-reach-next-v21,marcus,assets/audio/voice/marcus/ex-overhead-reach-next-v21.mp3,true,c0c1443469038bffb2086d92eba6e6ded2d846248ec3c00a9bfbc4c27d3f265c,1115,18852,44100,1,true,true,current_generated_metadata,current,ok,physical_ready_exact_pair,Generated Voice V2.1 asset measured from current disk bytes.
ex-overhead,,marcus,assets/audio/voice/marcus/ex-overhead.mp3,true,da357733bf4dda5c32860af6f5d935342deac7ccab0bf3d627bb5201cf1ca5f1,6502,104951,44100,1,true,false,not_required_legacy,not_required_legacy,ok,legacy_only,Measured from current task-start physical corpus.
ex-push-up-incline-first-v21,ex-push-up-incline-first-v21,marcus,assets/audio/voice/marcus/ex-push-up-incline-first-v21.mp3,true,daba00392b867056124f924d62de613e56ac393ad41348a73f51380fb6db41c9,6780,109549,44100,1,true,true,current_generated_metadata,current,ok,physical_ready_exact_pair,Generated Voice V2.1 asset measured from current disk bytes.
ex-push-up-incline-next-v21,ex-push-up-incline-next-v21,marcus,assets/audio/voice/marcus/ex-push-up-incline-next-v21.mp3,true,4ef9ff4e6b52b21243428697211c964e55abb4be95997c412624295b59ecef3b,1161,19688,44100,1,true,true,current_generated_metadata,current,ok,physical_ready_exact_pair,Generated Voice V2.1 asset measured from current disk bytes.
ex-push-up-standard-first-v21,ex-push-up-standard-first-v21,marcus,assets/audio/voice/marcus/ex-push-up-standard-first-v21.mp3,true,1e5f392043da4f92b5d9f76334d7b3d8fa6f73881b4444ee336ccefbdc2e88d5,5016,81128,44100,1,true,true,current_generated_metadata,current,ok,physical_ready_exact_pair,Generated Voice V2.1 asset measured from current disk bytes.
ex-push-up-standard-next-v21,ex-push-up-standard-next-v21,marcus,assets/audio/voice/marcus/ex-push-up-standard-next-v21.mp3,true,30bdb3a7eb6ab03ae85f81caec3d73a5d617431410cad172465aeca836111901,929,15926,44100,1,true,true,current_generated_metadata,current,ok,physical_ready_exact_pair,Generated Voice V2.1 asset measured from current disk bytes.
ex-push-up-wall-first-v21,ex-push-up-wall-first-v21,marcus,assets/audio/voice/marcus/ex-push-up-wall-first-v21.mp3,true,da4e3cdb1725322a358c4885343c9aabc6703289215fe02dc203799bd2008a4e,4412,71515,44100,1,true,true,current_generated_metadata,current,ok,physical_ready_exact_pair,Generated Voice V2.1 asset measured from current disk bytes.
ex-push-up-wall-next-v21,ex-push-up-wall-next-v21,marcus,assets/audio/voice/marcus/ex-push-up-wall-next-v21.mp3,true,76af67b835e3e3d9284e9b3bf55f87f53c8248e4cf73f586cdc2047acf767264,1022,17598,44100,1,true,true,current_generated_metadata,current,ok,physical_ready_exact_pair,Generated Voice V2.1 asset measured from current disk bytes.
ex-push-up,,marcus,assets/audio/voice/marcus/ex-push-up.mp3,true,461dca046c6299516bf0ee32910f7fa424ec8bc669575cbf372e1e363d8d3e9f,7245,117072,44100,1,true,false,not_required_legacy,not_required_legacy,ok,legacy_only,Measured from current task-start physical corpus.
ex-seated-band-row-first-v21,ex-seated-band-row-first-v21,marcus,assets/audio/voice/marcus/ex-seated-band-row-first-v21.mp3,true,1e7cb3f4a61942d2b7c08b1f2e936e56a718ba492484bccd5bbd148a4b74af57,8406,135462,44100,1,true,true,current_generated_metadata,current,ok,physical_ready_exact_pair,Generated Voice V2.1 asset measured from current disk bytes.
ex-seated-band-row-next-v21,ex-seated-band-row-next-v21,marcus,assets/audio/voice/marcus/ex-seated-band-row-next-v21.mp3,true,77dd1d7356d6bf660a485ab8b12eaabef7eeea098a12e5372ecd18264fb5f251,1347,22613,44100,1,true,true,current_generated_metadata,current,ok,physical_ready_exact_pair,Generated Voice V2.1 asset measured from current disk bytes.
ex-seated-hamstring-reach-first-v21,ex-seated-hamstring-reach-first-v21,marcus,assets/audio/voice/marcus/ex-seated-hamstring-reach-first-v21.mp3,true,b65e344e0a272c3630ac58e61cd6c8c83c68cc760943274a2634b8ce27a05502,3065,50199,44100,1,true,true,current_generated_metadata,current,ok,physical_ready_exact_pair,Generated Voice V2.1 asset measured from current disk bytes.
ex-seated-hamstring-reach-next-v21,ex-seated-hamstring-reach-next-v21,marcus,assets/audio/voice/marcus/ex-seated-hamstring-reach-next-v21.mp3,true,7be1c368172c0f795c6970217ec33dc2cca28e66cede0fc22708425e0cd1db5b,1393,23449,44100,1,true,true,current_generated_metadata,current,ok,physical_ready_exact_pair,Generated Voice V2.1 asset measured from current disk bytes.
ex-sit-to-stand,,marcus,assets/audio/voice/marcus/ex-sit-to-stand.mp3,true,d85b0b37afa8971986f818b4ad04e8fc38966284487d85e5977030bf0d91283c,9660,155524,44100,1,true,false,not_required_legacy,not_required_legacy,ok,legacy_only,Measured from current task-start physical corpus.
ex-squat-free-first-v21,ex-squat-free-first-v21,marcus,assets/audio/voice/marcus/ex-squat-free-first-v21.mp3,true,32417d348b2b767035f9a271e7d25ba4970670bef94ff68e03b822b664cf0143,5526,89487,44100,1,true,true,current_generated_metadata,current,ok,physical_ready_exact_pair,Generated Voice V2.1 asset measured from current disk bytes.
ex-squat-free-next-v21,ex-squat-free-next-v21,marcus,assets/audio/voice/marcus/ex-squat-free-next-v21.mp3,true,9fe9dff6e60a8c6fd07fb1af193c68c82598774bfac35789cce7fdf470b3a0b4,836,14254,44100,1,true,true,current_generated_metadata,current,ok,physical_ready_exact_pair,Generated Voice V2.1 asset measured from current disk bytes.
ex-squat-loaded-first-v21,ex-squat-loaded-first-v21,marcus,assets/audio/voice/marcus/ex-squat-loaded-first-v21.mp3,true,e09110a10dba5197a8098d21ddcffb44eb470b3443a78fdd8144deba79b2abb4,6362,102862,44100,1,true,true,current_generated_metadata,current,ok,physical_ready_exact_pair,Generated Voice V2.1 asset measured from current disk bytes.
ex-squat-loaded-next-v21,ex-squat-loaded-next-v21,marcus,assets/audio/voice/marcus/ex-squat-loaded-next-v21.mp3,true,4d0d2c575ee82ba8161318a9b4eb35a095ee5b40b744de33d17fdcefa74064ea,1207,20524,44100,1,true,true,current_generated_metadata,current,ok,physical_ready_exact_pair,Generated Voice V2.1 asset measured from current disk bytes.
ex-squat-slow-eccentric-first-v21,ex-squat-slow-eccentric-first-v21,marcus,assets/audio/voice/marcus/ex-squat-slow-eccentric-first-v21.mp3,true,9392216ff48be2ea24508aa0d79803ca3b7f085d371af6205fb894681cc06a7f,3808,61902,44100,1,true,true,current_generated_metadata,current,ok,physical_ready_exact_pair,Generated Voice V2.1 asset measured from current disk bytes.
ex-squat-slow-eccentric-next-v21,ex-squat-slow-eccentric-next-v21,marcus,assets/audio/voice/marcus/ex-squat-slow-eccentric-next-v21.mp3,true,68c32ff5b88cb8503ea7dbbfdbaec3649b2cb6ace103a77604ca2748f41afadb,1347,22613,44100,1,true,true,current_generated_metadata,current,ok,physical_ready_exact_pair,Generated Voice V2.1 asset measured from current disk bytes.
ex-squat-supported-first-v21,ex-squat-supported-first-v21,marcus,assets/audio/voice/marcus/ex-squat-supported-first-v21.mp3,true,4ae5a36465432d4a8e761e8f3c66990513aadf76fbbfe95d7b6396d11248a320,5898,95338,44100,1,true,true,current_generated_metadata,current,ok,physical_ready_exact_pair,Generated Voice V2.1 asset measured from current disk bytes.
ex-squat-supported-next-v21,ex-squat-supported-next-v21,marcus,assets/audio/voice/marcus/ex-squat-supported-next-v21.mp3,true,fa7acd35384c0d397a396957e9ff65ec6b7c23591f713e58d076a742635c98e3,1207,20524,44100,1,true,true,current_generated_metadata,current,ok,physical_ready_exact_pair,Generated Voice V2.1 asset measured from current disk bytes.
ex-squat,,marcus,assets/audio/voice/marcus/ex-squat.mp3,true,d80d4dfb04d54a6457eac75ba17e8af35b75537181a49fa45becc1916b74aad5,8127,131283,44100,1,true,false,not_required_legacy,not_required_legacy,ok,legacy_only,Measured from current task-start physical corpus.
ex-standing-band-row-first-v21,ex-standing-band-row-first-v21,marcus,assets/audio/voice/marcus/ex-standing-band-row-first-v21.mp3,true,98ca748c95d0c17988a501fda8685300017e350c35b5728cb252315cde101bbb,7895,127521,44100,1,true,true,current_generated_metadata,current,ok,physical_ready_exact_pair,Generated Voice V2.1 asset measured from current disk bytes.
ex-standing-band-row-next-v21,ex-standing-band-row-next-v21,marcus,assets/audio/voice/marcus/ex-standing-band-row-next-v21.mp3,true,568f89448fbb0efe1a83171b9aed9e193be5f00b628eac69dd1460fb54e03bef,1300,21777,44100,1,true,true,current_generated_metadata,current,ok,physical_ready_exact_pair,Generated Voice V2.1 asset measured from current disk bytes.
ex-step-up-first-v21,ex-step-up-first-v21,marcus,assets/audio/voice/marcus/ex-step-up-first-v21.mp3,true,5dc20fed379ab888b06fea76efea8574dcc6788cb638a5b2fd469855df6983d2,7245,117072,44100,1,true,true,current_generated_metadata,current,ok,physical_ready_exact_pair,Generated Voice V2.1 asset measured from current disk bytes.
ex-step-up-next-v21,ex-step-up-next-v21,marcus,assets/audio/voice/marcus/ex-step-up-next-v21.mp3,true,8b037b5a6b9a072902a0b46dcc817ccec4fae10f9d909fb8a6f9af8cdec16dd2,3251,53124,44100,1,true,true,current_generated_metadata,current,ok,physical_ready_exact_pair,Generated Voice V2.1 asset measured from current disk bytes.
ex-step-up,,marcus,assets/audio/voice/marcus/ex-step-up.mp3,true,86e4c62d7c01a1acdd6761086fbfdc7015ad664b96b240e1ea22df5f99a06d50,8731,140896,44100,1,true,false,not_required_legacy,not_required_legacy,ok,legacy_only,Measured from current task-start physical corpus.
ex-sts-cushion-first-v21,ex-sts-cushion-first-v21,marcus,assets/audio/voice/marcus/ex-sts-cushion-first-v21.mp3,true,2400fe0be2fe9cc5d8f7139596f4fd7fd9159ab556581da8540f7280945af14f,7338,118326,44100,1,true,true,current_generated_metadata,current,ok,physical_ready_exact_pair,Generated Voice V2.1 asset measured from current disk bytes.
ex-sts-cushion-next-v21,ex-sts-cushion-next-v21,marcus,assets/audio/voice/marcus/ex-sts-cushion-next-v21.mp3,true,c7ae02212d4c2c411519568e9095b044668752346a37c259e500745b5ba4cee4,1347,22613,44100,1,true,true,current_generated_metadata,current,ok,physical_ready_exact_pair,Generated Voice V2.1 asset measured from current disk bytes.
ex-sts-power-first-v21,ex-sts-power-first-v21,marcus,assets/audio/voice/marcus/ex-sts-power-first-v21.mp3,true,f1bd0efe175ab37d59cb0d1dbae9fb808a0a73cb629c112510d562227b9d73b4,4969,80710,44100,1,true,true,current_generated_metadata,current,ok,physical_ready_exact_pair,Generated Voice V2.1 asset measured from current disk bytes.
ex-sts-power-next-v21,ex-sts-power-next-v21,marcus,assets/audio/voice/marcus/ex-sts-power-next-v21.mp3,true,4b2e9445348920f9594fc91b30f8ba9bb29c50278e7e72562ed1dbfa8c58465f,1347,22613,44100,1,true,true,current_generated_metadata,current,ok,physical_ready_exact_pair,Generated Voice V2.1 asset measured from current disk bytes.
ex-sts-slow-eccentric-first-v21,ex-sts-slow-eccentric-first-v21,marcus,assets/audio/voice/marcus/ex-sts-slow-eccentric-first-v21.mp3,true,ab92e819133920d1e5e26d14408e63b5340910dea8d4ab13f4e639b0008e67db,6827,110385,44100,1,true,true,current_generated_metadata,current,ok,physical_ready_exact_pair,Generated Voice V2.1 asset measured from current disk bytes.
ex-sts-slow-eccentric-next-v21,ex-sts-slow-eccentric-next-v21,marcus,assets/audio/voice/marcus/ex-sts-slow-eccentric-next-v21.mp3,true,67db74b083790361e44958560ea13ef464ea8ea7e297ee0bedd7a21229ba0a51,1533,25539,44100,1,true,true,current_generated_metadata,current,ok,physical_ready_exact_pair,Generated Voice V2.1 asset measured from current disk bytes.
ex-sts-standard-first-v21,ex-sts-standard-first-v21,marcus,assets/audio/voice/marcus/ex-sts-standard-first-v21.mp3,true,421586ff998896ac53718f4bb76bbfb90d6a7d71ea0c1aca0524348bb082cc56,7895,127521,44100,1,true,true,current_generated_metadata,current,ok,physical_ready_exact_pair,Generated Voice V2.1 asset measured from current disk bytes.
ex-sts-standard-next-v21,ex-sts-standard-next-v21,marcus,assets/audio/voice/marcus/ex-sts-standard-next-v21.mp3,true,53a312aabb08721864df14c2d0644cf4a7fedd06e841519c98a3b0b27dd9cda9,1207,20524,44100,1,true,true,current_generated_metadata,current,ok,physical_ready_exact_pair,Generated Voice V2.1 asset measured from current disk bytes.
ex-supported-hip-flexor-stretch-first-v21,ex-supported-hip-flexor-stretch-first-v21,marcus,assets/audio/voice/marcus/ex-supported-hip-flexor-stretch-first-v21.mp3,true,548721dfc1922b37c7505981a017b61e1c0809cabeb16360d187edb871a4a61f,3483,56886,44100,1,true,true,current_generated_metadata,current,ok,physical_ready_exact_pair,Generated Voice V2.1 asset measured from current disk bytes.
ex-supported-hip-flexor-stretch-next-v21,ex-supported-hip-flexor-stretch-next-v21,marcus,assets/audio/voice/marcus/ex-supported-hip-flexor-stretch-next-v21.mp3,true,f711a32b83ad1fb43eac2eb4b03550f42ae980e778000479ee7bb3c8d18c5ae9,1625,27211,44100,1,true,true,current_generated_metadata,current,ok,physical_ready_exact_pair,Generated Voice V2.1 asset measured from current disk bytes.
ex-supported-side-step-first-v21,ex-supported-side-step-first-v21,marcus,assets/audio/voice/marcus/ex-supported-side-step-first-v21.mp3,true,75e66216ae5f1ee357ac5b1a1736c8d25d5fcce6ce209856122fa120654e028a,6502,104951,44100,1,true,true,current_generated_metadata,current,ok,physical_ready_exact_pair,Generated Voice V2.1 asset measured from current disk bytes.
ex-supported-side-step-next-v21,ex-supported-side-step-next-v21,marcus,assets/audio/voice/marcus/ex-supported-side-step-next-v21.mp3,true,35a45f0e246c7ae86f39f53b285c3b1c48d9d918749f5d8ba7a4dea17e186b97,1440,24285,44100,1,true,true,current_generated_metadata,current,ok,physical_ready_exact_pair,Generated Voice V2.1 asset measured from current disk bytes.
ex-thoracic-rotation-first-v21,ex-thoracic-rotation-first-v21,marcus,assets/audio/voice/marcus/ex-thoracic-rotation-first-v21.mp3,true,781388ab96a84c5622ac5d43aa532f5d1f32fc4a7498ccb5064ce9566640ca20,7245,117072,44100,1,true,true,current_generated_metadata,current,ok,physical_ready_exact_pair,Generated Voice V2.1 asset measured from current disk bytes.
ex-thoracic-rotation-next-v21,ex-thoracic-rotation-next-v21,marcus,assets/audio/voice/marcus/ex-thoracic-rotation-next-v21.mp3,true,d1d071f981851d761142044261b4ba4fd623404bdb3e1c4137e4eb2be2018d33,1440,24285,44100,1,true,true,current_generated_metadata,current,ok,physical_ready_exact_pair,Generated Voice V2.1 asset measured from current disk bytes.
ex-toe-raise-supported-first-v21,ex-toe-raise-supported-first-v21,marcus,assets/audio/voice/marcus/ex-toe-raise-supported-first-v21.mp3,true,b6df06a937195d6cd277d80f28962b98703b16ddcdd267d3c0c108ce69261300,4458,72351,44100,1,true,true,current_generated_metadata,current,ok,physical_ready_exact_pair,Generated Voice V2.1 asset measured from current disk bytes.
ex-toe-raise-supported-next-v21,ex-toe-raise-supported-next-v21,marcus,assets/audio/voice/marcus/ex-toe-raise-supported-next-v21.mp3,true,6565eebf3f7fc33b88dde622e683e4c16777556210856ab00a4744a8b9a97914,1440,24285,44100,1,true,true,current_generated_metadata,current,ok,physical_ready_exact_pair,Generated Voice V2.1 asset measured from current disk bytes.
ex-wall-calf-stretch-first-v21,ex-wall-calf-stretch-first-v21,marcus,assets/audio/voice/marcus/ex-wall-calf-stretch-first-v21.mp3,true,76ce11476fa05da946a8d8a0d91198ecd11b0804abd8b3a0e70581082760f8ee,1950,32226,44100,1,true,true,current_generated_metadata,current,ok,physical_ready_exact_pair,Generated Voice V2.1 asset measured from current disk bytes.
ex-wall-calf-stretch-next-v21,ex-wall-calf-stretch-next-v21,marcus,assets/audio/voice/marcus/ex-wall-calf-stretch-next-v21.mp3,true,bc41172d903df4dbce3ba73dd1903a6dc3f5ebd59e550246769db243d6ec6ff7,1440,24285,44100,1,true,true,current_generated_metadata,current,ok,physical_ready_exact_pair,Generated Voice V2.1 asset measured from current disk bytes.
exercise-skipped,,marcus,assets/audio/voice/marcus/exercise-skipped.mp3,true,6df9e8b351a0706e826455fda98df1f933861f1ded207a5b7f40da95788de178,2833,46437,44100,1,true,false,not_required_legacy,not_required_legacy,ok,legacy_only,Measured from current task-start physical corpus.
face-forward,,marcus,assets/audio/voice/marcus/face-forward.mp3,true,43f1b6fdb0db3bc40d0cc634d4504c15b3d976227ca4de84b1666c623206ead9,2601,42675,44100,1,true,false,not_required_legacy,not_required_legacy,ok,legacy_only,Measured from current task-start physical corpus.
final-position-set-v21,final-position-set-v21,marcus,assets/audio/voice/marcus/final-position-set-v21.mp3,true,26f95b44810d8b6e6cc8730bf0a6b9b187e759e2164dfe20161507fbc72dc696,975,16762,44100,1,true,true,covered_by_required_audio_metadata,verified_by_verify_audio,ok,physical_ready_exact_pair,Measured from current task-start physical corpus.
five-seconds-left-v21,five-seconds-left-v21,marcus,assets/audio/voice/marcus/five-seconds-left-v21.mp3,true,d7015855c611f618c65e8fef220490c5c29c89094016d4cf6000dd4bf4169839,1300,21777,44100,1,true,true,current_generated_metadata,current,ok,physical_ready_exact_pair,Generated Voice V2.1 asset measured from current disk bytes.
floor-gate-question-v21,floor-gate-question-v21,marcus,assets/audio/voice/marcus/floor-gate-question-v21.mp3,true,03d5be55d5f31924d50322b87c50286ba2f1e09404cbdb5cc667b85d6d110a00,3251,53124,44100,1,true,true,current_generated_metadata,current,ok,physical_ready_exact_pair,Generated Voice V2.1 asset measured from current disk bytes.
floor_clear_space,,marcus,assets/audio/voice/marcus/floor_clear_space.mp3,true,fe1e89144741fd1d997f8bd9ee843f7561b264e6bd57345be5b28bcd02099ab1,3297,53960,44100,1,true,true,covered_by_required_audio_metadata,verified_by_verify_audio,ok,legacy_only,Measured from current task-start physical corpus.
floor_slow_transition,,marcus,assets/audio/voice/marcus/floor_slow_transition.mp3,true,7e4f0f8a9d105eccca217bd0883ade21dfa489a983a75629bd2af22ada968ea3,2972,48527,44100,1,true,true,covered_by_required_audio_metadata,verified_by_verify_audio,ok,legacy_only,Measured from current task-start physical corpus.
floor_stop_if_transfer_unsteady,,marcus,assets/audio/voice/marcus/floor_stop_if_transfer_unsteady.mp3,true,7fcc35229bcef9449d7e6bf93bf54e3fb385d9a176cfcc81c6d4756722e91a06,4644,75276,44100,1,true,true,covered_by_required_audio_metadata,verified_by_verify_audio,ok,legacy_only,Measured from current task-start physical corpus.
floor_use_support_for_transfer,,marcus,assets/audio/voice/marcus/floor_use_support_for_transfer.mp3,true,d22667ca08e59347c25306213846759c2d4569002d73f6fe6fe6091e00db6287,2926,47691,44100,1,true,true,covered_by_required_audio_metadata,verified_by_verify_audio,ok,legacy_only,Measured from current task-start physical corpus.
framing-ready,,marcus,assets/audio/voice/marcus/framing-ready.mp3,true,3591978acf4a569267f825876cac319413409bdec2d0780b97c9e2155dae478e,1254,20942,44100,1,true,false,not_required_legacy,not_required_legacy,ok,legacy_only,Measured from current task-start physical corpus.
global_breathe_normally,,marcus,assets/audio/voice/marcus/global_breathe_normally.mp3,true,c09d8d8a2af3ddfc7e6f48165876f0f3665c943ed6b76fa4e7c5db87284f1384,2740,44765,44100,1,true,true,covered_by_required_audio_metadata,verified_by_verify_audio,ok,legacy_only,Measured from current task-start physical corpus.
global_clear_space,,marcus,assets/audio/voice/marcus/global_clear_space.mp3,true,ab020836711bfd85872d236ac3c40306b1f8e9afd341e17aaf4ba853cffd56db,2136,35152,44100,1,true,true,covered_by_required_audio_metadata,verified_by_verify_audio,ok,legacy_only,Measured from current task-start physical corpus.
global_pause_if_tracking_lost,,marcus,assets/audio/voice/marcus/global_pause_if_tracking_lost.mp3,true,18e73ef98bd91f6b5c29ca76a0bd0b8414dfdc3d3e0b46da88022027e213f049,4690,76112,44100,1,true,true,covered_by_required_audio_metadata,verified_by_verify_audio,ok,legacy_only,Measured from current task-start physical corpus.
global_stop_dizzy_or_lightheaded,,marcus,assets/audio/voice/marcus/global_stop_dizzy_or_lightheaded.mp3,true,1ccd938a8bfebb45dded52559159ddc6d650f41f7785a83e890f2036a2e67bf5,3622,58976,44100,1,true,true,covered_by_required_audio_metadata,verified_by_verify_audio,ok,legacy_only,Measured from current task-start physical corpus.
global_stop_if_support_moves,,marcus,assets/audio/voice/marcus/global_stop_if_support_moves.mp3,true,a3a98a5dff0f6dbd9ebf1a86e138a9b6ceb773c17f0a400283c888a819c5430e,4319,70261,44100,1,true,true,covered_by_required_audio_metadata,verified_by_verify_audio,ok,legacy_only,Measured from current task-start physical corpus.
global_stop_sharp_or_increasing_pain,,marcus,assets/audio/voice/marcus/global_stop_sharp_or_increasing_pain.mp3,true,159ab1a39ed1d77d0de51207282f785ea053012b4df41524924ad64d02396802,3622,58976,44100,1,true,true,covered_by_required_audio_metadata,verified_by_verify_audio,ok,legacy_only,Measured from current task-start physical corpus.
go,go,marcus,assets/audio/voice/marcus/go.mp3,true,b27dc828a2c58649e7882dc296a462b5584655ac290651226e11bafdede6ae27,557,10075,44100,1,true,false,not_required_legacy,not_required_legacy,ok,physical_ready_exact_pair,Measured from current task-start physical corpus.
halfway-v21,halfway-v21,marcus,assets/audio/voice/marcus/halfway-v21.mp3,true,e7a694c96c88279b3e743261138811f44eb71e3c27c4eed693a20668774681c9,882,15090,44100,1,true,true,current_generated_metadata,current,ok,physical_ready_exact_pair,Generated Voice V2.1 asset measured from current disk bytes.
hinge-intro,,marcus,assets/audio/voice/marcus/hinge-intro.mp3,true,7edd51c6f809fa861bd984b90c676ea44339d4350536f49fdc1f4b32c7d84eae,5016,81128,44100,1,true,false,not_required_legacy,not_required_legacy,ok,legacy_only,Measured from current task-start physical corpus.
hinge-setup,,marcus,assets/audio/voice/marcus/hinge-setup.mp3,true,c8bc2b2a80fa50901ad43196d655e538281c38bf3673f674013094cd61e89e61,7152,115400,44100,1,true,false,not_required_legacy,not_required_legacy,ok,legacy_only,Measured from current task-start physical corpus.
hold-still,,marcus,assets/audio/voice/marcus/hold-still.mp3,true,3d0182196b38d46d4eac03e690a8fce83f8c986b4ed71f0f6654e8776b9ebe1f,1579,26375,44100,1,true,false,not_required_legacy,not_required_legacy,ok,legacy_only,Measured from current task-start physical corpus.
item-complete-v21,item-complete-v21,marcus,assets/audio/voice/marcus/item-complete-v21.mp3,true,b9219a267f0847c0b1db8bdde9d73ed7e4a23ec8f9a6f34d463ccb62f3647465,929,15926,44100,1,true,true,covered_by_required_audio_metadata,verified_by_verify_audio,ok,physical_ready_exact_pair,Measured from current task-start physical corpus.
item-complete,,marcus,assets/audio/voice/marcus/item-complete.mp3,true,9d18b32b09fc788b90ffd7769a9b2302b4ad9361eef59273e32724fb94408491,1068,18016,44100,1,true,false,not_required_legacy,not_required_legacy,ok,legacy_only,Measured from current task-start physical corpus.
last-set-v21,last-set-v21,marcus,assets/audio/voice/marcus/last-set-v21.mp3,true,4bc0fed22e6952e07c356cabc181d0a1f7bc715b34754960a367bfa53249d159,1022,17598,44100,1,true,true,current_generated_metadata,current,ok,physical_ready_exact_pair,Generated Voice V2.1 asset measured from current disk bytes.
last-set,,marcus,assets/audio/voice/marcus/last-set.mp3,true,22454165c573ff07bec7fd5ca89f7db8784197751b020ef310a682bfc96bfc67,1997,33062,44100,1,true,false,not_required_legacy,not_required_legacy,ok,legacy_only,Measured from current task-start physical corpus.
micro-chair-power-v21,micro-chair-power-v21,marcus,assets/audio/voice/marcus/micro-chair-power-v21.mp3,true,bfdbcd582c4f28dd18f754d07bfa99d490e2769b9c346ad9e65f0dec9e67fc4c,7709,124595,44100,1,true,true,current_generated_metadata,current,ok,physical_ready_exact_pair,Generated Voice V2.1 asset measured from current disk bytes.
micro-discard-v21,micro-discard-v21,marcus,assets/audio/voice/marcus/micro-discard-v21.mp3,true,ced29325631c0e54a60de7578ca8d4299eb097f152ff4e84afeb551710a00786,1254,20942,44100,1,true,true,current_generated_metadata,current,ok,physical_ready_exact_pair,Generated Voice V2.1 asset measured from current disk bytes.
micro-mobility-left-v21,micro-mobility-left-v21,marcus,assets/audio/voice/marcus/micro-mobility-left-v21.mp3,true,3f572993be2fd3fb4a3af33e747bc32e6dc1032da4c81fd6e963048c0781aa03,4830,78202,44100,1,true,true,current_generated_metadata,current,ok,physical_ready_exact_pair,Generated Voice V2.1 asset measured from current disk bytes.
micro-mobility-right-v21,micro-mobility-right-v21,marcus,assets/audio/voice/marcus/micro-mobility-right-v21.mp3,true,3092cc643f1e529716235b654261d314bb796c48b2a678cbff77a46138fdf752,4876,79038,44100,1,true,true,current_generated_metadata,current,ok,physical_ready_exact_pair,Generated Voice V2.1 asset measured from current disk bytes.
micro-relax-v21,micro-relax-v21,marcus,assets/audio/voice/marcus/micro-relax-v21.mp3,true,4205f27f81f67e84e86815e30b2dfa6bbbd8dbaec5b7ddde6f42f931aa7b08c7,929,15926,44100,1,true,true,current_generated_metadata,current,ok,physical_ready_exact_pair,Generated Voice V2.1 asset measured from current disk bytes.
micro-single-leg-left-v21,micro-single-leg-left-v21,marcus,assets/audio/voice/marcus/micro-single-leg-left-v21.mp3,true,ce2682e0e2380124a2358258b20951c3c99e85835ce9aacf76562a5dcf0edd04,5387,87397,44100,1,true,true,current_generated_metadata,current,ok,physical_ready_exact_pair,Generated Voice V2.1 asset measured from current disk bytes.
micro-single-leg-right-v21,micro-single-leg-right-v21,marcus,assets/audio/voice/marcus/micro-single-leg-right-v21.mp3,true,5c2556156a76cf330ebf2fe72a2c92920f0963173ad82746943a10d5bd3fb7b4,5991,97010,44100,1,true,true,current_generated_metadata,current,ok,physical_ready_exact_pair,Generated Voice V2.1 asset measured from current disk bytes.
microcheck-balance,,marcus,assets/audio/voice/marcus/microcheck-balance.mp3,true,988bc7942a480e0cc3bf228defb0e1f9b52dd1f0e3fa107c4a1d820dcaa4c942,5341,86561,44100,1,true,false,not_required_legacy,not_required_legacy,ok,legacy_only,Measured from current task-start physical corpus.
microcheck-chair,,marcus,assets/audio/voice/marcus/microcheck-chair.mp3,true,0351c94cac2a22087aa6909da96e78dfcedf34c69715234d104e42c75c5149f8,9892,159286,44100,1,true,false,not_required_legacy,not_required_legacy,ok,legacy_only,Measured from current task-start physical corpus.
microcheck-complete-v21,microcheck-complete-v21,marcus,assets/audio/voice/marcus/microcheck-complete-v21.mp3,true,22f1d8fc41767789a431cdcfc4aeaa4a93174a19ddb848bc807665f7b680deeb,1161,19688,44100,1,true,true,current_generated_metadata,current,ok,physical_ready_exact_pair,Generated Voice V2.1 asset measured from current disk bytes.
microcheck-complete,,marcus,assets/audio/voice/marcus/microcheck-complete.mp3,true,96241d61119cfca6d171a3920431d7f9a3451cd355f990ec4fc9c8ed4b518028,2322,38078,44100,1,true,false,not_required_legacy,not_required_legacy,ok,legacy_only,Measured from current task-start physical corpus.
microcheck-intro,,marcus,assets/audio/voice/marcus/microcheck-intro.mp3,true,01a47791cd2c0efbbeddcdf731e60798b52437183f6b6a5e5eba139b1fbd7dbe,3019,49363,44100,1,true,false,not_required_legacy,not_required_legacy,ok,retired,Measured from current task-start physical corpus.
mobility_no_forcing,,marcus,assets/audio/voice/marcus/mobility_no_forcing.mp3,true,c3b2997a3160856cade0a57df77fb19aca97a6f4c89de27dff9afcbfb960f347,3019,49363,44100,1,true,true,covered_by_required_audio_metadata,verified_by_verify_audio,ok,legacy_only,Measured from current task-start physical corpus.
mpv2_balance_attempt_saved,mpv2_balance_attempt_saved,marcus,assets/audio/voice/marcus/mpv2_balance_attempt_saved.mp3,true,e764c0e5aeb7093289d09e775f799835a9d9718bae7ebdbc901995b9f21b6383,1486,24703,44100,1,true,true,covered_by_required_audio_metadata,verified_by_verify_audio,ok,physical_ready_exact_pair,Measured from current task-start physical corpus.
mpv2_balance_attempt_start,mpv2_balance_attempt_start,marcus,assets/audio/voice/marcus/mpv2_balance_attempt_start.mp3,true,839f3d8884f4bf7d976a66dc10d28c2481e44594fe37cda402c645e3c81ee937,4783,77784,44100,1,true,true,covered_by_required_audio_metadata,verified_by_verify_audio,ok,physical_ready_exact_pair,Measured from current task-start physical corpus.
mpv2_balance_complete,checkup-balance-complete-v21;mpv2_balance_complete,marcus,assets/audio/voice/marcus/mpv2_balance_complete.mp3,true,71df1c042bade53fdd561ea5d0591ab84692f319eb1b742953c024ebfdb3a448,1440,24285,44100,1,true,true,covered_by_required_audio_metadata,verified_by_verify_audio,ok,physical_ready_exact_pair,Measured from current task-start physical corpus.
mpv2_balance_full_hold,mpv2_balance_full_hold,marcus,assets/audio/voice/marcus/mpv2_balance_full_hold.mp3,true,faa8b40b8e17866465528097c0ae36f909175a6df3c7228ffa679de380965a6a,2415,39750,44100,1,true,true,covered_by_required_audio_metadata,verified_by_verify_audio,ok,physical_ready_exact_pair,Measured from current task-start physical corpus.
mpv2_balance_ready_after_30,mpv2_balance_ready_after_30,marcus,assets/audio/voice/marcus/mpv2_balance_ready_after_30.mp3,true,b3fc1a6c5ab12980a67d61ff6bdc8df25c354b7992c14da654aa194f4c85fde4,2508,41004,44100,1,true,true,covered_by_required_audio_metadata,verified_by_verify_audio,ok,physical_ready_exact_pair,Measured from current task-start physical corpus.
mpv2_balance_ready_after_60,mpv2_balance_ready_after_60,marcus,assets/audio/voice/marcus/mpv2_balance_ready_after_60.mp3,true,440cdb65b33d5e9d77a54deb2affcf7b59cf15ecd48688f7f5f29d2c9617b85c,1765,29301,44100,1,true,true,covered_by_required_audio_metadata,verified_by_verify_audio,ok,physical_ready_exact_pair,Measured from current task-start physical corpus.
mpv2_balance_rest,mpv2_balance_rest,marcus,assets/audio/voice/marcus/mpv2_balance_rest.mp3,true,bae248b357ab3cf274810e1c3d719620d4309a14bd72c98b816361b0abad413a,4458,72351,44100,1,true,true,covered_by_required_audio_metadata,verified_by_verify_audio,ok,physical_ready_exact_pair,Measured from current task-start physical corpus.
mpv2_balance_tracking_retry,mpv2_balance_tracking_retry,marcus,assets/audio/voice/marcus/mpv2_balance_tracking_retry.mp3,true,e005145f67a15ce9d07f07f6e18d5f253f5bfc68658db20ddf47092bc194e924,6594,106623,44100,1,true,true,covered_by_required_audio_metadata,verified_by_verify_audio,ok,physical_ready_exact_pair,Measured from current task-start physical corpus.
mpv2_balance_use_best,mpv2_balance_use_best,marcus,assets/audio/voice/marcus/mpv2_balance_use_best.mp3,true,72e5adc10e9ee5b9d0110615118c218b940d4b12524715aa9ed69855cd45ea1f,1440,24285,44100,1,true,true,covered_by_required_audio_metadata,verified_by_verify_audio,ok,physical_ready_exact_pair,Measured from current task-start physical corpus.
mpv2_chair_official_ready,mpv2_chair_official_ready,marcus,assets/audio/voice/marcus/mpv2_chair_official_ready.mp3,true,201412a94bbf5c79cc38cd1ace3f5ff18535ab8f557258b39b9a40181a3e13ba,3111,51035,44100,1,true,true,covered_by_required_audio_metadata,verified_by_verify_audio,ok,physical_ready_exact_pair,Measured from current task-start physical corpus.
mpv2_chair_practice_start,mpv2_chair_practice_start,marcus,assets/audio/voice/marcus/mpv2_chair_practice_start.mp3,true,fdb9588142bada63ca795ecf1e1ede8b18078e06aa70950a9e04b98df479e30c,2740,44765,44100,1,true,true,covered_by_required_audio_metadata,verified_by_verify_audio,ok,physical_ready_exact_pair,Measured from current task-start physical corpus.
mpv2_checkup_intro,mpv2_checkup_intro,marcus,assets/audio/voice/marcus/mpv2_checkup_intro.mp3,true,c062bc616080c261dfeff5d16646defe486ea0b2de423648e94199981e04bef1,5294,85725,44100,1,true,true,covered_by_required_audio_metadata,verified_by_verify_audio,ok,physical_ready_exact_pair,Measured from current task-start physical corpus.
mpv2_hinge_complete,mpv2_hinge_complete,marcus,assets/audio/voice/marcus/mpv2_hinge_complete.mp3,true,9c9a62e2856ce9575b6943679ff98002708a993d190a30567e4269b3d35d939c,1254,20942,44100,1,true,true,covered_by_required_audio_metadata,verified_by_verify_audio,ok,physical_ready_exact_pair,Measured from current task-start physical corpus.
mpv2_hinge_no_measurement,mpv2_hinge_no_measurement,marcus,assets/audio/voice/marcus/mpv2_hinge_no_measurement.mp3,true,5179db2255a1246462fad3570ac242a56d7dac370b2bde3de0a0a67183e9c547,3344,54378,44100,1,true,true,covered_by_required_audio_metadata,verified_by_verify_audio,ok,physical_ready_exact_pair,Measured from current task-start physical corpus.
mpv2_shoulder_tracking_retry,mpv2_shoulder_tracking_retry,marcus,assets/audio/voice/marcus/mpv2_shoulder_tracking_retry.mp3,true,5c4d877e4da6ecead85a29d53104eb54704d0b09a7e53878256976b61a924177,5433,87815,44100,1,true,true,covered_by_required_audio_metadata,verified_by_verify_audio,ok,physical_ready_exact_pair,Measured from current task-start physical corpus.
next-exercise-v21,next-exercise-v21,marcus,assets/audio/voice/marcus/next-exercise-v21.mp3,true,f93f2480a7ade97ab4c526f17dd177e5221f46192db8b961f332660e520fb1c0,1254,20942,44100,1,true,true,current_generated_metadata,current,ok,physical_ready_exact_pair,Generated Voice V2.1 asset measured from current disk bytes.
next-exercise,,marcus,assets/audio/voice/marcus/next-exercise.mp3,true,2c018e19b3261f7b2f17feb3972a14021565a7b96663d5a4683932c39caa449b,2136,35152,44100,1,true,false,not_required_legacy,not_required_legacy,ok,legacy_only,Measured from current task-start physical corpus.
next-up,,marcus,assets/audio/voice/marcus/next-up.mp3,true,75d8e76785a86eb667daba1eeddf2bb888b7c79e189f3b0936f6c37b33a5c88a,1625,27211,44100,1,true,false,not_required_legacy,not_required_legacy,ok,legacy_only,Measured from current task-start physical corpus.
no-reps,,marcus,assets/audio/voice/marcus/no-reps.mp3,true,5b8164cf6159992ff9b85caf5385e9a87928b86074740cd5d13fae16c3ae95aa,3762,61066,44100,1,true,false,not_required_legacy,not_required_legacy,ok,legacy_only,Measured from current task-start physical corpus.
num-0,,marcus,assets/audio/voice/marcus/num-0.mp3,true,1ace491c981616dfacc709ac7c055dfecc3994058cca03e12c7d45002636c77f,836,14254,44100,1,true,false,not_required_legacy,not_required_legacy,ok,legacy_only,Measured from current task-start physical corpus.
num-1,,marcus,assets/audio/voice/marcus/num-1.mp3,true,4a17c23aef329d7e39c5112bef7ba0034a40fa6f17505d8d3cfb0b0678aef0e3,557,10075,44100,1,true,false,not_required_legacy,not_required_legacy,ok,legacy_only,Measured from current task-start physical corpus.
num-10,,marcus,assets/audio/voice/marcus/num-10.mp3,true,e57c52eabc62ac8f68b9f2f795b63357e51633b88f32a497550643dc1e7ab994,743,13000,44100,1,true,false,not_required_legacy,not_required_legacy,ok,legacy_only,Measured from current task-start physical corpus.
num-11,,marcus,assets/audio/voice/marcus/num-11.mp3,true,0e755774121fa2c819d8702e493de237520fdd644f2a070dc9a67548927965a7,789,13836,44100,1,true,false,not_required_legacy,not_required_legacy,ok,legacy_only,Measured from current task-start physical corpus.
num-12,,marcus,assets/audio/voice/marcus/num-12.mp3,true,4a32fb7301b67d1f8bc183d5a0e2e6d9dd7b61b55a6d2860fb097f4143f021dc,929,15926,44100,1,true,false,not_required_legacy,not_required_legacy,ok,legacy_only,Measured from current task-start physical corpus.
num-13,,marcus,assets/audio/voice/marcus/num-13.mp3,true,1ea711c5b096b4e56b88da68756b9e9b466c65e5359c913ade882ba06d8d8669,1022,17598,44100,1,true,false,not_required_legacy,not_required_legacy,ok,legacy_only,Measured from current task-start physical corpus.
num-14,,marcus,assets/audio/voice/marcus/num-14.mp3,true,926e3db09b0d11b40800257591a6d7b34b01b6aaa3a51bb3decee6f102f4d623,929,15926,44100,1,true,false,not_required_legacy,not_required_legacy,ok,legacy_only,Measured from current task-start physical corpus.
num-15,,marcus,assets/audio/voice/marcus/num-15.mp3,true,0e3aaaaa502ba24e5dfe4892cee89d0a1b145682aa3e45ad7e5092ef4425ba89,836,14254,44100,1,true,false,not_required_legacy,not_required_legacy,ok,legacy_only,Measured from current task-start physical corpus.
num-16,,marcus,assets/audio/voice/marcus/num-16.mp3,true,178af191ba00d3aa01e131d048848905300f30b2a8686865cb9996d8cbbf73c1,882,15090,44100,1,true,false,not_required_legacy,not_required_legacy,ok,legacy_only,Measured from current task-start physical corpus.
num-17,,marcus,assets/audio/voice/marcus/num-17.mp3,true,488154e3b3029769b6d717a37186c23567436240ab0d207db2f95865d160b93d,836,14254,44100,1,true,false,not_required_legacy,not_required_legacy,ok,legacy_only,Measured from current task-start physical corpus.
num-18,,marcus,assets/audio/voice/marcus/num-18.mp3,true,fc10eb03f6e5d341c78be10374713023e736046aa29f71ce73d4820d93b435f9,975,16762,44100,1,true,false,not_required_legacy,not_required_legacy,ok,legacy_only,Measured from current task-start physical corpus.
num-19,,marcus,assets/audio/voice/marcus/num-19.mp3,true,38372f0347d022f4c925f403acbcb1564996bbb0636ba9d82d6b5a6f3bf778cc,882,15090,44100,1,true,false,not_required_legacy,not_required_legacy,ok,legacy_only,Measured from current task-start physical corpus.
num-2,,marcus,assets/audio/voice/marcus/num-2.mp3,true,8fdd3ab387b3d33cfe2ff29d0d70462de8459491959486adbecfa816856c0fa6,697,12164,44100,1,true,false,not_required_legacy,not_required_legacy,ok,legacy_only,Measured from current task-start physical corpus.
num-20,,marcus,assets/audio/voice/marcus/num-20.mp3,true,519bf5279b81a18a8a83469e73b98f6123b30f09906b7c57109a154ef47f4475,789,13836,44100,1,true,false,not_required_legacy,not_required_legacy,ok,legacy_only,Measured from current task-start physical corpus.
num-21,,marcus,assets/audio/voice/marcus/num-21.mp3,true,6e75c073be6aeceaaca9cdbffca5ccd7e569fdf838d4fb2e673de83d780b0761,1022,17598,44100,1,true,false,not_required_legacy,not_required_legacy,ok,legacy_only,Measured from current task-start physical corpus.
num-22,,marcus,assets/audio/voice/marcus/num-22.mp3,true,91de4f253a2dd9f2d48183d73c9f043b69759612a5cd24b4ae439349d66a82d9,1068,18016,44100,1,true,false,not_required_legacy,not_required_legacy,ok,legacy_only,Measured from current task-start physical corpus.
num-23,,marcus,assets/audio/voice/marcus/num-23.mp3,true,ea76a521116068340f00ff40e47952643050c5f5bfe064a76dbc54e40877e4fa,975,16762,44100,1,true,false,not_required_legacy,not_required_legacy,ok,legacy_only,Measured from current task-start physical corpus.
num-24,,marcus,assets/audio/voice/marcus/num-24.mp3,true,32b5e7ac533e38c25f96b80dbc74a30b63ef2a33fe6bee0d88497b0953151bde,1161,19688,44100,1,true,false,not_required_legacy,not_required_legacy,ok,legacy_only,Measured from current task-start physical corpus.
num-25,,marcus,assets/audio/voice/marcus/num-25.mp3,true,39e3f09ec022526d070a8c47af833a4035ccf899b654f993da16bf5aafd0c266,882,15090,44100,1,true,false,not_required_legacy,not_required_legacy,ok,legacy_only,Measured from current task-start physical corpus.
num-26,,marcus,assets/audio/voice/marcus/num-26.mp3,true,6e0bc2821ad3a6ec92eac269966bbc3e99282b1f41ad2e2009af0db1d3ab52a2,1022,17598,44100,1,true,false,not_required_legacy,not_required_legacy,ok,legacy_only,Measured from current task-start physical corpus.
num-27,,marcus,assets/audio/voice/marcus/num-27.mp3,true,87d87b20907cda0d6591438de99c34dd71eac910ad4105599eb255d9f4165275,1068,18016,44100,1,true,false,not_required_legacy,not_required_legacy,ok,legacy_only,Measured from current task-start physical corpus.
num-28,,marcus,assets/audio/voice/marcus/num-28.mp3,true,c1ecf0fc23c5e63f1a8f1ad6930a95c043bca270fb045d9fe40ed3a69a90b78e,975,16762,44100,1,true,false,not_required_legacy,not_required_legacy,ok,legacy_only,Measured from current task-start physical corpus.
num-29,,marcus,assets/audio/voice/marcus/num-29.mp3,true,53458de222310bd5d204c1e5b0c36d6e24ab19d7ce46cbf3af241f3d011d7e77,1068,18016,44100,1,true,false,not_required_legacy,not_required_legacy,ok,legacy_only,Measured from current task-start physical corpus.
num-3,,marcus,assets/audio/voice/marcus/num-3.mp3,true,322d3a89ffaceaddb000bf45f4b0f2b1bba632f96dc9fedf27c3bec432d641fc,743,13000,44100,1,true,false,not_required_legacy,not_required_legacy,ok,legacy_only,Measured from current task-start physical corpus.
num-30,,marcus,assets/audio/voice/marcus/num-30.mp3,true,9f6b524037a43c35bbd8279a76a1c636dc952f2fa3b0fc47ea73bd128db58253,836,14254,44100,1,true,false,not_required_legacy,not_required_legacy,ok,legacy_only,Measured from current task-start physical corpus.
num-31,,marcus,assets/audio/voice/marcus/num-31.mp3,true,355c79d95f7562232daa45189092d12986258e000c1d67603b4ed15a82b44b27,929,15926,44100,1,true,false,not_required_legacy,not_required_legacy,ok,legacy_only,Measured from current task-start physical corpus.
num-32,,marcus,assets/audio/voice/marcus/num-32.mp3,true,1d5125f8f693bb3cd23c30f4ecfd85cf071f74693049f33bc21038643f4e4936,975,16762,44100,1,true,false,not_required_legacy,not_required_legacy,ok,legacy_only,Measured from current task-start physical corpus.
num-33,,marcus,assets/audio/voice/marcus/num-33.mp3,true,e492667bc4c5f843df4c8113635208260fbdef228f6817612f42ef3168ff112c,1022,17598,44100,1,true,false,not_required_legacy,not_required_legacy,ok,legacy_only,Measured from current task-start physical corpus.
num-34,,marcus,assets/audio/voice/marcus/num-34.mp3,true,8a398c691e02c502720990d5048abd2cf8707a029ae6a4a68632faaa057c0a45,789,13836,44100,1,true,false,not_required_legacy,not_required_legacy,ok,legacy_only,Measured from current task-start physical corpus.
num-35,,marcus,assets/audio/voice/marcus/num-35.mp3,true,9ccffd613e9a53f609c9590da7d39326d7d2a8f68f1aa8f87ee49fdcc743e20b,1115,18852,44100,1,true,false,not_required_legacy,not_required_legacy,ok,legacy_only,Measured from current task-start physical corpus.
num-36,,marcus,assets/audio/voice/marcus/num-36.mp3,true,a51d3438a0e4ded741ce90bbcfb6516e5348165d36ff44103754f4f0d3a6ebd2,1022,17598,44100,1,true,false,not_required_legacy,not_required_legacy,ok,legacy_only,Measured from current task-start physical corpus.
num-37,,marcus,assets/audio/voice/marcus/num-37.mp3,true,ade55b973de0abbcd753416c05f992db5fd2ef3bd23537c03bda29f39a502a39,1022,17598,44100,1,true,false,not_required_legacy,not_required_legacy,ok,legacy_only,Measured from current task-start physical corpus.
num-38,,marcus,assets/audio/voice/marcus/num-38.mp3,true,880528b3ea013c1fb42bd6332a4be3991b0c083b6a3f0b124372dcc02e1bcc82,975,16762,44100,1,true,false,not_required_legacy,not_required_legacy,ok,legacy_only,Measured from current task-start physical corpus.
num-39,,marcus,assets/audio/voice/marcus/num-39.mp3,true,f08da52ec0b20c4ca620631ab81152d303a84929db9df260f6976e84799e96bb,975,16762,44100,1,true,false,not_required_legacy,not_required_legacy,ok,legacy_only,Measured from current task-start physical corpus.
num-4,,marcus,assets/audio/voice/marcus/num-4.mp3,true,ba48db646725966dec531f6ec91b985c198eca0353c51e79c6f2139266002fb5,697,12164,44100,1,true,false,not_required_legacy,not_required_legacy,ok,legacy_only,Measured from current task-start physical corpus.
num-40,,marcus,assets/audio/voice/marcus/num-40.mp3,true,0cd74f61ab4574a73f0172aa5bf6c83e833753a110725c8e2b616383aadffc36,743,13000,44100,1,true,false,not_required_legacy,not_required_legacy,ok,legacy_only,Measured from current task-start physical corpus.
num-5,,marcus,assets/audio/voice/marcus/num-5.mp3,true,4fc9dfe29c50ede821d0d178bdb37f4d9abd837250242beaa8011f053e33635b,789,13836,44100,1,true,false,not_required_legacy,not_required_legacy,ok,legacy_only,Measured from current task-start physical corpus.
num-6,,marcus,assets/audio/voice/marcus/num-6.mp3,true,f75640590248a066dfe9dfac300729eed50519ad883c4c0afb5e87aac40bc5c5,789,13836,44100,1,true,false,not_required_legacy,not_required_legacy,ok,legacy_only,Measured from current task-start physical corpus.
num-7,,marcus,assets/audio/voice/marcus/num-7.mp3,true,b0bd0378a537c21265e9825ca107feb651a5869706237b8b03f4a5bd99bd53bd,743,13000,44100,1,true,false,not_required_legacy,not_required_legacy,ok,legacy_only,Measured from current task-start physical corpus.
num-8,,marcus,assets/audio/voice/marcus/num-8.mp3,true,a32cd97a636b5b39b778359fafbd2c18e35e61742ba696439f97f78972122535,650,11328,44100,1,true,false,not_required_legacy,not_required_legacy,ok,legacy_only,Measured from current task-start physical corpus.
num-9,,marcus,assets/audio/voice/marcus/num-9.mp3,true,9b5dad2cd841c03fb84e000f6a28312ca6335128879d39a50c75654f561a2799,743,13000,44100,1,true,false,not_required_legacy,not_required_legacy,ok,legacy_only,Measured from current task-start physical corpus.
open-your-eyes,open-your-eyes,marcus,assets/audio/voice/marcus/open-your-eyes.mp3,true,3bd3152c7be047551a998d3cb627db417b831108dbca554bc9cf03e84e86bb8a,1254,20942,44100,1,true,false,not_required_legacy,not_required_legacy,ok,script_mismatch_candidate_not_reused,Measured from current task-start physical corpus.
paused-v21,paused-v21,marcus,assets/audio/voice/marcus/paused-v21.mp3,true,f0661ca4a4c79efa9c16b4f4fa077eb04c60ffa0c14ce3f1471c3c407ee77675,650,11328,44100,1,true,true,current_generated_metadata,current,ok,physical_ready_exact_pair,Generated Voice V2.1 asset measured from current disk bytes.
relax-arm,,marcus,assets/audio/voice/marcus/relax-arm.mp3,true,80a7864114973dc4982079a7ddee79423217a83de2e500086f1678fd0bbbbb59,2136,35152,44100,1,true,false,not_required_legacy,not_required_legacy,ok,legacy_only,Measured from current task-start physical corpus.
rest-now-v21,rest-now-v21,marcus,assets/audio/voice/marcus/rest-now-v21.mp3,true,888289f3354333c4b68d06810197eef3752c85880288f8e68d6c0db0990e1477,929,15926,44100,1,true,true,current_generated_metadata,current,ok,physical_ready_exact_pair,Generated Voice V2.1 asset measured from current disk bytes.
rest-now,,marcus,assets/audio/voice/marcus/rest-now.mp3,true,f307e57bb047ed20d0ebd1af6136168d890e987deafa98e0a4e8675e2faa3ec2,1440,24285,44100,1,true,false,not_required_legacy,not_required_legacy,ok,legacy_only,Measured from current task-start physical corpus.
resuming-v21,resuming-v21,marcus,assets/audio/voice/marcus/resuming-v21.mp3,true,a41b244df5087e4cb271b7f2a1738476c0f2da601a59c192cdba451fe9d333a9,882,15090,44100,1,true,true,current_generated_metadata,current,ok,physical_ready_exact_pair,Generated Voice V2.1 asset measured from current disk bytes.
retry-v21,retry-v21,marcus,assets/audio/voice/marcus/retry-v21.mp3,true,8b7cc0f876a9af004a780231599d3d12f2eaa0616c4bfbaba192024e651ce92c,1254,20942,44100,1,true,true,covered_by_required_audio_metadata,verified_by_verify_audio,ok,physical_ready_exact_pair,Measured from current task-start physical corpus.
safe-session-start-v21,safe-session-start-v21,marcus,assets/audio/voice/marcus/safe-session-start-v21.mp3,true,958dd0e925da1036cd5fb78971da6789971e84f64ea6ea67154d7eb4ccad1e14,4969,80710,44100,1,true,true,current_generated_metadata,current,ok,physical_ready_exact_pair,Generated Voice V2.1 asset measured from current disk bytes.
session-complete-v21,session-complete-v21,marcus,assets/audio/voice/marcus/session-complete-v21.mp3,true,e6cd4d6c6a30192f121ee26fae950f8f2c0220e04ed0336eea6c0c9d48a1204c,1207,20524,44100,1,true,true,current_generated_metadata,current,ok,physical_ready_exact_pair,Generated Voice V2.1 asset measured from current disk bytes.
session-complete,,marcus,assets/audio/voice/marcus/session-complete.mp3,true,29061227eaee6b7a43c01178590f6c1d0be0211b6b88338b51b1f52890fc3f06,4505,73186,44100,1,true,false,not_required_legacy,not_required_legacy,ok,legacy_only,Measured from current task-start physical corpus.
set-complete-v21,set-complete-v21,marcus,assets/audio/voice/marcus/set-complete-v21.mp3,true,9ba12ed068b3843c04cc067a2b6b111e3d37013ebe758155bb0fb6dafaa87cd3,1115,18852,44100,1,true,true,current_generated_metadata,current,ok,physical_ready_exact_pair,Generated Voice V2.1 asset measured from current disk bytes.
set-done,,marcus,assets/audio/voice/marcus/set-done.mp3,true,9cf0525cd2f0447357ddb0a75f85db634ce7c009b3c4483b6b43db7768307f0f,929,15926,44100,1,true,false,not_required_legacy,not_required_legacy,ok,legacy_only,Measured from current task-start physical corpus.
setup-back-v21,setup-back-v21,marcus,assets/audio/voice/marcus/setup-back-v21.mp3,true,ad7890450ee58f68d2ed194496874b5ad5f51b80cd2b892814cc8ccf5b37be57,1440,24285,44100,1,true,true,current_generated_metadata,current,ok,physical_ready_exact_pair,Generated Voice V2.1 asset measured from current disk bytes.
setup-center-v21,setup-center-v21,marcus,assets/audio/voice/marcus/setup-center-v21.mp3,true,6eabd0766426b050aca0925f42b3b56abec8ace631847ad130a4dd78c6f84910,1672,27629,44100,1,true,true,current_generated_metadata,current,ok,physical_ready_exact_pair,Generated Voice V2.1 asset measured from current disk bytes.
setup-clearer-view-v21,setup-clearer-view-v21,marcus,assets/audio/voice/marcus/setup-clearer-view-v21.mp3,true,40dd105c7b595d7dcd5d558d13a8d7ec037fc97788feb72e86ff1f925598a796,3297,53960,44100,1,true,true,current_generated_metadata,current,ok,physical_ready_exact_pair,Generated Voice V2.1 asset measured from current disk bytes.
setup-closer-v21,setup-closer-v21,marcus,assets/audio/voice/marcus/setup-closer-v21.mp3,true,9137c1b2369563180e0992692ff592ba4a0ba998e604dbcb80cfc0df9d1bc456,1393,23449,44100,1,true,true,current_generated_metadata,current,ok,physical_ready_exact_pair,Generated Voice V2.1 asset measured from current disk bytes.
setup-enter-view-v21,setup-enter-view-v21,marcus,assets/audio/voice/marcus/setup-enter-view-v21.mp3,true,03674f58e3bcda092cf2d086e8d06587e97560512419bec19816b4654c798571,2415,39750,44100,1,true,true,current_generated_metadata,current,ok,physical_ready_exact_pair,Generated Voice V2.1 asset measured from current disk bytes.
setup-hold-still-v21,setup-hold-still-v21,marcus,assets/audio/voice/marcus/setup-hold-still-v21.mp3,true,d2ae7b84ff57f1e369627eadba7f34788afa436efa69a15b1caafaa361d738e6,1300,21777,44100,1,true,true,current_generated_metadata,current,ok,physical_ready_exact_pair,Generated Voice V2.1 asset measured from current disk bytes.
setup-light-v21,setup-light-v21,marcus,assets/audio/voice/marcus/setup-light-v21.mp3,true,3474e2c67471a15bfbe4e7cd3f3fadf2eca3defa4987571cb9c4959688825ccd,1486,24703,44100,1,true,true,current_generated_metadata,current,ok,physical_ready_exact_pair,Generated Voice V2.1 asset measured from current disk bytes.
shoulder-intro,,marcus,assets/audio/voice/marcus/shoulder-intro.mp3,true,fae40a410680cce831c9aed69672d19fc238087ee7944567248409be94a2664e,6920,111639,44100,1,true,false,not_required_legacy,not_required_legacy,ok,legacy_only,Measured from current task-start physical corpus.
shoulder-setup,,marcus,assets/audio/voice/marcus/shoulder-setup.mp3,true,61ad9dc8d334ea3ba510f9b026086561a6a14383ca3eca60a39fa22219744edb,6455,104533,44100,1,true,false,not_required_legacy,not_required_legacy,ok,legacy_only,Measured from current task-start physical corpus.
side-calf-left-back-v21,side-calf-left-back-v21,marcus,assets/audio/voice/marcus/side-calf-left-back-v21.mp3,true,0b916736cca2ea230216a2415cd7adc11b5a877b07adbad4e9bdaa22071ae43b,2229,36824,44100,1,true,true,current_generated_metadata,current,ok,physical_ready_exact_pair,Generated Voice V2.1 asset measured from current disk bytes.
side-calf-right-back-v21,side-calf-right-back-v21,marcus,assets/audio/voice/marcus/side-calf-right-back-v21.mp3,true,068c9678414318a0178f6a04fc8ee54f58d22f067de00879421f7d6738e2cd1b,2368,38914,44100,1,true,true,current_generated_metadata,current,ok,physical_ready_exact_pair,Generated Voice V2.1 asset measured from current disk bytes.
side-hamstring-left-extended-v21,side-hamstring-left-extended-v21,marcus,assets/audio/voice/marcus/side-hamstring-left-extended-v21.mp3,true,6ffb63609811bf9e50c4c0c39ba000e03d49d9b86e9f86cef70b7efbc6cc4924,2461,40586,44100,1,true,true,current_generated_metadata,current,ok,physical_ready_exact_pair,Generated Voice V2.1 asset measured from current disk bytes.
side-hamstring-right-extended-v21,side-hamstring-right-extended-v21,marcus,assets/audio/voice/marcus/side-hamstring-right-extended-v21.mp3,true,0b212d5e5edd4159149185173f8de5824fa7f152f9dd0859cc33d6a68d02c920,2276,37660,44100,1,true,true,current_generated_metadata,current,ok,physical_ready_exact_pair,Generated Voice V2.1 asset measured from current disk bytes.
side-hip-flexor-left-back-v21,side-hip-flexor-left-back-v21,marcus,assets/audio/voice/marcus/side-hip-flexor-left-back-v21.mp3,true,cbb2fac677ee24d4eac02cbf9b59b5445bf551924dceab84f22eb21387155dc5,3251,53124,44100,1,true,true,current_generated_metadata,current,ok,physical_ready_exact_pair,Generated Voice V2.1 asset measured from current disk bytes.
side-hip-flexor-right-back-v21,side-hip-flexor-right-back-v21,marcus,assets/audio/voice/marcus/side-hip-flexor-right-back-v21.mp3,true,6529383facf3e683c6dc340dd2afac963898c2267d13aff2d240aa799168311b,3204,52288,44100,1,true,true,current_generated_metadata,current,ok,physical_ready_exact_pair,Generated Voice V2.1 asset measured from current disk bytes.
side-single-leg-left-v21,side-single-leg-left-v21,marcus,assets/audio/voice/marcus/side-single-leg-left-v21.mp3,true,67f24920ccfe97d87ce8e63df5a09ed7104ed6aac26f94c0fcbf9fe819feb31e,3111,51035,44100,1,true,true,current_generated_metadata,current,ok,physical_ready_exact_pair,Generated Voice V2.1 asset measured from current disk bytes.
side-single-leg-right-v21,side-single-leg-right-v21,marcus,assets/audio/voice/marcus/side-single-leg-right-v21.mp3,true,468bd83ab30b830a9f8a254ea0e7c5eb903f74f2caf3612a48346ae2d5fd381e,3019,49363,44100,1,true,true,current_generated_metadata,current,ok,physical_ready_exact_pair,Generated Voice V2.1 asset measured from current disk bytes.
side-split-squat-left-forward-v21,side-split-squat-left-forward-v21,marcus,assets/audio/voice/marcus/side-split-squat-left-forward-v21.mp3,true,169057a6a58533108021c45d77d4403d83711259d500c8b213c019feddb3aa7f,2229,36824,44100,1,true,true,current_generated_metadata,current,ok,physical_ready_exact_pair,Generated Voice V2.1 asset measured from current disk bytes.
side-split-squat-right-forward-v21,side-split-squat-right-forward-v21,marcus,assets/audio/voice/marcus/side-split-squat-right-forward-v21.mp3,true,35868c3d19c7b704f32d77ea514f0b2eb4c9659d6fa267246b35f80b5b68946f,2229,36824,44100,1,true,true,current_generated_metadata,current,ok,physical_ready_exact_pair,Generated Voice V2.1 asset measured from current disk bytes.
side-tandem-left-front-v21,side-tandem-left-front-v21,marcus,assets/audio/voice/marcus/side-tandem-left-front-v21.mp3,true,0b8823acbd890643c0bcc71d7cb98862ec49dfbd8adc7c477bffaadf7141aee7,2276,37660,44100,1,true,true,current_generated_metadata,current,ok,physical_ready_exact_pair,Generated Voice V2.1 asset measured from current disk bytes.
side-tandem-right-front-v21,side-tandem-right-front-v21,marcus,assets/audio/voice/marcus/side-tandem-right-front-v21.mp3,true,ffce2063954d5d6f204d517448237951f92869110ac85d03709937db4ed08ee2,2554,41839,44100,1,true,true,current_generated_metadata,current,ok,physical_ready_exact_pair,Generated Voice V2.1 asset measured from current disk bytes.
stand-tall,,marcus,assets/audio/voice/marcus/stand-tall.mp3,true,5705127476827ebe56db0534c50dea2eb106189cce876e6a19ed84cac618086f,2786,45601,44100,1,true,false,not_required_legacy,not_required_legacy,ok,legacy_only,Measured from current task-start physical corpus.
stands-suffix,,marcus,assets/audio/voice/marcus/stands-suffix.mp3,true,e3791b413694e8dea8d2205669a7d14ea0f9fa391c71eb71ca47186259b2e0e9,1718,28465,44100,1,true,false,not_required_legacy,not_required_legacy,ok,legacy_only,Measured from current task-start physical corpus.
step-back,,marcus,assets/audio/voice/marcus/step-back.mp3,true,1ab6a17126aa28b1d4967651a454127cdeae8de81c94ae00a7311896914a7a75,1393,23449,44100,1,true,false,not_required_legacy,not_required_legacy,ok,legacy_only,Measured from current task-start physical corpus.
step-closer,,marcus,assets/audio/voice/marcus/step-closer.mp3,true,75cce5c551236ecc7e76903ebde645ea3fb7673fd687af961692b128fcb9b69c,1393,23449,44100,1,true,false,not_required_legacy,not_required_legacy,ok,legacy_only,Measured from current task-start physical corpus.
step-into-frame,,marcus,assets/audio/voice/marcus/step-into-frame.mp3,true,59746a2ea387b6a5f5f675dfa57fc97a74cc1d88c1ad5f0baca381127889811c,3204,52288,44100,1,true,false,not_required_legacy,not_required_legacy,ok,legacy_only,Measured from current task-start physical corpus.
step-up-next-left-v21,step-up-next-left-v21,marcus,assets/audio/voice/marcus/step-up-next-left-v21.mp3,true,fca88bd4893760ccf0d3a88ef68d0ba0c41d9c205aa51058ab4db78493b1fbec,1904,31391,44100,1,true,true,current_generated_metadata,current,ok,physical_ready_exact_pair,Generated Voice V2.1 asset measured from current disk bytes.
step-up-next-right-v21,step-up-next-right-v21,marcus,assets/audio/voice/marcus/step-up-next-right-v21.mp3,true,479434486e8ddc9bd3229af4690a246fc9023cb5076885ddb2c68484b90427c4,1950,32226,44100,1,true,true,current_generated_metadata,current,ok,physical_ready_exact_pair,Generated Voice V2.1 asset measured from current disk bytes.
step-up-start-left-v21,step-up-start-left-v21,marcus,assets/audio/voice/marcus/step-up-start-left-v21.mp3,true,12ec94849d8c7e0e7ba02027c2e6f9ebfbfbcc74280dbf6028d9c0c6b132c5cb,1440,24285,44100,1,true,true,current_generated_metadata,current,ok,physical_ready_exact_pair,Generated Voice V2.1 asset measured from current disk bytes.
step-up-start-right-v21,step-up-start-right-v21,marcus,assets/audio/voice/marcus/step-up-start-right-v21.mp3,true,604f71a401ff6c8b33e5026f8b0da3fe5b631036475869bfbbaff7e3be0e1352,1486,24703,44100,1,true,true,current_generated_metadata,current,ok,physical_ready_exact_pair,Generated Voice V2.1 asset measured from current disk bytes.
step-up-wrong-left-v21,step-up-wrong-left-v21,marcus,assets/audio/voice/marcus/step-up-wrong-left-v21.mp3,true,8a925a53899415a23e8f31ff47f02d9570726b38551fbc1f7201da511a4d4a45,2786,45601,44100,1,true,true,current_generated_metadata,current,ok,physical_ready_exact_pair,Generated Voice V2.1 asset measured from current disk bytes.
step-up-wrong-right-v21,step-up-wrong-right-v21,marcus,assets/audio/voice/marcus/step-up-wrong-right-v21.mp3,true,7b6fd3713e690ba7d495f56da52f57bbe6bd92843d191d9f2c1b6744f122fd19,2229,36824,44100,1,true,true,current_generated_metadata,current,ok,physical_ready_exact_pair,Generated Voice V2.1 asset measured from current disk bytes.
step_clear_dry_area,,marcus,assets/audio/voice/marcus/step_clear_dry_area.mp3,true,327cf4967f0bb2ab1718c981f59ef4c05edf735918dc370e4f0714454903381d,2833,46437,44100,1,true,true,covered_by_required_audio_metadata,verified_by_verify_audio,ok,legacy_only,Measured from current task-start physical corpus.
step_controlled_return,,marcus,assets/audio/voice/marcus/step_controlled_return.mp3,true,cee04bed3357d8c77ad48875bb305d45a49c370289e1d176227f77b5c0791243,3251,53124,44100,1,true,true,covered_by_required_audio_metadata,verified_by_verify_audio,ok,legacy_only,Measured from current task-start physical corpus.
step_fixed_support_nearby,,marcus,assets/audio/voice/marcus/step_fixed_support_nearby.mp3,true,83b65fdde12f1cf1ae2c9d929398a26116ea36a61a7f1fc706ab999429f84dd8,4505,73186,44100,1,true,true,covered_by_required_audio_metadata,verified_by_verify_audio,ok,legacy_only,Measured from current task-start physical corpus.
step_phone_out_of_path,,marcus,assets/audio/voice/marcus/step_phone_out_of_path.mp3,true,89f91117f4d3655cd677db71cf7a2b0d1eb4773bd0d1f2178d5f47c309947a18,2647,43511,44100,1,true,true,covered_by_required_audio_metadata,verified_by_verify_audio,ok,legacy_only,Measured from current task-start physical corpus.
step_stop_if_unstable,,marcus,assets/audio/voice/marcus/step_stop_if_unstable.mp3,true,c9c9de3fbea22e648192d9c1957c5bebdf9b7dca0769428cddee7e1331039779,5155,83635,44100,1,true,true,covered_by_required_audio_metadata,verified_by_verify_audio,ok,legacy_only,Measured from current task-start physical corpus.
step_use_low_stable_step,,marcus,assets/audio/voice/marcus/step_use_low_stable_step.mp3,true,646bb7df31767d30df41c6a751871dccec3d696807ff080b95121b59911d7c30,2554,41839,44100,1,true,true,covered_by_required_audio_metadata,verified_by_verify_audio,ok,legacy_only,Measured from current task-start physical corpus.
support_keep_support_within_reach,,marcus,assets/audio/voice/marcus/support_keep_support_within_reach.mp3,true,b8b49b9599671c88ead5ae55435fa1b653db65bd700a4c4b28816de103be5b96,2647,43511,44100,1,true,true,covered_by_required_audio_metadata,verified_by_verify_audio,ok,legacy_only,Measured from current task-start physical corpus.
support_use_sturdy_support,,marcus,assets/audio/voice/marcus/support_use_sturdy_support.mp3,true,e1cf0e25582d1e0a6d7e21057ef22678eb95bbc67f5294db2aaaf45b0dce29b2,3204,52288,44100,1,true,true,covered_by_required_audio_metadata,verified_by_verify_audio,ok,legacy_only,Measured from current task-start physical corpus.
switch-foot-positions-v21,switch-foot-positions-v21,marcus,assets/audio/voice/marcus/switch-foot-positions-v21.mp3,true,1aa6b57906f8188f62c0c0f30f27bf3733af695efe51e1a39157b59071a23af5,1300,21777,44100,1,true,true,current_generated_metadata,current,ok,physical_ready_exact_pair,Generated Voice V2.1 asset measured from current disk bytes.
switch-legs-v21,switch-legs-v21,marcus,assets/audio/voice/marcus/switch-legs-v21.mp3,true,b5b4e011fc7c68ecdbb3bf3b736f1582df77b94264333a779192bb32d0dc1232,1022,17598,44100,1,true,true,current_generated_metadata,current,ok,physical_ready_exact_pair,Generated Voice V2.1 asset measured from current disk bytes.
switch-sides-v21,switch-sides-v21,marcus,assets/audio/voice/marcus/switch-sides-v21.mp3,true,859ccbc9f4ee7fafffbee7194b991306fd2c90d3663595c1b9d85b92c8bb730b,1115,18852,44100,1,true,true,current_generated_metadata,current,ok,physical_ready_exact_pair,Generated Voice V2.1 asset measured from current disk bytes.
target-balance-feet-together-hold-v21,target-balance-feet-together-hold-v21,marcus,assets/audio/voice/marcus/target-balance-feet-together-hold-v21.mp3,true,c2f5899ff6a2591e9979ac7e7d0a3d1d0713a712e10e350ff83a714b44a79b49,1440,24285,44100,1,true,true,current_generated_metadata,current,ok,physical_ready_exact_pair,Generated Voice V2.1 asset measured from current disk bytes.
target-balance-single-leg-hold-v21,target-balance-single-leg-hold-v21,marcus,assets/audio/voice/marcus/target-balance-single-leg-hold-v21.mp3,true,790c62a4182bfaf75b0961cbdb9b895fa6d9535d3ab7436e15b0be24f6e7b514,1347,22613,44100,1,true,true,current_generated_metadata,current,ok,physical_ready_exact_pair,Generated Voice V2.1 asset measured from current disk bytes.
target-balance-tandem-hold-v21,target-balance-tandem-hold-v21,marcus,assets/audio/voice/marcus/target-balance-tandem-hold-v21.mp3,true,650cc56ba448419c897470b6ffbbaf7f7c035dd17068455fa535f898a48ae3a6,1486,24703,44100,1,true,true,current_generated_metadata,current,ok,physical_ready_exact_pair,Generated Voice V2.1 asset measured from current disk bytes.
target-band-pull-apart-v21,target-band-pull-apart-v21,marcus,assets/audio/voice/marcus/target-band-pull-apart-v21.mp3,true,ab533b51444b1f666dd15207bb466c729a6788acd0ccbe64a57a63ae18147884,1440,24285,44100,1,true,true,current_generated_metadata,current,ok,physical_ready_exact_pair,Generated Voice V2.1 asset measured from current disk bytes.
target-chair-supported-split-squat-v21,target-chair-supported-split-squat-v21,marcus,assets/audio/voice/marcus/target-chair-supported-split-squat-v21.mp3,true,bc284c06607da76fff003ab412f9026ebf6f8d99500d809d2fe3d83d3ac446ab,1347,22613,44100,1,true,true,current_generated_metadata,current,ok,physical_ready_exact_pair,Generated Voice V2.1 asset measured from current disk bytes.
target-glute-bridge-hold-v21,target-glute-bridge-hold-v21,marcus,assets/audio/voice/marcus/target-glute-bridge-hold-v21.mp3,true,c8985fb60c0bdfef2bae4dcb63346127b4c224fdb9201fd52105898baa4b52ba,1533,25539,44100,1,true,true,current_generated_metadata,current,ok,physical_ready_exact_pair,Generated Voice V2.1 asset measured from current disk bytes.
target-glute-bridge-reps-v21,target-glute-bridge-reps-v21,marcus,assets/audio/voice/marcus/target-glute-bridge-reps-v21.mp3,true,97c9eb65c35f8d6f51113ff1785f663a5f9851acd58eb598a3f9721790bf9ac3,1300,21777,44100,1,true,true,current_generated_metadata,current,ok,physical_ready_exact_pair,Generated Voice V2.1 asset measured from current disk bytes.
target-heel-raise-free-v21,target-heel-raise-free-v21,marcus,assets/audio/voice/marcus/target-heel-raise-free-v21.mp3,true,5f8f016c0cf5ffac51da018fcc91989207094e038e4a0f7974075c6be2ea8fac,1347,22613,44100,1,true,true,current_generated_metadata,current,ok,physical_ready_exact_pair,Generated Voice V2.1 asset measured from current disk bytes.
target-heel-raise-supported-v21,target-heel-raise-supported-v21,marcus,assets/audio/voice/marcus/target-heel-raise-supported-v21.mp3,true,c822c74a7aa5d174b8fd54612af41e6628427f0620072191eb14f5327a9423e8,1533,25539,44100,1,true,true,current_generated_metadata,current,ok,physical_ready_exact_pair,Generated Voice V2.1 asset measured from current disk bytes.
target-hip-hinge-free-v21,target-hip-hinge-free-v21,marcus,assets/audio/voice/marcus/target-hip-hinge-free-v21.mp3,true,c6a216ce3e97765ddc4767354d36b298e4bea7b663bf71f2d609f5d6c5c630da,1347,22613,44100,1,true,true,current_generated_metadata,current,ok,physical_ready_exact_pair,Generated Voice V2.1 asset measured from current disk bytes.
target-hip-hinge-wall-v21,target-hip-hinge-wall-v21,marcus,assets/audio/voice/marcus/target-hip-hinge-wall-v21.mp3,true,9d78fe0c1edf996935301994dfceb29ae5db67fb8f3c36b665ada11ba3aab646,1486,24703,44100,1,true,true,current_generated_metadata,current,ok,physical_ready_exact_pair,Generated Voice V2.1 asset measured from current disk bytes.
target-loaded-march-v21,target-loaded-march-v21,marcus,assets/audio/voice/marcus/target-loaded-march-v21.mp3,true,9b93ec8c7bc603dce1061d7fb09b6a0ec6db42e26f4bc229b391a07338154fde,1486,24703,44100,1,true,true,current_generated_metadata,current,ok,physical_ready_exact_pair,Generated Voice V2.1 asset measured from current disk bytes.
target-loaded-sit-to-stand-v21,target-loaded-sit-to-stand-v21,marcus,assets/audio/voice/marcus/target-loaded-sit-to-stand-v21.mp3,true,7b5357685ebc4ad680c0ba1642b04b3aed09ec520ca39ffcc92bac1e085a39ae,1254,20942,44100,1,true,true,current_generated_metadata,current,ok,physical_ready_exact_pair,Generated Voice V2.1 asset measured from current disk bytes.
target-mini-band-lateral-walk-v21,target-mini-band-lateral-walk-v21,marcus,assets/audio/voice/marcus/target-mini-band-lateral-walk-v21.mp3,true,739aa2502ba90032ccf4fd23bdc95ef6a34267a6cdb589ed91c20d76355adf6f,1533,25539,44100,1,true,true,current_generated_metadata,current,ok,physical_ready_exact_pair,Generated Voice V2.1 asset measured from current disk bytes.
target-neck-rotation-v21,target-neck-rotation-v21,marcus,assets/audio/voice/marcus/target-neck-rotation-v21.mp3,true,2442f17e43965653c1ffca210912b2e9b224dbe6156baf8dfc21b30e328c4daf,1997,33062,44100,1,true,true,current_generated_metadata,current,ok,physical_ready_exact_pair,Generated Voice V2.1 asset measured from current disk bytes.
target-overhead-press-band-v21,target-overhead-press-band-v21,marcus,assets/audio/voice/marcus/target-overhead-press-band-v21.mp3,true,b376134dc30a221510edc2900252dabec46d9aa49641a568cd4db2064ec2b55d,1393,23449,44100,1,true,true,current_generated_metadata,current,ok,physical_ready_exact_pair,Generated Voice V2.1 asset measured from current disk bytes.
target-overhead-reach-v21,target-overhead-reach-v21,marcus,assets/audio/voice/marcus/target-overhead-reach-v21.mp3,true,7535ee37c485228ced6fca2f00ef8cf874b3ca3492a27139e80af6d564cf0062,1393,23449,44100,1,true,true,current_generated_metadata,current,ok,physical_ready_exact_pair,Generated Voice V2.1 asset measured from current disk bytes.
target-push-up-incline-v21,target-push-up-incline-v21,marcus,assets/audio/voice/marcus/target-push-up-incline-v21.mp3,true,766f2a452e283279eaff5b7df760be2ea8e018ada9c99d6c37b4214b877ea93b,1440,24285,44100,1,true,true,current_generated_metadata,current,ok,physical_ready_exact_pair,Generated Voice V2.1 asset measured from current disk bytes.
target-push-up-standard-v21,target-push-up-standard-v21,marcus,assets/audio/voice/marcus/target-push-up-standard-v21.mp3,true,f0a0666133f9f15c2f626ae9b299e3b6d6e587ba682886442db71fa7c5d08c62,1393,23449,44100,1,true,true,current_generated_metadata,current,ok,physical_ready_exact_pair,Generated Voice V2.1 asset measured from current disk bytes.
target-push-up-wall-v21,target-push-up-wall-v21,marcus,assets/audio/voice/marcus/target-push-up-wall-v21.mp3,true,ad64517f055d0a1ef6602bb6316eddcfa56e5992d8180b3fae2ddecea23795c6,1254,20942,44100,1,true,true,current_generated_metadata,current,ok,physical_ready_exact_pair,Generated Voice V2.1 asset measured from current disk bytes.
target-seated-band-row-v21,target-seated-band-row-v21,marcus,assets/audio/voice/marcus/target-seated-band-row-v21.mp3,true,8338020918ca6bb1d3dc6b08d2dffab7f2dd8c64006c625650054601a51aa4b6,1207,20524,44100,1,true,true,current_generated_metadata,current,ok,physical_ready_exact_pair,Generated Voice V2.1 asset measured from current disk bytes.
target-seated-hamstring-reach-v21,target-seated-hamstring-reach-v21,marcus,assets/audio/voice/marcus/target-seated-hamstring-reach-v21.mp3,true,fc60ed7d7cee72144d55086718285e0451109f7a555675a1e674871ba2780d89,2322,38078,44100,1,true,true,current_generated_metadata,current,ok,physical_ready_exact_pair,Generated Voice V2.1 asset measured from current disk bytes.
target-squat-free-v21,target-squat-free-v21,marcus,assets/audio/voice/marcus/target-squat-free-v21.mp3,true,6bac0bf4954e779b7cdf2a2d9f8654d107252e24d285505db8e718af50673625,1300,21777,44100,1,true,true,current_generated_metadata,current,ok,physical_ready_exact_pair,Generated Voice V2.1 asset measured from current disk bytes.
target-squat-loaded-v21,target-squat-loaded-v21,marcus,assets/audio/voice/marcus/target-squat-loaded-v21.mp3,true,f91e6e115df3259438dd58491bc9802f34e6dd8bf6c4e5956890ce0f4f9b6baa,1347,22613,44100,1,true,true,current_generated_metadata,current,ok,physical_ready_exact_pair,Generated Voice V2.1 asset measured from current disk bytes.
target-squat-slow-eccentric-v21,target-squat-slow-eccentric-v21,marcus,assets/audio/voice/marcus/target-squat-slow-eccentric-v21.mp3,true,77a47db82cd47cc2caa9f864aa161b95a9f9b599d87cb81f23efc60cccebc190,1207,20524,44100,1,true,true,current_generated_metadata,current,ok,physical_ready_exact_pair,Generated Voice V2.1 asset measured from current disk bytes.
target-squat-supported-v21,target-squat-supported-v21,marcus,assets/audio/voice/marcus/target-squat-supported-v21.mp3,true,35cf588a382e26f1902d5dc71522fe9382e9a776ff3c010b2eda337077171d8d,1347,22613,44100,1,true,true,current_generated_metadata,current,ok,physical_ready_exact_pair,Generated Voice V2.1 asset measured from current disk bytes.
target-standing-band-row-v21,target-standing-band-row-v21,marcus,assets/audio/voice/marcus/target-standing-band-row-v21.mp3,true,62f22e12cf4cb0bb1aeccdcbdf5821e6d240c6049f5d515b040d975f8b661ee5,1440,24285,44100,1,true,true,current_generated_metadata,current,ok,physical_ready_exact_pair,Generated Voice V2.1 asset measured from current disk bytes.
target-step-up-v21,target-step-up-v21,marcus,assets/audio/voice/marcus/target-step-up-v21.mp3,true,549457140c1ae0defa5aab67f9fe92972341e3d7b570680d36edc5c2ca89e82c,1533,25539,44100,1,true,true,current_generated_metadata,current,ok,physical_ready_exact_pair,Generated Voice V2.1 asset measured from current disk bytes.
target-sts-cushion-v21,target-sts-cushion-v21,marcus,assets/audio/voice/marcus/target-sts-cushion-v21.mp3,true,a56e0286f29f2900efff368ce627f4fb9fa9006d05d8a207b9774c2c9d3bfcd1,1347,22613,44100,1,true,true,current_generated_metadata,current,ok,physical_ready_exact_pair,Generated Voice V2.1 asset measured from current disk bytes.
target-sts-power-v21,target-sts-power-v21,marcus,assets/audio/voice/marcus/target-sts-power-v21.mp3,true,00f2336d9066778494c6ff34dc44f3feb528b308679fb52eb72e39320b5ed28a,1300,21777,44100,1,true,true,current_generated_metadata,current,ok,physical_ready_exact_pair,Generated Voice V2.1 asset measured from current disk bytes.
target-sts-slow-eccentric-v21,target-sts-slow-eccentric-v21,marcus,assets/audio/voice/marcus/target-sts-slow-eccentric-v21.mp3,true,3f5f870af4a810e33d67debd6d98fb62f45717ca8788efd04467c733a71d5d56,1393,23449,44100,1,true,true,current_generated_metadata,current,ok,physical_ready_exact_pair,Generated Voice V2.1 asset measured from current disk bytes.
target-sts-standard-v21,target-sts-standard-v21,marcus,assets/audio/voice/marcus/target-sts-standard-v21.mp3,true,5a6aa0d2ca4db5ef696af22cb3a7947ab48cec503c90040e6f341b02048249e4,1347,22613,44100,1,true,true,current_generated_metadata,current,ok,physical_ready_exact_pair,Generated Voice V2.1 asset measured from current disk bytes.
target-supported-hip-flexor-stretch-v21,target-supported-hip-flexor-stretch-v21,marcus,assets/audio/voice/marcus/target-supported-hip-flexor-stretch-v21.mp3,true,0e21415713e0a73027955e009c9ae6d066748d356afa742b46d63e01b59cf22a,1440,24285,44100,1,true,true,current_generated_metadata,current,ok,physical_ready_exact_pair,Generated Voice V2.1 asset measured from current disk bytes.
target-supported-side-step-v21,target-supported-side-step-v21,marcus,assets/audio/voice/marcus/target-supported-side-step-v21.mp3,true,ac9eaae1ea9d8d6a06293e859dd1dcf8d079e5e6f00fb6ed477e3dffa9989ed2,1486,24703,44100,1,true,true,current_generated_metadata,current,ok,physical_ready_exact_pair,Generated Voice V2.1 asset measured from current disk bytes.
target-thoracic-rotation-v21,target-thoracic-rotation-v21,marcus,assets/audio/voice/marcus/target-thoracic-rotation-v21.mp3,true,5b22a34e70b45742ab2a744946f62a0b5669ff9b7c9fc1c9a10528029fe3cd02,1486,24703,44100,1,true,true,current_generated_metadata,current,ok,physical_ready_exact_pair,Generated Voice V2.1 asset measured from current disk bytes.
target-toe-raise-supported-v21,target-toe-raise-supported-v21,marcus,assets/audio/voice/marcus/target-toe-raise-supported-v21.mp3,true,c9caa0f6b3e4b814637b281b0a2bfa759bf42be5c0575e70907b7b16a8e60ab6,1300,21777,44100,1,true,true,current_generated_metadata,current,ok,physical_ready_exact_pair,Generated Voice V2.1 asset measured from current disk bytes.
target-wall-calf-stretch-v21,target-wall-calf-stretch-v21,marcus,assets/audio/voice/marcus/target-wall-calf-stretch-v21.mp3,true,8913e853f0106001a4e8e7bd97b6325d5c14330edbd5e30509be86a20d1da0c3,1440,24285,44100,1,true,true,current_generated_metadata,current,ok,physical_ready_exact_pair,Generated Voice V2.1 asset measured from current disk bytes.
thats-your-set,,marcus,assets/audio/voice/marcus/thats-your-set.mp3,true,676ed4954f33b1111ef5cc3a933ad795bf81f9a0d8fa11ae727c57e2aa8c2c36,1393,23449,44100,1,true,false,not_required_legacy,not_required_legacy,ok,legacy_only,Measured from current task-start physical corpus.
time-to-retest,,marcus,assets/audio/voice/marcus/time-to-retest.mp3,true,f486b5f4057340faeea638c5ad8f84166c9a8e02dfdaeec99d4cd29d184319f8,5666,91577,44100,1,true,false,not_required_legacy,not_required_legacy,ok,legacy_only,Measured from current task-start physical corpus.
times-up-v21,times-up-v21,marcus,assets/audio/voice/marcus/times-up-v21.mp3,true,9ab93874228039943241ca98f8be965a6a98f9381c9a4ef70dbc0e1fbe69c0f7,743,13000,44100,1,true,true,covered_by_required_audio_metadata,verified_by_verify_audio,ok,physical_ready_exact_pair,Measured from current task-start physical corpus.
times-up,,marcus,assets/audio/voice/marcus/times-up.mp3,true,2cff694d2626514a68a387b846f486565550a1c99d184bc3fb22990e29b9f7a1,2229,36824,44100,1,true,false,not_required_legacy,not_required_legacy,ok,legacy_only,Measured from current task-start physical corpus.
tracking-loss-v21,tracking-loss-v21,marcus,assets/audio/voice/marcus/tracking-loss-v21.mp3,true,4794d7e802f59c6084aef66be8d2d4aaf074ec3388fd950637bf4bec8ea86b8d,2694,44347,44100,1,true,true,covered_by_required_audio_metadata,verified_by_verify_audio,ok,physical_ready_exact_pair,Measured from current task-start physical corpus.
tracking-recovered-v21,tracking-recovered-v21,marcus,assets/audio/voice/marcus/tracking-recovered-v21.mp3,true,d1ce6dcc563eda65fbbfabece0a3494e00e5383a568ec376e19d1191a2cb633a,2368,38914,44100,1,true,true,covered_by_required_audio_metadata,verified_by_verify_audio,ok,physical_ready_exact_pair,Measured from current task-start physical corpus.
tracking_keep_full_body_in_view,,marcus,assets/audio/voice/marcus/tracking_keep_full_body_in_view.mp3,true,c0cf2515f797688e2b865807ac9e7f5b2ce749d3001ab4541ae87c05118f75c5,3065,50199,44100,1,true,true,covered_by_required_audio_metadata,verified_by_verify_audio,ok,legacy_only,Measured from current task-start physical corpus.
tracking_move_when_cued,,marcus,assets/audio/voice/marcus/tracking_move_when_cued.mp3,true,fb90aa310f9282641f5add6cf33101d56cad10f7f862e7015397df438fe51380,2368,38914,44100,1,true,true,covered_by_required_audio_metadata,verified_by_verify_audio,ok,legacy_only,Measured from current task-start physical corpus.
tracking_no_rush_or_exaggerate,,marcus,assets/audio/voice/marcus/tracking_no_rush_or_exaggerate.mp3,true,66ea9d862bfde333c83872f8a67ebc7a64bc5ee275c94e76578e31f4bcdf75f0,3529,57722,44100,1,true,true,covered_by_required_audio_metadata,verified_by_verify_audio,ok,legacy_only,Measured from current task-start physical corpus.
tracking_pause_and_reset,,marcus,assets/audio/voice/marcus/tracking_pause_and_reset.mp3,true,b34aee4ec8497a83031cbbf9ce9a72ed319c641579d59ff63d21b6bb73499de1,4319,70261,44100,1,true,true,covered_by_required_audio_metadata,verified_by_verify_audio,ok,legacy_only,Measured from current task-start physical corpus.
training-intro-v21,training-intro-v21,marcus,assets/audio/voice/marcus/training-intro-v21.mp3,true,b812c768e441357e944187bb63306e8c11a9703e1584c579a2cf9eb4d5767d25,7198,116236,44100,1,true,true,current_generated_metadata,current,ok,physical_ready_exact_pair,Generated Voice V2.1 asset measured from current disk bytes.
training-intro,,marcus,assets/audio/voice/marcus/training-intro.mp3,true,afeabe0b197fe53f62c388b894cb8822cea996297315236e608be0276e1ded47,8220,132537,44100,1,true,false,not_required_legacy,not_required_legacy,ok,legacy_only,Measured from current task-start physical corpus.
training-skip-v21,training-skip-v21,marcus,assets/audio/voice/marcus/training-skip-v21.mp3,true,f4770a410057776c8b7b9828dd033041080d2b1763e619a4a8d05143438aaa1f,1486,24703,44100,1,true,true,current_generated_metadata,current,ok,physical_ready_exact_pair,Generated Voice V2.1 asset measured from current disk bytes.
tug-intro,,marcus,assets/audio/voice/marcus/tug-intro.mp3,true,6aa33c2ee798054ce51c029b5f74a7549e08f1f2277c6396c7ddd173f43191b1,6734,108713,44100,1,true,false,not_required_legacy,not_required_legacy,ok,conditional_legacy_only,Measured from current task-start physical corpus.
tug-setup,,marcus,assets/audio/voice/marcus/tug-setup.mp3,true,40e7ef8cc42539c9a8d3a12113ee61d2f617a10e47117a4c62411893ab796d2f,9149,147583,44100,1,true,false,not_required_legacy,not_required_legacy,ok,conditional_legacy_only,Measured from current task-start physical corpus.
turn-on-light,,marcus,assets/audio/voice/marcus/turn-on-light.mp3,true,1705ee39ff3dba3462e45b35bc85b2afec69d332cd3c40ed3eb9eb9a1aec4e59,2601,42675,44100,1,true,false,not_required_legacy,not_required_legacy,ok,legacy_only,Measured from current task-start physical corpus.
turn-side-on,,marcus,assets/audio/voice/marcus/turn-side-on.mp3,true,c1029f6f74dd895d0aa6d6291f2469508b4d2d7acfe869428e62e33b1b213d04,3437,56050,44100,1,true,false,not_required_legacy,not_required_legacy,ok,legacy_only,Measured from current task-start physical corpus.
voice-preview,,marcus,assets/audio/voice/marcus/voice-preview.mp3,true,f1c13abcd838a9c791eb7536fdba5680b41117f99e46bd67706899e995f7d64b,2972,48527,44100,1,true,false,not_required_legacy,not_required_legacy,ok,legacy_only,Measured from current task-start physical corpus.
you-completed,,marcus,assets/audio/voice/marcus/you-completed.mp3,true,f02fdd933ab98cfe43c1a5887dabeb7ebec56f7ad8f2c45ca3fdec27b4f8bf98,1022,17598,44100,1,true,false,not_required_legacy,not_required_legacy,ok,legacy_only,Measured from current task-start physical corpus.
