assetId,voiceId,cueKey,path,extension,sha256,gitBlobId,fileSizeBytes,durationMs,codec,container,sampleRateHz,channels,bitRate,decodeStatus,gitTrackingStatus,worktreeStatus,lfsStatus,inCurrentManifest,hasCurrentCueDefinition,hasCurrentGenerationSource,hasCurrentRuntimeReference,hasCurrentTestReference,pairedVoicePath,pairedVoiceExists,pairedDurationDeltaMs,pairedSourceScriptEqual,duplicateHashPaths,baselineStatus,v21Status,notes
rep-credit,,rep-credit,assets/audio/sfx/rep-credit.wav,wav,1d35f4f51fa625be1dd9362e237f61cca1b2e7f1e702bd7a36efc04135bfff94,ed49d6a10a16b231380ea1ddad3bef7f24427fdb,7724,160,pcm_s16le,wav,24000,1,384000,ok,tracked,committed,hydrated_binary,true,false,false,true,false,,,,,,unchanged_from_baseline,not_in_v21,no_prior_duration_row; no_current_source_text
clara:balance-feet-together,clara,balance-feet-together,assets/audio/voice/clara/balance-feet-together.mp3,mp3,6412abbfb7a919ca3431b2e7b7e4bc6ebbb7b1a3600802a19188a4b9ecd8afd8,754334d97b85858a072f409ec0b12c97b36e9e97,41839,2554,mp3,mp3,44100,1,128000,ok,tracked,committed,hydrated_binary,true,true,true,true,true,assets/audio/voice/marcus/balance-feet-together.mp3,true,325,true,,unchanged_from_baseline,not_in_v21,prior_duration_row_exists
clara:balance-intro,clara,balance-intro,assets/audio/voice/clara/balance-intro.mp3,mp3,852437a4e0a2146d2d6549f26bc293dcd9924b98717b00e35616ff410c622df0,bc66768cf3f2cfb9d575fe689f12e1514c74c693,140896,8731,mp3,mp3,44100,1,128000,ok,tracked,committed,hydrated_binary,true,true,true,true,false,assets/audio/voice/marcus/balance-intro.mp3,true,418,true,,unchanged_from_baseline,not_in_v21,prior_duration_row_exists
clara:balance-semi-tandem,clara,balance-semi-tandem,assets/audio/voice/clara/balance-semi-tandem.mp3,mp3,b10b6996408d0c49663c80211895bc7e9378351608a57596bbdefda68a781ad7,b411a332793d75425e52e212ce6df1c3680f1e7f,71097,4365,mp3,mp3,44100,1,128000,ok,tracked,committed,hydrated_binary,true,true,true,true,false,assets/audio/voice/marcus/balance-semi-tandem.mp3,true,-511,true,,unchanged_from_baseline,not_in_v21,prior_duration_row_exists
clara:balance-setup,clara,balance-setup,assets/audio/voice/clara/balance-setup.mp3,mp3,da8e3609ef211094aede7843aca7370a277949785352a1544ccb192e63200c55,e03694bfc5dfeaf5856e261a1f0526603c798cfc,116236,7198,mp3,mp3,44100,1,128000,ok,tracked,committed,hydrated_binary,true,true,true,true,false,assets/audio/voice/marcus/balance-setup.mp3,true,743,true,,unchanged_from_baseline,not_in_v21,prior_duration_row_exists
clara:balance-single-leg,clara,balance-single-leg,assets/audio/voice/clara/balance-single-leg.mp3,mp3,8dace2264bb9a1df647560e7d509f8eb9516c04b8259abfe37e08605795af03b,d3c7d48ffe78a10d2d08f3dc27d7042561b3b15a,52288,3204,mp3,mp3,44100,1,128000,ok,tracked,committed,hydrated_binary,true,true,true,true,true,assets/audio/voice/marcus/balance-single-leg.mp3,true,-47,true,,unchanged_from_baseline,not_in_v21,prior_duration_row_exists
clara:balance-tandem,clara,balance-tandem,assets/audio/voice/clara/balance-tandem.mp3,mp3,a94bf6458ff5fbf66472b18804a6a5746d841f2f7cdd938356763283255d41a1,4c642c1275362ed0900e60a3feb24bf604a44a27,51453,3158,mp3,mp3,44100,1,128000,ok,tracked,committed,hydrated_binary,true,true,true,true,true,assets/audio/voice/marcus/balance-tandem.mp3,true,186,true,,unchanged_from_baseline,not_in_v21,prior_duration_row_exists
clara:balance_no_eyes_closed_or_unstable_surface,clara,balance_no_eyes_closed_or_unstable_surface,assets/audio/voice/clara/balance_no_eyes_closed_or_unstable_surface.mp3,mp3,dfde9a1da66dc67f0ab5f62f4fb65608628063e20f4cba7a601ce3c9b48c7866,539bfb5f3426097a56cd195fcec1fe0ba4bf1bdb,64409,3947,mp3,mp3,44100,1,128000,ok,tracked,committed,hydrated_binary,true,true,true,true,false,assets/audio/voice/marcus/balance_no_eyes_closed_or_unstable_surface.mp3,true,46,true,,unchanged_from_baseline,not_in_v21,prior_duration_row_exists
clara:balance_stop_if_unsteady,clara,balance_stop_if_unsteady,assets/audio/voice/clara/balance_stop_if_unsteady.mp3,mp3,681c13031a45ea129ef907d3d3a4c55b72c20b40dbfec13885a5b1e5e78d98c4,2cd643657fd52051e3fdd837fa5c43ff6dcc10a7,41839,2554,mp3,mp3,44100,1,128000,ok,tracked,committed,hydrated_binary,true,true,true,true,false,assets/audio/voice/marcus/balance_stop_if_unsteady.mp3,true,-325,true,,unchanged_from_baseline,not_in_v21,prior_duration_row_exists
clara:balance_support_within_reach,clara,balance_support_within_reach,assets/audio/voice/clara/balance_support_within_reach.mp3,mp3,5156d6a148d4517010bcb62be898e05eb900889b20a9899be4621258bc5cf377,2d75eaa242fd585c7a926c144ed9034632eaf3e0,60648,3715,mp3,mp3,44100,1,128000,ok,tracked,committed,hydrated_binary,true,true,true,true,false,assets/audio/voice/marcus/balance_support_within_reach.mp3,true,-140,true,,unchanged_from_baseline,not_in_v21,prior_duration_row_exists
clara:balance_supported_if_hesitant,clara,balance_supported_if_hesitant,assets/audio/voice/clara/balance_supported_if_hesitant.mp3,mp3,4957538bb1295276f75e15c77c5251e10f05de34982f2795f9d0bf8ff945b5dd,a1918d85b047603a1fa6c81a30b84ae380bb1e4c,38914,2368,mp3,mp3,44100,1,128000,ok,tracked,committed,hydrated_binary,true,true,true,true,false,assets/audio/voice/marcus/balance_supported_if_hesitant.mp3,true,325,true,,unchanged_from_baseline,not_in_v21,prior_duration_row_exists
clara:band_anchor_feet_secure,clara,band_anchor_feet_secure,assets/audio/voice/clara/band_anchor_feet_secure.mp3,mp3,c77a2dea7bff6d7b65b84e83ec8422c6491f0d377d5a4c50398db260b6d71458,d4d417517699d7e713d83e4471d14bad921dcc25,69425,4272,mp3,mp3,44100,1,128000,ok,tracked,committed,hydrated_binary,true,true,true,true,true,assets/audio/voice/marcus/band_anchor_feet_secure.mp3,true,139,true,,unchanged_from_baseline,not_in_v21,prior_duration_row_exists
clara:band_controlled_return,clara,band_controlled_return,assets/audio/voice/clara/band_controlled_return.mp3,mp3,b0c5eb1e6f58bc0aa356741912fb37331daefd89894d7106ae82d5de9658dcc2,d44f6766e7d72d07dd6eae77ae29044d055f8e8e,33062,1997,mp3,mp3,44100,1,128000,ok,tracked,committed,hydrated_binary,true,true,true,true,false,assets/audio/voice/marcus/band_controlled_return.mp3,true,-232,true,,unchanged_from_baseline,not_in_v21,prior_duration_row_exists
clara:band_do_not_overstretch,clara,band_do_not_overstretch,assets/audio/voice/clara/band_do_not_overstretch.mp3,mp3,91618fc67c151ec5bc253462e659692e64dd09c8670ffe5666229d90d5a0bedd,e830460a4878a9a0bd6c98197b729a8775dcc29c,49363,3019,mp3,mp3,44100,1,128000,ok,tracked,committed,hydrated_binary,true,true,true,true,false,assets/audio/voice/marcus/band_do_not_overstretch.mp3,true,-92,true,,unchanged_from_baseline,not_in_v21,prior_duration_row_exists
clara:band_face_and_eyes_clear,clara,band_face_and_eyes_clear,assets/audio/voice/clara/band_face_and_eyes_clear.mp3,mp3,b168e1d9c4c2d0a7a3de340110cebe10965d23f13ff494785fcdb1035d99b020,47b225e244bcd6c0086d4d01e318e80b63cdab93,42675,2601,mp3,mp3,44100,1,128000,ok,tracked,committed,hydrated_binary,true,true,true,true,false,assets/audio/voice/marcus/band_face_and_eyes_clear.mp3,true,279,true,,unchanged_from_baseline,not_in_v21,prior_duration_row_exists
clara:band_inspect_before_use,clara,band_inspect_before_use,assets/audio/voice/clara/band_inspect_before_use.mp3,mp3,733ba5f1482512166226d747ab6fb15f998b71c453277f063200da2adfd31e15,963fec964300e91895f6c6804af8e455a441d0a5,74440,4598,mp3,mp3,44100,1,128000,ok,tracked,committed,hydrated_binary,true,true,true,true,false,assets/audio/voice/marcus/band_inspect_before_use.mp3,true,186,true,,unchanged_from_baseline,not_in_v21,prior_duration_row_exists
clara:band_never_release_under_tension,clara,band_never_release_under_tension,assets/audio/voice/clara/band_never_release_under_tension.mp3,mp3,9ec32c95a55cd35a7b3fdcefd28265c4770a028bb2353d7c5e0c2ff23a0633ea,0de28007fd15b60a0a79b35c4f6517be7a86ab33,31391,1904,mp3,mp3,44100,1,128000,ok,tracked,committed,hydrated_binary,true,true,true,true,false,assets/audio/voice/marcus/band_never_release_under_tension.mp3,true,46,true,,unchanged_from_baseline,not_in_v21,prior_duration_row_exists
clara:band_secure_grip,clara,band_secure_grip,assets/audio/voice/clara/band_secure_grip.mp3,mp3,30ddbe37a17490cdcf51e569e58ced1aa6e8a055d5a29ad34b0d1d590e029085,6606c3e6b30f7e44c8e2dc50081a57a40b5bc70d,45601,2786,mp3,mp3,44100,1,128000,ok,tracked,committed,hydrated_binary,true,true,true,true,false,assets/audio/voice/marcus/band_secure_grip.mp3,true,-47,true,,unchanged_from_baseline,not_in_v21,prior_duration_row_exists
clara:band_stable_stance,clara,band_stable_stance,assets/audio/voice/clara/band_stable_stance.mp3,mp3,64c24f59c01a306c1bdb63560da3c54d13a14789ffb6a4f9a134c4692e7f6b05,88d8dd616a37b70a7475d80c8f9bc225323878a9,51035,3111,mp3,mp3,44100,1,128000,ok,tracked,committed,hydrated_binary,true,true,true,true,true,assets/audio/voice/marcus/band_stable_stance.mp3,true,-233,true,,unchanged_from_baseline,not_in_v21,prior_duration_row_exists
clara:band_stop_if_slips_or_shifts,clara,band_stop_if_slips_or_shifts,assets/audio/voice/clara/band_stop_if_slips_or_shifts.mp3,mp3,c1063f702393f5025c1b08498b1694c5ba376e0dffbec20d20409bbde178be06,de66b4259a3f548976fb9b54e8a122c051b0e691,76948,4737,mp3,mp3,44100,1,128000,ok,tracked,committed,hydrated_binary,true,true,true,true,false,assets/audio/voice/marcus/band_stop_if_slips_or_shifts.mp3,true,-418,true,,unchanged_from_baseline,not_in_v21,prior_duration_row_exists
clara:center-yourself,clara,center-yourself,assets/audio/voice/clara/center-yourself.mp3,mp3,9fd10d6903a554d391273cc44167300c54faffe986f4d124ffe06c9404780073,0c37756bc8bf95eaef0640916c32394299ebed2e,29301,1765,mp3,mp3,44100,1,128000,ok,tracked,committed,hydrated_binary,true,true,true,true,true,assets/audio/voice/marcus/center-yourself.mp3,true,-93,true,,unchanged_from_baseline,not_in_v21,prior_duration_row_exists
clara:chair-stand-intro,clara,chair-stand-intro,assets/audio/voice/clara/chair-stand-intro.mp3,mp3,fdf394bec5c438cc672223e196b4fd40df26bd5059769b904dab61c54e6cb40a,6fe0918fd680fa84606a049336e4bc2cba9b99af,141314,8777,mp3,mp3,44100,1,128000,ok,tracked,committed,hydrated_binary,true,true,true,true,true,assets/audio/voice/marcus/chair-stand-intro.mp3,true,-1068,true,,unchanged_from_baseline,not_in_v21,prior_duration_row_exists
clara:chair-stand-setup,clara,chair-stand-setup,assets/audio/voice/clara/chair-stand-setup.mp3,mp3,5fd87e0011689418ed9225d6a92d26653cd59a7212f9f5194361b190803b1c98,87ad6ec54bd6348fd1a68546d77af323e16bc0dd,134208,8313,mp3,mp3,44100,1,128000,ok,tracked,committed,hydrated_binary,true,true,true,true,true,assets/audio/voice/marcus/chair-stand-setup.mp3,true,-650,true,,unchanged_from_baseline,not_in_v21,prior_duration_row_exists
clara:chair_controlled_sit,clara,chair_controlled_sit,assets/audio/voice/clara/chair_controlled_sit.mp3,mp3,b6020dabb3b65252e09e3561bda12ac084cbcbc774567f0d76a5def027eeed00,c329947236462aa11717e8186cdb266092361dc0,44347,2694,mp3,mp3,44100,1,128000,ok,tracked,committed,hydrated_binary,true,true,true,true,false,assets/audio/voice/marcus/chair_controlled_sit.mp3,true,-232,true,,unchanged_from_baseline,not_in_v21,prior_duration_row_exists
clara:chair_use_sturdy_chair,clara,chair_use_sturdy_chair,assets/audio/voice/clara/chair_use_sturdy_chair.mp3,mp3,bb87efb185f8f725ae374433351763be3b1efe69779f0ed085ba16f833ccb517,cdbea927d8f6506e18fb9ea2e1d7846ea84128c5,42675,2601,mp3,mp3,44100,1,128000,ok,tracked,committed,hydrated_binary,true,true,true,true,true,assets/audio/voice/marcus/chair_use_sturdy_chair.mp3,true,-232,true,,unchanged_from_baseline,not_in_v21,prior_duration_row_exists
clara:checkup-balance-intro-v21,clara,checkup-balance-intro-v21,assets/audio/voice/clara/checkup-balance-intro-v21.mp3,mp3,ad53bf6a0e36c2a3f7506f4990ba5ef75b2c96628db45a50d3265d9f19a42794,,66499,4087,mp3,mp3,44100,1,128000,ok,untracked,??,hydrated_binary,true,true,true,true,false,assets/audio/voice/marcus/checkup-balance-intro-v21.mp3,true,-557,true,,added_since_baseline,v21_exact_key_exact_script,no_prior_duration_row; current_worktree_addition
clara:checkup-balance-single-leg-v21,clara,checkup-balance-single-leg-v21,assets/audio/voice/clara/checkup-balance-single-leg-v21.mp3,mp3,3cbdb9004e6957bf32d5ce78912c3d4e04c40ac800fdd9391eaf6e4f04e4a944,,71097,4365,mp3,mp3,44100,1,128000,ok,untracked,??,hydrated_binary,true,true,true,true,false,assets/audio/voice/marcus/checkup-balance-single-leg-v21.mp3,true,-47,true,,added_since_baseline,v21_exact_key_exact_script,no_prior_duration_row; current_worktree_addition
clara:checkup-chair-stand-intro-v21,clara,checkup-chair-stand-intro-v21,assets/audio/voice/clara/checkup-chair-stand-intro-v21.mp3,mp3,756c95a3578d4ba4c191b40c89b6893828694c842ed94b4a09395402c42c2419,,71097,4365,mp3,mp3,44100,1,128000,ok,untracked,??,hydrated_binary,true,true,true,true,true,assets/audio/voice/marcus/checkup-chair-stand-intro-v21.mp3,true,-186,true,,added_since_baseline,v21_exact_key_exact_script,no_prior_duration_row; current_worktree_addition
clara:checkup-chair-stand-setup-v21,clara,checkup-chair-stand-setup-v21,assets/audio/voice/clara/checkup-chair-stand-setup-v21.mp3,mp3,a91387e3639d88347ec811d7822bf6569873cc8bd9c94a622eec87f99cd8bfe8,,78202,4830,mp3,mp3,44100,1,128000,ok,untracked,??,hydrated_binary,true,true,true,true,true,assets/audio/voice/marcus/checkup-chair-stand-setup-v21.mp3,true,-93,true,,added_since_baseline,v21_exact_key_exact_script,no_prior_duration_row; current_worktree_addition
clara:checkup-complete-v21,clara,checkup-complete-v21,assets/audio/voice/clara/checkup-complete-v21.mp3,mp3,bdc357e2084139df6d329e47ed6f5f7689e0e8cd4edfec184c753da182c4f9a7,,37660,2276,mp3,mp3,44100,1,128000,ok,untracked,??,hydrated_binary,true,true,true,true,true,assets/audio/voice/marcus/checkup-complete-v21.mp3,true,-185,true,,added_since_baseline,v21_exact_key_exact_script,no_prior_duration_row; current_worktree_addition
clara:checkup-complete,clara,checkup-complete,assets/audio/voice/clara/checkup-complete.mp3,mp3,f3593b3a4f6c54ac19d2aaf7cb466253bef20f46490cf4a1df573477abd934ec,d86214d4591cf7cb637ea7aab1772ff546f9cc58,77784,4783,mp3,mp3,44100,1,128000,ok,tracked,committed,hydrated_binary,true,true,true,true,true,assets/audio/voice/marcus/checkup-complete.mp3,true,464,true,,unchanged_from_baseline,not_in_v21,prior_duration_row_exists
clara:checkup-hinge-setup-v21,clara,checkup-hinge-setup-v21,assets/audio/voice/clara/checkup-hinge-setup-v21.mp3,mp3,4b990638a6ebed8e18589fc9f383c088e36b95abab7d260275b5930bd2d8c16a,,84889,5248,mp3,mp3,44100,1,128000,ok,untracked,??,hydrated_binary,true,true,true,true,true,assets/audio/voice/marcus/checkup-hinge-setup-v21.mp3,true,372,true,,added_since_baseline,v21_exact_key_exact_script,no_prior_duration_row; current_worktree_addition
clara:checkup-intro,clara,checkup-intro,assets/audio/voice/clara/checkup-intro.mp3,mp3,f1e7cde58f7f95366611ceff9d50bef72b6240fe9502f01d8e6de07c715456ae,6b7bd7a32d6e0bb30c5939e102821b6f5ca9a747,152599,9474,mp3,mp3,44100,1,128000,ok,tracked,committed,hydrated_binary,true,true,true,true,true,assets/audio/voice/marcus/checkup-intro.mp3,true,140,true,,unchanged_from_baseline,not_in_v21,prior_duration_row_exists
clara:checkup-shoulder-raise-left-v21,clara,checkup-shoulder-raise-left-v21,assets/audio/voice/clara/checkup-shoulder-raise-left-v21.mp3,mp3,ffb31b872da861eb1403e1de9a3991aed106e9315b77acb2fd43565e763c46cc,,75276,4644,mp3,mp3,44100,1,128000,ok,untracked,??,hydrated_binary,true,true,true,true,true,assets/audio/voice/marcus/checkup-shoulder-raise-left-v21.mp3,true,-93,true,,added_since_baseline,v21_exact_key_exact_script,no_prior_duration_row; current_worktree_addition
clara:checkup-shoulder-raise-right-v21,clara,checkup-shoulder-raise-right-v21,assets/audio/voice/clara/checkup-shoulder-raise-right-v21.mp3,mp3,b1d43a10eb822dcfb180d9f77baebc19483dd722b950bc0171ccf67030b7229e,,79038,4876,mp3,mp3,44100,1,128000,ok,untracked,??,hydrated_binary,true,true,true,true,false,assets/audio/voice/marcus/checkup-shoulder-raise-right-v21.mp3,true,882,true,,added_since_baseline,v21_exact_key_exact_script,no_prior_duration_row; current_worktree_addition
clara:checkup-shoulder-turn-left-v21,clara,checkup-shoulder-turn-left-v21,assets/audio/voice/clara/checkup-shoulder-turn-left-v21.mp3,mp3,bdb9efaa37c0eb29c65635152cf3ad07e46f7b06f7c35b8481a2f730d30254be,,36824,2229,mp3,mp3,44100,1,128000,ok,untracked,??,hydrated_binary,true,true,true,true,true,assets/audio/voice/marcus/checkup-shoulder-turn-left-v21.mp3,true,-186,true,,added_since_baseline,v21_exact_key_exact_script,no_prior_duration_row; current_worktree_addition
clara:checkup-shoulder-turn-right-v21,clara,checkup-shoulder-turn-right-v21,assets/audio/voice/clara/checkup-shoulder-turn-right-v21.mp3,mp3,67cd18e603c1af00b22885ce7bfe4ee29fc83e58b209bb766316ecfe1d008ef0,,38078,2322,mp3,mp3,44100,1,128000,ok,untracked,??,hydrated_binary,true,true,true,true,false,assets/audio/voice/marcus/checkup-shoulder-turn-right-v21.mp3,true,93,true,,added_since_baseline,v21_exact_key_exact_script,no_prior_duration_row; current_worktree_addition
clara:close-your-eyes,clara,close-your-eyes,assets/audio/voice/clara/close-your-eyes.mp3,mp3,91a06cb6992d42f53a43ea6a8350d0e47c11624b887d9a91d18890b366fe0cd8,4ecc6386ac18f1a70e3ff95751e56ebee5e8d33a,37660,2276,mp3,mp3,44100,1,128000,ok,tracked,committed,hydrated_binary,true,true,true,true,true,assets/audio/voice/marcus/close-your-eyes.mp3,true,0,true,,unchanged_from_baseline,v21_exact_key_exact_script,prior_duration_row_exists
clara:comfortable_range_only,clara,comfortable_range_only,assets/audio/voice/clara/comfortable_range_only.mp3,mp3,af4bca40d2900b20caa483d426f75c0c92dbbe5588815502df8e519c6be24271,f57c1c0ea92f6ae507580457b3a483ecef5591e7,34316,2090,mp3,mp3,44100,1,128000,ok,tracked,committed,hydrated_binary,true,true,true,true,true,assets/audio/voice/marcus/comfortable_range_only.mp3,true,232,true,,unchanged_from_baseline,not_in_v21,prior_duration_row_exists
clara:cooldown-now,clara,cooldown-now,assets/audio/voice/clara/cooldown-now.mp3,mp3,caf057ed32a30cde31a332d087bb02cac489ea590b24108f03343c2c4c6ad5b1,da4ba56e759626732348c8c819f884b997fe62a2,37660,2276,mp3,mp3,44100,1,128000,ok,tracked,committed,hydrated_binary,true,true,true,true,false,assets/audio/voice/marcus/cooldown-now.mp3,true,-185,true,,unchanged_from_baseline,not_in_v21,prior_duration_row_exists
clara:countdown-one,clara,countdown-one,assets/audio/voice/clara/countdown-one.mp3,mp3,026566e345fba6d28e37000217f8030f0446d6181f0dd60faace5698d510bc6a,23f550a6ae965bffa9899c3fd9134a8fff839ff0,9239,511,mp3,mp3,44100,1,128000,ok,tracked,committed,hydrated_binary,true,true,true,true,true,assets/audio/voice/marcus/countdown-one.mp3,true,0,true,,unchanged_from_baseline,v21_exact_key_exact_script,prior_duration_row_exists
clara:countdown-three,clara,countdown-three,assets/audio/voice/clara/countdown-three.mp3,mp3,19f140f8b44e00bd355c7fb31410009e1308496e4ffa40eaf750e1d2de0256f8,2586fbc99eb1c6fac103b721b511401dc3f6cea6,12164,697,mp3,mp3,44100,1,128000,ok,tracked,committed,hydrated_binary,true,true,true,true,true,assets/audio/voice/marcus/countdown-three.mp3,true,47,true,,unchanged_from_baseline,v21_exact_key_exact_script,prior_duration_row_exists
clara:countdown-two,clara,countdown-two,assets/audio/voice/clara/countdown-two.mp3,mp3,4fe3512a288f82086c0a8a19db922aa1911d00b39d61364181ced30ae62938b0,bc408fdeb2198a1ea8072872bcd1829fc28939a3,10911,604,mp3,mp3,44100,1,128000,ok,tracked,committed,hydrated_binary,true,true,true,true,true,assets/audio/voice/marcus/countdown-two.mp3,true,-46,true,,unchanged_from_baseline,v21_exact_key_exact_script,prior_duration_row_exists
clara:door_anchor_follow_manufacturer_setup,clara,door_anchor_follow_manufacturer_setup,assets/audio/voice/clara/door_anchor_follow_manufacturer_setup.mp3,mp3,55beb2b7acda93ce3f5192b82bb6ba0234541f6c83e2a9ce86cc6aaab76f985c,b322bee098c38697ee44fb8d949a578ff7144a2d,62737,3855,mp3,mp3,44100,1,128000,ok,tracked,committed,hydrated_binary,true,true,true,true,false,assets/audio/voice/marcus/door_anchor_follow_manufacturer_setup.mp3,true,604,true,,unchanged_from_baseline,not_in_v21,prior_duration_row_exists
clara:door_anchor_fully_closed,clara,door_anchor_fully_closed,assets/audio/voice/clara/door_anchor_fully_closed.mp3,mp3,2a24981ec58fc55cb09b099e4b6b01bcaee53b8e5c6e390297fa57961db23f58,25a009b23ba30d48e0c1fe665082061a0dbdaf1d,53960,3297,mp3,mp3,44100,1,128000,ok,tracked,committed,hydrated_binary,true,true,true,true,true,assets/audio/voice/marcus/door_anchor_fully_closed.mp3,true,511,true,,unchanged_from_baseline,not_in_v21,prior_duration_row_exists
clara:door_anchor_stay_out_of_door_path,clara,door_anchor_stay_out_of_door_path,assets/audio/voice/clara/door_anchor_stay_out_of_door_path.mp3,mp3,79e7083141fa51a01abe43594abc9103474007a13b1a7323149a8134682cdae9,1f6fb1d97424a6395d2e62eed20ed3fc8b4b9a05,54378,3344,mp3,mp3,44100,1,128000,ok,tracked,committed,hydrated_binary,true,true,true,true,false,assets/audio/voice/marcus/door_anchor_stay_out_of_door_path.mp3,true,-46,true,,unchanged_from_baseline,not_in_v21,prior_duration_row_exists
clara:door_anchor_stop_if_moves,clara,door_anchor_stop_if_moves,assets/audio/voice/clara/door_anchor_stop_if_moves.mp3,mp3,985c81f16b146e3059c2460fe5211c34443cae86519468c37193d8074878ea4f,c6a7d5af99bf5f00fd2c434364a99182b827ec20,74440,4598,mp3,mp3,44100,1,128000,ok,tracked,committed,hydrated_binary,true,true,true,true,false,assets/audio/voice/marcus/door_anchor_stop_if_moves.mp3,true,743,true,,unchanged_from_baseline,not_in_v21,prior_duration_row_exists
clara:door_anchor_test_light_tension,clara,door_anchor_test_light_tension,assets/audio/voice/clara/door_anchor_test_light_tension.mp3,mp3,11317b9f5b9e24f78b4cb5be84af6118f438d2d8385c3c33481dc08610bc3ab1,8854cdceb0ba921a62a597d2c1429805a7abb70c,53960,3297,mp3,mp3,44100,1,128000,ok,tracked,committed,hydrated_binary,true,true,true,true,false,assets/audio/voice/marcus/door_anchor_test_light_tension.mp3,true,46,true,,unchanged_from_baseline,not_in_v21,prior_duration_row_exists
clara:ex-balance,clara,ex-balance,assets/audio/voice/clara/ex-balance.mp3,mp3,ee35eccea10ba3e5b0dda7ab3d2ca88590640a309777237dd017ed5d68add480,ddd1362c1ccdbc19a2ae4698e7ad6718624cbe24,119998,7430,mp3,mp3,44100,1,128000,ok,tracked,committed,hydrated_binary,true,true,true,true,false,assets/audio/voice/marcus/ex-balance.mp3,true,882,true,,unchanged_from_baseline,not_in_v21,prior_duration_row_exists
clara:ex-glute-bridge,clara,ex-glute-bridge,assets/audio/voice/clara/ex-glute-bridge.mp3,mp3,86424aba91e946aebb9876446b40b1b9d50c23156e2af9bd76c311a09a21722a,346f7f5b2cec704f1bbf5d178ca02af01d9c7552,126685,7848,mp3,mp3,44100,1,128000,ok,tracked,committed,hydrated_binary,true,true,true,true,false,assets/audio/voice/marcus/ex-glute-bridge.mp3,true,-418,true,,unchanged_from_baseline,not_in_v21,prior_duration_row_exists
clara:ex-hamstring-reach,clara,ex-hamstring-reach,assets/audio/voice/clara/ex-hamstring-reach.mp3,mp3,c4ec2af571002d541e5a2221da466d687b6cd975e06967757cdbef89fd8e516e,8538547b0a11b68d6ddc58fafcfd3a0bb4845210,167645,10403,mp3,mp3,44100,1,128000,ok,tracked,committed,hydrated_binary,true,true,true,true,false,assets/audio/voice/marcus/ex-hamstring-reach.mp3,true,1579,true,,unchanged_from_baseline,not_in_v21,prior_duration_row_exists
clara:ex-heel-raise,clara,ex-heel-raise,assets/audio/voice/clara/ex-heel-raise.mp3,mp3,ad5a42e0f8ff33a12442c06dcb9d5f9c793b872009ba301964bed5748658610a,8771930859a61e2e2f388bfe0c658bacd318d14d,142986,8870,mp3,mp3,44100,1,128000,ok,tracked,committed,hydrated_binary,true,true,true,true,false,assets/audio/voice/marcus/ex-heel-raise.mp3,true,1207,true,,unchanged_from_baseline,not_in_v21,prior_duration_row_exists
clara:ex-hip-hinge,clara,ex-hip-hinge,assets/audio/voice/clara/ex-hip-hinge.mp3,mp3,d6c09141e8654671a8da496705684e49640567fb692bd1e1efe8e3150cd3d018,ef9679385a261695a026dc6e8caa39ccb03aa6f8,146747,9102,mp3,mp3,44100,1,128000,ok,tracked,committed,hydrated_binary,true,true,true,true,false,assets/audio/voice/marcus/ex-hip-hinge.mp3,true,-929,true,,unchanged_from_baseline,not_in_v21,prior_duration_row_exists
clara:ex-march,clara,ex-march,assets/audio/voice/clara/ex-march.mp3,mp3,8da55a40612f11ff83532a6c98e84a3450bfd987d1c1f86982484a1c85ad049d,588328e9c0c132c69084cca746ebd69306dedbc2,115400,7152,mp3,mp3,44100,1,128000,ok,tracked,committed,hydrated_binary,true,true,true,true,false,assets/audio/voice/marcus/ex-march.mp3,true,836,true,,unchanged_from_baseline,not_in_v21,prior_duration_row_exists
clara:ex-neck-rotation,clara,ex-neck-rotation,assets/audio/voice/clara/ex-neck-rotation.mp3,mp3,98934a3c143b5c16d7acd41654e71ead107bf04fc041be2f05ddcac42321f160,83de1520be997940107a6b17dbc4af3e9a19d0a4,117908,7291,mp3,mp3,44100,1,128000,ok,tracked,committed,hydrated_binary,true,true,true,true,false,assets/audio/voice/marcus/ex-neck-rotation.mp3,true,-325,true,,unchanged_from_baseline,not_in_v21,prior_duration_row_exists
clara:ex-overhead,clara,ex-overhead,assets/audio/voice/clara/ex-overhead.mp3,mp3,05b9df734261ee8d7e28f4d5b00d68615d8288a2ffe07972b332df5b838fb26f,c7e65de0ec6778e338fb4d8dc0edecf4b5fce047,97846,6037,mp3,mp3,44100,1,128000,ok,tracked,committed,hydrated_binary,true,true,true,true,false,assets/audio/voice/marcus/ex-overhead.mp3,true,46,true,,unchanged_from_baseline,not_in_v21,prior_duration_row_exists
clara:ex-push-up,clara,ex-push-up,assets/audio/voice/clara/ex-push-up.mp3,mp3,4f2d41cfe898ebbc231bfee41903f4db65b7888f0ee7ec161a6a692adea7a9a1,7e369f98a193be5273788206e656dc50257e5ffe,122088,7570,mp3,mp3,44100,1,128000,ok,tracked,committed,hydrated_binary,true,true,true,true,false,assets/audio/voice/marcus/ex-push-up.mp3,true,372,true,,unchanged_from_baseline,not_in_v21,prior_duration_row_exists
clara:ex-sit-to-stand,clara,ex-sit-to-stand,assets/audio/voice/clara/ex-sit-to-stand.mp3,mp3,fb24f4dd9b2abe58283cd09e7b78a582527ea861daec8f5d44da24d42efeb220,b52fefa40e2fdaf7755d8b80ab388668c857e34a,137970,8545,mp3,mp3,44100,1,128000,ok,tracked,committed,hydrated_binary,true,true,true,true,false,assets/audio/voice/marcus/ex-sit-to-stand.mp3,true,697,true,,unchanged_from_baseline,not_in_v21,prior_duration_row_exists
clara:ex-squat,clara,ex-squat,assets/audio/voice/clara/ex-squat.mp3,mp3,3d624fa8a63ea7e316f68b1bed5fed10e60d5a80c848e69a08ced36187662d73,5d042b64cd9c3b99d6574b74ad86fa12c0b9491a,144657,8963,mp3,mp3,44100,1,128000,ok,tracked,committed,hydrated_binary,true,true,true,true,false,assets/audio/voice/marcus/ex-squat.mp3,true,1486,true,,unchanged_from_baseline,not_in_v21,prior_duration_row_exists
clara:ex-step-up,clara,ex-step-up,assets/audio/voice/clara/ex-step-up.mp3,mp3,88fc6d8e0acf2ce7e0dc0b51cd4bea808d6d97a0fb5ddb2b2cc2c57d676d2023,50440170949648a9852c650e8a90ef9fb38b5985,148001,9195,mp3,mp3,44100,1,128000,ok,tracked,committed,hydrated_binary,true,true,true,true,false,assets/audio/voice/marcus/ex-step-up.mp3,true,650,true,,unchanged_from_baseline,not_in_v21,prior_duration_row_exists
clara:exercise-skipped,clara,exercise-skipped,assets/audio/voice/clara/exercise-skipped.mp3,mp3,5ae1b8aab90f7a38500f69937dd0c04beaf132ea5610ca755e6aafe8cdc67f54,132c9c631df428394c9cb69f4b8b440797372147,50199,3065,mp3,mp3,44100,1,128000,ok,tracked,committed,hydrated_binary,true,true,true,true,true,assets/audio/voice/marcus/exercise-skipped.mp3,true,186,true,,unchanged_from_baseline,not_in_v21,prior_duration_row_exists
clara:face-forward,clara,face-forward,assets/audio/voice/clara/face-forward.mp3,mp3,df79f7248aecfa66529061ca7229a8ab16b34088cd3994d0b91e80767d4d6f2d,b4db60b1bdebe551bdc8ee176f9bb453188624db,45601,2786,mp3,mp3,44100,1,128000,ok,tracked,committed,hydrated_binary,true,true,true,true,true,assets/audio/voice/marcus/face-forward.mp3,true,-233,true,,unchanged_from_baseline,not_in_v21,prior_duration_row_exists
clara:final-position-set-v21,clara,final-position-set-v21,assets/audio/voice/clara/final-position-set-v21.mp3,mp3,e9a54f399941ab4c8cc5f21a31d6f19ce6d16a6e7080fc3a01fee3e8c3cca24a,,15926,929,mp3,mp3,44100,1,128000,ok,untracked,??,hydrated_binary,true,true,true,true,true,assets/audio/voice/marcus/final-position-set-v21.mp3,true,-46,true,,added_since_baseline,v21_exact_key_exact_script,no_prior_duration_row; current_worktree_addition
clara:floor_clear_space,clara,floor_clear_space,assets/audio/voice/clara/floor_clear_space.mp3,mp3,deee289940a94b3c7c8c2bcce9cdb80b0be2c8ce5c82df49eb1f24d33ca49d2d,05022ac69c1ff7354dac131aa31afd7495767814,55214,3390,mp3,mp3,44100,1,128000,ok,tracked,committed,hydrated_binary,true,true,true,true,false,assets/audio/voice/marcus/floor_clear_space.mp3,true,46,true,,unchanged_from_baseline,not_in_v21,prior_duration_row_exists
clara:floor_slow_transition,clara,floor_slow_transition,assets/audio/voice/clara/floor_slow_transition.mp3,mp3,a93d228856b457c789dfd408926c870cfb8a1dc432f3713fc835b6f555dab774,665ad80a67addf1371bd363eea0d0401782d8087,51035,3111,mp3,mp3,44100,1,128000,ok,tracked,committed,hydrated_binary,true,true,true,true,false,assets/audio/voice/marcus/floor_slow_transition.mp3,true,0,true,,unchanged_from_baseline,not_in_v21,prior_duration_row_exists
clara:floor_stop_if_transfer_unsteady,clara,floor_stop_if_transfer_unsteady,assets/audio/voice/clara/floor_stop_if_transfer_unsteady.mp3,mp3,48006f5784659cc5011c4bafba23b3f04b8c95e75fae51fdcb81dad2bd3e2cd5,5aabb85e97c5dd332421f38fd4403a0848518cd1,78202,4830,mp3,mp3,44100,1,128000,ok,tracked,committed,hydrated_binary,true,true,true,true,false,assets/audio/voice/marcus/floor_stop_if_transfer_unsteady.mp3,true,418,true,,unchanged_from_baseline,not_in_v21,prior_duration_row_exists
clara:floor_use_support_for_transfer,clara,floor_use_support_for_transfer,assets/audio/voice/clara/floor_use_support_for_transfer.mp3,mp3,4eadcc73bd0ccdcd460b47dfe4d76751b92aabfa95be07d950fd3ba299e976c9,3e49d7a0cf245a623cd6166838cb6ba1c28a27f3,52288,3204,mp3,mp3,44100,1,128000,ok,tracked,committed,hydrated_binary,true,true,true,true,false,assets/audio/voice/marcus/floor_use_support_for_transfer.mp3,true,139,true,,unchanged_from_baseline,not_in_v21,prior_duration_row_exists
clara:framing-ready,clara,framing-ready,assets/audio/voice/clara/framing-ready.mp3,mp3,17f62ee0e2e8b9d58486993cf576138cacbfe5f66a3b0ee5b90b376aa9b23197,5cfe5a1a43e08097bd8086cd7c8893315113d52a,26375,1579,mp3,mp3,44100,1,128000,ok,tracked,committed,hydrated_binary,true,true,true,true,true,assets/audio/voice/marcus/framing-ready.mp3,true,-232,true,,unchanged_from_baseline,not_in_v21,prior_duration_row_exists
clara:global_breathe_normally,clara,global_breathe_normally,assets/audio/voice/clara/global_breathe_normally.mp3,mp3,3fc5a8aedbae776ec46f7af50dfebc64f84d96e860e5110a601879f1ec5ccdb3,ec543979d6acd852d108a0ced881799da60d4041,44347,2694,mp3,mp3,44100,1,128000,ok,tracked,committed,hydrated_binary,true,true,true,true,true,assets/audio/voice/marcus/global_breathe_normally.mp3,true,326,true,,unchanged_from_baseline,not_in_v21,prior_duration_row_exists
clara:global_clear_space,clara,global_clear_space,assets/audio/voice/clara/global_clear_space.mp3,mp3,91a94f912599922c9d42c2b8e6f07781a41e96e8f4c494e37481242901697276,c9d0c1cd9972345e8647bed7f9c5f2bfe4f3def7,38914,2368,mp3,mp3,44100,1,128000,ok,tracked,committed,hydrated_binary,true,true,true,true,true,assets/audio/voice/marcus/global_clear_space.mp3,true,-279,true,,unchanged_from_baseline,not_in_v21,prior_duration_row_exists
clara:global_pause_if_tracking_lost,clara,global_pause_if_tracking_lost,assets/audio/voice/clara/global_pause_if_tracking_lost.mp3,mp3,95353c50ecb2b1083515709c3d63d2b0c90246e523c24f977acfbad8f5c9148a,3e9891bed80b7a51da93d3465ec2607ee6bb0023,74022,4551,mp3,mp3,44100,1,128000,ok,tracked,committed,hydrated_binary,true,true,true,true,true,assets/audio/voice/marcus/global_pause_if_tracking_lost.mp3,true,371,true,,unchanged_from_baseline,not_in_v21,prior_duration_row_exists
clara:global_stop_dizzy_or_lightheaded,clara,global_stop_dizzy_or_lightheaded,assets/audio/voice/clara/global_stop_dizzy_or_lightheaded.mp3,mp3,6394255723379ac0b959e41b20e23fe80a58027d8755acafabf5b6289e098aa3,48287cbbd9b0c912e227eea3e3992324d18ae798,51453,3158,mp3,mp3,44100,1,128000,ok,tracked,committed,hydrated_binary,true,true,true,true,true,assets/audio/voice/marcus/global_stop_dizzy_or_lightheaded.mp3,true,-186,true,,unchanged_from_baseline,not_in_v21,prior_duration_row_exists
clara:global_stop_if_support_moves,clara,global_stop_if_support_moves,assets/audio/voice/clara/global_stop_if_support_moves.mp3,mp3,396b80fc00bd7ae5c40055592c89264d4ae0870b0a2b5be3f14332bd691b8e85,0fdc032ad61fada56279acaeb5ea8a1c6f442dfa,61066,3762,mp3,mp3,44100,1,128000,ok,tracked,committed,hydrated_binary,true,true,true,true,true,assets/audio/voice/marcus/global_stop_if_support_moves.mp3,true,-93,true,,unchanged_from_baseline,not_in_v21,prior_duration_row_exists
clara:global_stop_sharp_or_increasing_pain,clara,global_stop_sharp_or_increasing_pain,assets/audio/voice/clara/global_stop_sharp_or_increasing_pain.mp3,mp3,7870d854187f6c795d56532c761a68d35fc4a7d3d30eafbd3ee89b3947c8e664,5d6bf3c2af7b8f80126146cc2b67a5a4222bc302,53124,3251,mp3,mp3,44100,1,128000,ok,tracked,committed,hydrated_binary,true,true,true,true,true,assets/audio/voice/marcus/global_stop_sharp_or_increasing_pain.mp3,true,0,true,,unchanged_from_baseline,not_in_v21,prior_duration_row_exists
clara:go,clara,go,assets/audio/voice/clara/go.mp3,mp3,2524a93b28cb14de7fd3a8b457fdc348923452416c0ed8475647c10b1b4590e9,37b86b26bb0193e66480d9d19d59727da453403a,10911,604,mp3,mp3,44100,1,128000,ok,tracked,committed,hydrated_binary,true,true,true,true,true,assets/audio/voice/marcus/go.mp3,true,0,true,,unchanged_from_baseline,v21_exact_key_exact_script,prior_duration_row_exists
clara:hinge-intro,clara,hinge-intro,assets/audio/voice/clara/hinge-intro.mp3,mp3,d8656430ec1d68b8acc192d7a07c70c5a295bb2aa2fd666bb32bb91cbc2a04f1,34241250afcb2583a473d1a017c936b98f5fc49a,106623,6594,mp3,mp3,44100,1,128000,ok,tracked,committed,hydrated_binary,true,true,true,true,false,assets/audio/voice/marcus/hinge-intro.mp3,true,-418,true,,unchanged_from_baseline,not_in_v21,prior_duration_row_exists
clara:hinge-setup,clara,hinge-setup,assets/audio/voice/clara/hinge-setup.mp3,mp3,4a3bf85cefd0f6537d0a012e060cdb0556271d874594e7fdf8557220de804239,1aa8f74f12bdef15c8345f5e2e0fe31f32c80719,116236,7198,mp3,mp3,44100,1,128000,ok,tracked,committed,hydrated_binary,true,true,true,true,false,assets/audio/voice/marcus/hinge-setup.mp3,true,-140,true,,unchanged_from_baseline,not_in_v21,prior_duration_row_exists
clara:hold-still,clara,hold-still,assets/audio/voice/clara/hold-still.mp3,mp3,b4517dee9660fc77174fa1ccfd8d04e211329a2cd7cf60d134e991672ba238be,a7fb5280790fdc55e54014482c8b1ef6f004784b,32226,1950,mp3,mp3,44100,1,128000,ok,tracked,committed,hydrated_binary,true,true,true,true,true,assets/audio/voice/marcus/hold-still.mp3,true,-47,true,,unchanged_from_baseline,not_in_v21,prior_duration_row_exists
clara:item-complete-v21,clara,item-complete-v21,assets/audio/voice/clara/item-complete-v21.mp3,mp3,f855ad6ed662d49996a55ecc1431834bcf9258e90c57d4a33f73b352c87540ad,,15926,929,mp3,mp3,44100,1,128000,ok,untracked,??,hydrated_binary,true,true,true,true,true,assets/audio/voice/marcus/item-complete-v21.mp3,true,140,true,,added_since_baseline,v21_exact_key_exact_script,no_prior_duration_row; current_worktree_addition
clara:item-complete,clara,item-complete,assets/audio/voice/clara/item-complete.mp3,mp3,85620425d6c2584e19fd919f640b4ef438fa45ff02f82068005229aefef5412e,443f8a625b3e4b2a7bc2be54455168860693dee8,17598,1022,mp3,mp3,44100,1,128000,ok,tracked,committed,hydrated_binary,true,true,true,true,false,assets/audio/voice/marcus/item-complete.mp3,true,93,true,,unchanged_from_baseline,not_in_v21,prior_duration_row_exists
clara:last-set,clara,last-set,assets/audio/voice/clara/last-set.mp3,mp3,438e656af119d8c6aaae9cfea4478a10ea0a1e6428c16b7d09c1d62d118587d0,cfcafba6199a55703c053d73dc45c1c2db8dce11,29301,1765,mp3,mp3,44100,1,128000,ok,tracked,committed,hydrated_binary,true,true,true,true,true,assets/audio/voice/marcus/last-set.mp3,true,47,true,,unchanged_from_baseline,not_in_v21,prior_duration_row_exists
clara:microcheck-balance,clara,microcheck-balance,assets/audio/voice/clara/microcheck-balance.mp3,mp3,d704630a2c4a55fd273fa9e85dd36dd324ba92808861671745bf0427931a391b,e24ba04555bb49840427b7321efc56b2fac8ab70,91159,5619,mp3,mp3,44100,1,128000,ok,tracked,committed,hydrated_binary,true,true,true,true,false,assets/audio/voice/marcus/microcheck-balance.mp3,true,371,true,,unchanged_from_baseline,not_in_v21,prior_duration_row_exists
clara:microcheck-chair,clara,microcheck-chair,assets/audio/voice/clara/microcheck-chair.mp3,mp3,110e1c245300bf3f32ebd4091b93ecfa17e9a930939d6236e3997e66c85b86fe,6536574cd42e3941687bcda0e8611d050d223b1d,127521,7895,mp3,mp3,44100,1,128000,ok,tracked,committed,hydrated_binary,true,true,true,true,false,assets/audio/voice/marcus/microcheck-chair.mp3,true,-418,true,,unchanged_from_baseline,not_in_v21,prior_duration_row_exists
clara:microcheck-complete,clara,microcheck-complete,assets/audio/voice/clara/microcheck-complete.mp3,mp3,c953bac9ff4be2d5b01a90ef677d489e3067e8eca275d911d62bd93714ed593e,87a218e7c15e8ecb7a8dbb7d30f35ba8d8099027,38914,2368,mp3,mp3,44100,1,128000,ok,tracked,committed,hydrated_binary,true,true,true,true,false,assets/audio/voice/marcus/microcheck-complete.mp3,true,-47,true,,unchanged_from_baseline,not_in_v21,prior_duration_row_exists
clara:microcheck-intro,clara,microcheck-intro,assets/audio/voice/clara/microcheck-intro.mp3,mp3,4167e503924549a0fbb4b30a79b8c79c91fb4456cc4752443fa7b4bf85279ee6,7bc08b3e116de8d78c0d362f6daacea45dba1f73,58140,3576,mp3,mp3,44100,1,128000,ok,tracked,committed,hydrated_binary,true,true,true,true,false,assets/audio/voice/marcus/microcheck-intro.mp3,true,650,true,,unchanged_from_baseline,not_in_v21,prior_duration_row_exists
clara:mobility_no_forcing,clara,mobility_no_forcing,assets/audio/voice/clara/mobility_no_forcing.mp3,mp3,de4b5e39ad3120211226641fe10f4aecf8d85fe67fbca157da1345653b3bdc59,eda07795af8be8d5105f9ed9a0ab250982e480fc,48527,2972,mp3,mp3,44100,1,128000,ok,tracked,committed,hydrated_binary,true,true,true,true,false,assets/audio/voice/marcus/mobility_no_forcing.mp3,true,-139,true,,unchanged_from_baseline,not_in_v21,prior_duration_row_exists
clara:mpv2_balance_attempt_saved,clara,mpv2_balance_attempt_saved,assets/audio/voice/clara/mpv2_balance_attempt_saved.mp3,mp3,6d68a030f49573659d661de21636d3d63f8676e1dd387b1fca6051e2408f341c,,23449,1393,mp3,mp3,44100,1,128000,ok,untracked,??,hydrated_binary,true,true,true,true,true,assets/audio/voice/marcus/mpv2_balance_attempt_saved.mp3,true,-93,true,,added_since_baseline,mpv2_current_only_not_in_v21_manifest,no_prior_duration_row; current_worktree_addition
clara:mpv2_balance_attempt_start,clara,mpv2_balance_attempt_start,assets/audio/voice/clara/mpv2_balance_attempt_start.mp3,mp3,d7b7090fe8708582181950c5a778c2a476ad99fcb59249885dfa1d875798f14c,,76948,4737,mp3,mp3,44100,1,128000,ok,untracked,??,hydrated_binary,true,true,true,true,false,assets/audio/voice/marcus/mpv2_balance_attempt_start.mp3,true,325,true,,added_since_baseline,mpv2_current_only_not_in_v21_manifest,no_prior_duration_row; current_worktree_addition
clara:mpv2_balance_complete,clara,mpv2_balance_complete,assets/audio/voice/clara/mpv2_balance_complete.mp3,mp3,1a2a510b912032b701fbb8f1cf04b92661bf89384a6e9eba1705d17282e4a9f3,,23449,1393,mp3,mp3,44100,1,128000,ok,untracked,??,hydrated_binary,true,true,true,true,true,assets/audio/voice/marcus/mpv2_balance_complete.mp3,true,93,true,,added_since_baseline,mpv2_current_only_not_in_v21_manifest,no_prior_duration_row; current_worktree_addition
clara:mpv2_balance_full_hold,clara,mpv2_balance_full_hold,assets/audio/voice/clara/mpv2_balance_full_hold.mp3,mp3,828e73b12c18aa94d881b97062010678f0e7921eaae7eaa6dab956cb19add7bf,,37660,2276,mp3,mp3,44100,1,128000,ok,untracked,??,hydrated_binary,true,true,true,true,true,assets/audio/voice/marcus/mpv2_balance_full_hold.mp3,true,93,true,,added_since_baseline,mpv2_current_only_not_in_v21_manifest,no_prior_duration_row; current_worktree_addition
clara:mpv2_balance_ready_after_30,clara,mpv2_balance_ready_after_30,assets/audio/voice/clara/mpv2_balance_ready_after_30.mp3,mp3,fb9a0c982aaf2f43fc685719be023e0c89b4429fd12fb61a1852d4b5bb13b522,,38078,2322,mp3,mp3,44100,1,128000,ok,untracked,??,hydrated_binary,true,true,true,true,true,assets/audio/voice/marcus/mpv2_balance_ready_after_30.mp3,true,93,true,,added_since_baseline,mpv2_current_only_not_in_v21_manifest,no_prior_duration_row; current_worktree_addition
clara:mpv2_balance_ready_after_60,clara,mpv2_balance_ready_after_60,assets/audio/voice/clara/mpv2_balance_ready_after_60.mp3,mp3,c1f227cf9b222fe378f4d08ff19cf32ea2c18900fc0f7ec9e47c33b70146546f,,30137,1811,mp3,mp3,44100,1,128000,ok,untracked,??,hydrated_binary,true,true,true,true,true,assets/audio/voice/marcus/mpv2_balance_ready_after_60.mp3,true,325,true,,added_since_baseline,mpv2_current_only_not_in_v21_manifest,no_prior_duration_row; current_worktree_addition
clara:mpv2_balance_rest,clara,mpv2_balance_rest,assets/audio/voice/clara/mpv2_balance_rest.mp3,mp3,05c77b0d43c4092ac7d178efa88c7a9c9c4f470ad34941b552f5e404ebe4686f,,67753,4180,mp3,mp3,44100,1,128000,ok,untracked,??,hydrated_binary,true,true,true,true,true,assets/audio/voice/marcus/mpv2_balance_rest.mp3,true,93,true,,added_since_baseline,mpv2_current_only_not_in_v21_manifest,no_prior_duration_row; current_worktree_addition
clara:mpv2_balance_tracking_retry,clara,mpv2_balance_tracking_retry,assets/audio/voice/clara/mpv2_balance_tracking_retry.mp3,mp3,4e3aa78182cc475f42d19f9c46d52c7efa047201a45fc7647305cc1c760efa23,,97846,6037,mp3,mp3,44100,1,128000,ok,untracked,??,hydrated_binary,true,true,true,true,true,assets/audio/voice/marcus/mpv2_balance_tracking_retry.mp3,true,371,true,,added_since_baseline,mpv2_current_only_not_in_v21_manifest,no_prior_duration_row; current_worktree_addition
clara:mpv2_balance_use_best,clara,mpv2_balance_use_best,assets/audio/voice/clara/mpv2_balance_use_best.mp3,mp3,36f091fec6b72e68c5691c1bcede80040c9241cbe4f390570650784ffe0fe572,,25539,1533,mp3,mp3,44100,1,128000,ok,untracked,??,hydrated_binary,true,true,true,true,false,assets/audio/voice/marcus/mpv2_balance_use_best.mp3,true,279,true,,added_since_baseline,mpv2_current_only_not_in_v21_manifest,no_prior_duration_row; current_worktree_addition
clara:mpv2_chair_official_ready,clara,mpv2_chair_official_ready,assets/audio/voice/clara/mpv2_chair_official_ready.mp3,mp3,ca9472fdcc4c22d52b996bca716e33715468743bbad28d7e84d55523bb80fe39,,56886,3483,mp3,mp3,44100,1,128000,ok,untracked,??,hydrated_binary,true,true,true,true,false,assets/audio/voice/marcus/mpv2_chair_official_ready.mp3,true,-139,true,,added_since_baseline,mpv2_current_only_not_in_v21_manifest,no_prior_duration_row; current_worktree_addition
clara:mpv2_chair_practice_start,clara,mpv2_chair_practice_start,assets/audio/voice/clara/mpv2_chair_practice_start.mp3,mp3,49ace7883b366e8c9a8aef7c1a1c078826a15d69e0b9410fcc78830e7c7d84c1,,48527,2972,mp3,mp3,44100,1,128000,ok,untracked,??,hydrated_binary,true,true,true,true,true,assets/audio/voice/marcus/mpv2_chair_practice_start.mp3,true,278,true,,added_since_baseline,mpv2_current_only_not_in_v21_manifest,no_prior_duration_row; current_worktree_addition
clara:mpv2_checkup_intro,clara,mpv2_checkup_intro,assets/audio/voice/clara/mpv2_checkup_intro.mp3,mp3,4a6a1b6ed3ef9e908e680b052a771273b39d4765beef1709253c755de8929dae,,81128,5016,mp3,mp3,44100,1,128000,ok,untracked,??,hydrated_binary,true,true,true,true,true,assets/audio/voice/marcus/mpv2_checkup_intro.mp3,true,140,true,,added_since_baseline,mpv2_current_only_not_in_v21_manifest,no_prior_duration_row; current_worktree_addition
clara:mpv2_hinge_complete,clara,mpv2_hinge_complete,assets/audio/voice/clara/mpv2_hinge_complete.mp3,mp3,07daf6c4e8fea6be56a5baa32615e882ec4a79869983523aeed075f5302d35ab,,22613,1347,mp3,mp3,44100,1,128000,ok,untracked,??,hydrated_binary,true,true,true,true,false,assets/audio/voice/marcus/mpv2_hinge_complete.mp3,true,0,true,,added_since_baseline,mpv2_current_only_not_in_v21_manifest,no_prior_duration_row; current_worktree_addition
clara:mpv2_hinge_no_measurement,clara,mpv2_hinge_no_measurement,assets/audio/voice/clara/mpv2_hinge_no_measurement.mp3,mp3,a13c3b1b095c4554f4ba2108c08d883b3307cc19a949b2b94ff53cec4cecc7cd,,58140,3576,mp3,mp3,44100,1,128000,ok,untracked,??,hydrated_binary,true,true,true,true,true,assets/audio/voice/marcus/mpv2_hinge_no_measurement.mp3,true,232,true,,added_since_baseline,mpv2_current_only_not_in_v21_manifest,no_prior_duration_row; current_worktree_addition
clara:mpv2_shoulder_tracking_retry,clara,mpv2_shoulder_tracking_retry,assets/audio/voice/clara/mpv2_shoulder_tracking_retry.mp3,mp3,f704009108f6596db93803028e8eb238ae4f587070aa92c8ce8c725e409ca49e,,87815,5433,mp3,mp3,44100,1,128000,ok,untracked,??,hydrated_binary,true,true,true,true,false,assets/audio/voice/marcus/mpv2_shoulder_tracking_retry.mp3,true,743,true,,added_since_baseline,mpv2_current_only_not_in_v21_manifest,no_prior_duration_row; current_worktree_addition
clara:next-exercise,clara,next-exercise,assets/audio/voice/clara/next-exercise.mp3,mp3,6cd7e5fca36f119db0d21f86b23219d86e5f45a0299fb56ff46ea9cbc582d079,93756418f8469789bbd81adb84f534bd4e6834ff,40586,2461,mp3,mp3,44100,1,128000,ok,tracked,committed,hydrated_binary,true,true,true,true,false,assets/audio/voice/marcus/next-exercise.mp3,true,325,true,,unchanged_from_baseline,not_in_v21,prior_duration_row_exists
clara:next-up,clara,next-up,assets/audio/voice/clara/next-up.mp3,mp3,9e6c0dee14d80482a0227c231759c2d4b113925dc281745f03d449cd80e2a4e0,40b7f934d253294e4820bc71fb764147b1f51ba6,29301,1765,mp3,mp3,44100,1,128000,ok,tracked,committed,hydrated_binary,true,true,true,true,true,assets/audio/voice/marcus/next-up.mp3,true,140,true,,unchanged_from_baseline,not_in_v21,prior_duration_row_exists
clara:no-reps,clara,no-reps,assets/audio/voice/clara/no-reps.mp3,mp3,36ead68626aead49fc4ac1df7af014bb546d0a470969dee1af687e2ecd67f9e0,bc89a73aff51bdd34f1194f0185c691563ff8a8e,81128,5016,mp3,mp3,44100,1,128000,ok,tracked,committed,hydrated_binary,true,true,true,true,true,assets/audio/voice/marcus/no-reps.mp3,true,326,true,,unchanged_from_baseline,not_in_v21,prior_duration_row_exists
clara:num-0,clara,num-0,assets/audio/voice/clara/num-0.mp3,mp3,aed9f45f5acb798519a4025a7d764a105b63f9d0e95eecb822e14d33276e0b51,10ae24012db6731d0579c0ed311a0015144dc4d4,13000,743,mp3,mp3,44100,1,128000,ok,tracked,committed,hydrated_binary,true,true,true,false,false,assets/audio/voice/marcus/num-0.mp3,true,93,true,,unchanged_from_baseline,not_in_v21,prior_duration_row_exists
clara:num-1,clara,num-1,assets/audio/voice/clara/num-1.mp3,mp3,951c9b6a38da6044bc2c1667aa6ba5db67d0b78ce567f896fc838776768d43a9,3312b582c714fe79d7021c0273e8a13a1da31e1d,10075,557,mp3,mp3,44100,1,128000,ok,tracked,committed,hydrated_binary,true,true,true,false,false,assets/audio/voice/marcus/num-1.mp3,true,46,true,,unchanged_from_baseline,not_in_v21,prior_duration_row_exists
clara:num-10,clara,num-10,assets/audio/voice/clara/num-10.mp3,mp3,688be669355f15a8e4edfe94c631fa0ef1a8025b7b6559018e7ce40b6ca330dd,0f0a32952111ecf5ff68b0be2d595d722c788271,12164,697,mp3,mp3,44100,1,128000,ok,tracked,committed,hydrated_binary,true,true,true,false,false,assets/audio/voice/marcus/num-10.mp3,true,93,true,,unchanged_from_baseline,not_in_v21,prior_duration_row_exists
clara:num-11,clara,num-11,assets/audio/voice/clara/num-11.mp3,mp3,848ed7e2b6df0e9078f353bdfd6ba1a77f8868af93243f18a3f5563b735ddfa8,0e09e7687499b3185a8a230b31ca32c6dbfb5be2,12164,697,mp3,mp3,44100,1,128000,ok,tracked,committed,hydrated_binary,true,true,true,false,false,assets/audio/voice/marcus/num-11.mp3,true,0,true,,unchanged_from_baseline,not_in_v21,prior_duration_row_exists
clara:num-12,clara,num-12,assets/audio/voice/clara/num-12.mp3,mp3,52457818e587f44ee0e856b1a3e30cc16e3f8be5d052eff64d7fbbad67fad9da,8b0bb9e31b2954f4cf5dcade3a31a3573d383344,13000,743,mp3,mp3,44100,1,128000,ok,tracked,committed,hydrated_binary,true,true,true,false,false,assets/audio/voice/marcus/num-12.mp3,true,0,true,,unchanged_from_baseline,not_in_v21,prior_duration_row_exists
clara:num-13,clara,num-13,assets/audio/voice/clara/num-13.mp3,mp3,870d051c47b16d1050afb57d2bb7cd8f4cdd9119d55cc6479c0aca334b6d11de,8fc240e2754c8a65c696126fe0466b70dd1648a1,13836,789,mp3,mp3,44100,1,128000,ok,tracked,committed,hydrated_binary,true,true,true,false,false,assets/audio/voice/marcus/num-13.mp3,true,0,true,,unchanged_from_baseline,not_in_v21,prior_duration_row_exists
clara:num-14,clara,num-14,assets/audio/voice/clara/num-14.mp3,mp3,57237f416b37475192ef875a96b0e98a37d1531b6d3ebef197120e79c1d151af,2032f724edc2fc5e5904f63fa0794fad021efb0a,13836,789,mp3,mp3,44100,1,128000,ok,tracked,committed,hydrated_binary,true,true,true,false,false,assets/audio/voice/marcus/num-14.mp3,true,46,true,,unchanged_from_baseline,not_in_v21,prior_duration_row_exists
clara:num-15,clara,num-15,assets/audio/voice/clara/num-15.mp3,mp3,ccaa8385d249486ad03039e9fbb62eb6ef881ebb30762befc4bd968cf0bf2888,f969122a3adf502d736db9a766db44d92c40bfb1,14254,836,mp3,mp3,44100,1,128000,ok,tracked,committed,hydrated_binary,true,true,true,false,false,assets/audio/voice/marcus/num-15.mp3,true,139,true,,unchanged_from_baseline,not_in_v21,prior_duration_row_exists
clara:num-16,clara,num-16,assets/audio/voice/clara/num-16.mp3,mp3,d001498e39144fd6524f68e19f7a7bc5cc08f9e1d7dc5cae991940bc66a10a1b,d90d869a9d7df5a739f877ba9a627aa510f06adf,13836,789,mp3,mp3,44100,1,128000,ok,tracked,committed,hydrated_binary,true,true,true,false,false,assets/audio/voice/marcus/num-16.mp3,true,0,true,,unchanged_from_baseline,not_in_v21,prior_duration_row_exists
clara:num-17,clara,num-17,assets/audio/voice/clara/num-17.mp3,mp3,e870ab861a2e88b3ae1587efcc208d9919a6c29d7d9c250626f0aedc2653f781,ec0fe5c91f937c8f056e5474b0a4fd523b0bb416,15926,929,mp3,mp3,44100,1,128000,ok,tracked,committed,hydrated_binary,true,true,true,false,false,assets/audio/voice/marcus/num-17.mp3,true,47,true,,unchanged_from_baseline,not_in_v21,prior_duration_row_exists
clara:num-18,clara,num-18,assets/audio/voice/clara/num-18.mp3,mp3,c8de33943c5405e314d0dbb2a03d44ddd3871d20ddda485622eb1a6408ab663c,e43ec4ef5055e8d9be8e99de40538791e3fb99ab,14254,836,mp3,mp3,44100,1,128000,ok,tracked,committed,hydrated_binary,true,true,true,false,false,assets/audio/voice/marcus/num-18.mp3,true,139,true,,unchanged_from_baseline,not_in_v21,prior_duration_row_exists
clara:num-19,clara,num-19,assets/audio/voice/clara/num-19.mp3,mp3,6182e5e6508435f81be3da331d50f0a12788003b3c2e6246f6232f1c0af6bf92,132f4c266a5bf3740abebcfa6cf6b1c69b2d0e10,14254,836,mp3,mp3,44100,1,128000,ok,tracked,committed,hydrated_binary,true,true,true,false,false,assets/audio/voice/marcus/num-19.mp3,true,0,true,,unchanged_from_baseline,not_in_v21,prior_duration_row_exists
clara:num-2,clara,num-2,assets/audio/voice/clara/num-2.mp3,mp3,9feda6657b2bb018f743ac82920828c87d3d61391b30149197844ccd8cfa609b,4bc859c0cc55e7b1b2fa495a69f5b002a6fe29ae,11328,650,mp3,mp3,44100,1,128000,ok,tracked,committed,hydrated_binary,true,true,true,false,false,assets/audio/voice/marcus/num-2.mp3,true,0,true,,unchanged_from_baseline,not_in_v21,prior_duration_row_exists
clara:num-20,clara,num-20,assets/audio/voice/clara/num-20.mp3,mp3,ec473d3934f37cdd74a41ee3c8ee492e88d0618c15f0dc26faccbeec9c3fdd56,c9766198adc5bbb50b8700b68f52060fed43d483,13836,789,mp3,mp3,44100,1,128000,ok,tracked,committed,hydrated_binary,true,true,true,false,false,assets/audio/voice/marcus/num-20.mp3,true,46,true,,unchanged_from_baseline,not_in_v21,prior_duration_row_exists
clara:num-21,clara,num-21,assets/audio/voice/clara/num-21.mp3,mp3,a58e3bebae4db1d28ad84d9a603a994f4abbe79537b954a5c603eaf6d7bc63bf,e32c035bac0c773cd760f89f00b0df4a266455fe,14254,836,mp3,mp3,44100,1,128000,ok,tracked,committed,hydrated_binary,true,true,true,false,false,assets/audio/voice/marcus/num-21.mp3,true,0,true,,unchanged_from_baseline,not_in_v21,prior_duration_row_exists
clara:num-22,clara,num-22,assets/audio/voice/clara/num-22.mp3,mp3,ff8db281767ab9179c791580bb8fd465e296f4f7323d1962f16ddb4267b6ed82,cc532a4628d3a5b4fc8239d74bf7689425fa993d,14254,836,mp3,mp3,44100,1,128000,ok,tracked,committed,hydrated_binary,true,true,true,false,false,assets/audio/voice/marcus/num-22.mp3,true,47,true,,unchanged_from_baseline,not_in_v21,prior_duration_row_exists
clara:num-23,clara,num-23,assets/audio/voice/clara/num-23.mp3,mp3,fe64504835d7d573df28f559a556c5423066d5c033b51cbfb76ba88892c92a65,1addb1812a0927e6ebdaf64de90c513bb9a52b64,16762,975,mp3,mp3,44100,1,128000,ok,tracked,committed,hydrated_binary,true,true,true,false,false,assets/audio/voice/marcus/num-23.mp3,true,46,true,,unchanged_from_baseline,not_in_v21,prior_duration_row_exists
clara:num-24,clara,num-24,assets/audio/voice/clara/num-24.mp3,mp3,d8a40657477a9f02b8be57f4136f247674b85a630f2aaf2118a5c3d61525746a,cd46783d8623783b2aafd9f4800629d79e8c15f4,15926,929,mp3,mp3,44100,1,128000,ok,tracked,committed,hydrated_binary,true,true,true,false,false,assets/audio/voice/marcus/num-24.mp3,true,93,true,,unchanged_from_baseline,not_in_v21,prior_duration_row_exists
clara:num-25,clara,num-25,assets/audio/voice/clara/num-25.mp3,mp3,7fa8e5a790eb84c3ae43475c9946fc12ed6a67792f6db242a6674e9614996b69,cfd1bcb7aef136bf533a93694ad10ae4e755876c,16762,975,mp3,mp3,44100,1,128000,ok,tracked,committed,hydrated_binary,true,true,true,false,false,assets/audio/voice/marcus/num-25.mp3,true,46,true,,unchanged_from_baseline,not_in_v21,prior_duration_row_exists
clara:num-26,clara,num-26,assets/audio/voice/clara/num-26.mp3,mp3,0b5ed8397c6830edb7cf698d00d1c26d67a56024bfce3085d0c7fab9cfa7079a,670e98eaddecfd56e17f523b27d6f37e61bfd0c9,15926,929,mp3,mp3,44100,1,128000,ok,tracked,committed,hydrated_binary,true,true,true,false,false,assets/audio/voice/marcus/num-26.mp3,true,-46,true,,unchanged_from_baseline,not_in_v21,prior_duration_row_exists
clara:num-27,clara,num-27,assets/audio/voice/clara/num-27.mp3,mp3,7661745a4eb97ee28f97e0fdbf83bf1b6b0a5b42c698974cd0ddc029accd8cfb,565aa0f959a5048f4d672bac0328fbdd3e8f5734,15926,929,mp3,mp3,44100,1,128000,ok,tracked,committed,hydrated_binary,true,true,true,false,false,assets/audio/voice/marcus/num-27.mp3,true,0,true,,unchanged_from_baseline,not_in_v21,prior_duration_row_exists
clara:num-28,clara,num-28,assets/audio/voice/clara/num-28.mp3,mp3,c5a6aee6012c564d02b0369248536953b4cd14f6c701de20cd361b76e7631b85,b47b9184502a6b1adb62bed057d4f4645d0b19d1,16762,975,mp3,mp3,44100,1,128000,ok,tracked,committed,hydrated_binary,true,true,true,false,false,assets/audio/voice/marcus/num-28.mp3,true,139,true,,unchanged_from_baseline,not_in_v21,prior_duration_row_exists
clara:num-29,clara,num-29,assets/audio/voice/clara/num-29.mp3,mp3,d633fe965f625d6b131efe5c2e222afe2babc4b982dd1116e14b2dcb0c9cfb4e,3a10c541cbe6e693ea8f46a9746d4d4e1ff7081f,15090,882,mp3,mp3,44100,1,128000,ok,tracked,committed,hydrated_binary,true,true,true,false,false,assets/audio/voice/marcus/num-29.mp3,true,-47,true,,unchanged_from_baseline,not_in_v21,prior_duration_row_exists
clara:num-3,clara,num-3,assets/audio/voice/clara/num-3.mp3,mp3,8daf7c107ede7316642cc658abba182e8c9230142c37b8369c626976cb9dfa22,e29d13e0b8a1eb5a03f21cefeb8ea070a993f6ce,12164,697,mp3,mp3,44100,1,128000,ok,tracked,committed,hydrated_binary,true,true,true,false,false,assets/audio/voice/marcus/num-3.mp3,true,47,true,,unchanged_from_baseline,not_in_v21,prior_duration_row_exists
clara:num-30,clara,num-30,assets/audio/voice/clara/num-30.mp3,mp3,fdee8539db0d00f7bbe54919d3470f6732bf9b15dbc9b4dc0148a4450a438bc7,5e6be62936d95227d09160bff7b08911a52264d4,14254,836,mp3,mp3,44100,1,128000,ok,tracked,committed,hydrated_binary,true,true,true,false,false,assets/audio/voice/marcus/num-30.mp3,true,47,true,,unchanged_from_baseline,not_in_v21,prior_duration_row_exists
clara:num-31,clara,num-31,assets/audio/voice/clara/num-31.mp3,mp3,af249862cd2a9794fd068ab4f99cd2f1159c1aff2f2bba5126697a051b9a6631,1db86fc374968c9f3c67b87dcd12abd0c3747443,14254,836,mp3,mp3,44100,1,128000,ok,tracked,committed,hydrated_binary,true,true,true,false,false,assets/audio/voice/marcus/num-31.mp3,true,47,true,,unchanged_from_baseline,not_in_v21,prior_duration_row_exists
clara:num-32,clara,num-32,assets/audio/voice/clara/num-32.mp3,mp3,d33a9232853b528108277363e92f9d468f6053691793a2e7476e87ec1035f748,93da6c4a5082bc4fb6ada77e48b957183c0fbefe,15090,882,mp3,mp3,44100,1,128000,ok,tracked,committed,hydrated_binary,true,true,true,false,false,assets/audio/voice/marcus/num-32.mp3,true,0,true,,unchanged_from_baseline,not_in_v21,prior_duration_row_exists
clara:num-33,clara,num-33,assets/audio/voice/clara/num-33.mp3,mp3,2914774f802533c77c098ad967883f2a47f4349be4af67d978f8ab1e0a758fe4,7340472da5400f89c4aac9fb0017c7a61774f7ee,16762,975,mp3,mp3,44100,1,128000,ok,tracked,committed,hydrated_binary,true,true,true,false,false,assets/audio/voice/marcus/num-33.mp3,true,0,true,,unchanged_from_baseline,not_in_v21,prior_duration_row_exists
clara:num-34,clara,num-34,assets/audio/voice/clara/num-34.mp3,mp3,b1d43187465db7de1c1097046730bcde394800ae2e383972e5b175de3acaa34e,e6e70df537c35d13cdc0726cc80c2a90bb83d004,15926,929,mp3,mp3,44100,1,128000,ok,tracked,committed,hydrated_binary,true,true,true,false,false,assets/audio/voice/marcus/num-34.mp3,true,-93,true,,unchanged_from_baseline,not_in_v21,prior_duration_row_exists
clara:num-35,clara,num-35,assets/audio/voice/clara/num-35.mp3,mp3,db0e2e7f0d7271440c4dedd86c8530af1f983d1c475b24c8cd2260833a9fe97c,7d48b163e8e577e9bb38acbb32f9905d5b3ab9d9,17598,1022,mp3,mp3,44100,1,128000,ok,tracked,committed,hydrated_binary,true,true,true,false,false,assets/audio/voice/marcus/num-35.mp3,true,47,true,,unchanged_from_baseline,not_in_v21,prior_duration_row_exists
clara:num-36,clara,num-36,assets/audio/voice/clara/num-36.mp3,mp3,f784a1723d312e99e44845d0923c869d2335f7725d6744e5092563f2a4a49aed,5e0f23d2f2cf5aba0e0fe45e59c7335d186e9c09,16762,975,mp3,mp3,44100,1,128000,ok,tracked,committed,hydrated_binary,true,true,true,false,false,assets/audio/voice/marcus/num-36.mp3,true,93,true,,unchanged_from_baseline,not_in_v21,prior_duration_row_exists
clara:num-37,clara,num-37,assets/audio/voice/clara/num-37.mp3,mp3,868f7974d47d03ba72db8e210fff8ce2c1c94cc8af542aeeaf03d773b02ffda4,2ed9aa9cbbac8447b0428e6f4572b61c4d0233e7,15926,929,mp3,mp3,44100,1,128000,ok,tracked,committed,hydrated_binary,true,true,true,false,false,assets/audio/voice/marcus/num-37.mp3,true,47,true,,unchanged_from_baseline,not_in_v21,prior_duration_row_exists
clara:num-38,clara,num-38,assets/audio/voice/clara/num-38.mp3,mp3,ff4e89313b34b89570838ebaa2ed8f428365d6bbfb5473c82b148e559c46bd44,97b5eec0c71eaa1e860414ff3af76d96d5664475,15090,882,mp3,mp3,44100,1,128000,ok,tracked,committed,hydrated_binary,true,true,true,false,false,assets/audio/voice/marcus/num-38.mp3,true,46,true,,unchanged_from_baseline,not_in_v21,prior_duration_row_exists
clara:num-39,clara,num-39,assets/audio/voice/clara/num-39.mp3,mp3,893d1a43df4a95a2bc1b140b818c2dd5828c7d26cce679d276e2de6cb75eaf79,0a035327163b2b16f591940f2b7ec9db44a60bf8,15926,929,mp3,mp3,44100,1,128000,ok,tracked,committed,hydrated_binary,true,true,true,false,false,assets/audio/voice/marcus/num-39.mp3,true,47,true,,unchanged_from_baseline,not_in_v21,prior_duration_row_exists
clara:num-4,clara,num-4,assets/audio/voice/clara/num-4.mp3,mp3,c1c6f48edf13a29d8b8f9e9f685c7742b625a3e67c72f2f1aff0895f48b86cc7,627ed7546615e589b8f9f65ea9648730f1d0b44c,10911,604,mp3,mp3,44100,1,128000,ok,tracked,committed,hydrated_binary,true,true,true,false,false,assets/audio/voice/marcus/num-4.mp3,true,47,true,,unchanged_from_baseline,not_in_v21,prior_duration_row_exists
clara:num-40,clara,num-40,assets/audio/voice/clara/num-40.mp3,mp3,d583136c41d0cff8332e7671bfc100fd870d40a25fdd72abcce393a3efc92da1,9ea1bd75780fa5297eb66465a72f7c42c14f8330,14254,836,mp3,mp3,44100,1,128000,ok,tracked,committed,hydrated_binary,true,true,true,false,false,assets/audio/voice/marcus/num-40.mp3,true,93,true,,unchanged_from_baseline,not_in_v21,prior_duration_row_exists
clara:num-5,clara,num-5,assets/audio/voice/clara/num-5.mp3,mp3,0f28744730fb8c8107442f6346d127f876a4c9678783515fdc1e6b067c9d7dc6,73a41413112939aa87e9682263b194c9a609db8b,13836,789,mp3,mp3,44100,1,128000,ok,tracked,committed,hydrated_binary,true,true,true,false,false,assets/audio/voice/marcus/num-5.mp3,true,46,true,,unchanged_from_baseline,not_in_v21,prior_duration_row_exists
clara:num-6,clara,num-6,assets/audio/voice/clara/num-6.mp3,mp3,22c5bb91f78602f24472381b5f05f878bcf4eb8813acfaccb67b536167ff7807,d53e7cff926468867f29413b5085fc1fe4e8e5fe,11328,650,mp3,mp3,44100,1,128000,ok,tracked,committed,hydrated_binary,true,true,true,false,false,assets/audio/voice/marcus/num-6.mp3,true,-47,true,,unchanged_from_baseline,not_in_v21,prior_duration_row_exists
clara:num-7,clara,num-7,assets/audio/voice/clara/num-7.mp3,mp3,2de30ed33460eb0a8096decad94258f78c105b7c082fbbd0b3720f7cd66a7c86,17ab0a1d48b4945ce675afc5429fa2a5789a2b2f,12164,697,mp3,mp3,44100,1,128000,ok,tracked,committed,hydrated_binary,true,true,true,false,false,assets/audio/voice/marcus/num-7.mp3,true,47,true,,unchanged_from_baseline,not_in_v21,prior_duration_row_exists
clara:num-8,clara,num-8,assets/audio/voice/clara/num-8.mp3,mp3,23795d6d65d38ba6a73fc433d6c944e7900e56adccb33015a0bb52c533c51b40,eb7062ed2d0bb0ff2283f69801213ace7beeca42,11328,650,mp3,mp3,44100,1,128000,ok,tracked,committed,hydrated_binary,true,true,true,false,true,assets/audio/voice/marcus/num-8.mp3,true,46,true,,unchanged_from_baseline,not_in_v21,prior_duration_row_exists
clara:num-9,clara,num-9,assets/audio/voice/clara/num-9.mp3,mp3,0d48d74676906fae7c9988edad459904bc7c856c2f3254e86763b4a3fac0bdd5,9ee94a6f8331377753af17842976a58db4fc2cd7,12164,697,mp3,mp3,44100,1,128000,ok,tracked,committed,hydrated_binary,true,true,true,false,false,assets/audio/voice/marcus/num-9.mp3,true,47,true,,unchanged_from_baseline,not_in_v21,prior_duration_row_exists
clara:open-your-eyes,clara,open-your-eyes,assets/audio/voice/clara/open-your-eyes.mp3,mp3,42ead386b2cddcdcc16e88d3049e27623b1a067e873a985e9f7d62a4c7122314,383ba35d58906286f6de56a96729e06d2f0f8fc9,24285,1440,mp3,mp3,44100,1,128000,ok,tracked,committed,hydrated_binary,true,true,true,true,true,assets/audio/voice/marcus/open-your-eyes.mp3,true,140,true,,unchanged_from_baseline,v21_exact_key_exact_script,prior_duration_row_exists
clara:relax-arm,clara,relax-arm,assets/audio/voice/clara/relax-arm.mp3,mp3,bd26b1ad07a85d9a7f3d748a2202b0716a726b7d993d3aa8ea9e48fe65088a1a,8e1f2e1f8c0563724adc4e62bd9adff4b84ec0c8,38914,2368,mp3,mp3,44100,1,128000,ok,tracked,committed,hydrated_binary,true,true,true,true,false,assets/audio/voice/marcus/relax-arm.mp3,true,185,true,,unchanged_from_baseline,not_in_v21,prior_duration_row_exists
clara:rest-now,clara,rest-now,assets/audio/voice/clara/rest-now.mp3,mp3,9e2ecc61f61a54161ac90b2b6cc2c32479f6715e0d2f119949087b995a5308e7,a9b802401f8f06e2967144a820db962ed52be17d,24285,1440,mp3,mp3,44100,1,128000,ok,tracked,committed,hydrated_binary,true,true,true,true,true,assets/audio/voice/marcus/rest-now.mp3,true,-278,true,,unchanged_from_baseline,not_in_v21,prior_duration_row_exists
clara:retry-v21,clara,retry-v21,assets/audio/voice/clara/retry-v21.mp3,mp3,f4019dd660dbf5f9a7846b8c3291717a3c5de9888941e6fbb168c5175c6ec8fc,,20524,1207,mp3,mp3,44100,1,128000,ok,untracked,??,hydrated_binary,true,true,true,true,false,assets/audio/voice/marcus/retry-v21.mp3,true,46,true,,added_since_baseline,v21_exact_key_exact_script,no_prior_duration_row; current_worktree_addition
clara:session-complete,clara,session-complete,assets/audio/voice/clara/session-complete.mp3,mp3,c535cf3dcf3549202be2908541300771870ed4afdf6c5977a181e1f2288c234d,5386b48f327b3598fda3236f16677bcad81be573,76948,4737,mp3,mp3,44100,1,128000,ok,tracked,committed,hydrated_binary,true,true,true,true,true,assets/audio/voice/marcus/session-complete.mp3,true,47,true,,unchanged_from_baseline,not_in_v21,prior_duration_row_exists
clara:set-done,clara,set-done,assets/audio/voice/clara/set-done.mp3,mp3,d70d81ec29a9b5685d4afe4e94fbc30198d6ff9f12ad60383aeb451d17051bd5,870189a4d42b383afdb07093d5a1f9cfdd2e0822,15926,929,mp3,mp3,44100,1,128000,ok,tracked,committed,hydrated_binary,true,true,true,true,false,assets/audio/voice/marcus/set-done.mp3,true,93,true,,unchanged_from_baseline,not_in_v21,prior_duration_row_exists
clara:shoulder-intro,clara,shoulder-intro,assets/audio/voice/clara/shoulder-intro.mp3,mp3,704e0f8990fa52302942689b5620db77654545dec68e754554d67bd867bf5128,0946130af3c3758c8ff72404f7646e411dda3818,106623,6594,mp3,mp3,44100,1,128000,ok,tracked,committed,hydrated_binary,true,true,true,true,false,assets/audio/voice/marcus/shoulder-intro.mp3,true,510,true,,unchanged_from_baseline,not_in_v21,prior_duration_row_exists
clara:shoulder-setup,clara,shoulder-setup,assets/audio/voice/clara/shoulder-setup.mp3,mp3,9f8ec416f2cd0f120ee6f1c4ba28f9427a1a6bca9607e0e2931a13249f97ac18,2fd2a756523392f10d63a388cdfadde15605b3c4,102862,6362,mp3,mp3,44100,1,128000,ok,tracked,committed,hydrated_binary,true,true,true,true,false,assets/audio/voice/marcus/shoulder-setup.mp3,true,-186,true,,unchanged_from_baseline,not_in_v21,prior_duration_row_exists
clara:stand-tall,clara,stand-tall,assets/audio/voice/clara/stand-tall.mp3,mp3,b4d832015e4805a649f70ad0c3f452c5b28c3d70e384eefea0d64418a1881485,680b89e53f6c516b067022138e1ba8121185d041,47691,2926,mp3,mp3,44100,1,128000,ok,tracked,committed,hydrated_binary,true,true,true,true,false,assets/audio/voice/marcus/stand-tall.mp3,true,558,true,,unchanged_from_baseline,not_in_v21,prior_duration_row_exists
clara:stands-suffix,clara,stands-suffix,assets/audio/voice/clara/stands-suffix.mp3,mp3,9facee758bbea6634c28cc8c3619139e73fd37097037f5e0b701e35ba6f6d6c7,ddd0b6b7074d93892ef694eb14962e978af9276e,27211,1625,mp3,mp3,44100,1,128000,ok,tracked,committed,hydrated_binary,true,true,true,true,true,assets/audio/voice/marcus/stands-suffix.mp3,true,92,true,,unchanged_from_baseline,not_in_v21,prior_duration_row_exists
clara:step-back,clara,step-back,assets/audio/voice/clara/step-back.mp3,mp3,b835094715ad8165af9bd2050302009f86ae59d0730e351a7a48fccf0e2ae740,cfa0d4e765bd2b3a956ccecf50f5d4ff6a764167,24285,1440,mp3,mp3,44100,1,128000,ok,tracked,committed,hydrated_binary,true,true,true,true,true,assets/audio/voice/marcus/step-back.mp3,true,93,true,,unchanged_from_baseline,not_in_v21,prior_duration_row_exists
clara:step-closer,clara,step-closer,assets/audio/voice/clara/step-closer.mp3,mp3,c709f242d0c83f44f689c484c37ed4a5206db9ccdd258db1da512798d5bf70fe,109a9d333b2b53715c77d06d2eaaa1c90b060640,26375,1579,mp3,mp3,44100,1,128000,ok,tracked,committed,hydrated_binary,true,true,true,true,true,assets/audio/voice/marcus/step-closer.mp3,true,139,true,,unchanged_from_baseline,not_in_v21,prior_duration_row_exists
clara:step-into-frame,clara,step-into-frame,assets/audio/voice/clara/step-into-frame.mp3,mp3,b0549c2f5d11a0c5d40e3b0bdc3ac4fe39a52b6ceef251dafbcfc55c263bc151,24e2cba93da4d44a472ca109ded5964affe3d70c,47691,2926,mp3,mp3,44100,1,128000,ok,tracked,committed,hydrated_binary,true,true,true,true,true,assets/audio/voice/marcus/step-into-frame.mp3,true,-325,true,,unchanged_from_baseline,not_in_v21,prior_duration_row_exists
clara:step_clear_dry_area,clara,step_clear_dry_area,assets/audio/voice/clara/step_clear_dry_area.mp3,mp3,984e5affe779520a52cc8604b3fc0c63db08c18df9150e7d258e7f93b845f559,708d7fad21f79115a92dc73ebf1ca67343897dc7,47273,2879,mp3,mp3,44100,1,128000,ok,tracked,committed,hydrated_binary,true,true,true,true,false,assets/audio/voice/marcus/step_clear_dry_area.mp3,true,46,true,,unchanged_from_baseline,not_in_v21,prior_duration_row_exists
clara:step_controlled_return,clara,step_controlled_return,assets/audio/voice/clara/step_controlled_return.mp3,mp3,75a042c7e190f3d381eb04f72b43f3fab8be7ea2dd1ddea15235727309e23057,c24fcb22121226e86a23f5ad200c449197e2d6a4,51035,3111,mp3,mp3,44100,1,128000,ok,tracked,committed,hydrated_binary,true,true,true,true,false,assets/audio/voice/marcus/step_controlled_return.mp3,true,-93,true,,unchanged_from_baseline,not_in_v21,prior_duration_row_exists
clara:step_fixed_support_nearby,clara,step_fixed_support_nearby,assets/audio/voice/clara/step_fixed_support_nearby.mp3,mp3,715632100f2280fc3b9d25ba84fd759302c902bfdb31395083c93787a3b61df5,b919dc712bc887b350bb4827e5a52e6d4628f742,63573,3901,mp3,mp3,44100,1,128000,ok,tracked,committed,hydrated_binary,true,true,true,true,false,assets/audio/voice/marcus/step_fixed_support_nearby.mp3,true,279,true,,unchanged_from_baseline,not_in_v21,prior_duration_row_exists
clara:step_phone_out_of_path,clara,step_phone_out_of_path,assets/audio/voice/clara/step_phone_out_of_path.mp3,mp3,b07cc6c53c008e123ce8b630fac3dde58e8db9a27e5eb0f4b9bb48f5df7ebd1f,ba2b30cb27985a65223ec596eac9338c9f3079a5,45601,2786,mp3,mp3,44100,1,128000,ok,tracked,committed,hydrated_binary,true,true,true,true,false,assets/audio/voice/marcus/step_phone_out_of_path.mp3,true,-140,true,,unchanged_from_baseline,not_in_v21,prior_duration_row_exists
clara:step_stop_if_unstable,clara,step_stop_if_unstable,assets/audio/voice/clara/step_stop_if_unstable.mp3,mp3,00a2094ea75b64ff3c77049b12c51a0ca124626b523ada3f829dadabb55cb0b8,cde5f3fdbc09f192bb9d550a4eed9de6b88da3a0,60648,3715,mp3,mp3,44100,1,128000,ok,tracked,committed,hydrated_binary,true,true,true,true,false,assets/audio/voice/marcus/step_stop_if_unstable.mp3,true,-232,true,,unchanged_from_baseline,not_in_v21,prior_duration_row_exists
clara:step_use_low_stable_step,clara,step_use_low_stable_step,assets/audio/voice/clara/step_use_low_stable_step.mp3,mp3,ad82344842d718a8b6d1d9ab18280cd4ffa97b6c6417ab8f5451468c070c1cf5,53b6376c32d860f9ceec0d211a3be361764087d9,44765,2740,mp3,mp3,44100,1,128000,ok,tracked,committed,hydrated_binary,true,true,true,true,false,assets/audio/voice/marcus/step_use_low_stable_step.mp3,true,186,true,,unchanged_from_baseline,not_in_v21,prior_duration_row_exists
clara:support_keep_support_within_reach,clara,support_keep_support_within_reach,assets/audio/voice/clara/support_keep_support_within_reach.mp3,mp3,72f9ccce4c70224459f21959fa0648efc93a0bb97847cdfa77087f8c620fd75b,5c3ec4bcf5a2a613f70b02a460fc7b36695963ab,44765,2740,mp3,mp3,44100,1,128000,ok,tracked,committed,hydrated_binary,true,true,true,true,true,assets/audio/voice/marcus/support_keep_support_within_reach.mp3,true,-93,true,,unchanged_from_baseline,not_in_v21,prior_duration_row_exists
clara:support_use_sturdy_support,clara,support_use_sturdy_support,assets/audio/voice/clara/support_use_sturdy_support.mp3,mp3,00ea3dc0476ee53205d087474326e8ee351cb96e3bf12beb9e5700e7e1dda0e5,1d261cc3b6b7eceac470e348f837bcf4d6e95d4d,51453,3158,mp3,mp3,44100,1,128000,ok,tracked,committed,hydrated_binary,true,true,true,true,false,assets/audio/voice/marcus/support_use_sturdy_support.mp3,true,-139,true,,unchanged_from_baseline,not_in_v21,prior_duration_row_exists
clara:thats-your-set,clara,thats-your-set,assets/audio/voice/clara/thats-your-set.mp3,mp3,3bf1acafbc6c03bd903e420f35312af4d23b12d85cb686e4a6c9b4ec1ef7372f,d8c3cbb6563facd19ee5e2be411e8645ececce33,24703,1486,mp3,mp3,44100,1,128000,ok,tracked,committed,hydrated_binary,true,true,true,true,true,assets/audio/voice/marcus/thats-your-set.mp3,true,0,true,,unchanged_from_baseline,not_in_v21,prior_duration_row_exists
clara:time-to-retest,clara,time-to-retest,assets/audio/voice/clara/time-to-retest.mp3,mp3,505f855082477c85befb6d7665acd0f226bc2d0d2120d688e7d359140d639f24,c86a8eae3b2d62e35cfd887179c33ae621f9e9d4,86561,5341,mp3,mp3,44100,1,128000,ok,tracked,committed,hydrated_binary,true,true,true,true,false,assets/audio/voice/marcus/time-to-retest.mp3,true,-278,true,,unchanged_from_baseline,not_in_v21,prior_duration_row_exists
clara:times-up-v21,clara,times-up-v21,assets/audio/voice/clara/times-up-v21.mp3,mp3,8bbb2a9ba2fd03f2b680fb6b774472249193bb362af0e0adcb733144b11d38b0,,13000,743,mp3,mp3,44100,1,128000,ok,untracked,??,hydrated_binary,true,true,true,true,false,assets/audio/voice/marcus/times-up-v21.mp3,true,0,true,,added_since_baseline,v21_exact_key_exact_script,no_prior_duration_row; current_worktree_addition
clara:times-up,clara,times-up,assets/audio/voice/clara/times-up.mp3,mp3,1e1d25c3171cd0c238712e75c13275194717b03b445db8feba87aa79292026ba,a98c5cf0ea57cf9f064b49d36cce047dc3a9fd2d,37660,2276,mp3,mp3,44100,1,128000,ok,tracked,committed,hydrated_binary,true,true,true,true,true,assets/audio/voice/marcus/times-up.mp3,true,326,true,,unchanged_from_baseline,not_in_v21,prior_duration_row_exists
clara:tracking-loss-v21,clara,tracking-loss-v21,assets/audio/voice/clara/tracking-loss-v21.mp3,mp3,e19c3f74db52f97bcea439482dc9b9b78e530ed05218550406de17fa44391585,,39750,2415,mp3,mp3,44100,1,128000,ok,untracked,??,hydrated_binary,true,true,true,true,false,assets/audio/voice/marcus/tracking-loss-v21.mp3,true,232,true,,added_since_baseline,v21_exact_key_exact_script,no_prior_duration_row; current_worktree_addition
clara:tracking-recovered-v21,clara,tracking-recovered-v21,assets/audio/voice/clara/tracking-recovered-v21.mp3,mp3,432ed99cf776b785eba8a32b574fc2bb8b63f611e03fa37e6388283bf0d76262,,37660,2276,mp3,mp3,44100,1,128000,ok,untracked,??,hydrated_binary,true,true,true,true,false,assets/audio/voice/marcus/tracking-recovered-v21.mp3,true,326,true,,added_since_baseline,v21_exact_key_exact_script,no_prior_duration_row; current_worktree_addition
clara:tracking_keep_full_body_in_view,clara,tracking_keep_full_body_in_view,assets/audio/voice/clara/tracking_keep_full_body_in_view.mp3,mp3,bbb419acc79c87601de9e9bcb752b38fdb3d7bbb9b4a65166328cfc2fd48c40d,51f5bb498b406bc0502d183c62629d292e228aec,53960,3297,mp3,mp3,44100,1,128000,ok,tracked,committed,hydrated_binary,true,true,true,true,false,assets/audio/voice/marcus/tracking_keep_full_body_in_view.mp3,true,371,true,,unchanged_from_baseline,not_in_v21,prior_duration_row_exists
clara:tracking_move_when_cued,clara,tracking_move_when_cued,assets/audio/voice/clara/tracking_move_when_cued.mp3,mp3,ed20f01b61ef05bcb3a4631c1755f3a7247b579bdb396047945d1867b9baa296,ab6030e7a4c0169a6551cb9cd1d07ee510e1b1e3,35152,2136,mp3,mp3,44100,1,128000,ok,tracked,committed,hydrated_binary,true,true,true,true,false,assets/audio/voice/marcus/tracking_move_when_cued.mp3,true,-47,true,,unchanged_from_baseline,not_in_v21,prior_duration_row_exists
clara:tracking_no_rush_or_exaggerate,clara,tracking_no_rush_or_exaggerate,assets/audio/voice/clara/tracking_no_rush_or_exaggerate.mp3,mp3,f43aaa250d4a960ef1f1765533cadc8d632b3fa48fd6b4f6b3bb03f91da1338c,ba534d0a6da8c627add391d36746b3f0ef6cbcb5,57722,3529,mp3,mp3,44100,1,128000,ok,tracked,committed,hydrated_binary,true,true,true,true,false,assets/audio/voice/marcus/tracking_no_rush_or_exaggerate.mp3,true,325,true,,unchanged_from_baseline,not_in_v21,prior_duration_row_exists
clara:tracking_pause_and_reset,clara,tracking_pause_and_reset,assets/audio/voice/clara/tracking_pause_and_reset.mp3,mp3,373bf4dfb118e5e62062584ff4de622160b4204bb497d703a70442308bd5c648,ac2b77d3aa90b1709d0ddad64e32963cb04b3216,73186,4505,mp3,mp3,44100,1,128000,ok,tracked,committed,hydrated_binary,true,true,true,true,true,assets/audio/voice/marcus/tracking_pause_and_reset.mp3,true,186,true,,unchanged_from_baseline,not_in_v21,prior_duration_row_exists
clara:training-intro,clara,training-intro,assets/audio/voice/clara/training-intro.mp3,mp3,15f9482169ba3af0a0d81ef4b0e631671336e5ac8303a3be4931d80239e2c196,bb810b7a837061fc88de6a6103c595c2c74b4ef1,139224,8638,mp3,mp3,44100,1,128000,ok,tracked,committed,hydrated_binary,true,true,true,true,true,assets/audio/voice/marcus/training-intro.mp3,true,1765,true,,unchanged_from_baseline,not_in_v21,prior_duration_row_exists
clara:tug-intro,clara,tug-intro,assets/audio/voice/clara/tug-intro.mp3,mp3,2d3ae0c504838a64b060c423d4ffaa8e0c3e924ec19921fdcf0af44b64ff428a,daaf8135f9c347c17ae0c8198681e8fb78a88155,111639,6920,mp3,mp3,44100,1,128000,ok,tracked,committed,hydrated_binary,true,true,true,true,false,assets/audio/voice/marcus/tug-intro.mp3,true,186,true,,unchanged_from_baseline,v21_same_key_different_script,prior_duration_row_exists
clara:tug-setup,clara,tug-setup,assets/audio/voice/clara/tug-setup.mp3,mp3,9704cd3591b863caa04218ff40ed077ea863e40f2af42075f607754c5d9acde8,5c28600ecbfcb467746a02995a0f7aa04026e441,154688,9613,mp3,mp3,44100,1,128000,ok,tracked,committed,hydrated_binary,true,true,true,true,false,assets/audio/voice/marcus/tug-setup.mp3,true,1765,true,,unchanged_from_baseline,v21_same_key_different_script,prior_duration_row_exists
clara:turn-on-light,clara,turn-on-light,assets/audio/voice/clara/turn-on-light.mp3,mp3,71f8258f73561dbc2deab1c6c8bb46dd10302614262684ef77edf42e8c3fb32b,02f3fbd433cd70134c5e5a0f53f6d079a6137532,49363,3019,mp3,mp3,44100,1,128000,ok,tracked,committed,hydrated_binary,true,true,true,true,true,assets/audio/voice/marcus/turn-on-light.mp3,true,558,true,,unchanged_from_baseline,not_in_v21,prior_duration_row_exists
clara:turn-side-on,clara,turn-side-on,assets/audio/voice/clara/turn-side-on.mp3,mp3,465cb496b52e7024015cb524e32e8cbd3b4728eaba67fae3a84cdcaa7a459275,e58ce25d32d7210f66dc4cf8b1aa55562d94bd26,54378,3344,mp3,mp3,44100,1,128000,ok,tracked,committed,hydrated_binary,true,true,true,true,true,assets/audio/voice/marcus/turn-side-on.mp3,true,-93,true,,unchanged_from_baseline,not_in_v21,prior_duration_row_exists
clara:you-completed,clara,you-completed,assets/audio/voice/clara/you-completed.mp3,mp3,cc9147c53280eabb359b342d06ea11e217edc8bf61ad2f233bc7dd07a02ff8dd,8ac3fb4c59b7af7fd621ccc5ac08bd0da2a42f1c,15926,929,mp3,mp3,44100,1,128000,ok,tracked,committed,hydrated_binary,true,true,true,true,true,assets/audio/voice/marcus/you-completed.mp3,true,140,true,,unchanged_from_baseline,not_in_v21,prior_duration_row_exists
marcus:balance-feet-together,marcus,balance-feet-together,assets/audio/voice/marcus/balance-feet-together.mp3,mp3,9f49ae7041cd945e8d7bf0d33fc6d09a8970ba6f2e90cf8d8c1c231fce8c655c,030214ae0d87ee294bce32cde8b72a14e894e6e7,36824,2229,mp3,mp3,44100,1,128000,ok,tracked,committed,hydrated_binary,true,true,true,true,true,assets/audio/voice/clara/balance-feet-together.mp3,true,-325,true,,unchanged_from_baseline,not_in_v21,prior_duration_row_exists
marcus:balance-intro,marcus,balance-intro,assets/audio/voice/marcus/balance-intro.mp3,mp3,44c0604ab182994e40d166cc84c9d3c2b25fb5fdba53ce42884ddb752249caa6,1bc6df79c3eca8e08606553c46b864ee3dacbcc6,134208,8313,mp3,mp3,44100,1,128000,ok,tracked,committed,hydrated_binary,true,true,true,true,false,assets/audio/voice/clara/balance-intro.mp3,true,-418,true,,unchanged_from_baseline,not_in_v21,prior_duration_row_exists
marcus:balance-semi-tandem,marcus,balance-semi-tandem,assets/audio/voice/marcus/balance-semi-tandem.mp3,mp3,80d608ecdb741e8864e9210e65799e2ec5cc5d98d666d218c4b726a83c4b755a,2586ec56ec29930769ea22cc2a2750b72a5add6b,79038,4876,mp3,mp3,44100,1,128000,ok,tracked,committed,hydrated_binary,true,true,true,true,false,assets/audio/voice/clara/balance-semi-tandem.mp3,true,511,true,,unchanged_from_baseline,not_in_v21,prior_duration_row_exists
marcus:balance-setup,marcus,balance-setup,assets/audio/voice/marcus/balance-setup.mp3,mp3,e35b5cf7e4c5987d5dfaa4c9f86c7de8d813f28b014532d65434870fbc7094da,4dfd0ede4b9a065559f2354bfe80ad6a7025c171,104533,6455,mp3,mp3,44100,1,128000,ok,tracked,committed,hydrated_binary,true,true,true,true,false,assets/audio/voice/clara/balance-setup.mp3,true,-743,true,,unchanged_from_baseline,not_in_v21,prior_duration_row_exists
marcus:balance-single-leg,marcus,balance-single-leg,assets/audio/voice/marcus/balance-single-leg.mp3,mp3,2b52465af8d17db70f33cc196c06f8abad01032d20f38d2b43ec6a1e92d9d550,6cb3695ead67618682c0bd8550c0fbb73a662da6,53124,3251,mp3,mp3,44100,1,128000,ok,tracked,committed,hydrated_binary,true,true,true,true,true,assets/audio/voice/clara/balance-single-leg.mp3,true,47,true,,unchanged_from_baseline,not_in_v21,prior_duration_row_exists
marcus:balance-tandem,marcus,balance-tandem,assets/audio/voice/marcus/balance-tandem.mp3,mp3,fec5ceda56bfe9906669e9430fa72e9a61ba7a9cb022df29c8edbda0655eafeb,5552c05acd5f3fa741c4ffc6dba9c03d1694cbe6,48527,2972,mp3,mp3,44100,1,128000,ok,tracked,committed,hydrated_binary,true,true,true,true,true,assets/audio/voice/clara/balance-tandem.mp3,true,-186,true,,unchanged_from_baseline,not_in_v21,prior_duration_row_exists
marcus:balance_no_eyes_closed_or_unstable_surface,marcus,balance_no_eyes_closed_or_unstable_surface,assets/audio/voice/marcus/balance_no_eyes_closed_or_unstable_surface.mp3,mp3,cdefb6e5cbb307fc9939f5ab9d65d980f06bf13e88001cc4f301c3dd22e53040,bc4687db17e9772a497fd83790deaa78e9274d6c,63573,3901,mp3,mp3,44100,1,128000,ok,tracked,committed,hydrated_binary,true,true,true,true,false,assets/audio/voice/clara/balance_no_eyes_closed_or_unstable_surface.mp3,true,-46,true,,unchanged_from_baseline,not_in_v21,prior_duration_row_exists
marcus:balance_stop_if_unsteady,marcus,balance_stop_if_unsteady,assets/audio/voice/marcus/balance_stop_if_unsteady.mp3,mp3,a78a014f4931a0474f2173981881e233e535af582bb6fa8afa65733718adcdfc,f64a1648dce32b0a40dc6c877bc4d576d4d214d0,47273,2879,mp3,mp3,44100,1,128000,ok,tracked,committed,hydrated_binary,true,true,true,true,false,assets/audio/voice/clara/balance_stop_if_unsteady.mp3,true,325,true,,unchanged_from_baseline,not_in_v21,prior_duration_row_exists
marcus:balance_support_within_reach,marcus,balance_support_within_reach,assets/audio/voice/marcus/balance_support_within_reach.mp3,mp3,2a5e84e98a4abfd3ab759c355c919fed34860637fa164c4c9d0589b00b6c0a36,63346a09dac38a18329d53ca44349ee09b61263e,62737,3855,mp3,mp3,44100,1,128000,ok,tracked,committed,hydrated_binary,true,true,true,true,false,assets/audio/voice/clara/balance_support_within_reach.mp3,true,140,true,,unchanged_from_baseline,not_in_v21,prior_duration_row_exists
marcus:balance_supported_if_hesitant,marcus,balance_supported_if_hesitant,assets/audio/voice/marcus/balance_supported_if_hesitant.mp3,mp3,70105472e1effdc070c3b03380183a14f546d8b87c782e7b2864a21962f4b7a5,5d6efee47c7f07fc14c72d8ed9ce7f9a4c24e74f,33898,2043,mp3,mp3,44100,1,128000,ok,tracked,committed,hydrated_binary,true,true,true,true,false,assets/audio/voice/clara/balance_supported_if_hesitant.mp3,true,-325,true,,unchanged_from_baseline,not_in_v21,prior_duration_row_exists
marcus:band_anchor_feet_secure,marcus,band_anchor_feet_secure,assets/audio/voice/marcus/band_anchor_feet_secure.mp3,mp3,15e790524de23eb38da0fda7db6e341fbbf11076a03eeb15316ef95e46b8d3a3,ac6f3795aa8b2e18616aaedb83967bb526777125,67335,4133,mp3,mp3,44100,1,128000,ok,tracked,committed,hydrated_binary,true,true,true,true,true,assets/audio/voice/clara/band_anchor_feet_secure.mp3,true,-139,true,,unchanged_from_baseline,not_in_v21,prior_duration_row_exists
marcus:band_controlled_return,marcus,band_controlled_return,assets/audio/voice/marcus/band_controlled_return.mp3,mp3,39cdb7d12f3a6176f620dc8474ff8224d8a17dc1fabdc8aa2714a6e36fd3b007,0a17c3c9b8562209abc6ca609613cbdd8cc66994,36824,2229,mp3,mp3,44100,1,128000,ok,tracked,committed,hydrated_binary,true,true,true,true,false,assets/audio/voice/clara/band_controlled_return.mp3,true,232,true,,unchanged_from_baseline,not_in_v21,prior_duration_row_exists
marcus:band_do_not_overstretch,marcus,band_do_not_overstretch,assets/audio/voice/marcus/band_do_not_overstretch.mp3,mp3,7b89bd1bce94347b0328f484e599511f48fb732124ececd5cfd5a454712479b7,cabea947edb32a84c303fbe63645da6a7022331a,51035,3111,mp3,mp3,44100,1,128000,ok,tracked,committed,hydrated_binary,true,true,true,true,false,assets/audio/voice/clara/band_do_not_overstretch.mp3,true,92,true,,unchanged_from_baseline,not_in_v21,prior_duration_row_exists
marcus:band_face_and_eyes_clear,marcus,band_face_and_eyes_clear,assets/audio/voice/marcus/band_face_and_eyes_clear.mp3,mp3,e30cc0506f4d977833734739e462a262e97808a7e651438ad888b8253c8be62e,9eb69cd9959b553007144232ddc52e941113c005,38078,2322,mp3,mp3,44100,1,128000,ok,tracked,committed,hydrated_binary,true,true,true,true,false,assets/audio/voice/clara/band_face_and_eyes_clear.mp3,true,-279,true,,unchanged_from_baseline,not_in_v21,prior_duration_row_exists
marcus:band_inspect_before_use,marcus,band_inspect_before_use,assets/audio/voice/marcus/band_inspect_before_use.mp3,mp3,39fc5fd7aa9e33055467ddecce035cfc3a8dbde547de9b6b7ca7aa911c74e3af,597816555f9d0c40885e13fe14cd35d0903bb4f3,71515,4412,mp3,mp3,44100,1,128000,ok,tracked,committed,hydrated_binary,true,true,true,true,false,assets/audio/voice/clara/band_inspect_before_use.mp3,true,-186,true,,unchanged_from_baseline,not_in_v21,prior_duration_row_exists
marcus:band_never_release_under_tension,marcus,band_never_release_under_tension,assets/audio/voice/marcus/band_never_release_under_tension.mp3,mp3,5501fbfbc24ad41942a2a9751bc2a036732a07a4ad066410c7ae3e30dbe33013,b7bd8102cb64a91185067710f45ff252f4f5ff13,30973,1858,mp3,mp3,44100,1,128000,ok,tracked,committed,hydrated_binary,true,true,true,true,false,assets/audio/voice/clara/band_never_release_under_tension.mp3,true,-46,true,,unchanged_from_baseline,not_in_v21,prior_duration_row_exists
marcus:band_secure_grip,marcus,band_secure_grip,assets/audio/voice/marcus/band_secure_grip.mp3,mp3,479949f6312b13820012c9d83b610d27e9a06154cd8ccec1755a88ddba3a178b,3eda7e8a0cc908611df74e5f04780a3f2366df71,46437,2833,mp3,mp3,44100,1,128000,ok,tracked,committed,hydrated_binary,true,true,true,true,false,assets/audio/voice/clara/band_secure_grip.mp3,true,47,true,,unchanged_from_baseline,not_in_v21,prior_duration_row_exists
marcus:band_stable_stance,marcus,band_stable_stance,assets/audio/voice/marcus/band_stable_stance.mp3,mp3,d9260f0aebcea154fe7cce8800fe434ba967a6e3a9e6c33b90ea5a4b84f720a7,00ebc47e89bb447648f29af3117cb942b2e978aa,54378,3344,mp3,mp3,44100,1,128000,ok,tracked,committed,hydrated_binary,true,true,true,true,true,assets/audio/voice/clara/band_stable_stance.mp3,true,233,true,,unchanged_from_baseline,not_in_v21,prior_duration_row_exists
marcus:band_stop_if_slips_or_shifts,marcus,band_stop_if_slips_or_shifts,assets/audio/voice/marcus/band_stop_if_slips_or_shifts.mp3,mp3,1332e726d7a12b12ca98c10833ba894a275eb651f66e32f6524510495484e17d,883f70d69979984d4f9b27236b9fa221605a93a2,83635,5155,mp3,mp3,44100,1,128000,ok,tracked,committed,hydrated_binary,true,true,true,true,false,assets/audio/voice/clara/band_stop_if_slips_or_shifts.mp3,true,418,true,,unchanged_from_baseline,not_in_v21,prior_duration_row_exists
marcus:center-yourself,marcus,center-yourself,assets/audio/voice/marcus/center-yourself.mp3,mp3,3a67928cfc2975f2826d678e02254c281c30d8d21e7e5ec52b65bf31f47cf12c,811b4e563776b81132b9292d9bdb17bd74e457bb,30973,1858,mp3,mp3,44100,1,128000,ok,tracked,committed,hydrated_binary,true,true,true,true,true,assets/audio/voice/clara/center-yourself.mp3,true,93,true,,unchanged_from_baseline,not_in_v21,prior_duration_row_exists
marcus:chair-stand-intro,marcus,chair-stand-intro,assets/audio/voice/marcus/chair-stand-intro.mp3,mp3,d86cf299e1705a8256562db02be9dc91fbea2a3fe5cd78feb5e452e1134bf0dc,6f9952980ace0eb32b55ab7f88a0778919fc4262,158450,9845,mp3,mp3,44100,1,128000,ok,tracked,committed,hydrated_binary,true,true,true,true,true,assets/audio/voice/clara/chair-stand-intro.mp3,true,1068,true,,unchanged_from_baseline,not_in_v21,prior_duration_row_exists
marcus:chair-stand-setup,marcus,chair-stand-setup,assets/audio/voice/marcus/chair-stand-setup.mp3,mp3,2b17792d114e4c670ee4a21fd342ff9472d8276db6199830657b3ff1a8b98de4,23990b4596b8a0603c213a27588bb32f4fb0316e,144657,8963,mp3,mp3,44100,1,128000,ok,tracked,committed,hydrated_binary,true,true,true,true,true,assets/audio/voice/clara/chair-stand-setup.mp3,true,650,true,,unchanged_from_baseline,not_in_v21,prior_duration_row_exists
marcus:chair_controlled_sit,marcus,chair_controlled_sit,assets/audio/voice/marcus/chair_controlled_sit.mp3,mp3,230e557079d543feb64537f9a9509c66a6614819e96079323634e68b4604256a,5749a070d765b98da9b1c1e3d52ac187596f8f6c,47691,2926,mp3,mp3,44100,1,128000,ok,tracked,committed,hydrated_binary,true,true,true,true,false,assets/audio/voice/clara/chair_controlled_sit.mp3,true,232,true,,unchanged_from_baseline,not_in_v21,prior_duration_row_exists
marcus:chair_use_sturdy_chair,marcus,chair_use_sturdy_chair,assets/audio/voice/marcus/chair_use_sturdy_chair.mp3,mp3,48e00bbbdcd91583ca0bd29b6d0e3d57e21f0ce68035fc266f11c07649d35a9e,9e3864af4081bf8ece1fa66317e097c25919610a,46437,2833,mp3,mp3,44100,1,128000,ok,tracked,committed,hydrated_binary,true,true,true,true,true,assets/audio/voice/clara/chair_use_sturdy_chair.mp3,true,232,true,,unchanged_from_baseline,not_in_v21,prior_duration_row_exists
marcus:checkup-balance-intro-v21,marcus,checkup-balance-intro-v21,assets/audio/voice/marcus/checkup-balance-intro-v21.mp3,mp3,a201a56394816cd7865ad9de3306e4a3c1627f34feedeb1376d1e7948cda43cc,,75276,4644,mp3,mp3,44100,1,128000,ok,untracked,??,hydrated_binary,true,true,true,true,false,assets/audio/voice/clara/checkup-balance-intro-v21.mp3,true,557,true,,added_since_baseline,v21_exact_key_exact_script,no_prior_duration_row; current_worktree_addition
marcus:checkup-balance-single-leg-v21,marcus,checkup-balance-single-leg-v21,assets/audio/voice/marcus/checkup-balance-single-leg-v21.mp3,mp3,557055a574d8e645ea2480c648fa7a5b5f5931fab4e9b35c83490bfcd163a0d3,,71515,4412,mp3,mp3,44100,1,128000,ok,untracked,??,hydrated_binary,true,true,true,true,false,assets/audio/voice/clara/checkup-balance-single-leg-v21.mp3,true,47,true,,added_since_baseline,v21_exact_key_exact_script,no_prior_duration_row; current_worktree_addition
marcus:checkup-chair-stand-intro-v21,marcus,checkup-chair-stand-intro-v21,assets/audio/voice/marcus/checkup-chair-stand-intro-v21.mp3,mp3,4938eb162ef79ba51a02d303183883faabdf0c2643935a300bf08a212f32069c,,74022,4551,mp3,mp3,44100,1,128000,ok,untracked,??,hydrated_binary,true,true,true,true,true,assets/audio/voice/clara/checkup-chair-stand-intro-v21.mp3,true,186,true,,added_since_baseline,v21_exact_key_exact_script,no_prior_duration_row; current_worktree_addition
marcus:checkup-chair-stand-setup-v21,marcus,checkup-chair-stand-setup-v21,assets/audio/voice/marcus/checkup-chair-stand-setup-v21.mp3,mp3,3b802577cb5552742ed621abff14d1655be146f969588338d176da342b2c02ab,,79874,4923,mp3,mp3,44100,1,128000,ok,untracked,??,hydrated_binary,true,true,true,true,true,assets/audio/voice/clara/checkup-chair-stand-setup-v21.mp3,true,93,true,,added_since_baseline,v21_exact_key_exact_script,no_prior_duration_row; current_worktree_addition
marcus:checkup-complete-v21,marcus,checkup-complete-v21,assets/audio/voice/marcus/checkup-complete-v21.mp3,mp3,4de7da4dd772f85bc5bc627bb6b04c819025ce98312c8d98af59a7c11600a837,,40586,2461,mp3,mp3,44100,1,128000,ok,untracked,??,hydrated_binary,true,true,true,true,true,assets/audio/voice/clara/checkup-complete-v21.mp3,true,185,true,,added_since_baseline,v21_exact_key_exact_script,no_prior_duration_row; current_worktree_addition
marcus:checkup-complete,marcus,checkup-complete,assets/audio/voice/marcus/checkup-complete.mp3,mp3,80f65b2effd274446ea2d4ef569cf78e21272c20a578f35c9774234ef57aa663,e37fe4c7bcb0d19d566a74d1ba379013d8b7b794,70261,4319,mp3,mp3,44100,1,128000,ok,tracked,committed,hydrated_binary,true,true,true,true,true,assets/audio/voice/clara/checkup-complete.mp3,true,-464,true,,unchanged_from_baseline,not_in_v21,prior_duration_row_exists
marcus:checkup-hinge-setup-v21,marcus,checkup-hinge-setup-v21,assets/audio/voice/marcus/checkup-hinge-setup-v21.mp3,mp3,ebf20d9b70ccb70632fbbc6337ad112f192fe84263a6eaa92e085a14b8d27692,,79038,4876,mp3,mp3,44100,1,128000,ok,untracked,??,hydrated_binary,true,true,true,true,true,assets/audio/voice/clara/checkup-hinge-setup-v21.mp3,true,-372,true,,added_since_baseline,v21_exact_key_exact_script,no_prior_duration_row; current_worktree_addition
marcus:checkup-intro,marcus,checkup-intro,assets/audio/voice/marcus/checkup-intro.mp3,mp3,5415a4d70c7ebd0c8e861e6ad3d1849d81c0339bea91564d2918f9c23540aa09,e6b246c05c614b2c39311fb311e9287735e4a1d2,150509,9334,mp3,mp3,44100,1,128000,ok,tracked,committed,hydrated_binary,true,true,true,true,true,assets/audio/voice/clara/checkup-intro.mp3,true,-140,true,,unchanged_from_baseline,not_in_v21,prior_duration_row_exists
marcus:checkup-shoulder-raise-left-v21,marcus,checkup-shoulder-raise-left-v21,assets/audio/voice/marcus/checkup-shoulder-raise-left-v21.mp3,mp3,5b05b23888323fee15355f2f50493eecef26f5f93c4761701321dce2cd9dcfef,,76948,4737,mp3,mp3,44100,1,128000,ok,untracked,??,hydrated_binary,true,true,true,true,true,assets/audio/voice/clara/checkup-shoulder-raise-left-v21.mp3,true,93,true,,added_since_baseline,v21_exact_key_exact_script,no_prior_duration_row; current_worktree_addition
marcus:checkup-shoulder-raise-right-v21,marcus,checkup-shoulder-raise-right-v21,assets/audio/voice/marcus/checkup-shoulder-raise-right-v21.mp3,mp3,bec3f3d0e51639784eb9f676e40c7759d71fc0a4da55fe2796ef17fe85fe276f,,64827,3994,mp3,mp3,44100,1,128000,ok,untracked,??,hydrated_binary,true,true,true,true,false,assets/audio/voice/clara/checkup-shoulder-raise-right-v21.mp3,true,-882,true,,added_since_baseline,v21_exact_key_exact_script,no_prior_duration_row; current_worktree_addition
marcus:checkup-shoulder-turn-left-v21,marcus,checkup-shoulder-turn-left-v21,assets/audio/voice/marcus/checkup-shoulder-turn-left-v21.mp3,mp3,248cdc7603a6dab412048ca5352bef3bd129b53098df8cba009dc1b44f7deff2,,39750,2415,mp3,mp3,44100,1,128000,ok,untracked,??,hydrated_binary,true,true,true,true,true,assets/audio/voice/clara/checkup-shoulder-turn-left-v21.mp3,true,186,true,,added_since_baseline,v21_exact_key_exact_script,no_prior_duration_row; current_worktree_addition
marcus:checkup-shoulder-turn-right-v21,marcus,checkup-shoulder-turn-right-v21,assets/audio/voice/marcus/checkup-shoulder-turn-right-v21.mp3,mp3,85174dd789c0b74cf10c8ec05ceb0cbdf857c293cc0faa78c9277f76c81cd243,,36824,2229,mp3,mp3,44100,1,128000,ok,untracked,??,hydrated_binary,true,true,true,true,false,assets/audio/voice/clara/checkup-shoulder-turn-right-v21.mp3,true,-93,true,,added_since_baseline,v21_exact_key_exact_script,no_prior_duration_row; current_worktree_addition
marcus:close-your-eyes,marcus,close-your-eyes,assets/audio/voice/marcus/close-your-eyes.mp3,mp3,10549d1034cb863639048347778c49c9fe4621b602a4be77897fa4d535392fc6,7003507c3d5572d5ab301089594e5502e66890cc,37660,2276,mp3,mp3,44100,1,128000,ok,tracked,committed,hydrated_binary,true,true,true,true,true,assets/audio/voice/clara/close-your-eyes.mp3,true,0,true,,unchanged_from_baseline,v21_exact_key_exact_script,prior_duration_row_exists
marcus:comfortable_range_only,marcus,comfortable_range_only,assets/audio/voice/marcus/comfortable_range_only.mp3,mp3,b58cb3214ad0d406ace9ab802bf9d4ac3a7d425bfe4aedf1033849ee1c4f6e32,63890e5a9790e71c8f6dc63f06c541f6c1a2bbf7,30973,1858,mp3,mp3,44100,1,128000,ok,tracked,committed,hydrated_binary,true,true,true,true,true,assets/audio/voice/clara/comfortable_range_only.mp3,true,-232,true,,unchanged_from_baseline,not_in_v21,prior_duration_row_exists
marcus:cooldown-now,marcus,cooldown-now,assets/audio/voice/marcus/cooldown-now.mp3,mp3,c1b1cd885fe75124b3637f29ee990e14fcf670e93212c67c92c57bdf4fb0ac69,bf3f9a520746e77ebbc01ee4ce913518a6e41943,40586,2461,mp3,mp3,44100,1,128000,ok,tracked,committed,hydrated_binary,true,true,true,true,false,assets/audio/voice/clara/cooldown-now.mp3,true,185,true,,unchanged_from_baseline,not_in_v21,prior_duration_row_exists
marcus:countdown-one,marcus,countdown-one,assets/audio/voice/marcus/countdown-one.mp3,mp3,08b81e0188655382d9a43853d682314a35bde72a5a028e8bab24596b4012efc6,6f3e4db65cf0f5168b4597f102b85ba72704bfe3,9239,511,mp3,mp3,44100,1,128000,ok,tracked,committed,hydrated_binary,true,true,true,true,true,assets/audio/voice/clara/countdown-one.mp3,true,0,true,,unchanged_from_baseline,v21_exact_key_exact_script,prior_duration_row_exists
marcus:countdown-three,marcus,countdown-three,assets/audio/voice/marcus/countdown-three.mp3,mp3,192e9df9221a40eec54dd5634287cb0c3c20ef6685044dddc6168d450df9e5da,068364b47de8ba1d500699f69af949045f504fd5,11328,650,mp3,mp3,44100,1,128000,ok,tracked,committed,hydrated_binary,true,true,true,true,true,assets/audio/voice/clara/countdown-three.mp3,true,-47,true,,unchanged_from_baseline,v21_exact_key_exact_script,prior_duration_row_exists
marcus:countdown-two,marcus,countdown-two,assets/audio/voice/marcus/countdown-two.mp3,mp3,09323934dcddea83758e8928dbb9c682c52b0cb9a82d6fcbf1683ef3dabbdd07,3efe05107e9b13a414d9932a4d99aa1676159ef8,11328,650,mp3,mp3,44100,1,128000,ok,tracked,committed,hydrated_binary,true,true,true,true,true,assets/audio/voice/clara/countdown-two.mp3,true,46,true,,unchanged_from_baseline,v21_exact_key_exact_script,prior_duration_row_exists
marcus:door_anchor_follow_manufacturer_setup,marcus,door_anchor_follow_manufacturer_setup,assets/audio/voice/marcus/door_anchor_follow_manufacturer_setup.mp3,mp3,1aec1abb088d7e9f4f6595f821b934af069e946b5d2b564dcc336b4eb1c02589,9c853fcd7c2dd6dc2f665409fe971b0e90a150f6,53124,3251,mp3,mp3,44100,1,128000,ok,tracked,committed,hydrated_binary,true,true,true,true,false,assets/audio/voice/clara/door_anchor_follow_manufacturer_setup.mp3,true,-604,true,,unchanged_from_baseline,not_in_v21,prior_duration_row_exists
marcus:door_anchor_fully_closed,marcus,door_anchor_fully_closed,assets/audio/voice/marcus/door_anchor_fully_closed.mp3,mp3,e104fcb7dc5578488780f695a6c7ef49b5b1aff3140808c8c041165102e321e5,dcf3d07ab8144cbb355e87f80e86cf918351d167,45601,2786,mp3,mp3,44100,1,128000,ok,tracked,committed,hydrated_binary,true,true,true,true,true,assets/audio/voice/clara/door_anchor_fully_closed.mp3,true,-511,true,,unchanged_from_baseline,not_in_v21,prior_duration_row_exists
marcus:door_anchor_stay_out_of_door_path,marcus,door_anchor_stay_out_of_door_path,assets/audio/voice/marcus/door_anchor_stay_out_of_door_path.mp3,mp3,521948e47ebdf493c9499971fac922e56ae91c1cf66b7bcd97aba17b8fe2f9bd,1a7d699885fe5c586a784cf71916f044e2de8afa,55214,3390,mp3,mp3,44100,1,128000,ok,tracked,committed,hydrated_binary,true,true,true,true,false,assets/audio/voice/clara/door_anchor_stay_out_of_door_path.mp3,true,46,true,,unchanged_from_baseline,not_in_v21,prior_duration_row_exists
marcus:door_anchor_stop_if_moves,marcus,door_anchor_stop_if_moves,assets/audio/voice/marcus/door_anchor_stop_if_moves.mp3,mp3,145fa221321f6337e5ada11d424f1eee16487ccbfcd0986f689f776b9629aca8,d5ef6499cd555065480caf5860458ab93071096a,62737,3855,mp3,mp3,44100,1,128000,ok,tracked,committed,hydrated_binary,true,true,true,true,false,assets/audio/voice/clara/door_anchor_stop_if_moves.mp3,true,-743,true,,unchanged_from_baseline,not_in_v21,prior_duration_row_exists
marcus:door_anchor_test_light_tension,marcus,door_anchor_test_light_tension,assets/audio/voice/marcus/door_anchor_test_light_tension.mp3,mp3,2a080aa61950cb8d6d05318dc36a51d1fb673b77757c493128d4a0f3d9821f32,646210e9ec6b6ca394aba462d79e55c4e27c1c1d,53124,3251,mp3,mp3,44100,1,128000,ok,tracked,committed,hydrated_binary,true,true,true,true,false,assets/audio/voice/clara/door_anchor_test_light_tension.mp3,true,-46,true,,unchanged_from_baseline,not_in_v21,prior_duration_row_exists
marcus:ex-balance,marcus,ex-balance,assets/audio/voice/marcus/ex-balance.mp3,mp3,29865e202051c30596f49209168b84bc8d4e9f968aef996f9f5e515abed47cc6,4fbd4cf8eae6d84c25f7f33d1033b775bc72deb2,105787,6548,mp3,mp3,44100,1,128000,ok,tracked,committed,hydrated_binary,true,true,true,true,false,assets/audio/voice/clara/ex-balance.mp3,true,-882,true,,unchanged_from_baseline,not_in_v21,prior_duration_row_exists
marcus:ex-glute-bridge,marcus,ex-glute-bridge,assets/audio/voice/marcus/ex-glute-bridge.mp3,mp3,c8b2a722688b8bcedebeba86bcc172aa9cdec9977ba5b43a9c662a355c8369b2,ec7c938646a12320282c0e363c6c1f7ac7207e43,133373,8266,mp3,mp3,44100,1,128000,ok,tracked,committed,hydrated_binary,true,true,true,true,false,assets/audio/voice/clara/ex-glute-bridge.mp3,true,418,true,,unchanged_from_baseline,not_in_v21,prior_duration_row_exists
marcus:ex-hamstring-reach,marcus,ex-hamstring-reach,assets/audio/voice/marcus/ex-hamstring-reach.mp3,mp3,15858a438f02bd24a0c3e2cf84c1b0bbbff3396c36e3df48ae1e67125f3848d0,813e1c4d9d0ce147a4f373ffc8828246f8318578,142150,8824,mp3,mp3,44100,1,128000,ok,tracked,committed,hydrated_binary,true,true,true,true,false,assets/audio/voice/clara/ex-hamstring-reach.mp3,true,-1579,true,,unchanged_from_baseline,not_in_v21,prior_duration_row_exists
marcus:ex-heel-raise,marcus,ex-heel-raise,assets/audio/voice/marcus/ex-heel-raise.mp3,mp3,29125b7a7a29eda96284a752d71f06f2632ccf91357ff12ebd0cc6ee06d44cf6,afddc184af0895405f26e9fb62f1476401e7085c,123759,7663,mp3,mp3,44100,1,128000,ok,tracked,committed,hydrated_binary,true,true,true,true,false,assets/audio/voice/clara/ex-heel-raise.mp3,true,-1207,true,,unchanged_from_baseline,not_in_v21,prior_duration_row_exists
marcus:ex-hip-hinge,marcus,ex-hip-hinge,assets/audio/voice/marcus/ex-hip-hinge.mp3,mp3,083a6a12b7389de93277feec8de956d2c1f6b418e439657d522115133ab4939f,660b8531e0d4721f68baa4cbf0a00d521fa57c46,161376,10031,mp3,mp3,44100,1,128000,ok,tracked,committed,hydrated_binary,true,true,true,true,false,assets/audio/voice/clara/ex-hip-hinge.mp3,true,929,true,,unchanged_from_baseline,not_in_v21,prior_duration_row_exists
marcus:ex-march,marcus,ex-march,assets/audio/voice/marcus/ex-march.mp3,mp3,765be98eb599dce3ff7b11386fc400aac130602402b50e554d9f2e24c0ec701b,66834571ccbbcf358e92585692d2617189562b34,102026,6316,mp3,mp3,44100,1,128000,ok,tracked,committed,hydrated_binary,true,true,true,true,false,assets/audio/voice/clara/ex-march.mp3,true,-836,true,,unchanged_from_baseline,not_in_v21,prior_duration_row_exists
marcus:ex-neck-rotation,marcus,ex-neck-rotation,assets/audio/voice/marcus/ex-neck-rotation.mp3,mp3,25c6771e778918f42fc23dd6fb0728eea3a2439e9b8bc1f318bd5683143f847b,9a4c47e7518bd22c9d1764a9f374fea2903cc2d1,122924,7616,mp3,mp3,44100,1,128000,ok,tracked,committed,hydrated_binary,true,true,true,true,false,assets/audio/voice/clara/ex-neck-rotation.mp3,true,325,true,,unchanged_from_baseline,not_in_v21,prior_duration_row_exists
marcus:ex-overhead,marcus,ex-overhead,assets/audio/voice/marcus/ex-overhead.mp3,mp3,66c2e5e7cc0469d78ecac34d0048a850f3517d829b6da68981b25ea3655e45ab,1277edaabaed1474efe7343519bd69a9c71d1335,97010,5991,mp3,mp3,44100,1,128000,ok,tracked,committed,hydrated_binary,true,true,true,true,false,assets/audio/voice/clara/ex-overhead.mp3,true,-46,true,,unchanged_from_baseline,not_in_v21,prior_duration_row_exists
marcus:ex-push-up,marcus,ex-push-up,assets/audio/voice/marcus/ex-push-up.mp3,mp3,c081ee6402a0c10836f6863330c10ec25e275deaf98316659ae49be20b8c51bf,e5acd66fa30a1c0fc1e7371b3a37cdc248632089,116236,7198,mp3,mp3,44100,1,128000,ok,tracked,committed,hydrated_binary,true,true,true,true,false,assets/audio/voice/clara/ex-push-up.mp3,true,-372,true,,unchanged_from_baseline,not_in_v21,prior_duration_row_exists
marcus:ex-sit-to-stand,marcus,ex-sit-to-stand,assets/audio/voice/marcus/ex-sit-to-stand.mp3,mp3,a349a017f648924525b72b6e349fc51bbebcee578d7509de8aa907fca18516f0,39230a60bfdb7dcc01753544d7fdf92d5dea2d8a,126685,7848,mp3,mp3,44100,1,128000,ok,tracked,committed,hydrated_binary,true,true,true,true,false,assets/audio/voice/clara/ex-sit-to-stand.mp3,true,-697,true,,unchanged_from_baseline,not_in_v21,prior_duration_row_exists
marcus:ex-squat,marcus,ex-squat,assets/audio/voice/marcus/ex-squat.mp3,mp3,e575bceffd7fe7bd378c43136310ea0e61e983d7f9622e8a23308eb73828ba1f,13b610f6283316d88b70e27ee0db7918b99d1a99,120834,7477,mp3,mp3,44100,1,128000,ok,tracked,committed,hydrated_binary,true,true,true,true,false,assets/audio/voice/clara/ex-squat.mp3,true,-1486,true,,unchanged_from_baseline,not_in_v21,prior_duration_row_exists
marcus:ex-step-up,marcus,ex-step-up,assets/audio/voice/marcus/ex-step-up.mp3,mp3,cf9586e2bd007c1181ab9cfed6c603d7daef7d6de43571767233c82696866504,cf332d5c2846551ca2972439e2c683b746db99b5,137970,8545,mp3,mp3,44100,1,128000,ok,tracked,committed,hydrated_binary,true,true,true,true,false,assets/audio/voice/clara/ex-step-up.mp3,true,-650,true,,unchanged_from_baseline,not_in_v21,prior_duration_row_exists
marcus:exercise-skipped,marcus,exercise-skipped,assets/audio/voice/marcus/exercise-skipped.mp3,mp3,7db11ba746286f7fa8b592ba6742e6f3a20c9dca4d39426a343b77ed6741ec66,f767c5870d8d19b36b94f0104ebc62c0be3f8de6,47273,2879,mp3,mp3,44100,1,128000,ok,tracked,committed,hydrated_binary,true,true,true,true,true,assets/audio/voice/clara/exercise-skipped.mp3,true,-186,true,,unchanged_from_baseline,not_in_v21,prior_duration_row_exists
marcus:face-forward,marcus,face-forward,assets/audio/voice/marcus/face-forward.mp3,mp3,6da2a7dc38a36e99290c4945b702a9fd40a402f1e12410786dc5a53955d0720d,e9ce4c9f6dd0434c92256b4f4f2ec999b4c344fa,49363,3019,mp3,mp3,44100,1,128000,ok,tracked,committed,hydrated_binary,true,true,true,true,true,assets/audio/voice/clara/face-forward.mp3,true,233,true,,unchanged_from_baseline,not_in_v21,prior_duration_row_exists
marcus:final-position-set-v21,marcus,final-position-set-v21,assets/audio/voice/marcus/final-position-set-v21.mp3,mp3,aee3e31392e3c55237ae9bb00c02fa0880746576ed557ad93d802ba1a95c73b0,,16762,975,mp3,mp3,44100,1,128000,ok,untracked,??,hydrated_binary,true,true,true,true,true,assets/audio/voice/clara/final-position-set-v21.mp3,true,46,true,,added_since_baseline,v21_exact_key_exact_script,no_prior_duration_row; current_worktree_addition
marcus:floor_clear_space,marcus,floor_clear_space,assets/audio/voice/marcus/floor_clear_space.mp3,mp3,c74a125d4688e813168797e3dcd601c476245f9736f309989b04382e9a5976a8,25c08bf612cce13a55b2293ab40cd0f7a4a0fb27,54378,3344,mp3,mp3,44100,1,128000,ok,tracked,committed,hydrated_binary,true,true,true,true,false,assets/audio/voice/clara/floor_clear_space.mp3,true,-46,true,,unchanged_from_baseline,not_in_v21,prior_duration_row_exists
marcus:floor_slow_transition,marcus,floor_slow_transition,assets/audio/voice/marcus/floor_slow_transition.mp3,mp3,aa8f4f71002b821ba9dc7a24941ea254da0e9e6b7b2f3d450202d84034deee8c,d582ad6819db04adb5d2f44fbb820104f2f12788,51035,3111,mp3,mp3,44100,1,128000,ok,tracked,committed,hydrated_binary,true,true,true,true,false,assets/audio/voice/clara/floor_slow_transition.mp3,true,0,true,,unchanged_from_baseline,not_in_v21,prior_duration_row_exists
marcus:floor_stop_if_transfer_unsteady,marcus,floor_stop_if_transfer_unsteady,assets/audio/voice/marcus/floor_stop_if_transfer_unsteady.mp3,mp3,5308542dc9ffc42332624e047578861baa605b9f9fe7e140e74b9c8add7e6c92,4109de7de4865adb5adb8c54c63b3853e5fe0146,71515,4412,mp3,mp3,44100,1,128000,ok,tracked,committed,hydrated_binary,true,true,true,true,false,assets/audio/voice/clara/floor_stop_if_transfer_unsteady.mp3,true,-418,true,,unchanged_from_baseline,not_in_v21,prior_duration_row_exists
marcus:floor_use_support_for_transfer,marcus,floor_use_support_for_transfer,assets/audio/voice/marcus/floor_use_support_for_transfer.mp3,mp3,3ff41e480170350b353d2b9973cf3bb77b9119021cc173cbdf90937d8e4fe781,b992320b29a741c6760e2e3b533612724a2c7cfc,50199,3065,mp3,mp3,44100,1,128000,ok,tracked,committed,hydrated_binary,true,true,true,true,false,assets/audio/voice/clara/floor_use_support_for_transfer.mp3,true,-139,true,,unchanged_from_baseline,not_in_v21,prior_duration_row_exists
marcus:framing-ready,marcus,framing-ready,assets/audio/voice/marcus/framing-ready.mp3,mp3,681c06c366824995d3717653f29360f7be3435d3f8f773391708a3d77aff0845,9802cd926a6741b4aad2b63c2b9a86c9adb720c1,30137,1811,mp3,mp3,44100,1,128000,ok,tracked,committed,hydrated_binary,true,true,true,true,true,assets/audio/voice/clara/framing-ready.mp3,true,232,true,,unchanged_from_baseline,not_in_v21,prior_duration_row_exists
marcus:global_breathe_normally,marcus,global_breathe_normally,assets/audio/voice/marcus/global_breathe_normally.mp3,mp3,a70fc715114fe49957689fe4b82081f8dc8233d6d29e391376b7c5e94eb86dcb,4eb6fc9d16dcbb9924c2a9bbaf674fa40c882351,38914,2368,mp3,mp3,44100,1,128000,ok,tracked,committed,hydrated_binary,true,true,true,true,true,assets/audio/voice/clara/global_breathe_normally.mp3,true,-326,true,,unchanged_from_baseline,not_in_v21,prior_duration_row_exists
marcus:global_clear_space,marcus,global_clear_space,assets/audio/voice/marcus/global_clear_space.mp3,mp3,bf8c6d256ebea2c84c84bb1f976c40475c9aa40bc61a09e53393558f3088b850,539f5188997025818ec89ca32134a529a29e2bbb,43511,2647,mp3,mp3,44100,1,128000,ok,tracked,committed,hydrated_binary,true,true,true,true,true,assets/audio/voice/clara/global_clear_space.mp3,true,279,true,,unchanged_from_baseline,not_in_v21,prior_duration_row_exists
marcus:global_pause_if_tracking_lost,marcus,global_pause_if_tracking_lost,assets/audio/voice/marcus/global_pause_if_tracking_lost.mp3,mp3,d0f2bdee70224eada427645f31bdc4df24705c69b11ed8455bdd7a25c30af78a,4a90d5a221a1a822f996fa4e12807d786979dd42,67753,4180,mp3,mp3,44100,1,128000,ok,tracked,committed,hydrated_binary,true,true,true,true,true,assets/audio/voice/clara/global_pause_if_tracking_lost.mp3,true,-371,true,,unchanged_from_baseline,not_in_v21,prior_duration_row_exists
marcus:global_stop_dizzy_or_lightheaded,marcus,global_stop_dizzy_or_lightheaded,assets/audio/voice/marcus/global_stop_dizzy_or_lightheaded.mp3,mp3,01eb3e3d103ff5360145f73b9a2fc11128eb2decbd4a48231477395caf129f3b,78399bf9f2dc18128b0237a28e8686196031ca3b,54378,3344,mp3,mp3,44100,1,128000,ok,tracked,committed,hydrated_binary,true,true,true,true,true,assets/audio/voice/clara/global_stop_dizzy_or_lightheaded.mp3,true,186,true,,unchanged_from_baseline,not_in_v21,prior_duration_row_exists
marcus:global_stop_if_support_moves,marcus,global_stop_if_support_moves,assets/audio/voice/marcus/global_stop_if_support_moves.mp3,mp3,d4971b30ef35840834cdc87f918e85d83b63ad9a8332eb1434d58107d23d4325,0c6c79b174af851eabdb32d6f35c3fc046ebf3c3,62737,3855,mp3,mp3,44100,1,128000,ok,tracked,committed,hydrated_binary,true,true,true,true,true,assets/audio/voice/clara/global_stop_if_support_moves.mp3,true,93,true,,unchanged_from_baseline,not_in_v21,prior_duration_row_exists
marcus:global_stop_sharp_or_increasing_pain,marcus,global_stop_sharp_or_increasing_pain,assets/audio/voice/marcus/global_stop_sharp_or_increasing_pain.mp3,mp3,87a039506a3151cf22efe9925198152e62834eef2fda34265792af504abbfd46,7f45dd589f9f2faa6f11c1719e8f74229e275f5c,53124,3251,mp3,mp3,44100,1,128000,ok,tracked,committed,hydrated_binary,true,true,true,true,true,assets/audio/voice/clara/global_stop_sharp_or_increasing_pain.mp3,true,0,true,,unchanged_from_baseline,not_in_v21,prior_duration_row_exists
marcus:go,marcus,go,assets/audio/voice/marcus/go.mp3,mp3,85d9471afe55c0fae5f8f3eaa8f912c3901cde85e0384294671a4556538bf0b4,04cd49c3909eb873ac128ad160e9ecfe04670e0b,10911,604,mp3,mp3,44100,1,128000,ok,tracked,committed,hydrated_binary,true,true,true,true,true,assets/audio/voice/clara/go.mp3,true,0,true,,unchanged_from_baseline,v21_exact_key_exact_script,prior_duration_row_exists
marcus:hinge-intro,marcus,hinge-intro,assets/audio/voice/marcus/hinge-intro.mp3,mp3,3b1549b189f79ed48c3c52ef8748d4c69fda744504398f4864cf2771d2812a80,6c5df92ede7b8fff35df41eea3d39ee4ab9f5e01,113311,7012,mp3,mp3,44100,1,128000,ok,tracked,committed,hydrated_binary,true,true,true,true,false,assets/audio/voice/clara/hinge-intro.mp3,true,418,true,,unchanged_from_baseline,not_in_v21,prior_duration_row_exists
marcus:hinge-setup,marcus,hinge-setup,assets/audio/voice/marcus/hinge-setup.mp3,mp3,7b217bba9cf74db7bd6ac06d05cb47bd3b2df8bac5948eb0936f4d693d3ed8b3,201e821ae91a74929e3701f2015b6eb10c378cd0,118326,7338,mp3,mp3,44100,1,128000,ok,tracked,committed,hydrated_binary,true,true,true,true,false,assets/audio/voice/clara/hinge-setup.mp3,true,140,true,,unchanged_from_baseline,not_in_v21,prior_duration_row_exists
marcus:hold-still,marcus,hold-still,assets/audio/voice/marcus/hold-still.mp3,mp3,111aee7f6f39ab08d99041858c382317a29ab7fc7e3d96b644f4270f7d2f34d3,814338f6afc4fc2d981f6bfd9bc33399fbbf24d4,33062,1997,mp3,mp3,44100,1,128000,ok,tracked,committed,hydrated_binary,true,true,true,true,true,assets/audio/voice/clara/hold-still.mp3,true,47,true,,unchanged_from_baseline,not_in_v21,prior_duration_row_exists
marcus:item-complete-v21,marcus,item-complete-v21,assets/audio/voice/marcus/item-complete-v21.mp3,mp3,2c0507a3a6b9d4e920eb5e25779a3124de31122bc1377b1d10ae7052737b2bab,,13836,789,mp3,mp3,44100,1,128000,ok,untracked,??,hydrated_binary,true,true,true,true,true,assets/audio/voice/clara/item-complete-v21.mp3,true,-140,true,,added_since_baseline,v21_exact_key_exact_script,no_prior_duration_row; current_worktree_addition
marcus:item-complete,marcus,item-complete,assets/audio/voice/marcus/item-complete.mp3,mp3,71973b353ec57d668652f907a1de3c49bf84384517bb2e64fb5c4dc30c89711a,77d6afbc772f3d2ea4d35ee89a370fb19cb8eef3,15926,929,mp3,mp3,44100,1,128000,ok,tracked,committed,hydrated_binary,true,true,true,true,false,assets/audio/voice/clara/item-complete.mp3,true,-93,true,,unchanged_from_baseline,not_in_v21,prior_duration_row_exists
marcus:last-set,marcus,last-set,assets/audio/voice/marcus/last-set.mp3,mp3,be957aa76ac4a1a5b16317c0d1296da4f75219239e9a17954979d004c2bf18d0,cbafa8c8aa61ae714aea0dd1cdf44a01d96498fb,28465,1718,mp3,mp3,44100,1,128000,ok,tracked,committed,hydrated_binary,true,true,true,true,true,assets/audio/voice/clara/last-set.mp3,true,-47,true,,unchanged_from_baseline,not_in_v21,prior_duration_row_exists
marcus:microcheck-balance,marcus,microcheck-balance,assets/audio/voice/marcus/microcheck-balance.mp3,mp3,be908056471af5552ac1cc1603f61c693c251d64c72e855c8ace324f49aefcec,9fbb217a255e349f19aae8a075430c4cb2f52c49,84889,5248,mp3,mp3,44100,1,128000,ok,tracked,committed,hydrated_binary,true,true,true,true,false,assets/audio/voice/clara/microcheck-balance.mp3,true,-371,true,,unchanged_from_baseline,not_in_v21,prior_duration_row_exists
marcus:microcheck-chair,marcus,microcheck-chair,assets/audio/voice/marcus/microcheck-chair.mp3,mp3,824b3da6943e880ffa4a932c40a8cb32ca94e81d0bfb47cae01badee66d2d941,da793bd5ab60432d0f3ce106870f72d3d63fa038,134208,8313,mp3,mp3,44100,1,128000,ok,tracked,committed,hydrated_binary,true,true,true,true,false,assets/audio/voice/clara/microcheck-chair.mp3,true,418,true,,unchanged_from_baseline,not_in_v21,prior_duration_row_exists
marcus:microcheck-complete,marcus,microcheck-complete,assets/audio/voice/marcus/microcheck-complete.mp3,mp3,35116c966274ac195a457629b41c95d57631c13aafa45f4b1a0cea70b102f697,1ae40d6ab73435fe7b2a90c4e82cd7b1324d6923,39750,2415,mp3,mp3,44100,1,128000,ok,tracked,committed,hydrated_binary,true,true,true,true,false,assets/audio/voice/clara/microcheck-complete.mp3,true,47,true,,unchanged_from_baseline,not_in_v21,prior_duration_row_exists
marcus:microcheck-intro,marcus,microcheck-intro,assets/audio/voice/marcus/microcheck-intro.mp3,mp3,d18b55c9484b613fe3f3a55b84d8224e22ba34b1d699c8050e8acf240c6defc1,d8e61941e477886fb947ca5cbd951cdc05063c70,47691,2926,mp3,mp3,44100,1,128000,ok,tracked,committed,hydrated_binary,true,true,true,true,false,assets/audio/voice/clara/microcheck-intro.mp3,true,-650,true,,unchanged_from_baseline,not_in_v21,prior_duration_row_exists
marcus:mobility_no_forcing,marcus,mobility_no_forcing,assets/audio/voice/marcus/mobility_no_forcing.mp3,mp3,33d6231b8dc1795b7eed434226aed3dc81d296f25d2aa8d5cc990e0f5315d264,efb72905694fe793f524e8bcd641480d1002b1a2,51035,3111,mp3,mp3,44100,1,128000,ok,tracked,committed,hydrated_binary,true,true,true,true,false,assets/audio/voice/clara/mobility_no_forcing.mp3,true,139,true,,unchanged_from_baseline,not_in_v21,prior_duration_row_exists
marcus:mpv2_balance_attempt_saved,marcus,mpv2_balance_attempt_saved,assets/audio/voice/marcus/mpv2_balance_attempt_saved.mp3,mp3,4ac8ba5bb3834ae0b45c988c4b2301a4f9d65b2a26e129de6ef92357769d6dd8,,24703,1486,mp3,mp3,44100,1,128000,ok,untracked,??,hydrated_binary,true,true,true,true,true,assets/audio/voice/clara/mpv2_balance_attempt_saved.mp3,true,93,true,,added_since_baseline,mpv2_current_only_not_in_v21_manifest,no_prior_duration_row; current_worktree_addition
marcus:mpv2_balance_attempt_start,marcus,mpv2_balance_attempt_start,assets/audio/voice/marcus/mpv2_balance_attempt_start.mp3,mp3,a78a2d42ac8321cb0951da322f3298f67212340339b05177cd80c9338cffd287,,71515,4412,mp3,mp3,44100,1,128000,ok,untracked,??,hydrated_binary,true,true,true,true,false,assets/audio/voice/clara/mpv2_balance_attempt_start.mp3,true,-325,true,,added_since_baseline,mpv2_current_only_not_in_v21_manifest,no_prior_duration_row; current_worktree_addition
marcus:mpv2_balance_complete,marcus,mpv2_balance_complete,assets/audio/voice/marcus/mpv2_balance_complete.mp3,mp3,f9ffcaaccc94f5becc0aeaa46bf0db22a8cede2e0e97f8312e5f3fd0c730fc6b,,21777,1300,mp3,mp3,44100,1,128000,ok,untracked,??,hydrated_binary,true,true,true,true,true,assets/audio/voice/clara/mpv2_balance_complete.mp3,true,-93,true,,added_since_baseline,mpv2_current_only_not_in_v21_manifest,no_prior_duration_row; current_worktree_addition
marcus:mpv2_balance_full_hold,marcus,mpv2_balance_full_hold,assets/audio/voice/marcus/mpv2_balance_full_hold.mp3,mp3,d1ece4b507e73d507b76353715a8c4979c06790099cd8b31234f3aa3ccdec290,,35988,2183,mp3,mp3,44100,1,128000,ok,untracked,??,hydrated_binary,true,true,true,true,true,assets/audio/voice/clara/mpv2_balance_full_hold.mp3,true,-93,true,,added_since_baseline,mpv2_current_only_not_in_v21_manifest,no_prior_duration_row; current_worktree_addition
marcus:mpv2_balance_ready_after_30,marcus,mpv2_balance_ready_after_30,assets/audio/voice/marcus/mpv2_balance_ready_after_30.mp3,mp3,327223dc0fb6be740392d837ad2b83f13d8df2c17d7ea89931e4dcf6f460e831,,36824,2229,mp3,mp3,44100,1,128000,ok,untracked,??,hydrated_binary,true,true,true,true,true,assets/audio/voice/clara/mpv2_balance_ready_after_30.mp3,true,-93,true,,added_since_baseline,mpv2_current_only_not_in_v21_manifest,no_prior_duration_row; current_worktree_addition
marcus:mpv2_balance_ready_after_60,marcus,mpv2_balance_ready_after_60,assets/audio/voice/marcus/mpv2_balance_ready_after_60.mp3,mp3,7bc2807280dd932d816c441761a341153d74526dd9e4a7f79d10a6275a74b859,,24703,1486,mp3,mp3,44100,1,128000,ok,untracked,??,hydrated_binary,true,true,true,true,true,assets/audio/voice/clara/mpv2_balance_ready_after_60.mp3,true,-325,true,,added_since_baseline,mpv2_current_only_not_in_v21_manifest,no_prior_duration_row; current_worktree_addition
marcus:mpv2_balance_rest,marcus,mpv2_balance_rest,assets/audio/voice/marcus/mpv2_balance_rest.mp3,mp3,97ab38ebcb035eefdbec3bb1179dfab3ea1dce13c9d30816d28838d314c680e0,,66499,4087,mp3,mp3,44100,1,128000,ok,untracked,??,hydrated_binary,true,true,true,true,true,assets/audio/voice/clara/mpv2_balance_rest.mp3,true,-93,true,,added_since_baseline,mpv2_current_only_not_in_v21_manifest,no_prior_duration_row; current_worktree_addition
marcus:mpv2_balance_tracking_retry,marcus,mpv2_balance_tracking_retry,assets/audio/voice/marcus/mpv2_balance_tracking_retry.mp3,mp3,69a96bf58ed4cc687423bdd188dcd6ab2260e7d647dc961b6a9c64cfc856761c,,91577,5666,mp3,mp3,44100,1,128000,ok,untracked,??,hydrated_binary,true,true,true,true,true,assets/audio/voice/clara/mpv2_balance_tracking_retry.mp3,true,-371,true,,added_since_baseline,mpv2_current_only_not_in_v21_manifest,no_prior_duration_row; current_worktree_addition
marcus:mpv2_balance_use_best,marcus,mpv2_balance_use_best,assets/audio/voice/marcus/mpv2_balance_use_best.mp3,mp3,f0c75bfee430be64e8237a0052103b79421d10e294aa3bbd15dd0ee66783879a,,20942,1254,mp3,mp3,44100,1,128000,ok,untracked,??,hydrated_binary,true,true,true,true,false,assets/audio/voice/clara/mpv2_balance_use_best.mp3,true,-279,true,,added_since_baseline,mpv2_current_only_not_in_v21_manifest,no_prior_duration_row; current_worktree_addition
marcus:mpv2_chair_official_ready,marcus,mpv2_chair_official_ready,assets/audio/voice/marcus/mpv2_chair_official_ready.mp3,mp3,a6dbc0b8ee399fca106eacb440b5b7f8d1420f68ce6e92a31b5ee02cc0aca6f6,,58976,3622,mp3,mp3,44100,1,128000,ok,untracked,??,hydrated_binary,true,true,true,true,false,assets/audio/voice/clara/mpv2_chair_official_ready.mp3,true,139,true,,added_since_baseline,mpv2_current_only_not_in_v21_manifest,no_prior_duration_row; current_worktree_addition
marcus:mpv2_chair_practice_start,marcus,mpv2_chair_practice_start,assets/audio/voice/marcus/mpv2_chair_practice_start.mp3,mp3,74a9c7d6b9b3216319fc79dd3427f994b969c84e6689d54c56f0d0107718e0d2,,44347,2694,mp3,mp3,44100,1,128000,ok,untracked,??,hydrated_binary,true,true,true,true,true,assets/audio/voice/clara/mpv2_chair_practice_start.mp3,true,-278,true,,added_since_baseline,mpv2_current_only_not_in_v21_manifest,no_prior_duration_row; current_worktree_addition
marcus:mpv2_checkup_intro,marcus,mpv2_checkup_intro,assets/audio/voice/marcus/mpv2_checkup_intro.mp3,mp3,b4d81972d706347602030597af5642eff509fc4a933fe5daffe4ec815acc888d,,79038,4876,mp3,mp3,44100,1,128000,ok,untracked,??,hydrated_binary,true,true,true,true,true,assets/audio/voice/clara/mpv2_checkup_intro.mp3,true,-140,true,,added_since_baseline,mpv2_current_only_not_in_v21_manifest,no_prior_duration_row; current_worktree_addition
marcus:mpv2_hinge_complete,marcus,mpv2_hinge_complete,assets/audio/voice/marcus/mpv2_hinge_complete.mp3,mp3,95b5d78431b5c886452a70e38f618e6ae56a4af0f20357446950bd3d15dc19a6,,22613,1347,mp3,mp3,44100,1,128000,ok,untracked,??,hydrated_binary,true,true,true,true,false,assets/audio/voice/clara/mpv2_hinge_complete.mp3,true,0,true,,added_since_baseline,mpv2_current_only_not_in_v21_manifest,no_prior_duration_row; current_worktree_addition
marcus:mpv2_hinge_no_measurement,marcus,mpv2_hinge_no_measurement,assets/audio/voice/marcus/mpv2_hinge_no_measurement.mp3,mp3,5b11bf570bbdc0ab325178c826ea159542beb70fc3ec2d4f486bc64af1185ec9,,54378,3344,mp3,mp3,44100,1,128000,ok,untracked,??,hydrated_binary,true,true,true,true,true,assets/audio/voice/clara/mpv2_hinge_no_measurement.mp3,true,-232,true,,added_since_baseline,mpv2_current_only_not_in_v21_manifest,no_prior_duration_row; current_worktree_addition
marcus:mpv2_shoulder_tracking_retry,marcus,mpv2_shoulder_tracking_retry,assets/audio/voice/marcus/mpv2_shoulder_tracking_retry.mp3,mp3,ac9428647282775425445dcd83e2a6188652923d338cf5a14abed9e3451fc2d8,,76112,4690,mp3,mp3,44100,1,128000,ok,untracked,??,hydrated_binary,true,true,true,true,false,assets/audio/voice/clara/mpv2_shoulder_tracking_retry.mp3,true,-743,true,,added_since_baseline,mpv2_current_only_not_in_v21_manifest,no_prior_duration_row; current_worktree_addition
marcus:next-exercise,marcus,next-exercise,assets/audio/voice/marcus/next-exercise.mp3,mp3,33eb22469ffa688fa6cc88f069dac91dd307d1a3824000dc830482937dd3010c,62f7ab26660f0ed7852ad0b62861e673ef22b810,35152,2136,mp3,mp3,44100,1,128000,ok,tracked,committed,hydrated_binary,true,true,true,true,false,assets/audio/voice/clara/next-exercise.mp3,true,-325,true,,unchanged_from_baseline,not_in_v21,prior_duration_row_exists
marcus:next-up,marcus,next-up,assets/audio/voice/marcus/next-up.mp3,mp3,3d48beff33839c7438a0d68e3e33a300ec69490fe08b58f72d74864b19da7ebb,0215abefaedbd3cbc35a953133fc2d03f71be76e,27211,1625,mp3,mp3,44100,1,128000,ok,tracked,committed,hydrated_binary,true,true,true,true,true,assets/audio/voice/clara/next-up.mp3,true,-140,true,,unchanged_from_baseline,not_in_v21,prior_duration_row_exists
marcus:no-reps,marcus,no-reps,assets/audio/voice/marcus/no-reps.mp3,mp3,3b2e7e972baff87da08de61bc658b46fcc5b19709e0938120f6cd316828fe9e2,792d74f91ba9b7c976cbbb078d49591d07a2fccd,76112,4690,mp3,mp3,44100,1,128000,ok,tracked,committed,hydrated_binary,true,true,true,true,true,assets/audio/voice/clara/no-reps.mp3,true,-326,true,,unchanged_from_baseline,not_in_v21,prior_duration_row_exists
marcus:num-0,marcus,num-0,assets/audio/voice/marcus/num-0.mp3,mp3,d11546f60df00c8f2f16b042ff2d7597c688ce2847c11c4763b04cb412000609,de3ab55b5b45b266f05cf1db50f111d419b56b49,11328,650,mp3,mp3,44100,1,128000,ok,tracked,committed,hydrated_binary,true,true,true,false,false,assets/audio/voice/clara/num-0.mp3,true,-93,true,,unchanged_from_baseline,not_in_v21,prior_duration_row_exists
marcus:num-1,marcus,num-1,assets/audio/voice/marcus/num-1.mp3,mp3,d0a18ec78215fab06d041085adb3e17686136df3ef83a2ca75d51ef9dafe8aca,06901811e8263b2d35cd5515395bf0fb72c5392f,9239,511,mp3,mp3,44100,1,128000,ok,tracked,committed,hydrated_binary,true,true,true,false,false,assets/audio/voice/clara/num-1.mp3,true,-46,true,,unchanged_from_baseline,not_in_v21,prior_duration_row_exists
marcus:num-10,marcus,num-10,assets/audio/voice/marcus/num-10.mp3,mp3,16b6675267c11890db8a6efccc22f44259646e4c0f1c9809cb8a0f2ef07255bc,3ef3c2d0d2b24a39093656e96a510228f2acd42e,10911,604,mp3,mp3,44100,1,128000,ok,tracked,committed,hydrated_binary,true,true,true,false,false,assets/audio/voice/clara/num-10.mp3,true,-93,true,,unchanged_from_baseline,not_in_v21,prior_duration_row_exists
marcus:num-11,marcus,num-11,assets/audio/voice/marcus/num-11.mp3,mp3,c85c7f95c8d4517a1737960e1d9b25c9f98d6ced8586b1278a8969f6b610f5ce,6e8847a6a5c50a83930ac16f3385647ed8b51f4a,12164,697,mp3,mp3,44100,1,128000,ok,tracked,committed,hydrated_binary,true,true,true,false,false,assets/audio/voice/clara/num-11.mp3,true,0,true,,unchanged_from_baseline,not_in_v21,prior_duration_row_exists
marcus:num-12,marcus,num-12,assets/audio/voice/marcus/num-12.mp3,mp3,0f9d0a6abde42f565ca5c57411dea3cd027fd60ab5d8183b5e9b70c139b34477,79078b7e1304a4fae0fbca366eb63d2339cc6bf1,13000,743,mp3,mp3,44100,1,128000,ok,tracked,committed,hydrated_binary,true,true,true,false,false,assets/audio/voice/clara/num-12.mp3,true,0,true,,unchanged_from_baseline,not_in_v21,prior_duration_row_exists
marcus:num-13,marcus,num-13,assets/audio/voice/marcus/num-13.mp3,mp3,332dfc2e25d974a6a2713bbd8babfa4977b55988b538967216ad7fdd8e8cfc9d,fb396d4ee70af532f69cd1e4a2cfd08a9fdae985,13836,789,mp3,mp3,44100,1,128000,ok,tracked,committed,hydrated_binary,true,true,true,false,false,assets/audio/voice/clara/num-13.mp3,true,0,true,,unchanged_from_baseline,not_in_v21,prior_duration_row_exists
marcus:num-14,marcus,num-14,assets/audio/voice/marcus/num-14.mp3,mp3,1e7c3bf3296de0aede9bef356470bf413b89fa965296bf561518bba7c39f0459,0ba4ecb5627343bbba80dd4ad3c40ff084039507,13000,743,mp3,mp3,44100,1,128000,ok,tracked,committed,hydrated_binary,true,true,true,false,false,assets/audio/voice/clara/num-14.mp3,true,-46,true,,unchanged_from_baseline,not_in_v21,prior_duration_row_exists
marcus:num-15,marcus,num-15,assets/audio/voice/marcus/num-15.mp3,mp3,cf341fa612746f578245543b05309e2e6e961b79dfd3225c3903e3bce44ee810,d44cb65bab4dcc707501a82f2037429a54822187,12164,697,mp3,mp3,44100,1,128000,ok,tracked,committed,hydrated_binary,true,true,true,false,false,assets/audio/voice/clara/num-15.mp3,true,-139,true,,unchanged_from_baseline,not_in_v21,prior_duration_row_exists
marcus:num-16,marcus,num-16,assets/audio/voice/marcus/num-16.mp3,mp3,67a1b9cf783d0948cee8b69e49ba8546dca723ee1b73a671ab09a1c8ed601502,773d3baa77abd84498f78ae62eeee24a4414d9b7,13836,789,mp3,mp3,44100,1,128000,ok,tracked,committed,hydrated_binary,true,true,true,false,false,assets/audio/voice/clara/num-16.mp3,true,0,true,,unchanged_from_baseline,not_in_v21,prior_duration_row_exists
marcus:num-17,marcus,num-17,assets/audio/voice/marcus/num-17.mp3,mp3,b770c010fe2e1bb1c5a0742247442b4c7fcbd6f9229059142afd6fa1a9bf7b76,ccabbb1ea3464c963037948c83ce4fe99a5e1b6b,15090,882,mp3,mp3,44100,1,128000,ok,tracked,committed,hydrated_binary,true,true,true,false,false,assets/audio/voice/clara/num-17.mp3,true,-47,true,,unchanged_from_baseline,not_in_v21,prior_duration_row_exists
marcus:num-18,marcus,num-18,assets/audio/voice/marcus/num-18.mp3,mp3,b968d7ae1708044d539b8a188e5eeaaec5d709f4ba09e0e77096ecd15b6cd27a,4e1b5ef5bfd1fb285f69498e91b3f9937fbf4e0b,12164,697,mp3,mp3,44100,1,128000,ok,tracked,committed,hydrated_binary,true,true,true,false,false,assets/audio/voice/clara/num-18.mp3,true,-139,true,,unchanged_from_baseline,not_in_v21,prior_duration_row_exists
marcus:num-19,marcus,num-19,assets/audio/voice/marcus/num-19.mp3,mp3,106446ca0cf65f79cdeddfe955acdd1db7ca11a2cbf4edb4bc0c2d16935b4068,954021114046dcd32c0c3bb7ec4ba0ae8df62c1b,14254,836,mp3,mp3,44100,1,128000,ok,tracked,committed,hydrated_binary,true,true,true,false,false,assets/audio/voice/clara/num-19.mp3,true,0,true,,unchanged_from_baseline,not_in_v21,prior_duration_row_exists
marcus:num-2,marcus,num-2,assets/audio/voice/marcus/num-2.mp3,mp3,b5585569483b1056d509fcccf58c7f17c70e4c1b1436282e87baa771db4e99d5,e7f68ab90d4a7b696359f62c595f53f889c8ed17,11328,650,mp3,mp3,44100,1,128000,ok,tracked,committed,hydrated_binary,true,true,true,false,false,assets/audio/voice/clara/num-2.mp3,true,0,true,,unchanged_from_baseline,not_in_v21,prior_duration_row_exists
marcus:num-20,marcus,num-20,assets/audio/voice/marcus/num-20.mp3,mp3,7d9a695e3116b39f9482e1e22bac00b3e1b6ed400b305942ce23ac5e5d2a4ed3,0c7bac490bddfc31bc7b4a96d7638696289bb962,13000,743,mp3,mp3,44100,1,128000,ok,tracked,committed,hydrated_binary,true,true,true,false,false,assets/audio/voice/clara/num-20.mp3,true,-46,true,,unchanged_from_baseline,not_in_v21,prior_duration_row_exists
marcus:num-21,marcus,num-21,assets/audio/voice/marcus/num-21.mp3,mp3,71b4b791ec43ee70377bef9e9ea9c9aaf0164dce5489931ae302c7b4552b6958,c36253683d295dc5ef63ce90c9be9628ca9913a8,14254,836,mp3,mp3,44100,1,128000,ok,tracked,committed,hydrated_binary,true,true,true,false,false,assets/audio/voice/clara/num-21.mp3,true,0,true,,unchanged_from_baseline,not_in_v21,prior_duration_row_exists
marcus:num-22,marcus,num-22,assets/audio/voice/marcus/num-22.mp3,mp3,81705f069e8bd4da7264f5b144c264e2189e4ba859db048aa7b29fcf6c123817,ab553ee5d2c8b8bec0f3d78d7626860bfded3ff8,13836,789,mp3,mp3,44100,1,128000,ok,tracked,committed,hydrated_binary,true,true,true,false,false,assets/audio/voice/clara/num-22.mp3,true,-47,true,,unchanged_from_baseline,not_in_v21,prior_duration_row_exists
marcus:num-23,marcus,num-23,assets/audio/voice/marcus/num-23.mp3,mp3,15b53df8fbbe8e0e4acb210a5221e867fb1f6149fc5b93b81f6a37d5b26feaee,ede248d1708fbf8019bdd0dded31774257f6df51,15926,929,mp3,mp3,44100,1,128000,ok,tracked,committed,hydrated_binary,true,true,true,false,false,assets/audio/voice/clara/num-23.mp3,true,-46,true,,unchanged_from_baseline,not_in_v21,prior_duration_row_exists
marcus:num-24,marcus,num-24,assets/audio/voice/marcus/num-24.mp3,mp3,b89cc6881d2748fcc361087847998ab80502689206bf6b8dbabb4fecbb4fffbe,80d2c27f88966299af5444996712030c0f8e8708,14254,836,mp3,mp3,44100,1,128000,ok,tracked,committed,hydrated_binary,true,true,true,false,false,assets/audio/voice/clara/num-24.mp3,true,-93,true,,unchanged_from_baseline,not_in_v21,prior_duration_row_exists
marcus:num-25,marcus,num-25,assets/audio/voice/marcus/num-25.mp3,mp3,c4fd7f5913ea83b4d336b1d1b764b76d0ec11e6e9a5c2f8ea04d7a44a3add1ac,9eadc29a129e9f35239d5273d385e6fdafb678bc,15926,929,mp3,mp3,44100,1,128000,ok,tracked,committed,hydrated_binary,true,true,true,false,false,assets/audio/voice/clara/num-25.mp3,true,-46,true,,unchanged_from_baseline,not_in_v21,prior_duration_row_exists
marcus:num-26,marcus,num-26,assets/audio/voice/marcus/num-26.mp3,mp3,d30677cf5db52390e7022619af993646be59b26c4fd29f12e5da3089ed3af9ee,9a2cf073b9e4b24510389e5dc26cf8d24ba8af8f,16762,975,mp3,mp3,44100,1,128000,ok,tracked,committed,hydrated_binary,true,true,true,false,false,assets/audio/voice/clara/num-26.mp3,true,46,true,,unchanged_from_baseline,not_in_v21,prior_duration_row_exists
marcus:num-27,marcus,num-27,assets/audio/voice/marcus/num-27.mp3,mp3,c0d8a38e9b54b2bade522559f70120e21902dd9b0aa881ecb19117e4ec86a9b7,0e48da54a20028ccc0540f10e61239a74833dbed,15926,929,mp3,mp3,44100,1,128000,ok,tracked,committed,hydrated_binary,true,true,true,false,false,assets/audio/voice/clara/num-27.mp3,true,0,true,,unchanged_from_baseline,not_in_v21,prior_duration_row_exists
marcus:num-28,marcus,num-28,assets/audio/voice/marcus/num-28.mp3,mp3,eb69a92c62aa950937fe9ae8c6beb7eee6920df8cc599e497a207c5efcf3500e,915bc03771101e69e696b52641997bb18f195394,14254,836,mp3,mp3,44100,1,128000,ok,tracked,committed,hydrated_binary,true,true,true,false,false,assets/audio/voice/clara/num-28.mp3,true,-139,true,,unchanged_from_baseline,not_in_v21,prior_duration_row_exists
marcus:num-29,marcus,num-29,assets/audio/voice/marcus/num-29.mp3,mp3,64ae814951f7c65c65e9c0b86be9b6cde76d22901882111c12e2d4abb4b626be,0e53637e95585c584da3444982a5a0a15037408d,15926,929,mp3,mp3,44100,1,128000,ok,tracked,committed,hydrated_binary,true,true,true,false,false,assets/audio/voice/clara/num-29.mp3,true,47,true,,unchanged_from_baseline,not_in_v21,prior_duration_row_exists
marcus:num-3,marcus,num-3,assets/audio/voice/marcus/num-3.mp3,mp3,b948fcab7d9a077128f675005b9a778edb8b859abaa61d7a51d3be06793c3e83,9647ae04e8249fde4abf39a8f0103b8ece7cf15a,11328,650,mp3,mp3,44100,1,128000,ok,tracked,committed,hydrated_binary,true,true,true,false,false,assets/audio/voice/clara/num-3.mp3,true,-47,true,,unchanged_from_baseline,not_in_v21,prior_duration_row_exists
marcus:num-30,marcus,num-30,assets/audio/voice/marcus/num-30.mp3,mp3,5f453de74cb2979329557268be2c7b24324714097a7b8108be5d5130fd52f0b2,071d6eb9d47ca66c5e509183f1e11c539b2a0b8a,13836,789,mp3,mp3,44100,1,128000,ok,tracked,committed,hydrated_binary,true,true,true,false,false,assets/audio/voice/clara/num-30.mp3,true,-47,true,,unchanged_from_baseline,not_in_v21,prior_duration_row_exists
marcus:num-31,marcus,num-31,assets/audio/voice/marcus/num-31.mp3,mp3,bc35dd3fb00b11ef63b8807f8a23997bbb37f7c3cf68ec4c7a63065a852fbab5,39d62d2775f925437645799fa39e415df284ca83,13836,789,mp3,mp3,44100,1,128000,ok,tracked,committed,hydrated_binary,true,true,true,false,false,assets/audio/voice/clara/num-31.mp3,true,-47,true,,unchanged_from_baseline,not_in_v21,prior_duration_row_exists
marcus:num-32,marcus,num-32,assets/audio/voice/marcus/num-32.mp3,mp3,b8e812269c340447e62ff290605c34284a30661fc6ddb932534ba0b6dd0caf6d,5943b845745a27e20f210662abc704ae51598ac5,15090,882,mp3,mp3,44100,1,128000,ok,tracked,committed,hydrated_binary,true,true,true,false,false,assets/audio/voice/clara/num-32.mp3,true,0,true,,unchanged_from_baseline,not_in_v21,prior_duration_row_exists
marcus:num-33,marcus,num-33,assets/audio/voice/marcus/num-33.mp3,mp3,84d71be5a2913d3663373ca6e911e1b236d86c3c4a9d4c21439e2d71be83c187,f76d589abd85b04e80a2870f32787e762280012b,16762,975,mp3,mp3,44100,1,128000,ok,tracked,committed,hydrated_binary,true,true,true,false,false,assets/audio/voice/clara/num-33.mp3,true,0,true,,unchanged_from_baseline,not_in_v21,prior_duration_row_exists
marcus:num-34,marcus,num-34,assets/audio/voice/marcus/num-34.mp3,mp3,1a09330025997ecf10b45cb2edd3ad4d684ede9c0707ddd25572e586ed9eece4,c93982d07d971fa2432e54de21e832083a6bffcc,17598,1022,mp3,mp3,44100,1,128000,ok,tracked,committed,hydrated_binary,true,true,true,false,false,assets/audio/voice/clara/num-34.mp3,true,93,true,,unchanged_from_baseline,not_in_v21,prior_duration_row_exists
marcus:num-35,marcus,num-35,assets/audio/voice/marcus/num-35.mp3,mp3,fc8d46c4056beb4f487da35f6d02810248354057a61d6f28c92bebeb2e64a4c0,029cdb8393171390a5e6dc7fd2eacfb67c1ab950,16762,975,mp3,mp3,44100,1,128000,ok,tracked,committed,hydrated_binary,true,true,true,false,false,assets/audio/voice/clara/num-35.mp3,true,-47,true,,unchanged_from_baseline,not_in_v21,prior_duration_row_exists
marcus:num-36,marcus,num-36,assets/audio/voice/marcus/num-36.mp3,mp3,adf27659b21aed4ceef1ff8f0dcb579f6329708642ff712675c5edf532028534,712cfd506654912319cf7b72ce1e0c1b70d60014,15090,882,mp3,mp3,44100,1,128000,ok,tracked,committed,hydrated_binary,true,true,true,false,false,assets/audio/voice/clara/num-36.mp3,true,-93,true,,unchanged_from_baseline,not_in_v21,prior_duration_row_exists
marcus:num-37,marcus,num-37,assets/audio/voice/marcus/num-37.mp3,mp3,d22fd2f9988e2255f7475377a9114074fb5acc46c41136f4cbbb8fda0fe2baf3,dbc9228d91a00f48b8256a90afd9b8e04380cd68,15090,882,mp3,mp3,44100,1,128000,ok,tracked,committed,hydrated_binary,true,true,true,false,false,assets/audio/voice/clara/num-37.mp3,true,-47,true,,unchanged_from_baseline,not_in_v21,prior_duration_row_exists
marcus:num-38,marcus,num-38,assets/audio/voice/marcus/num-38.mp3,mp3,155089601b59a83a7a3027b506c6c6d5ff284013ab4cb293a362a583a0bbd5c4,dd42899ce58022e9252638a222b5969e9d115a4e,14254,836,mp3,mp3,44100,1,128000,ok,tracked,committed,hydrated_binary,true,true,true,false,false,assets/audio/voice/clara/num-38.mp3,true,-46,true,,unchanged_from_baseline,not_in_v21,prior_duration_row_exists
marcus:num-39,marcus,num-39,assets/audio/voice/marcus/num-39.mp3,mp3,b579e3c0b548e8b6c4b0a91616f605711a5575f4c38a0a9c2b40670e7991c099,60ad7b4c376f3fc8960a917c8becf0dde765bba5,15090,882,mp3,mp3,44100,1,128000,ok,tracked,committed,hydrated_binary,true,true,true,false,false,assets/audio/voice/clara/num-39.mp3,true,-47,true,,unchanged_from_baseline,not_in_v21,prior_duration_row_exists
marcus:num-4,marcus,num-4,assets/audio/voice/marcus/num-4.mp3,mp3,dda2ddaf830e0e218dce8bcd53af8239550bf2b5fb6286b162ea9b8f5265ae3c,96aa2822096971114e1471334a064d3c62c4296a,10075,557,mp3,mp3,44100,1,128000,ok,tracked,committed,hydrated_binary,true,true,true,false,false,assets/audio/voice/clara/num-4.mp3,true,-47,true,,unchanged_from_baseline,not_in_v21,prior_duration_row_exists
marcus:num-40,marcus,num-40,assets/audio/voice/marcus/num-40.mp3,mp3,2a4020073da3210b3b1e8ed24bff983f21bc4c0895f64ced2f8c26a1c03e7eb1,727adad913ce1b66158228242ef1046cbb173ab4,13000,743,mp3,mp3,44100,1,128000,ok,tracked,committed,hydrated_binary,true,true,true,false,false,assets/audio/voice/clara/num-40.mp3,true,-93,true,,unchanged_from_baseline,not_in_v21,prior_duration_row_exists
marcus:num-5,marcus,num-5,assets/audio/voice/marcus/num-5.mp3,mp3,a394559667b0aceedc84792062a6aa085c55adcf644a7d6b2df395a45271cb01,9504270dba24bcd04c72f90a6edc9f65603d4970,13000,743,mp3,mp3,44100,1,128000,ok,tracked,committed,hydrated_binary,true,true,true,false,false,assets/audio/voice/clara/num-5.mp3,true,-46,true,,unchanged_from_baseline,not_in_v21,prior_duration_row_exists
marcus:num-6,marcus,num-6,assets/audio/voice/marcus/num-6.mp3,mp3,8e2a608cf6870d2e4d101bc505a8c720e7e433b5db0e569ec51e19e715c563cd,67a4e0ebf428ba625383b5f73fbdfc0d2076ad7d,12164,697,mp3,mp3,44100,1,128000,ok,tracked,committed,hydrated_binary,true,true,true,false,false,assets/audio/voice/clara/num-6.mp3,true,47,true,,unchanged_from_baseline,not_in_v21,prior_duration_row_exists
marcus:num-7,marcus,num-7,assets/audio/voice/marcus/num-7.mp3,mp3,4c1cf1b218cf9af9edca8bda5906fe0b6e2254dda87a7c9243a63684ef4a77e3,dcc63b732a0b40e3a7936b45f96ba51c34afb59d,11328,650,mp3,mp3,44100,1,128000,ok,tracked,committed,hydrated_binary,true,true,true,false,false,assets/audio/voice/clara/num-7.mp3,true,-47,true,,unchanged_from_baseline,not_in_v21,prior_duration_row_exists
marcus:num-8,marcus,num-8,assets/audio/voice/marcus/num-8.mp3,mp3,476c33d41da61ed49af3dbd0a663ef36d18d9e3cbab4dd47028c01ba345afd70,f0726aba79a48fd0e84bfc1d4b4ad7a90dde42f9,10911,604,mp3,mp3,44100,1,128000,ok,tracked,committed,hydrated_binary,true,true,true,false,true,assets/audio/voice/clara/num-8.mp3,true,-46,true,,unchanged_from_baseline,not_in_v21,prior_duration_row_exists
marcus:num-9,marcus,num-9,assets/audio/voice/marcus/num-9.mp3,mp3,68353f7c71b6c38e4cd4196fd8f2533690ab035256c2cece597ff33f85a99f23,b9ed64e81d0d15c022b5cf319785e89a2cf52d23,11328,650,mp3,mp3,44100,1,128000,ok,tracked,committed,hydrated_binary,true,true,true,false,false,assets/audio/voice/clara/num-9.mp3,true,-47,true,,unchanged_from_baseline,not_in_v21,prior_duration_row_exists
marcus:open-your-eyes,marcus,open-your-eyes,assets/audio/voice/marcus/open-your-eyes.mp3,mp3,af1de807ed1d49b1b59d06b7cc18e0d39afb57b49577e20f4b95811da1351347,d7b4c9b0d9e420451693a9d7d8a01f8375860a32,21777,1300,mp3,mp3,44100,1,128000,ok,tracked,committed,hydrated_binary,true,true,true,true,true,assets/audio/voice/clara/open-your-eyes.mp3,true,-140,true,,unchanged_from_baseline,v21_exact_key_exact_script,prior_duration_row_exists
marcus:relax-arm,marcus,relax-arm,assets/audio/voice/marcus/relax-arm.mp3,mp3,0cc7d52bd7eda3d04256c54413579f6227a0c8ee93269ace9fcf05272e9bcbb9,9bc9589cab7aa76188069e01c48fc9b53c7ab0f2,35988,2183,mp3,mp3,44100,1,128000,ok,tracked,committed,hydrated_binary,true,true,true,true,false,assets/audio/voice/clara/relax-arm.mp3,true,-185,true,,unchanged_from_baseline,not_in_v21,prior_duration_row_exists
marcus:rest-now,marcus,rest-now,assets/audio/voice/marcus/rest-now.mp3,mp3,8654a84d945739193befc1349f51ff315261acfe08b212280fe6c44c731e79c4,97055176de5862d0111919d70594f4a48e4edfeb,28465,1718,mp3,mp3,44100,1,128000,ok,tracked,committed,hydrated_binary,true,true,true,true,true,assets/audio/voice/clara/rest-now.mp3,true,278,true,,unchanged_from_baseline,not_in_v21,prior_duration_row_exists
marcus:retry-v21,marcus,retry-v21,assets/audio/voice/marcus/retry-v21.mp3,mp3,bc48a551c24d6d43f365590818c4e5a67a850ec768ff5fdb09f3f69d144d8a59,,19688,1161,mp3,mp3,44100,1,128000,ok,untracked,??,hydrated_binary,true,true,true,true,false,assets/audio/voice/clara/retry-v21.mp3,true,-46,true,,added_since_baseline,v21_exact_key_exact_script,no_prior_duration_row; current_worktree_addition
marcus:session-complete,marcus,session-complete,assets/audio/voice/marcus/session-complete.mp3,mp3,e750fd380dc6c64251c546143f361bf63ea472ff4ac930bdee8c55dfe6e26f56,58dad041de347573a7c8df156268f6c6dfd1483d,76112,4690,mp3,mp3,44100,1,128000,ok,tracked,committed,hydrated_binary,true,true,true,true,true,assets/audio/voice/clara/session-complete.mp3,true,-47,true,,unchanged_from_baseline,not_in_v21,prior_duration_row_exists
marcus:set-done,marcus,set-done,assets/audio/voice/marcus/set-done.mp3,mp3,0bffae65255ed7d161dd5ff678f87472c9ca4d53a8404938b758f5f5323eea01,2681fedb3baac5af8a94788895b491889ed45bef,14254,836,mp3,mp3,44100,1,128000,ok,tracked,committed,hydrated_binary,true,true,true,true,false,assets/audio/voice/clara/set-done.mp3,true,-93,true,,unchanged_from_baseline,not_in_v21,prior_duration_row_exists
marcus:shoulder-intro,marcus,shoulder-intro,assets/audio/voice/marcus/shoulder-intro.mp3,mp3,f0faa145da88b37caf446a8e5416e84f68af5dfc524aad82df3fe410af3f6cba,e8256e1d27ddb2eb50cb9ded9b47f718e6d77711,98264,6084,mp3,mp3,44100,1,128000,ok,tracked,committed,hydrated_binary,true,true,true,true,false,assets/audio/voice/clara/shoulder-intro.mp3,true,-510,true,,unchanged_from_baseline,not_in_v21,prior_duration_row_exists
marcus:shoulder-setup,marcus,shoulder-setup,assets/audio/voice/marcus/shoulder-setup.mp3,mp3,9c927644cfb0933d5ffbbc16f295d0f8b305b40a5c2c7327368f803dad7a00ee,c4257aac24cb43fbf2723bba242537cf7c62d47b,105787,6548,mp3,mp3,44100,1,128000,ok,tracked,committed,hydrated_binary,true,true,true,true,false,assets/audio/voice/clara/shoulder-setup.mp3,true,186,true,,unchanged_from_baseline,not_in_v21,prior_duration_row_exists
marcus:stand-tall,marcus,stand-tall,assets/audio/voice/marcus/stand-tall.mp3,mp3,bfd96e306616b7363ad05fb1e27784fe2862078d653617facbaad10499cd731c,dfd461fc838aab6d7ffaefb4e68adb489e3a4f32,38914,2368,mp3,mp3,44100,1,128000,ok,tracked,committed,hydrated_binary,true,true,true,true,false,assets/audio/voice/clara/stand-tall.mp3,true,-558,true,,unchanged_from_baseline,not_in_v21,prior_duration_row_exists
marcus:stands-suffix,marcus,stands-suffix,assets/audio/voice/marcus/stands-suffix.mp3,mp3,f0b717917a5c8a416d881a519b3a5bb9c27270b7bf1ccbac2ec15f0d0767b49d,dc51e53bafc64e29390eb4314e5392448682b77b,25539,1533,mp3,mp3,44100,1,128000,ok,tracked,committed,hydrated_binary,true,true,true,true,true,assets/audio/voice/clara/stands-suffix.mp3,true,-92,true,,unchanged_from_baseline,not_in_v21,prior_duration_row_exists
marcus:step-back,marcus,step-back,assets/audio/voice/marcus/step-back.mp3,mp3,fc4edccd1824adbe02f12ce57508646d54f97ada80823d60edb1beedb4fee6e5,16895670a1a640638be863d1ef6d76272887fe2f,22613,1347,mp3,mp3,44100,1,128000,ok,tracked,committed,hydrated_binary,true,true,true,true,true,assets/audio/voice/clara/step-back.mp3,true,-93,true,,unchanged_from_baseline,not_in_v21,prior_duration_row_exists
marcus:step-closer,marcus,step-closer,assets/audio/voice/marcus/step-closer.mp3,mp3,b190fae0f2685a4708ea280e953a0309beae96d153275ab3f27a8e4c4fb6d619,cfb76a60b56a46f7828852676bfe2247ddb07886,24285,1440,mp3,mp3,44100,1,128000,ok,tracked,committed,hydrated_binary,true,true,true,true,true,assets/audio/voice/clara/step-closer.mp3,true,-139,true,,unchanged_from_baseline,not_in_v21,prior_duration_row_exists
marcus:step-into-frame,marcus,step-into-frame,assets/audio/voice/marcus/step-into-frame.mp3,mp3,4f1c41f3b83f0a2b5c721ddaedb162939779640aae5908ba912bc1a33edaeb9b,fa0da63485feb3801006ba31ed4e43ac5b51dedd,53124,3251,mp3,mp3,44100,1,128000,ok,tracked,committed,hydrated_binary,true,true,true,true,true,assets/audio/voice/clara/step-into-frame.mp3,true,325,true,,unchanged_from_baseline,not_in_v21,prior_duration_row_exists
marcus:step_clear_dry_area,marcus,step_clear_dry_area,assets/audio/voice/marcus/step_clear_dry_area.mp3,mp3,13ef219866be64f74c4a8543ba8a5617a70a381486343fba89c1499fc04cd206,ed6a4f94e8ea6192698301aae88a36e943940053,46437,2833,mp3,mp3,44100,1,128000,ok,tracked,committed,hydrated_binary,true,true,true,true,false,assets/audio/voice/clara/step_clear_dry_area.mp3,true,-46,true,,unchanged_from_baseline,not_in_v21,prior_duration_row_exists
marcus:step_controlled_return,marcus,step_controlled_return,assets/audio/voice/marcus/step_controlled_return.mp3,mp3,88c4620e49e25c994b2a901e82c4d7450dcdb28dd770ade4d2a53dadee22c440,13bc3b7d228c45b9a7239733ea125be0d962e91c,52288,3204,mp3,mp3,44100,1,128000,ok,tracked,committed,hydrated_binary,true,true,true,true,false,assets/audio/voice/clara/step_controlled_return.mp3,true,93,true,,unchanged_from_baseline,not_in_v21,prior_duration_row_exists
marcus:step_fixed_support_nearby,marcus,step_fixed_support_nearby,assets/audio/voice/marcus/step_fixed_support_nearby.mp3,mp3,d26f728f22a0be61dfe1f1854e634cf7266c06e3b2ae0c1cf2552a22cbdb2c00,92c115e4dde75423ded8d3caefd9f3cee29af398,58976,3622,mp3,mp3,44100,1,128000,ok,tracked,committed,hydrated_binary,true,true,true,true,false,assets/audio/voice/clara/step_fixed_support_nearby.mp3,true,-279,true,,unchanged_from_baseline,not_in_v21,prior_duration_row_exists
marcus:step_phone_out_of_path,marcus,step_phone_out_of_path,assets/audio/voice/marcus/step_phone_out_of_path.mp3,mp3,47878864d8f42c88da474eada18b0a3bcce4ed7086427565f505a3b78e7ef019,c820cf5bbe3e36c9965a65da8aef0e0eb8ec5f24,47691,2926,mp3,mp3,44100,1,128000,ok,tracked,committed,hydrated_binary,true,true,true,true,false,assets/audio/voice/clara/step_phone_out_of_path.mp3,true,140,true,,unchanged_from_baseline,not_in_v21,prior_duration_row_exists
marcus:step_stop_if_unstable,marcus,step_stop_if_unstable,assets/audio/voice/marcus/step_stop_if_unstable.mp3,mp3,9ab67bf96bea032f4b70d2b5b4eda23d04df8325baac6622d8d1a64d87462ff6,34b50653f38680eac1a18ffed309b96bcfefe5e1,64409,3947,mp3,mp3,44100,1,128000,ok,tracked,committed,hydrated_binary,true,true,true,true,false,assets/audio/voice/clara/step_stop_if_unstable.mp3,true,232,true,,unchanged_from_baseline,not_in_v21,prior_duration_row_exists
marcus:step_use_low_stable_step,marcus,step_use_low_stable_step,assets/audio/voice/marcus/step_use_low_stable_step.mp3,mp3,f3330c18d581e5779f956fe76339bb3d05e41debf78b256a132c7c02e799a886,a9f80754d778def38a7d6c3e6297b3dc3d983a79,41839,2554,mp3,mp3,44100,1,128000,ok,tracked,committed,hydrated_binary,true,true,true,true,false,assets/audio/voice/clara/step_use_low_stable_step.mp3,true,-186,true,,unchanged_from_baseline,not_in_v21,prior_duration_row_exists
marcus:support_keep_support_within_reach,marcus,support_keep_support_within_reach,assets/audio/voice/marcus/support_keep_support_within_reach.mp3,mp3,e48df1dbbe08c7af9339836c5862418cac9d70b14d1d55177b7d8394167b56fc,6b0127391cd6b4de70728e84d62c2068c11e0821,46437,2833,mp3,mp3,44100,1,128000,ok,tracked,committed,hydrated_binary,true,true,true,true,true,assets/audio/voice/clara/support_keep_support_within_reach.mp3,true,93,true,,unchanged_from_baseline,not_in_v21,prior_duration_row_exists
marcus:support_use_sturdy_support,marcus,support_use_sturdy_support,assets/audio/voice/marcus/support_use_sturdy_support.mp3,mp3,480ba6f90cf5fcb81682f0289075d384e1b94ae0c91cf4c38e381f13c95f93d7,a3181d895a3bd1003a37f14c0c06137360b8e258,53960,3297,mp3,mp3,44100,1,128000,ok,tracked,committed,hydrated_binary,true,true,true,true,false,assets/audio/voice/clara/support_use_sturdy_support.mp3,true,139,true,,unchanged_from_baseline,not_in_v21,prior_duration_row_exists
marcus:thats-your-set,marcus,thats-your-set,assets/audio/voice/marcus/thats-your-set.mp3,mp3,6d52805e9dc351a6abd9fa3c13684e3db2348b03dda52d4d23090ed992b79ffc,2ee23583c0a8a52879e71e2f9922ac1bff4c647c,24703,1486,mp3,mp3,44100,1,128000,ok,tracked,committed,hydrated_binary,true,true,true,true,true,assets/audio/voice/clara/thats-your-set.mp3,true,0,true,,unchanged_from_baseline,not_in_v21,prior_duration_row_exists
marcus:time-to-retest,marcus,time-to-retest,assets/audio/voice/marcus/time-to-retest.mp3,mp3,a91e8a282cbb7bae3af9d618c987604ad1a488085bac399941120774d89681c1,33298231ed13445353b313b63edfc219502efb5a,91159,5619,mp3,mp3,44100,1,128000,ok,tracked,committed,hydrated_binary,true,true,true,true,false,assets/audio/voice/clara/time-to-retest.mp3,true,278,true,,unchanged_from_baseline,not_in_v21,prior_duration_row_exists
marcus:times-up-v21,marcus,times-up-v21,assets/audio/voice/marcus/times-up-v21.mp3,mp3,fb72dd65880bc5e1f0bf052abf7b1fb08005c50c4c9954b6ba9aaf2ba6fcf423,,13000,743,mp3,mp3,44100,1,128000,ok,untracked,??,hydrated_binary,true,true,true,true,false,assets/audio/voice/clara/times-up-v21.mp3,true,0,true,,added_since_baseline,v21_exact_key_exact_script,no_prior_duration_row; current_worktree_addition
marcus:times-up,marcus,times-up,assets/audio/voice/marcus/times-up.mp3,mp3,83331412e0e73ad3d7bc6d5b502d062f97777c0e9a8c305535b0032b3f1dec14,06a6121a8862bfa11eed4374344fe8d71b0b79c9,32226,1950,mp3,mp3,44100,1,128000,ok,tracked,committed,hydrated_binary,true,true,true,true,true,assets/audio/voice/clara/times-up.mp3,true,-326,true,,unchanged_from_baseline,not_in_v21,prior_duration_row_exists
marcus:tracking-loss-v21,marcus,tracking-loss-v21,assets/audio/voice/marcus/tracking-loss-v21.mp3,mp3,6e1697c29f8d9a1fbb030943447dc54b663472b88a41ca606f7a2b37c625d729,,35988,2183,mp3,mp3,44100,1,128000,ok,untracked,??,hydrated_binary,true,true,true,true,false,assets/audio/voice/clara/tracking-loss-v21.mp3,true,-232,true,,added_since_baseline,v21_exact_key_exact_script,no_prior_duration_row; current_worktree_addition
marcus:tracking-recovered-v21,marcus,tracking-recovered-v21,assets/audio/voice/marcus/tracking-recovered-v21.mp3,mp3,e83aefd7c25ab4d755272312730d288b81c8d15df4480ba2de8a4f831a2ec6e9,,32226,1950,mp3,mp3,44100,1,128000,ok,untracked,??,hydrated_binary,true,true,true,true,false,assets/audio/voice/clara/tracking-recovered-v21.mp3,true,-326,true,,added_since_baseline,v21_exact_key_exact_script,no_prior_duration_row; current_worktree_addition
marcus:tracking_keep_full_body_in_view,marcus,tracking_keep_full_body_in_view,assets/audio/voice/marcus/tracking_keep_full_body_in_view.mp3,mp3,3ce85a3cecb12c8dd77341f0b99821d1721a65721d0dab3eab9eadf4106ea77e,0d6cfa48ed13d252284a3fa9ef24f4450b0a81bc,47691,2926,mp3,mp3,44100,1,128000,ok,tracked,committed,hydrated_binary,true,true,true,true,false,assets/audio/voice/clara/tracking_keep_full_body_in_view.mp3,true,-371,true,,unchanged_from_baseline,not_in_v21,prior_duration_row_exists
marcus:tracking_move_when_cued,marcus,tracking_move_when_cued,assets/audio/voice/marcus/tracking_move_when_cued.mp3,mp3,de65d8bee872fdc9bae1b17f30c1d6c8efbef4086e9c6e5b3f18bb4cf89d0c94,680baf70c3f5e921c81566c9e17933ee9885696a,35988,2183,mp3,mp3,44100,1,128000,ok,tracked,committed,hydrated_binary,true,true,true,true,false,assets/audio/voice/clara/tracking_move_when_cued.mp3,true,47,true,,unchanged_from_baseline,not_in_v21,prior_duration_row_exists
marcus:tracking_no_rush_or_exaggerate,marcus,tracking_no_rush_or_exaggerate,assets/audio/voice/marcus/tracking_no_rush_or_exaggerate.mp3,mp3,94cbc7b7962a4c55d922fde0733303fb69c90532644e7ce0c03acf9f82070497,e14d8f17fdd2452f2568b34d3ad0ea122d589fba,52288,3204,mp3,mp3,44100,1,128000,ok,tracked,committed,hydrated_binary,true,true,true,true,false,assets/audio/voice/clara/tracking_no_rush_or_exaggerate.mp3,true,-325,true,,unchanged_from_baseline,not_in_v21,prior_duration_row_exists
marcus:tracking_pause_and_reset,marcus,tracking_pause_and_reset,assets/audio/voice/marcus/tracking_pause_and_reset.mp3,mp3,ee719cb1cb854ee93093d8447d18b658ac7ab5e57bcca78c4220dcf44a7302c3,3967465f00fdf0600682397b863c37b736104b21,70261,4319,mp3,mp3,44100,1,128000,ok,tracked,committed,hydrated_binary,true,true,true,true,true,assets/audio/voice/clara/tracking_pause_and_reset.mp3,true,-186,true,,unchanged_from_baseline,not_in_v21,prior_duration_row_exists
marcus:training-intro,marcus,training-intro,assets/audio/voice/marcus/training-intro.mp3,mp3,0c65230865c7afa06565b809f9df9364ffdfa9f3c28e3bcde72ed7f5f1bd58bc,4f501e324756adfb123a34f35e003d54c95c661b,111221,6873,mp3,mp3,44100,1,128000,ok,tracked,committed,hydrated_binary,true,true,true,true,true,assets/audio/voice/clara/training-intro.mp3,true,-1765,true,,unchanged_from_baseline,not_in_v21,prior_duration_row_exists
marcus:tug-intro,marcus,tug-intro,assets/audio/voice/marcus/tug-intro.mp3,mp3,8b515f69ff8d0fe17a68cf27a70c43ad61811ea55077e35f6807533df1834312,95ad98088ee138efa468844562158cd37da0aad6,108713,6734,mp3,mp3,44100,1,128000,ok,tracked,committed,hydrated_binary,true,true,true,true,false,assets/audio/voice/clara/tug-intro.mp3,true,-186,true,,unchanged_from_baseline,v21_same_key_different_script,prior_duration_row_exists
marcus:tug-setup,marcus,tug-setup,assets/audio/voice/marcus/tug-setup.mp3,mp3,09b2e105254e0ea3642f8a3a96fd688fbe13edabc7e0dcfc974ac0815dce8bd0,d19f3bdedc6ff47adb0635fbf14171a28f390e22,126685,7848,mp3,mp3,44100,1,128000,ok,tracked,committed,hydrated_binary,true,true,true,true,false,assets/audio/voice/clara/tug-setup.mp3,true,-1765,true,,unchanged_from_baseline,v21_same_key_different_script,prior_duration_row_exists
marcus:turn-on-light,marcus,turn-on-light,assets/audio/voice/marcus/turn-on-light.mp3,mp3,bf7942db489f3d6ed00138f49244e436462cd7a8949ef4d98e6db617c11cffd3,766fe37609cc1219a4ed16dbbfdd6b17589584b4,40586,2461,mp3,mp3,44100,1,128000,ok,tracked,committed,hydrated_binary,true,true,true,true,true,assets/audio/voice/clara/turn-on-light.mp3,true,-558,true,,unchanged_from_baseline,not_in_v21,prior_duration_row_exists
marcus:turn-side-on,marcus,turn-side-on,assets/audio/voice/marcus/turn-side-on.mp3,mp3,e15a2141afd188264b5dbd941944a5477101680b9a0b389d6c9d080eafb5922e,9bd32cc714ac1dc267d4c9dade6bac8f4379a6f8,56050,3437,mp3,mp3,44100,1,128000,ok,tracked,committed,hydrated_binary,true,true,true,true,true,assets/audio/voice/clara/turn-side-on.mp3,true,93,true,,unchanged_from_baseline,not_in_v21,prior_duration_row_exists
marcus:you-completed,marcus,you-completed,assets/audio/voice/marcus/you-completed.mp3,mp3,64188bcad8bc6bccb9da369b5d0548713488e486743157f7f5e9331269aee298,523bb3eb604716cdef4b5f76382a0f17a506e591,13836,789,mp3,mp3,44100,1,128000,ok,tracked,committed,hydrated_binary,true,true,true,true,true,assets/audio/voice/clara/you-completed.mp3,true,-140,true,,unchanged_from_baseline,not_in_v21,prior_duration_row_exists
