queueId,reviewGroup,priority,voiceId,logicalCueKey,physicalCueKey,path,durationMs,script,reuseDecision,approvalStatus,notes
listen-001,training_generated,P3,clara,checkup-balance-feet-together-v21,checkup-balance-feet-together-v21,assets/audio/voice/clara/checkup-balance-feet-together-v21.mp3,3947,Feet together. Keep your eyes open and support within reach.,,pending_founder_listening,Prepared for founder listening review. Not approved by this task.
listen-002,training_generated,P3,marcus,checkup-balance-feet-together-v21,checkup-balance-feet-together-v21,assets/audio/voice/marcus/checkup-balance-feet-together-v21.mp3,3576,Feet together. Keep your eyes open and support within reach.,,pending_founder_listening,Prepared for founder listening review. Not approved by this task.
listen-003,training_generated,P3,clara,checkup-balance-next-stance-v21,checkup-balance-next-stance-v21,assets/audio/voice/clara/checkup-balance-next-stance-v21.mp3,2601,Nicely done. I will guide the next stance.,,pending_founder_listening,Prepared for founder listening review. Not approved by this task.
listen-004,training_generated,P3,marcus,checkup-balance-next-stance-v21,checkup-balance-next-stance-v21,assets/audio/voice/marcus/checkup-balance-next-stance-v21.mp3,2136,Nicely done. I will guide the next stance.,,pending_founder_listening,Prepared for founder listening review. Not approved by this task.
listen-005,training_generated,P3,clara,checkup-balance-semi-tandem-left-v21,checkup-balance-semi-tandem-left-v21,assets/audio/voice/clara/checkup-balance-semi-tandem-left-v21.mp3,3622,Place your left foot half a step forward. Keep your eyes open.,,pending_founder_listening,Prepared for founder listening review. Not approved by this task.
listen-006,training_generated,P3,marcus,checkup-balance-semi-tandem-left-v21,checkup-balance-semi-tandem-left-v21,assets/audio/voice/marcus/checkup-balance-semi-tandem-left-v21.mp3,3390,Place your left foot half a step forward. Keep your eyes open.,,pending_founder_listening,Prepared for founder listening review. Not approved by this task.
listen-007,training_generated,P3,clara,checkup-balance-semi-tandem-right-v21,checkup-balance-semi-tandem-right-v21,assets/audio/voice/clara/checkup-balance-semi-tandem-right-v21.mp3,3715,Place your right foot half a step forward. Keep your eyes open.,,pending_founder_listening,Prepared for founder listening review. Not approved by this task.
listen-008,training_generated,P3,marcus,checkup-balance-semi-tandem-right-v21,checkup-balance-semi-tandem-right-v21,assets/audio/voice/marcus/checkup-balance-semi-tandem-right-v21.mp3,3251,Place your right foot half a step forward. Keep your eyes open.,,pending_founder_listening,Prepared for founder listening review. Not approved by this task.
listen-009,training_generated,P3,clara,checkup-balance-single-leg-left-v21,checkup-balance-single-leg-left-v21,assets/audio/voice/clara/checkup-balance-single-leg-left-v21.mp3,3251,Stand on your left leg and lift your right foot slightly.,,pending_founder_listening,Prepared for founder listening review. Not approved by this task.
listen-010,training_generated,P3,marcus,checkup-balance-single-leg-left-v21,checkup-balance-single-leg-left-v21,assets/audio/voice/marcus/checkup-balance-single-leg-left-v21.mp3,3019,Stand on your left leg and lift your right foot slightly.,,pending_founder_listening,Prepared for founder listening review. Not approved by this task.
listen-011,training_generated,P3,clara,checkup-balance-single-leg-right-v21,checkup-balance-single-leg-right-v21,assets/audio/voice/clara/checkup-balance-single-leg-right-v21.mp3,3251,Stand on your right leg and lift your left foot slightly.,,pending_founder_listening,Prepared for founder listening review. Not approved by this task.
listen-012,training_generated,P3,marcus,checkup-balance-single-leg-right-v21,checkup-balance-single-leg-right-v21,assets/audio/voice/marcus/checkup-balance-single-leg-right-v21.mp3,2786,Stand on your right leg and lift your left foot slightly.,,pending_founder_listening,Prepared for founder listening review. Not approved by this task.
listen-013,training_generated,P3,clara,checkup-balance-support-touch-v21,checkup-balance-support-touch-v21,assets/audio/voice/clara/checkup-balance-support-touch-v21.mp3,3111,Support touch noted. Balance check complete.,,pending_founder_listening,Prepared for founder listening review. Not approved by this task.
listen-014,training_generated,P3,marcus,checkup-balance-support-touch-v21,checkup-balance-support-touch-v21,assets/audio/voice/marcus/checkup-balance-support-touch-v21.mp3,2647,Support touch noted. Balance check complete.,,pending_founder_listening,Prepared for founder listening review. Not approved by this task.
listen-015,training_generated,P3,clara,checkup-balance-tandem-left-v21,checkup-balance-tandem-left-v21,assets/audio/voice/clara/checkup-balance-tandem-left-v21.mp3,4505,Place your left foot directly in front heel to toe. Keep your eyes open.,,pending_founder_listening,Prepared for founder listening review. Not approved by this task.
listen-016,training_generated,P3,marcus,checkup-balance-tandem-left-v21,checkup-balance-tandem-left-v21,assets/audio/voice/marcus/checkup-balance-tandem-left-v21.mp3,4598,Place your left foot directly in front heel to toe. Keep your eyes open.,,pending_founder_listening,Prepared for founder listening review. Not approved by this task.
listen-017,training_generated,P3,clara,checkup-balance-tandem-right-v21,checkup-balance-tandem-right-v21,assets/audio/voice/clara/checkup-balance-tandem-right-v21.mp3,4737,Place your right foot directly in front heel to toe. Keep your eyes open.,,pending_founder_listening,Prepared for founder listening review. Not approved by this task.
listen-018,training_generated,P3,marcus,checkup-balance-tandem-right-v21,checkup-balance-tandem-right-v21,assets/audio/voice/marcus/checkup-balance-tandem-right-v21.mp3,4412,Place your right foot directly in front heel to toe. Keep your eyes open.,,pending_founder_listening,Prepared for founder listening review. Not approved by this task.
listen-019,training_generated,P3,clara,equip-balance-support-v21,equip-balance-support-v21,assets/audio/voice/clara/equip-balance-support-v21.mp3,2043,Keep support within easy reach.,,pending_founder_listening,Prepared for founder listening review. Not approved by this task.
listen-020,training_generated,P3,marcus,equip-balance-support-v21,equip-balance-support-v21,assets/audio/voice/marcus/equip-balance-support-v21.mp3,1765,Keep support within easy reach.,,pending_founder_listening,Prepared for founder listening review. Not approved by this task.
listen-021,training_generated,P3,clara,equip-chair-stable-v21,equip-chair-stable-v21,assets/audio/voice/clara/equip-chair-stable-v21.mp3,2461,Use a sturdy chair that will not slide.,,pending_founder_listening,Prepared for founder listening review. Not approved by this task.
listen-022,training_generated,P3,marcus,equip-chair-stable-v21,equip-chair-stable-v21,assets/audio/voice/marcus/equip-chair-stable-v21.mp3,2276,Use a sturdy chair that will not slide.,,pending_founder_listening,Prepared for founder listening review. Not approved by this task.
listen-023,training_generated,P3,clara,equip-door-anchor-v21,equip-door-anchor-v21,assets/audio/voice/clara/equip-door-anchor-v21.mp3,3994,Use a secure closed door anchor and test light tension first.,,pending_founder_listening,Prepared for founder listening review. Not approved by this task.
listen-024,training_generated,P3,marcus,equip-door-anchor-v21,equip-door-anchor-v21,assets/audio/voice/marcus/equip-door-anchor-v21.mp3,3344,Use a secure closed door anchor and test light tension first.,,pending_founder_listening,Prepared for founder listening review. Not approved by this task.
listen-025,training_generated,P3,clara,equip-floor-transition-v21,equip-floor-transition-v21,assets/audio/voice/clara/equip-floor-transition-v21.mp3,3019,Move down to the floor and settle into the start position.,,pending_founder_listening,Prepared for founder listening review. Not approved by this task.
listen-026,training_generated,P3,marcus,equip-floor-transition-v21,equip-floor-transition-v21,assets/audio/voice/marcus/equip-floor-transition-v21.mp3,3111,Move down to the floor and settle into the start position.,,pending_founder_listening,Prepared for founder listening review. Not approved by this task.
listen-027,training_generated,P3,clara,equip-long-band-v21,equip-long-band-v21,assets/audio/voice/clara/equip-long-band-v21.mp3,3111,Check the band first and keep it away from your face.,,pending_founder_listening,Prepared for founder listening review. Not approved by this task.
listen-028,training_generated,P3,marcus,equip-long-band-v21,equip-long-band-v21,assets/audio/voice/marcus/equip-long-band-v21.mp3,2926,Check the band first and keep it away from your face.,,pending_founder_listening,Prepared for founder listening review. Not approved by this task.
listen-029,training_generated,P3,clara,equip-step-stable-v21,equip-step-stable-v21,assets/audio/voice/clara/equip-step-stable-v21.mp3,2926,"Use the lowest stable step, with support nearby.",,pending_founder_listening,Prepared for founder listening review. Not approved by this task.
listen-030,training_generated,P3,marcus,equip-step-stable-v21,equip-step-stable-v21,assets/audio/voice/marcus/equip-step-stable-v21.mp3,3019,"Use the lowest stable step, with support nearby.",,pending_founder_listening,Prepared for founder listening review. Not approved by this task.
listen-031,training_generated,P3,clara,equip-support-close-v21,equip-support-close-v21,assets/audio/voice/clara/equip-support-close-v21.mp3,2322,Keep sturdy support within easy reach.,,pending_founder_listening,Prepared for founder listening review. Not approved by this task.
listen-032,training_generated,P3,marcus,equip-support-close-v21,equip-support-close-v21,assets/audio/voice/marcus/equip-support-close-v21.mp3,2183,Keep sturdy support within easy reach.,,pending_founder_listening,Prepared for founder listening review. Not approved by this task.
listen-033,training_generated,P3,clara,ex-balance-feet-together-hold-first-v21,ex-balance-feet-together-hold-first-v21,assets/audio/voice/clara/ex-balance-feet-together-hold-first-v21.mp3,5480,"Feet-together hold. Stand with feet together, fingertips near support, eyes open.",,pending_founder_listening,Prepared for founder listening review. Not approved by this task.
listen-034,training_generated,P3,marcus,ex-balance-feet-together-hold-first-v21,ex-balance-feet-together-hold-first-v21,assets/audio/voice/marcus/ex-balance-feet-together-hold-first-v21.mp3,5108,"Feet-together hold. Stand with feet together, fingertips near support, eyes open.",,pending_founder_listening,Prepared for founder listening review. Not approved by this task.
listen-035,training_generated,P3,clara,ex-balance-feet-together-hold-next-v21,ex-balance-feet-together-hold-next-v21,assets/audio/voice/clara/ex-balance-feet-together-hold-next-v21.mp3,1440,Feet-together hold.,,pending_founder_listening,Prepared for founder listening review. Not approved by this task.
listen-036,training_generated,P3,marcus,ex-balance-feet-together-hold-next-v21,ex-balance-feet-together-hold-next-v21,assets/audio/voice/marcus/ex-balance-feet-together-hold-next-v21.mp3,1393,Feet-together hold.,,pending_founder_listening,Prepared for founder listening review. Not approved by this task.
listen-037,training_generated,P3,clara,ex-balance-single-leg-hold-first-v21,ex-balance-single-leg-hold-first-v21,assets/audio/voice/clara/ex-balance-single-leg-hold-first-v21.mp3,2647,Single-leg hold. Keep support close.,,pending_founder_listening,Prepared for founder listening review. Not approved by this task.
listen-038,training_generated,P3,marcus,ex-balance-single-leg-hold-first-v21,ex-balance-single-leg-hold-first-v21,assets/audio/voice/marcus/ex-balance-single-leg-hold-first-v21.mp3,2183,Single-leg hold. Keep support close.,,pending_founder_listening,Prepared for founder listening review. Not approved by this task.
listen-039,training_generated,P3,clara,ex-balance-single-leg-hold-next-v21,ex-balance-single-leg-hold-next-v21,assets/audio/voice/clara/ex-balance-single-leg-hold-next-v21.mp3,1393,Single-leg hold.,,pending_founder_listening,Prepared for founder listening review. Not approved by this task.
listen-040,training_generated,P3,marcus,ex-balance-single-leg-hold-next-v21,ex-balance-single-leg-hold-next-v21,assets/audio/voice/marcus/ex-balance-single-leg-hold-next-v21.mp3,1254,Single-leg hold.,,pending_founder_listening,Prepared for founder listening review. Not approved by this task.
listen-041,training_generated,P3,clara,ex-balance-tandem-hold-first-v21,ex-balance-tandem-hold-first-v21,assets/audio/voice/clara/ex-balance-tandem-hold-first-v21.mp3,2322,Tandem hold. Keep support close.,,pending_founder_listening,Prepared for founder listening review. Not approved by this task.
listen-042,training_generated,P3,marcus,ex-balance-tandem-hold-first-v21,ex-balance-tandem-hold-first-v21,assets/audio/voice/marcus/ex-balance-tandem-hold-first-v21.mp3,2229,Tandem hold. Keep support close.,,pending_founder_listening,Prepared for founder listening review. Not approved by this task.
listen-043,training_generated,P3,clara,ex-balance-tandem-hold-next-v21,ex-balance-tandem-hold-next-v21,assets/audio/voice/clara/ex-balance-tandem-hold-next-v21.mp3,1161,Tandem hold.,,pending_founder_listening,Prepared for founder listening review. Not approved by this task.
listen-044,training_generated,P3,marcus,ex-balance-tandem-hold-next-v21,ex-balance-tandem-hold-next-v21,assets/audio/voice/marcus/ex-balance-tandem-hold-next-v21.mp3,975,Tandem hold.,,pending_founder_listening,Prepared for founder listening review. Not approved by this task.
listen-045,training_generated,P3,clara,ex-band-pull-apart-first-v21,ex-band-pull-apart-first-v21,assets/audio/voice/clara/ex-band-pull-apart-first-v21.mp3,6594,"Band pull-apart. Hold a light band at chest height. Pull your hands wide, then return slowly.",,pending_founder_listening,Prepared for founder listening review. Not approved by this task.
listen-046,training_generated,P3,marcus,ex-band-pull-apart-first-v21,ex-band-pull-apart-first-v21,assets/audio/voice/marcus/ex-band-pull-apart-first-v21.mp3,6548,"Band pull-apart. Hold a light band at chest height. Pull your hands wide, then return slowly.",,pending_founder_listening,Prepared for founder listening review. Not approved by this task.
listen-047,training_generated,P3,clara,ex-band-pull-apart-next-v21,ex-band-pull-apart-next-v21,assets/audio/voice/clara/ex-band-pull-apart-next-v21.mp3,1486,Band pull-apart.,,pending_founder_listening,Prepared for founder listening review. Not approved by this task.
listen-048,training_generated,P3,marcus,ex-band-pull-apart-next-v21,ex-band-pull-apart-next-v21,assets/audio/voice/marcus/ex-band-pull-apart-next-v21.mp3,1393,Band pull-apart.,,pending_founder_listening,Prepared for founder listening review. Not approved by this task.
listen-049,training_generated,P3,clara,ex-chair-supported-split-squat-first-v21,ex-chair-supported-split-squat-first-v21,assets/audio/voice/clara/ex-chair-supported-split-squat-first-v21.mp3,3669,Supported split squat. Keep fingertips near sturdy support.,,pending_founder_listening,Prepared for founder listening review. Not approved by this task.
listen-050,training_generated,P3,marcus,ex-chair-supported-split-squat-first-v21,ex-chair-supported-split-squat-first-v21,assets/audio/voice/marcus/ex-chair-supported-split-squat-first-v21.mp3,3576,Supported split squat. Keep fingertips near sturdy support.,,pending_founder_listening,Prepared for founder listening review. Not approved by this task.
listen-051,training_generated,P3,clara,ex-chair-supported-split-squat-next-v21,ex-chair-supported-split-squat-next-v21,assets/audio/voice/clara/ex-chair-supported-split-squat-next-v21.mp3,1393,Supported split squat.,,pending_founder_listening,Prepared for founder listening review. Not approved by this task.
listen-052,training_generated,P3,marcus,ex-chair-supported-split-squat-next-v21,ex-chair-supported-split-squat-next-v21,assets/audio/voice/marcus/ex-chair-supported-split-squat-next-v21.mp3,1486,Supported split squat.,,pending_founder_listening,Prepared for founder listening review. Not approved by this task.
listen-053,training_generated,P3,clara,ex-glute-bridge-hold-first-v21,ex-glute-bridge-hold-first-v21,assets/audio/voice/clara/ex-glute-bridge-hold-first-v21.mp3,5480,"Bridge hold. Lie on your back, knees bent, feet flat. Lift your hips and hold.",,pending_founder_listening,Prepared for founder listening review. Not approved by this task.
listen-054,training_generated,P3,marcus,ex-glute-bridge-hold-first-v21,ex-glute-bridge-hold-first-v21,assets/audio/voice/marcus/ex-glute-bridge-hold-first-v21.mp3,5062,"Bridge hold. Lie on your back, knees bent, feet flat. Lift your hips and hold.",,pending_founder_listening,Prepared for founder listening review. Not approved by this task.
listen-055,training_generated,P3,clara,ex-glute-bridge-hold-next-v21,ex-glute-bridge-hold-next-v21,assets/audio/voice/clara/ex-glute-bridge-hold-next-v21.mp3,1068,Bridge hold.,,pending_founder_listening,Prepared for founder listening review. Not approved by this task.
listen-056,training_generated,P3,marcus,ex-glute-bridge-hold-next-v21,ex-glute-bridge-hold-next-v21,assets/audio/voice/marcus/ex-glute-bridge-hold-next-v21.mp3,975,Bridge hold.,,pending_founder_listening,Prepared for founder listening review. Not approved by this task.
listen-057,training_generated,P3,clara,ex-glute-bridge-reps-first-v21,ex-glute-bridge-reps-first-v21,assets/audio/voice/clara/ex-glute-bridge-reps-first-v21.mp3,8034,"Glute bridge. Lie on your back, knees bent, feet flat. Lift your hips, then lower with control.",,pending_founder_listening,Prepared for founder listening review. Not approved by this task.
listen-058,training_generated,P3,marcus,ex-glute-bridge-reps-first-v21,ex-glute-bridge-reps-first-v21,assets/audio/voice/marcus/ex-glute-bridge-reps-first-v21.mp3,6780,"Glute bridge. Lie on your back, knees bent, feet flat. Lift your hips, then lower with control.",,pending_founder_listening,Prepared for founder listening review. Not approved by this task.
listen-059,training_generated,P3,clara,ex-glute-bridge-reps-next-v21,ex-glute-bridge-reps-next-v21,assets/audio/voice/clara/ex-glute-bridge-reps-next-v21.mp3,1161,Glute bridge.,,pending_founder_listening,Prepared for founder listening review. Not approved by this task.
listen-060,training_generated,P3,marcus,ex-glute-bridge-reps-next-v21,ex-glute-bridge-reps-next-v21,assets/audio/voice/marcus/ex-glute-bridge-reps-next-v21.mp3,1068,Glute bridge.,,pending_founder_listening,Prepared for founder listening review. Not approved by this task.
listen-061,training_generated,P3,clara,ex-heel-raise-free-first-v21,ex-heel-raise-free-first-v21,assets/audio/voice/clara/ex-heel-raise-free-first-v21.mp3,5805,"Heel raise. Stand tall. Rise onto the balls of your feet, then lower slowly.",,pending_founder_listening,Prepared for founder listening review. Not approved by this task.
listen-062,training_generated,P3,marcus,ex-heel-raise-free-first-v21,ex-heel-raise-free-first-v21,assets/audio/voice/marcus/ex-heel-raise-free-first-v21.mp3,5387,"Heel raise. Stand tall. Rise onto the balls of your feet, then lower slowly.",,pending_founder_listening,Prepared for founder listening review. Not approved by this task.
listen-063,training_generated,P3,clara,ex-heel-raise-free-next-v21,ex-heel-raise-free-next-v21,assets/audio/voice/clara/ex-heel-raise-free-next-v21.mp3,1207,Heel raise.,,pending_founder_listening,Prepared for founder listening review. Not approved by this task.
listen-064,training_generated,P3,marcus,ex-heel-raise-free-next-v21,ex-heel-raise-free-next-v21,assets/audio/voice/marcus/ex-heel-raise-free-next-v21.mp3,1068,Heel raise.,,pending_founder_listening,Prepared for founder listening review. Not approved by this task.
listen-065,training_generated,P3,clara,ex-heel-raise-supported-first-v21,ex-heel-raise-supported-first-v21,assets/audio/voice/clara/ex-heel-raise-supported-first-v21.mp3,7384,"Supported heel raise. Fingertips near support. Rise onto the balls of your feet, then lower slowly.",,pending_founder_listening,Prepared for founder listening review. Not approved by this task.
listen-066,training_generated,P3,marcus,ex-heel-raise-supported-first-v21,ex-heel-raise-supported-first-v21,assets/audio/voice/marcus/ex-heel-raise-supported-first-v21.mp3,7152,"Supported heel raise. Fingertips near support. Rise onto the balls of your feet, then lower slowly.",,pending_founder_listening,Prepared for founder listening review. Not approved by this task.
listen-067,training_generated,P3,clara,ex-heel-raise-supported-next-v21,ex-heel-raise-supported-next-v21,assets/audio/voice/clara/ex-heel-raise-supported-next-v21.mp3,1579,Supported heel raise.,,pending_founder_listening,Prepared for founder listening review. Not approved by this task.
listen-068,training_generated,P3,marcus,ex-heel-raise-supported-next-v21,ex-heel-raise-supported-next-v21,assets/audio/voice/marcus/ex-heel-raise-supported-next-v21.mp3,1393,Supported heel raise.,,pending_founder_listening,Prepared for founder listening review. Not approved by this task.
listen-069,training_generated,P3,clara,ex-hip-hinge-free-first-v21,ex-hip-hinge-free-first-v21,assets/audio/voice/clara/ex-hip-hinge-free-first-v21.mp3,6269,"Hip hinge. Feet under hips. Send hips back with a long spine, then stand tall.",,pending_founder_listening,Prepared for founder listening review. Not approved by this task.
listen-070,training_generated,P3,marcus,ex-hip-hinge-free-first-v21,ex-hip-hinge-free-first-v21,assets/audio/voice/marcus/ex-hip-hinge-free-first-v21.mp3,5666,"Hip hinge. Feet under hips. Send hips back with a long spine, then stand tall.",,pending_founder_listening,Prepared for founder listening review. Not approved by this task.
listen-071,training_generated,P3,clara,ex-hip-hinge-free-next-v21,ex-hip-hinge-free-next-v21,assets/audio/voice/clara/ex-hip-hinge-free-next-v21.mp3,1115,Hip hinge.,,pending_founder_listening,Prepared for founder listening review. Not approved by this task.
listen-072,training_generated,P3,marcus,ex-hip-hinge-free-next-v21,ex-hip-hinge-free-next-v21,assets/audio/voice/marcus/ex-hip-hinge-free-next-v21.mp3,1115,Hip hinge.,,pending_founder_listening,Prepared for founder listening review. Not approved by this task.
listen-073,training_generated,P3,clara,ex-hip-hinge-wall-first-v21,ex-hip-hinge-wall-first-v21,assets/audio/voice/clara/ex-hip-hinge-wall-first-v21.mp3,6827,"Wall-tap hinge. Stand a step from the wall. Send hips back to tap the wall, then stand tall.",,pending_founder_listening,Prepared for founder listening review. Not approved by this task.
listen-074,training_generated,P3,marcus,ex-hip-hinge-wall-first-v21,ex-hip-hinge-wall-first-v21,assets/audio/voice/marcus/ex-hip-hinge-wall-first-v21.mp3,6177,"Wall-tap hinge. Stand a step from the wall. Send hips back to tap the wall, then stand tall.",,pending_founder_listening,Prepared for founder listening review. Not approved by this task.
listen-075,training_generated,P3,clara,ex-hip-hinge-wall-next-v21,ex-hip-hinge-wall-next-v21,assets/audio/voice/clara/ex-hip-hinge-wall-next-v21.mp3,1393,Wall-tap hinge.,,pending_founder_listening,Prepared for founder listening review. Not approved by this task.
listen-076,training_generated,P3,marcus,ex-hip-hinge-wall-next-v21,ex-hip-hinge-wall-next-v21,assets/audio/voice/marcus/ex-hip-hinge-wall-next-v21.mp3,1254,Wall-tap hinge.,,pending_founder_listening,Prepared for founder listening review. Not approved by this task.
listen-077,training_generated,P3,clara,ex-loaded-march-first-v21,ex-loaded-march-first-v21,assets/audio/voice/clara/ex-loaded-march-first-v21.mp3,4923,March in place. Stand tall near support and march with a steady rhythm.,,pending_founder_listening,Prepared for founder listening review. Not approved by this task.
listen-078,training_generated,P3,marcus,ex-loaded-march-first-v21,ex-loaded-march-first-v21,assets/audio/voice/marcus/ex-loaded-march-first-v21.mp3,4505,March in place. Stand tall near support and march with a steady rhythm.,,pending_founder_listening,Prepared for founder listening review. Not approved by this task.
listen-079,training_generated,P3,clara,ex-loaded-march-next-v21,ex-loaded-march-next-v21,assets/audio/voice/clara/ex-loaded-march-next-v21.mp3,1347,March in place.,,pending_founder_listening,Prepared for founder listening review. Not approved by this task.
listen-080,training_generated,P3,marcus,ex-loaded-march-next-v21,ex-loaded-march-next-v21,assets/audio/voice/marcus/ex-loaded-march-next-v21.mp3,1300,March in place.,,pending_founder_listening,Prepared for founder listening review. Not approved by this task.
listen-081,training_generated,P3,clara,ex-loaded-sit-to-stand-first-v21,ex-loaded-sit-to-stand-first-v21,assets/audio/voice/clara/ex-loaded-sit-to-stand-first-v21.mp3,6269,"Loaded sit-to-stand. Hold the load close to your chest. Stand fully, then sit with control.",,pending_founder_listening,Prepared for founder listening review. Not approved by this task.
listen-082,training_generated,P3,marcus,ex-loaded-sit-to-stand-first-v21,ex-loaded-sit-to-stand-first-v21,assets/audio/voice/marcus/ex-loaded-sit-to-stand-first-v21.mp3,6548,"Loaded sit-to-stand. Hold the load close to your chest. Stand fully, then sit with control.",,pending_founder_listening,Prepared for founder listening review. Not approved by this task.
listen-083,training_generated,P3,clara,ex-loaded-sit-to-stand-next-v21,ex-loaded-sit-to-stand-next-v21,assets/audio/voice/clara/ex-loaded-sit-to-stand-next-v21.mp3,1672,Loaded sit-to-stand.,,pending_founder_listening,Prepared for founder listening review. Not approved by this task.
listen-084,training_generated,P3,marcus,ex-loaded-sit-to-stand-next-v21,ex-loaded-sit-to-stand-next-v21,assets/audio/voice/marcus/ex-loaded-sit-to-stand-next-v21.mp3,1486,Loaded sit-to-stand.,,pending_founder_listening,Prepared for founder listening review. Not approved by this task.
listen-085,training_generated,P3,clara,ex-mini-band-lateral-walk-first-v21,ex-mini-band-lateral-walk-first-v21,assets/audio/voice/clara/ex-mini-band-lateral-walk-first-v21.mp3,6594,Mini-band lateral walk. Band above your knees. Take small controlled steps both directions.,,pending_founder_listening,Prepared for founder listening review. Not approved by this task.
listen-086,training_generated,P3,marcus,ex-mini-band-lateral-walk-first-v21,ex-mini-band-lateral-walk-first-v21,assets/audio/voice/marcus/ex-mini-band-lateral-walk-first-v21.mp3,5712,Mini-band lateral walk. Band above your knees. Take small controlled steps both directions.,,pending_founder_listening,Prepared for founder listening review. Not approved by this task.
listen-087,training_generated,P3,clara,ex-mini-band-lateral-walk-next-v21,ex-mini-band-lateral-walk-next-v21,assets/audio/voice/clara/ex-mini-band-lateral-walk-next-v21.mp3,1625,Mini-band lateral walk.,,pending_founder_listening,Prepared for founder listening review. Not approved by this task.
listen-088,training_generated,P3,marcus,ex-mini-band-lateral-walk-next-v21,ex-mini-band-lateral-walk-next-v21,assets/audio/voice/marcus/ex-mini-band-lateral-walk-next-v21.mp3,1533,Mini-band lateral walk.,,pending_founder_listening,Prepared for founder listening review. Not approved by this task.
listen-089,training_generated,P3,clara,ex-neck-rotation-first-v21,ex-neck-rotation-first-v21,assets/audio/voice/clara/ex-neck-rotation-first-v21.mp3,7384,"Neck rotations. Face the phone, sit or stand tall, and slowly look over one shoulder, then the other.",,pending_founder_listening,Prepared for founder listening review. Not approved by this task.
listen-090,training_generated,P3,marcus,ex-neck-rotation-first-v21,ex-neck-rotation-first-v21,assets/audio/voice/marcus/ex-neck-rotation-first-v21.mp3,6223,"Neck rotations. Face the phone, sit or stand tall, and slowly look over one shoulder, then the other.",,pending_founder_listening,Prepared for founder listening review. Not approved by this task.
listen-091,training_generated,P3,clara,ex-neck-rotation-next-v21,ex-neck-rotation-next-v21,assets/audio/voice/clara/ex-neck-rotation-next-v21.mp3,1440,Neck rotations.,,pending_founder_listening,Prepared for founder listening review. Not approved by this task.
listen-092,training_generated,P3,marcus,ex-neck-rotation-next-v21,ex-neck-rotation-next-v21,assets/audio/voice/marcus/ex-neck-rotation-next-v21.mp3,1347,Neck rotations.,,pending_founder_listening,Prepared for founder listening review. Not approved by this task.
listen-093,training_generated,P3,clara,ex-overhead-press-band-first-v21,ex-overhead-press-band-first-v21,assets/audio/voice/clara/ex-overhead-press-band-first-v21.mp3,6409,"Band overhead press. Stand tall with light band tension. Press overhead, then return slowly.",,pending_founder_listening,Prepared for founder listening review. Not approved by this task.
listen-094,training_generated,P3,marcus,ex-overhead-press-band-first-v21,ex-overhead-press-band-first-v21,assets/audio/voice/marcus/ex-overhead-press-band-first-v21.mp3,6223,"Band overhead press. Stand tall with light band tension. Press overhead, then return slowly.",,pending_founder_listening,Prepared for founder listening review. Not approved by this task.
listen-095,training_generated,P3,clara,ex-overhead-press-band-next-v21,ex-overhead-press-band-next-v21,assets/audio/voice/clara/ex-overhead-press-band-next-v21.mp3,1533,Band overhead press.,,pending_founder_listening,Prepared for founder listening review. Not approved by this task.
listen-096,training_generated,P3,marcus,ex-overhead-press-band-next-v21,ex-overhead-press-band-next-v21,assets/audio/voice/marcus/ex-overhead-press-band-next-v21.mp3,1440,Band overhead press.,,pending_founder_listening,Prepared for founder listening review. Not approved by this task.
listen-097,training_generated,P3,clara,ex-overhead-reach-first-v21,ex-overhead-reach-first-v21,assets/audio/voice/clara/ex-overhead-reach-first-v21.mp3,5898,"Overhead reach. Stand tall. Reach both arms overhead as far as comfortable, then lower.",,pending_founder_listening,Prepared for founder listening review. Not approved by this task.
listen-098,training_generated,P3,marcus,ex-overhead-reach-first-v21,ex-overhead-reach-first-v21,assets/audio/voice/marcus/ex-overhead-reach-first-v21.mp3,5108,"Overhead reach. Stand tall. Reach both arms overhead as far as comfortable, then lower.",,pending_founder_listening,Prepared for founder listening review. Not approved by this task.
listen-099,training_generated,P3,clara,ex-overhead-reach-next-v21,ex-overhead-reach-next-v21,assets/audio/voice/clara/ex-overhead-reach-next-v21.mp3,1300,Overhead reach.,,pending_founder_listening,Prepared for founder listening review. Not approved by this task.
listen-100,training_generated,P3,marcus,ex-overhead-reach-next-v21,ex-overhead-reach-next-v21,assets/audio/voice/marcus/ex-overhead-reach-next-v21.mp3,1115,Overhead reach.,,pending_founder_listening,Prepared for founder listening review. Not approved by this task.
listen-101,training_generated,P3,clara,ex-push-up-incline-first-v21,ex-push-up-incline-first-v21,assets/audio/voice/clara/ex-push-up-incline-first-v21.mp3,7430,"Incline push-up. Hands on a stable counter or sturdy chair. Lower in with control, then press away.",,pending_founder_listening,Prepared for founder listening review. Not approved by this task.
listen-102,training_generated,P3,marcus,ex-push-up-incline-first-v21,ex-push-up-incline-first-v21,assets/audio/voice/marcus/ex-push-up-incline-first-v21.mp3,6780,"Incline push-up. Hands on a stable counter or sturdy chair. Lower in with control, then press away.",,pending_founder_listening,Prepared for founder listening review. Not approved by this task.
listen-103,training_generated,P3,clara,ex-push-up-incline-next-v21,ex-push-up-incline-next-v21,assets/audio/voice/clara/ex-push-up-incline-next-v21.mp3,1393,Incline push-up.,,pending_founder_listening,Prepared for founder listening review. Not approved by this task.
listen-104,training_generated,P3,marcus,ex-push-up-incline-next-v21,ex-push-up-incline-next-v21,assets/audio/voice/marcus/ex-push-up-incline-next-v21.mp3,1161,Incline push-up.,,pending_founder_listening,Prepared for founder listening review. Not approved by this task.
listen-105,training_generated,P3,clara,ex-push-up-standard-first-v21,ex-push-up-standard-first-v21,assets/audio/voice/clara/ex-push-up-standard-first-v21.mp3,5480,"Push-up. Start from the floor position. Lower with control, then press up.",,pending_founder_listening,Prepared for founder listening review. Not approved by this task.
listen-106,training_generated,P3,marcus,ex-push-up-standard-first-v21,ex-push-up-standard-first-v21,assets/audio/voice/marcus/ex-push-up-standard-first-v21.mp3,5016,"Push-up. Start from the floor position. Lower with control, then press up.",,pending_founder_listening,Prepared for founder listening review. Not approved by this task.
listen-107,training_generated,P3,clara,ex-push-up-standard-next-v21,ex-push-up-standard-next-v21,assets/audio/voice/clara/ex-push-up-standard-next-v21.mp3,929,Push-up.,,pending_founder_listening,Prepared for founder listening review. Not approved by this task.
listen-108,training_generated,P3,marcus,ex-push-up-standard-next-v21,ex-push-up-standard-next-v21,assets/audio/voice/marcus/ex-push-up-standard-next-v21.mp3,929,Push-up.,,pending_founder_listening,Prepared for founder listening review. Not approved by this task.
listen-109,training_generated,P3,clara,ex-push-up-wall-first-v21,ex-push-up-wall-first-v21,assets/audio/voice/clara/ex-push-up-wall-first-v21.mp3,5387,"Wall push-up. Hands on the wall. Lower in with control, then press away.",,pending_founder_listening,Prepared for founder listening review. Not approved by this task.
listen-110,training_generated,P3,marcus,ex-push-up-wall-first-v21,ex-push-up-wall-first-v21,assets/audio/voice/marcus/ex-push-up-wall-first-v21.mp3,4412,"Wall push-up. Hands on the wall. Lower in with control, then press away.",,pending_founder_listening,Prepared for founder listening review. Not approved by this task.
listen-111,training_generated,P3,clara,ex-push-up-wall-next-v21,ex-push-up-wall-next-v21,assets/audio/voice/clara/ex-push-up-wall-next-v21.mp3,1207,Wall push-up.,,pending_founder_listening,Prepared for founder listening review. Not approved by this task.
listen-112,training_generated,P3,marcus,ex-push-up-wall-next-v21,ex-push-up-wall-next-v21,assets/audio/voice/marcus/ex-push-up-wall-next-v21.mp3,1022,Wall push-up.,,pending_founder_listening,Prepared for founder listening review. Not approved by this task.
listen-113,training_generated,P3,clara,ex-seated-band-row-first-v21,ex-seated-band-row-first-v21,assets/audio/voice/clara/ex-seated-band-row-first-v21.mp3,8824,"Seated band row. Sit tall on a sturdy chair with the band anchored under both feet. Pull elbows back, then return slowly.",,pending_founder_listening,Prepared for founder listening review. Not approved by this task.
listen-114,training_generated,P3,marcus,ex-seated-band-row-first-v21,ex-seated-band-row-first-v21,assets/audio/voice/marcus/ex-seated-band-row-first-v21.mp3,8406,"Seated band row. Sit tall on a sturdy chair with the band anchored under both feet. Pull elbows back, then return slowly.",,pending_founder_listening,Prepared for founder listening review. Not approved by this task.
listen-115,training_generated,P3,clara,ex-seated-band-row-next-v21,ex-seated-band-row-next-v21,assets/audio/voice/clara/ex-seated-band-row-next-v21.mp3,1347,Seated band row.,,pending_founder_listening,Prepared for founder listening review. Not approved by this task.
listen-116,training_generated,P3,marcus,ex-seated-band-row-next-v21,ex-seated-band-row-next-v21,assets/audio/voice/marcus/ex-seated-band-row-next-v21.mp3,1347,Seated band row.,,pending_founder_listening,Prepared for founder listening review. Not approved by this task.
listen-117,training_generated,P3,clara,ex-seated-hamstring-reach-first-v21,ex-seated-hamstring-reach-first-v21,assets/audio/voice/clara/ex-seated-hamstring-reach-first-v21.mp3,3437,Seated hamstring reach. Sit tall at the chair edge.,,pending_founder_listening,Prepared for founder listening review. Not approved by this task.
listen-118,training_generated,P3,marcus,ex-seated-hamstring-reach-first-v21,ex-seated-hamstring-reach-first-v21,assets/audio/voice/marcus/ex-seated-hamstring-reach-first-v21.mp3,3065,Seated hamstring reach. Sit tall at the chair edge.,,pending_founder_listening,Prepared for founder listening review. Not approved by this task.
listen-119,training_generated,P3,clara,ex-seated-hamstring-reach-next-v21,ex-seated-hamstring-reach-next-v21,assets/audio/voice/clara/ex-seated-hamstring-reach-next-v21.mp3,1672,Seated hamstring reach.,,pending_founder_listening,Prepared for founder listening review. Not approved by this task.
listen-120,training_generated,P3,marcus,ex-seated-hamstring-reach-next-v21,ex-seated-hamstring-reach-next-v21,assets/audio/voice/marcus/ex-seated-hamstring-reach-next-v21.mp3,1393,Seated hamstring reach.,,pending_founder_listening,Prepared for founder listening review. Not approved by this task.
listen-121,training_generated,P3,clara,ex-squat-free-first-v21,ex-squat-free-first-v21,assets/audio/voice/clara/ex-squat-free-first-v21.mp3,5898,"Squat. Feet about hip width. Lower as if to sit, then stand with control.",,pending_founder_listening,Prepared for founder listening review. Not approved by this task.
listen-122,training_generated,P3,marcus,ex-squat-free-first-v21,ex-squat-free-first-v21,assets/audio/voice/marcus/ex-squat-free-first-v21.mp3,5526,"Squat. Feet about hip width. Lower as if to sit, then stand with control.",,pending_founder_listening,Prepared for founder listening review. Not approved by this task.
listen-123,training_generated,P3,clara,ex-squat-free-next-v21,ex-squat-free-next-v21,assets/audio/voice/clara/ex-squat-free-next-v21.mp3,882,Squat.,,pending_founder_listening,Prepared for founder listening review. Not approved by this task.
listen-124,training_generated,P3,marcus,ex-squat-free-next-v21,ex-squat-free-next-v21,assets/audio/voice/marcus/ex-squat-free-next-v21.mp3,836,Squat.,,pending_founder_listening,Prepared for founder listening review. Not approved by this task.
listen-125,training_generated,P3,clara,ex-squat-loaded-first-v21,ex-squat-loaded-first-v21,assets/audio/voice/clara/ex-squat-loaded-first-v21.mp3,6362,"Loaded squat. Hold the load close to your chest. Lower into a squat, then stand with control.",,pending_founder_listening,Prepared for founder listening review. Not approved by this task.
listen-126,training_generated,P3,marcus,ex-squat-loaded-first-v21,ex-squat-loaded-first-v21,assets/audio/voice/marcus/ex-squat-loaded-first-v21.mp3,6362,"Loaded squat. Hold the load close to your chest. Lower into a squat, then stand with control.",,pending_founder_listening,Prepared for founder listening review. Not approved by this task.
listen-127,training_generated,P3,clara,ex-squat-loaded-next-v21,ex-squat-loaded-next-v21,assets/audio/voice/clara/ex-squat-loaded-next-v21.mp3,1300,Loaded squat.,,pending_founder_listening,Prepared for founder listening review. Not approved by this task.
listen-128,training_generated,P3,marcus,ex-squat-loaded-next-v21,ex-squat-loaded-next-v21,assets/audio/voice/marcus/ex-squat-loaded-next-v21.mp3,1207,Loaded squat.,,pending_founder_listening,Prepared for founder listening review. Not approved by this task.
listen-129,training_generated,P3,clara,ex-squat-slow-eccentric-first-v21,ex-squat-slow-eccentric-first-v21,assets/audio/voice/clara/ex-squat-slow-eccentric-first-v21.mp3,3947,"Slow-lower squat. Lower slowly, then stand with control.",,pending_founder_listening,Prepared for founder listening review. Not approved by this task.
listen-130,training_generated,P3,marcus,ex-squat-slow-eccentric-first-v21,ex-squat-slow-eccentric-first-v21,assets/audio/voice/marcus/ex-squat-slow-eccentric-first-v21.mp3,3808,"Slow-lower squat. Lower slowly, then stand with control.",,pending_founder_listening,Prepared for founder listening review. Not approved by this task.
listen-131,training_generated,P3,clara,ex-squat-slow-eccentric-next-v21,ex-squat-slow-eccentric-next-v21,assets/audio/voice/clara/ex-squat-slow-eccentric-next-v21.mp3,1486,Slow-lower squat.,,pending_founder_listening,Prepared for founder listening review. Not approved by this task.
listen-132,training_generated,P3,marcus,ex-squat-slow-eccentric-next-v21,ex-squat-slow-eccentric-next-v21,assets/audio/voice/marcus/ex-squat-slow-eccentric-next-v21.mp3,1347,Slow-lower squat.,,pending_founder_listening,Prepared for founder listening review. Not approved by this task.
listen-133,training_generated,P3,clara,ex-squat-supported-first-v21,ex-squat-supported-first-v21,assets/audio/voice/clara/ex-squat-supported-first-v21.mp3,6409,"Supported squat. Stand near sturdy support. Lower as if to sit, then stand with control.",,pending_founder_listening,Prepared for founder listening review. Not approved by this task.
listen-134,training_generated,P3,marcus,ex-squat-supported-first-v21,ex-squat-supported-first-v21,assets/audio/voice/marcus/ex-squat-supported-first-v21.mp3,5898,"Supported squat. Stand near sturdy support. Lower as if to sit, then stand with control.",,pending_founder_listening,Prepared for founder listening review. Not approved by this task.
listen-135,training_generated,P3,clara,ex-squat-supported-next-v21,ex-squat-supported-next-v21,assets/audio/voice/clara/ex-squat-supported-next-v21.mp3,1347,Supported squat.,,pending_founder_listening,Prepared for founder listening review. Not approved by this task.
listen-136,training_generated,P3,marcus,ex-squat-supported-next-v21,ex-squat-supported-next-v21,assets/audio/voice/marcus/ex-squat-supported-next-v21.mp3,1207,Supported squat.,,pending_founder_listening,Prepared for founder listening review. Not approved by this task.
listen-137,training_generated,P3,clara,ex-standing-band-row-first-v21,ex-standing-band-row-first-v21,assets/audio/voice/clara/ex-standing-band-row-first-v21.mp3,7663,"Standing band row. Face the secure door anchor in a stable stance. Pull elbows back, then return slowly.",,pending_founder_listening,Prepared for founder listening review. Not approved by this task.
listen-138,training_generated,P3,marcus,ex-standing-band-row-first-v21,ex-standing-band-row-first-v21,assets/audio/voice/marcus/ex-standing-band-row-first-v21.mp3,7895,"Standing band row. Face the secure door anchor in a stable stance. Pull elbows back, then return slowly.",,pending_founder_listening,Prepared for founder listening review. Not approved by this task.
listen-139,training_generated,P3,clara,ex-standing-band-row-next-v21,ex-standing-band-row-next-v21,assets/audio/voice/clara/ex-standing-band-row-next-v21.mp3,1486,Standing band row.,,pending_founder_listening,Prepared for founder listening review. Not approved by this task.
listen-140,training_generated,P3,marcus,ex-standing-band-row-next-v21,ex-standing-band-row-next-v21,assets/audio/voice/marcus/ex-standing-band-row-next-v21.mp3,1300,Standing band row.,,pending_founder_listening,Prepared for founder listening review. Not approved by this task.
listen-141,training_generated,P3,clara,ex-step-up-first-v21,ex-step-up-first-v21,assets/audio/voice/clara/ex-step-up-first-v21.mp3,7477,Step-up. Use the lowest stable step with support nearby. Return both feet to the floor after each rep.,,pending_founder_listening,Prepared for founder listening review. Not approved by this task.
listen-142,training_generated,P3,marcus,ex-step-up-first-v21,ex-step-up-first-v21,assets/audio/voice/marcus/ex-step-up-first-v21.mp3,7245,Step-up. Use the lowest stable step with support nearby. Return both feet to the floor after each rep.,,pending_founder_listening,Prepared for founder listening review. Not approved by this task.
listen-143,training_generated,P3,clara,ex-step-up-next-v21,ex-step-up-next-v21,assets/audio/voice/clara/ex-step-up-next-v21.mp3,3483,Step-up. Return both feet to the floor after each rep.,,pending_founder_listening,Prepared for founder listening review. Not approved by this task.
listen-144,training_generated,P3,marcus,ex-step-up-next-v21,ex-step-up-next-v21,assets/audio/voice/marcus/ex-step-up-next-v21.mp3,3251,Step-up. Return both feet to the floor after each rep.,,pending_founder_listening,Prepared for founder listening review. Not approved by this task.
listen-145,training_generated,P3,clara,ex-sts-cushion-first-v21,ex-sts-cushion-first-v21,assets/audio/voice/clara/ex-sts-cushion-first-v21.mp3,7291,"Cushion sit-to-stand. Sit tall on the cushion, feet flat. Stand fully, then sit with control.",,pending_founder_listening,Prepared for founder listening review. Not approved by this task.
listen-146,training_generated,P3,marcus,ex-sts-cushion-first-v21,ex-sts-cushion-first-v21,assets/audio/voice/marcus/ex-sts-cushion-first-v21.mp3,7338,"Cushion sit-to-stand. Sit tall on the cushion, feet flat. Stand fully, then sit with control.",,pending_founder_listening,Prepared for founder listening review. Not approved by this task.
listen-147,training_generated,P3,clara,ex-sts-cushion-next-v21,ex-sts-cushion-next-v21,assets/audio/voice/clara/ex-sts-cushion-next-v21.mp3,1486,Cushion sit-to-stand.,,pending_founder_listening,Prepared for founder listening review. Not approved by this task.
listen-148,training_generated,P3,marcus,ex-sts-cushion-next-v21,ex-sts-cushion-next-v21,assets/audio/voice/marcus/ex-sts-cushion-next-v21.mp3,1347,Cushion sit-to-stand.,,pending_founder_listening,Prepared for founder listening review. Not approved by this task.
listen-149,training_generated,P3,clara,ex-sts-power-first-v21,ex-sts-power-first-v21,assets/audio/voice/clara/ex-sts-power-first-v21.mp3,6084,"Power sit-to-stand. Sit tall, drive up briskly to standing, then sit with control.",,pending_founder_listening,Prepared for founder listening review. Not approved by this task.
listen-150,training_generated,P3,marcus,ex-sts-power-first-v21,ex-sts-power-first-v21,assets/audio/voice/marcus/ex-sts-power-first-v21.mp3,4969,"Power sit-to-stand. Sit tall, drive up briskly to standing, then sit with control.",,pending_founder_listening,Prepared for founder listening review. Not approved by this task.
listen-151,training_generated,P3,clara,ex-sts-power-next-v21,ex-sts-power-next-v21,assets/audio/voice/clara/ex-sts-power-next-v21.mp3,1440,Power sit-to-stand.,,pending_founder_listening,Prepared for founder listening review. Not approved by this task.
listen-152,training_generated,P3,marcus,ex-sts-power-next-v21,ex-sts-power-next-v21,assets/audio/voice/marcus/ex-sts-power-next-v21.mp3,1347,Power sit-to-stand.,,pending_founder_listening,Prepared for founder listening review. Not approved by this task.
listen-153,training_generated,P3,clara,ex-sts-slow-eccentric-first-v21,ex-sts-slow-eccentric-first-v21,assets/audio/voice/clara/ex-sts-slow-eccentric-first-v21.mp3,6548,"Slow-lower sit-to-stand. Stand fully, then lower slowly and steadily before the next rep.",,pending_founder_listening,Prepared for founder listening review. Not approved by this task.
listen-154,training_generated,P3,marcus,ex-sts-slow-eccentric-first-v21,ex-sts-slow-eccentric-first-v21,assets/audio/voice/marcus/ex-sts-slow-eccentric-first-v21.mp3,6827,"Slow-lower sit-to-stand. Stand fully, then lower slowly and steadily before the next rep.",,pending_founder_listening,Prepared for founder listening review. Not approved by this task.
listen-155,training_generated,P3,clara,ex-sts-slow-eccentric-next-v21,ex-sts-slow-eccentric-next-v21,assets/audio/voice/clara/ex-sts-slow-eccentric-next-v21.mp3,1625,Slow-lower sit-to-stand.,,pending_founder_listening,Prepared for founder listening review. Not approved by this task.
listen-156,training_generated,P3,marcus,ex-sts-slow-eccentric-next-v21,ex-sts-slow-eccentric-next-v21,assets/audio/voice/marcus/ex-sts-slow-eccentric-next-v21.mp3,1533,Slow-lower sit-to-stand.,,pending_founder_listening,Prepared for founder listening review. Not approved by this task.
listen-157,training_generated,P3,clara,ex-sts-standard-first-v21,ex-sts-standard-first-v21,assets/audio/voice/clara/ex-sts-standard-first-v21.mp3,7941,"Sit-to-stand. Sit tall in the middle of the chair, feet flat. Stand fully, then sit with control.",,pending_founder_listening,Prepared for founder listening review. Not approved by this task.
listen-158,training_generated,P3,marcus,ex-sts-standard-first-v21,ex-sts-standard-first-v21,assets/audio/voice/marcus/ex-sts-standard-first-v21.mp3,7895,"Sit-to-stand. Sit tall in the middle of the chair, feet flat. Stand fully, then sit with control.",,pending_founder_listening,Prepared for founder listening review. Not approved by this task.
listen-159,training_generated,P3,clara,ex-sts-standard-next-v21,ex-sts-standard-next-v21,assets/audio/voice/clara/ex-sts-standard-next-v21.mp3,1207,Sit-to-stand.,,pending_founder_listening,Prepared for founder listening review. Not approved by this task.
listen-160,training_generated,P3,marcus,ex-sts-standard-next-v21,ex-sts-standard-next-v21,assets/audio/voice/marcus/ex-sts-standard-next-v21.mp3,1207,Sit-to-stand.,,pending_founder_listening,Prepared for founder listening review. Not approved by this task.
listen-161,training_generated,P3,clara,ex-supported-hip-flexor-stretch-first-v21,ex-supported-hip-flexor-stretch-first-v21,assets/audio/voice/clara/ex-supported-hip-flexor-stretch-first-v21.mp3,3622,Supported hip-flexor stretch. Keep fingertips near support.,,pending_founder_listening,Prepared for founder listening review. Not approved by this task.
listen-162,training_generated,P3,marcus,ex-supported-hip-flexor-stretch-first-v21,ex-supported-hip-flexor-stretch-first-v21,assets/audio/voice/marcus/ex-supported-hip-flexor-stretch-first-v21.mp3,3483,Supported hip-flexor stretch. Keep fingertips near support.,,pending_founder_listening,Prepared for founder listening review. Not approved by this task.
listen-163,training_generated,P3,clara,ex-supported-hip-flexor-stretch-next-v21,ex-supported-hip-flexor-stretch-next-v21,assets/audio/voice/clara/ex-supported-hip-flexor-stretch-next-v21.mp3,1765,Supported hip-flexor stretch.,,pending_founder_listening,Prepared for founder listening review. Not approved by this task.
listen-164,training_generated,P3,marcus,ex-supported-hip-flexor-stretch-next-v21,ex-supported-hip-flexor-stretch-next-v21,assets/audio/voice/marcus/ex-supported-hip-flexor-stretch-next-v21.mp3,1625,Supported hip-flexor stretch.,,pending_founder_listening,Prepared for founder listening review. Not approved by this task.
listen-165,training_generated,P3,clara,ex-supported-side-step-first-v21,ex-supported-side-step-first-v21,assets/audio/voice/clara/ex-supported-side-step-first-v21.mp3,7755,"Supported side step. Stand near a counter. Step to the side, bring the other foot in, and continue with control.",,pending_founder_listening,Prepared for founder listening review. Not approved by this task.
listen-166,training_generated,P3,marcus,ex-supported-side-step-first-v21,ex-supported-side-step-first-v21,assets/audio/voice/marcus/ex-supported-side-step-first-v21.mp3,6502,"Supported side step. Stand near a counter. Step to the side, bring the other foot in, and continue with control.",,pending_founder_listening,Prepared for founder listening review. Not approved by this task.
listen-167,training_generated,P3,clara,ex-supported-side-step-next-v21,ex-supported-side-step-next-v21,assets/audio/voice/clara/ex-supported-side-step-next-v21.mp3,1533,Supported side step.,,pending_founder_listening,Prepared for founder listening review. Not approved by this task.
listen-168,training_generated,P3,marcus,ex-supported-side-step-next-v21,ex-supported-side-step-next-v21,assets/audio/voice/marcus/ex-supported-side-step-next-v21.mp3,1440,Supported side step.,,pending_founder_listening,Prepared for founder listening review. Not approved by this task.
listen-169,training_generated,P3,clara,ex-thoracic-rotation-first-v21,ex-thoracic-rotation-first-v21,assets/audio/voice/clara/ex-thoracic-rotation-first-v21.mp3,8266,"Thoracic rotation. Sit or stand tall with arms crossed. Rotate one way, return to center, then rotate the other way.",,pending_founder_listening,Prepared for founder listening review. Not approved by this task.
listen-170,training_generated,P3,marcus,ex-thoracic-rotation-first-v21,ex-thoracic-rotation-first-v21,assets/audio/voice/marcus/ex-thoracic-rotation-first-v21.mp3,7245,"Thoracic rotation. Sit or stand tall with arms crossed. Rotate one way, return to center, then rotate the other way.",,pending_founder_listening,Prepared for founder listening review. Not approved by this task.
listen-171,training_generated,P3,clara,ex-thoracic-rotation-next-v21,ex-thoracic-rotation-next-v21,assets/audio/voice/clara/ex-thoracic-rotation-next-v21.mp3,1533,Thoracic rotation.,,pending_founder_listening,Prepared for founder listening review. Not approved by this task.
listen-172,training_generated,P3,marcus,ex-thoracic-rotation-next-v21,ex-thoracic-rotation-next-v21,assets/audio/voice/marcus/ex-thoracic-rotation-next-v21.mp3,1440,Thoracic rotation.,,pending_founder_listening,Prepared for founder listening review. Not approved by this task.
listen-173,training_generated,P3,clara,ex-toe-raise-supported-first-v21,ex-toe-raise-supported-first-v21,assets/audio/voice/clara/ex-toe-raise-supported-first-v21.mp3,5387,"Supported toe raise. Keep heels down, lift the front of your feet, then lower slowly.",,pending_founder_listening,Prepared for founder listening review. Not approved by this task.
listen-174,training_generated,P3,marcus,ex-toe-raise-supported-first-v21,ex-toe-raise-supported-first-v21,assets/audio/voice/marcus/ex-toe-raise-supported-first-v21.mp3,4458,"Supported toe raise. Keep heels down, lift the front of your feet, then lower slowly.",,pending_founder_listening,Prepared for founder listening review. Not approved by this task.
listen-175,training_generated,P3,clara,ex-toe-raise-supported-next-v21,ex-toe-raise-supported-next-v21,assets/audio/voice/clara/ex-toe-raise-supported-next-v21.mp3,1579,Supported toe raise.,,pending_founder_listening,Prepared for founder listening review. Not approved by this task.
listen-176,training_generated,P3,marcus,ex-toe-raise-supported-next-v21,ex-toe-raise-supported-next-v21,assets/audio/voice/marcus/ex-toe-raise-supported-next-v21.mp3,1440,Supported toe raise.,,pending_founder_listening,Prepared for founder listening review. Not approved by this task.
listen-177,training_generated,P3,clara,ex-wall-calf-stretch-first-v21,ex-wall-calf-stretch-first-v21,assets/audio/voice/clara/ex-wall-calf-stretch-first-v21.mp3,2601,Wall calf stretch. Hands on the wall.,,pending_founder_listening,Prepared for founder listening review. Not approved by this task.
listen-178,training_generated,P3,marcus,ex-wall-calf-stretch-first-v21,ex-wall-calf-stretch-first-v21,assets/audio/voice/marcus/ex-wall-calf-stretch-first-v21.mp3,1950,Wall calf stretch. Hands on the wall.,,pending_founder_listening,Prepared for founder listening review. Not approved by this task.
listen-179,training_generated,P3,clara,ex-wall-calf-stretch-next-v21,ex-wall-calf-stretch-next-v21,assets/audio/voice/clara/ex-wall-calf-stretch-next-v21.mp3,1486,Wall calf stretch.,,pending_founder_listening,Prepared for founder listening review. Not approved by this task.
listen-180,training_generated,P3,marcus,ex-wall-calf-stretch-next-v21,ex-wall-calf-stretch-next-v21,assets/audio/voice/marcus/ex-wall-calf-stretch-next-v21.mp3,1440,Wall calf stretch.,,pending_founder_listening,Prepared for founder listening review. Not approved by this task.
listen-181,training_generated,P3,clara,five-seconds-left-v21,five-seconds-left-v21,assets/audio/voice/clara/five-seconds-left-v21.mp3,1393,Five seconds left.,,pending_founder_listening,Prepared for founder listening review. Not approved by this task.
listen-182,training_generated,P3,marcus,five-seconds-left-v21,five-seconds-left-v21,assets/audio/voice/marcus/five-seconds-left-v21.mp3,1300,Five seconds left.,,pending_founder_listening,Prepared for founder listening review. Not approved by this task.
listen-183,training_generated,P3,clara,floor-gate-question-v21,floor-gate-question-v21,assets/audio/voice/clara/floor-gate-question-v21.mp3,3715,Can you safely get down to the floor and back up without assistance?,,pending_founder_listening,Prepared for founder listening review. Not approved by this task.
listen-184,training_generated,P3,marcus,floor-gate-question-v21,floor-gate-question-v21,assets/audio/voice/marcus/floor-gate-question-v21.mp3,3251,Can you safely get down to the floor and back up without assistance?,,pending_founder_listening,Prepared for founder listening review. Not approved by this task.
listen-185,training_generated,P3,clara,halfway-v21,halfway-v21,assets/audio/voice/clara/halfway-v21.mp3,975,Halfway.,,pending_founder_listening,Prepared for founder listening review. Not approved by this task.
listen-186,training_generated,P3,marcus,halfway-v21,halfway-v21,assets/audio/voice/marcus/halfway-v21.mp3,882,Halfway.,,pending_founder_listening,Prepared for founder listening review. Not approved by this task.
listen-187,training_generated,P3,clara,last-set-v21,last-set-v21,assets/audio/voice/clara/last-set-v21.mp3,1115,Last set.,,pending_founder_listening,Prepared for founder listening review. Not approved by this task.
listen-188,training_generated,P3,marcus,last-set-v21,last-set-v21,assets/audio/voice/marcus/last-set-v21.mp3,1022,Last set.,,pending_founder_listening,Prepared for founder listening review. Not approved by this task.
listen-189,training_generated,P3,clara,micro-chair-power-v21,micro-chair-power-v21,assets/audio/voice/clara/micro-chair-power-v21.mp3,6502,Five quick chair stands. Arms crossed. Stand and sit five times as quickly as safely comfortable.,,pending_founder_listening,Prepared for founder listening review. Not approved by this task.
listen-190,training_generated,P3,marcus,micro-chair-power-v21,micro-chair-power-v21,assets/audio/voice/marcus/micro-chair-power-v21.mp3,7709,Five quick chair stands. Arms crossed. Stand and sit five times as quickly as safely comfortable.,,pending_founder_listening,Prepared for founder listening review. Not approved by this task.
listen-191,training_generated,P3,clara,micro-discard-v21,micro-discard-v21,assets/audio/voice/clara/micro-discard-v21.mp3,1300,Check discarded.,,pending_founder_listening,Prepared for founder listening review. Not approved by this task.
listen-192,training_generated,P3,marcus,micro-discard-v21,micro-discard-v21,assets/audio/voice/marcus/micro-discard-v21.mp3,1254,Check discarded.,,pending_founder_listening,Prepared for founder listening review. Not approved by this task.
listen-193,training_generated,P3,clara,micro-mobility-left-v21,micro-mobility-left-v21,assets/audio/voice/clara/micro-mobility-left-v21.mp3,5341,Quick mobility check. Extend your left leg and reach gently until I say relax.,,pending_founder_listening,Prepared for founder listening review. Not approved by this task.
listen-194,training_generated,P3,marcus,micro-mobility-left-v21,micro-mobility-left-v21,assets/audio/voice/marcus/micro-mobility-left-v21.mp3,4830,Quick mobility check. Extend your left leg and reach gently until I say relax.,,pending_founder_listening,Prepared for founder listening review. Not approved by this task.
listen-195,training_generated,P3,clara,micro-mobility-right-v21,micro-mobility-right-v21,assets/audio/voice/clara/micro-mobility-right-v21.mp3,5155,Quick mobility check. Extend your right leg and reach gently until I say relax.,,pending_founder_listening,Prepared for founder listening review. Not approved by this task.
listen-196,training_generated,P3,marcus,micro-mobility-right-v21,micro-mobility-right-v21,assets/audio/voice/marcus/micro-mobility-right-v21.mp3,4876,Quick mobility check. Extend your right leg and reach gently until I say relax.,,pending_founder_listening,Prepared for founder listening review. Not approved by this task.
listen-197,training_generated,P3,clara,micro-relax-v21,micro-relax-v21,assets/audio/voice/clara/micro-relax-v21.mp3,1022,Relax.,,pending_founder_listening,Prepared for founder listening review. Not approved by this task.
listen-198,training_generated,P3,marcus,micro-relax-v21,micro-relax-v21,assets/audio/voice/marcus/micro-relax-v21.mp3,929,Relax.,,pending_founder_listening,Prepared for founder listening review. Not approved by this task.
listen-199,training_generated,P3,clara,micro-single-leg-left-v21,micro-single-leg-left-v21,assets/audio/voice/clara/micro-single-leg-left-v21.mp3,5619,Quick balance check. Stand on your left leg with support nearby. Hold as long as comfortable.,,pending_founder_listening,Prepared for founder listening review. Not approved by this task.
listen-200,training_generated,P3,marcus,micro-single-leg-left-v21,micro-single-leg-left-v21,assets/audio/voice/marcus/micro-single-leg-left-v21.mp3,5387,Quick balance check. Stand on your left leg with support nearby. Hold as long as comfortable.,,pending_founder_listening,Prepared for founder listening review. Not approved by this task.
listen-201,training_generated,P3,clara,micro-single-leg-right-v21,micro-single-leg-right-v21,assets/audio/voice/clara/micro-single-leg-right-v21.mp3,5805,Quick balance check. Stand on your right leg with support nearby. Hold as long as comfortable.,,pending_founder_listening,Prepared for founder listening review. Not approved by this task.
listen-202,training_generated,P3,marcus,micro-single-leg-right-v21,micro-single-leg-right-v21,assets/audio/voice/marcus/micro-single-leg-right-v21.mp3,5991,Quick balance check. Stand on your right leg with support nearby. Hold as long as comfortable.,,pending_founder_listening,Prepared for founder listening review. Not approved by this task.
listen-203,training_generated,P3,clara,microcheck-complete-v21,microcheck-complete-v21,assets/audio/voice/clara/microcheck-complete-v21.mp3,1300,Check complete.,,pending_founder_listening,Prepared for founder listening review. Not approved by this task.
listen-204,training_generated,P3,marcus,microcheck-complete-v21,microcheck-complete-v21,assets/audio/voice/marcus/microcheck-complete-v21.mp3,1161,Check complete.,,pending_founder_listening,Prepared for founder listening review. Not approved by this task.
listen-205,training_generated,P3,clara,next-exercise-v21,next-exercise-v21,assets/audio/voice/clara/next-exercise-v21.mp3,1207,Next exercise.,,pending_founder_listening,Prepared for founder listening review. Not approved by this task.
listen-206,training_generated,P3,marcus,next-exercise-v21,next-exercise-v21,assets/audio/voice/marcus/next-exercise-v21.mp3,1254,Next exercise.,,pending_founder_listening,Prepared for founder listening review. Not approved by this task.
listen-207,training_generated,P3,clara,paused-v21,paused-v21,assets/audio/voice/clara/paused-v21.mp3,975,Paused.,,pending_founder_listening,Prepared for founder listening review. Not approved by this task.
listen-208,training_generated,P3,marcus,paused-v21,paused-v21,assets/audio/voice/marcus/paused-v21.mp3,650,Paused.,,pending_founder_listening,Prepared for founder listening review. Not approved by this task.
listen-209,training_generated,P3,clara,rest-now-v21,rest-now-v21,assets/audio/voice/clara/rest-now-v21.mp3,1068,Rest now.,,pending_founder_listening,Prepared for founder listening review. Not approved by this task.
listen-210,training_generated,P3,marcus,rest-now-v21,rest-now-v21,assets/audio/voice/marcus/rest-now-v21.mp3,929,Rest now.,,pending_founder_listening,Prepared for founder listening review. Not approved by this task.
listen-211,training_generated,P3,clara,resuming-v21,resuming-v21,assets/audio/voice/clara/resuming-v21.mp3,1022,Resuming.,,pending_founder_listening,Prepared for founder listening review. Not approved by this task.
listen-212,training_generated,P3,marcus,resuming-v21,resuming-v21,assets/audio/voice/marcus/resuming-v21.mp3,882,Resuming.,,pending_founder_listening,Prepared for founder listening review. Not approved by this task.
listen-213,training_generated,P3,clara,safe-session-start-v21,safe-session-start-v21,assets/audio/voice/clara/safe-session-start-v21.mp3,5201,"Clear the space around you. Stop for sharp pain, dizziness, or feeling unwell.",,pending_founder_listening,Prepared for founder listening review. Not approved by this task.
listen-214,training_generated,P3,marcus,safe-session-start-v21,safe-session-start-v21,assets/audio/voice/marcus/safe-session-start-v21.mp3,4969,"Clear the space around you. Stop for sharp pain, dizziness, or feeling unwell.",,pending_founder_listening,Prepared for founder listening review. Not approved by this task.
listen-215,training_generated,P3,clara,session-complete-v21,session-complete-v21,assets/audio/voice/clara/session-complete-v21.mp3,1347,Session complete.,,pending_founder_listening,Prepared for founder listening review. Not approved by this task.
listen-216,training_generated,P3,marcus,session-complete-v21,session-complete-v21,assets/audio/voice/marcus/session-complete-v21.mp3,1207,Session complete.,,pending_founder_listening,Prepared for founder listening review. Not approved by this task.
listen-217,training_generated,P3,clara,set-complete-v21,set-complete-v21,assets/audio/voice/clara/set-complete-v21.mp3,1207,Set complete.,,pending_founder_listening,Prepared for founder listening review. Not approved by this task.
listen-218,training_generated,P3,marcus,set-complete-v21,set-complete-v21,assets/audio/voice/marcus/set-complete-v21.mp3,1115,Set complete.,,pending_founder_listening,Prepared for founder listening review. Not approved by this task.
listen-219,training_generated,P3,clara,setup-back-v21,setup-back-v21,assets/audio/voice/clara/setup-back-v21.mp3,1579,Move a little farther back.,,pending_founder_listening,Prepared for founder listening review. Not approved by this task.
listen-220,training_generated,P3,marcus,setup-back-v21,setup-back-v21,assets/audio/voice/marcus/setup-back-v21.mp3,1440,Move a little farther back.,,pending_founder_listening,Prepared for founder listening review. Not approved by this task.
listen-221,training_generated,P3,clara,setup-center-v21,setup-center-v21,assets/audio/voice/clara/setup-center-v21.mp3,1718,Move to the centre of the view.,,pending_founder_listening,Prepared for founder listening review. Not approved by this task.
listen-222,training_generated,P3,marcus,setup-center-v21,setup-center-v21,assets/audio/voice/marcus/setup-center-v21.mp3,1672,Move to the centre of the view.,,pending_founder_listening,Prepared for founder listening review. Not approved by this task.
listen-223,training_generated,P3,clara,setup-clearer-view-v21,setup-clearer-view-v21,assets/audio/voice/clara/setup-clearer-view-v21.mp3,3669,I need a clearer view. Make sure your whole body is visible.,,pending_founder_listening,Prepared for founder listening review. Not approved by this task.
listen-224,training_generated,P3,marcus,setup-clearer-view-v21,setup-clearer-view-v21,assets/audio/voice/marcus/setup-clearer-view-v21.mp3,3297,I need a clearer view. Make sure your whole body is visible.,,pending_founder_listening,Prepared for founder listening review. Not approved by this task.
listen-225,training_generated,P3,clara,setup-closer-v21,setup-closer-v21,assets/audio/voice/clara/setup-closer-v21.mp3,1393,Move a little closer.,,pending_founder_listening,Prepared for founder listening review. Not approved by this task.
listen-226,training_generated,P3,marcus,setup-closer-v21,setup-closer-v21,assets/audio/voice/marcus/setup-closer-v21.mp3,1393,Move a little closer.,,pending_founder_listening,Prepared for founder listening review. Not approved by this task.
listen-227,training_generated,P3,clara,setup-enter-view-v21,setup-enter-view-v21,assets/audio/voice/clara/setup-enter-view-v21.mp3,2694,Step into view so your whole body is visible.,,pending_founder_listening,Prepared for founder listening review. Not approved by this task.
listen-228,training_generated,P3,marcus,setup-enter-view-v21,setup-enter-view-v21,assets/audio/voice/marcus/setup-enter-view-v21.mp3,2415,Step into view so your whole body is visible.,,pending_founder_listening,Prepared for founder listening review. Not approved by this task.
listen-229,training_generated,P3,clara,setup-hold-still-v21,setup-hold-still-v21,assets/audio/voice/clara/setup-hold-still-v21.mp3,1672,Hold still for a moment.,,pending_founder_listening,Prepared for founder listening review. Not approved by this task.
listen-230,training_generated,P3,marcus,setup-hold-still-v21,setup-hold-still-v21,assets/audio/voice/marcus/setup-hold-still-v21.mp3,1300,Hold still for a moment.,,pending_founder_listening,Prepared for founder listening review. Not approved by this task.
listen-231,training_generated,P3,clara,setup-light-v21,setup-light-v21,assets/audio/voice/clara/setup-light-v21.mp3,1718,Please turn on the main light.,,pending_founder_listening,Prepared for founder listening review. Not approved by this task.
listen-232,training_generated,P3,marcus,setup-light-v21,setup-light-v21,assets/audio/voice/marcus/setup-light-v21.mp3,1486,Please turn on the main light.,,pending_founder_listening,Prepared for founder listening review. Not approved by this task.
listen-233,training_generated,P3,clara,side-calf-left-back-v21,side-calf-left-back-v21,assets/audio/voice/clara/side-calf-left-back-v21.mp3,2368,"Step your left leg back, heel down.",,pending_founder_listening,Prepared for founder listening review. Not approved by this task.
listen-234,training_generated,P3,marcus,side-calf-left-back-v21,side-calf-left-back-v21,assets/audio/voice/marcus/side-calf-left-back-v21.mp3,2229,"Step your left leg back, heel down.",,pending_founder_listening,Prepared for founder listening review. Not approved by this task.
listen-235,training_generated,P3,clara,side-calf-right-back-v21,side-calf-right-back-v21,assets/audio/voice/clara/side-calf-right-back-v21.mp3,2461,"Step your right leg back, heel down.",,pending_founder_listening,Prepared for founder listening review. Not approved by this task.
listen-236,training_generated,P3,marcus,side-calf-right-back-v21,side-calf-right-back-v21,assets/audio/voice/marcus/side-calf-right-back-v21.mp3,2368,"Step your right leg back, heel down.",,pending_founder_listening,Prepared for founder listening review. Not approved by this task.
listen-237,training_generated,P3,clara,side-hamstring-left-extended-v21,side-hamstring-left-extended-v21,assets/audio/voice/clara/side-hamstring-left-extended-v21.mp3,2461,"Extend your left leg, heel on the floor.",,pending_founder_listening,Prepared for founder listening review. Not approved by this task.
listen-238,training_generated,P3,marcus,side-hamstring-left-extended-v21,side-hamstring-left-extended-v21,assets/audio/voice/marcus/side-hamstring-left-extended-v21.mp3,2461,"Extend your left leg, heel on the floor.",,pending_founder_listening,Prepared for founder listening review. Not approved by this task.
listen-239,training_generated,P3,clara,side-hamstring-right-extended-v21,side-hamstring-right-extended-v21,assets/audio/voice/clara/side-hamstring-right-extended-v21.mp3,2461,"Extend your right leg, heel on the floor.",,pending_founder_listening,Prepared for founder listening review. Not approved by this task.
listen-240,training_generated,P3,marcus,side-hamstring-right-extended-v21,side-hamstring-right-extended-v21,assets/audio/voice/marcus/side-hamstring-right-extended-v21.mp3,2276,"Extend your right leg, heel on the floor.",,pending_founder_listening,Prepared for founder listening review. Not approved by this task.
listen-241,training_generated,P3,clara,side-hip-flexor-left-back-v21,side-hip-flexor-left-back-v21,assets/audio/voice/clara/side-hip-flexor-left-back-v21.mp3,3390,Step your right foot forward so your left hip side stretches.,,pending_founder_listening,Prepared for founder listening review. Not approved by this task.
listen-242,training_generated,P3,marcus,side-hip-flexor-left-back-v21,side-hip-flexor-left-back-v21,assets/audio/voice/marcus/side-hip-flexor-left-back-v21.mp3,3251,Step your right foot forward so your left hip side stretches.,,pending_founder_listening,Prepared for founder listening review. Not approved by this task.
listen-243,training_generated,P3,clara,side-hip-flexor-right-back-v21,side-hip-flexor-right-back-v21,assets/audio/voice/clara/side-hip-flexor-right-back-v21.mp3,3715,Step your left foot forward so your right hip side stretches.,,pending_founder_listening,Prepared for founder listening review. Not approved by this task.
listen-244,training_generated,P3,marcus,side-hip-flexor-right-back-v21,side-hip-flexor-right-back-v21,assets/audio/voice/marcus/side-hip-flexor-right-back-v21.mp3,3204,Step your left foot forward so your right hip side stretches.,,pending_founder_listening,Prepared for founder listening review. Not approved by this task.
listen-245,training_generated,P3,clara,side-single-leg-left-v21,side-single-leg-left-v21,assets/audio/voice/clara/side-single-leg-left-v21.mp3,3529,Start on your left leg. Lift your right foot slightly.,,pending_founder_listening,Prepared for founder listening review. Not approved by this task.
listen-246,training_generated,P3,marcus,side-single-leg-left-v21,side-single-leg-left-v21,assets/audio/voice/marcus/side-single-leg-left-v21.mp3,3111,Start on your left leg. Lift your right foot slightly.,,pending_founder_listening,Prepared for founder listening review. Not approved by this task.
listen-247,training_generated,P3,clara,side-single-leg-right-v21,side-single-leg-right-v21,assets/audio/voice/clara/side-single-leg-right-v21.mp3,3576,Start on your right leg. Lift your left foot slightly.,,pending_founder_listening,Prepared for founder listening review. Not approved by this task.
listen-248,training_generated,P3,marcus,side-single-leg-right-v21,side-single-leg-right-v21,assets/audio/voice/marcus/side-single-leg-right-v21.mp3,3019,Start on your right leg. Lift your left foot slightly.,,pending_founder_listening,Prepared for founder listening review. Not approved by this task.
listen-249,training_generated,P3,clara,side-split-squat-left-forward-v21,side-split-squat-left-forward-v21,assets/audio/voice/clara/side-split-squat-left-forward-v21.mp3,2508,"Left foot forward, small split stance.",,pending_founder_listening,Prepared for founder listening review. Not approved by this task.
listen-250,training_generated,P3,marcus,side-split-squat-left-forward-v21,side-split-squat-left-forward-v21,assets/audio/voice/marcus/side-split-squat-left-forward-v21.mp3,2229,"Left foot forward, small split stance.",,pending_founder_listening,Prepared for founder listening review. Not approved by this task.
listen-251,training_generated,P3,clara,side-split-squat-right-forward-v21,side-split-squat-right-forward-v21,assets/audio/voice/clara/side-split-squat-right-forward-v21.mp3,2647,"Right foot forward, small split stance.",,pending_founder_listening,Prepared for founder listening review. Not approved by this task.
listen-252,training_generated,P3,marcus,side-split-squat-right-forward-v21,side-split-squat-right-forward-v21,assets/audio/voice/marcus/side-split-squat-right-forward-v21.mp3,2229,"Right foot forward, small split stance.",,pending_founder_listening,Prepared for founder listening review. Not approved by this task.
listen-253,training_generated,P3,clara,side-tandem-left-front-v21,side-tandem-left-front-v21,assets/audio/voice/clara/side-tandem-left-front-v21.mp3,2415,"Place your left foot in front, heel to toe.",,pending_founder_listening,Prepared for founder listening review. Not approved by this task.
listen-254,training_generated,P3,marcus,side-tandem-left-front-v21,side-tandem-left-front-v21,assets/audio/voice/marcus/side-tandem-left-front-v21.mp3,2276,"Place your left foot in front, heel to toe.",,pending_founder_listening,Prepared for founder listening review. Not approved by this task.
listen-255,training_generated,P3,clara,side-tandem-right-front-v21,side-tandem-right-front-v21,assets/audio/voice/clara/side-tandem-right-front-v21.mp3,2694,"Place your right foot in front, heel to toe.",,pending_founder_listening,Prepared for founder listening review. Not approved by this task.
listen-256,training_generated,P3,marcus,side-tandem-right-front-v21,side-tandem-right-front-v21,assets/audio/voice/marcus/side-tandem-right-front-v21.mp3,2554,"Place your right foot in front, heel to toe.",,pending_founder_listening,Prepared for founder listening review. Not approved by this task.
listen-257,training_generated,P3,clara,step-up-next-left-v21,step-up-next-left-v21,assets/audio/voice/clara/step-up-next-left-v21.mp3,2183,Next rep starts with your left leg.,,pending_founder_listening,Prepared for founder listening review. Not approved by this task.
listen-258,training_generated,P3,marcus,step-up-next-left-v21,step-up-next-left-v21,assets/audio/voice/marcus/step-up-next-left-v21.mp3,1904,Next rep starts with your left leg.,,pending_founder_listening,Prepared for founder listening review. Not approved by this task.
listen-259,training_generated,P3,clara,step-up-next-right-v21,step-up-next-right-v21,assets/audio/voice/clara/step-up-next-right-v21.mp3,2183,Next rep starts with your right leg.,,pending_founder_listening,Prepared for founder listening review. Not approved by this task.
listen-260,training_generated,P3,marcus,step-up-next-right-v21,step-up-next-right-v21,assets/audio/voice/marcus/step-up-next-right-v21.mp3,1950,Next rep starts with your right leg.,,pending_founder_listening,Prepared for founder listening review. Not approved by this task.
listen-261,training_generated,P3,clara,step-up-start-left-v21,step-up-start-left-v21,assets/audio/voice/clara/step-up-start-left-v21.mp3,1533,Start with your left leg.,,pending_founder_listening,Prepared for founder listening review. Not approved by this task.
listen-262,training_generated,P3,marcus,step-up-start-left-v21,step-up-start-left-v21,assets/audio/voice/marcus/step-up-start-left-v21.mp3,1440,Start with your left leg.,,pending_founder_listening,Prepared for founder listening review. Not approved by this task.
listen-263,training_generated,P3,clara,step-up-start-right-v21,step-up-start-right-v21,assets/audio/voice/clara/step-up-start-right-v21.mp3,1579,Start with your right leg.,,pending_founder_listening,Prepared for founder listening review. Not approved by this task.
listen-264,training_generated,P3,marcus,step-up-start-right-v21,step-up-start-right-v21,assets/audio/voice/marcus/step-up-start-right-v21.mp3,1486,Start with your right leg.,,pending_founder_listening,Prepared for founder listening review. Not approved by this task.
listen-265,training_generated,P3,clara,step-up-wrong-left-v21,step-up-wrong-left-v21,assets/audio/voice/clara/step-up-wrong-left-v21.mp3,2926,No rep. Start the next one with your left leg.,,pending_founder_listening,Prepared for founder listening review. Not approved by this task.
listen-266,training_generated,P3,marcus,step-up-wrong-left-v21,step-up-wrong-left-v21,assets/audio/voice/marcus/step-up-wrong-left-v21.mp3,2786,No rep. Start the next one with your left leg.,,pending_founder_listening,Prepared for founder listening review. Not approved by this task.
listen-267,training_generated,P3,clara,step-up-wrong-right-v21,step-up-wrong-right-v21,assets/audio/voice/clara/step-up-wrong-right-v21.mp3,2972,No rep. Start the next one with your right leg.,,pending_founder_listening,Prepared for founder listening review. Not approved by this task.
listen-268,training_generated,P3,marcus,step-up-wrong-right-v21,step-up-wrong-right-v21,assets/audio/voice/marcus/step-up-wrong-right-v21.mp3,2229,No rep. Start the next one with your right leg.,,pending_founder_listening,Prepared for founder listening review. Not approved by this task.
listen-269,training_generated,P3,clara,switch-foot-positions-v21,switch-foot-positions-v21,assets/audio/voice/clara/switch-foot-positions-v21.mp3,1486,Switch foot positions.,,pending_founder_listening,Prepared for founder listening review. Not approved by this task.
listen-270,training_generated,P3,marcus,switch-foot-positions-v21,switch-foot-positions-v21,assets/audio/voice/marcus/switch-foot-positions-v21.mp3,1300,Switch foot positions.,,pending_founder_listening,Prepared for founder listening review. Not approved by this task.
listen-271,training_generated,P3,clara,switch-legs-v21,switch-legs-v21,assets/audio/voice/clara/switch-legs-v21.mp3,1161,Switch legs.,,pending_founder_listening,Prepared for founder listening review. Not approved by this task.
listen-272,training_generated,P3,marcus,switch-legs-v21,switch-legs-v21,assets/audio/voice/marcus/switch-legs-v21.mp3,1022,Switch legs.,,pending_founder_listening,Prepared for founder listening review. Not approved by this task.
listen-273,training_generated,P3,clara,switch-sides-v21,switch-sides-v21,assets/audio/voice/clara/switch-sides-v21.mp3,1022,Switch sides.,,pending_founder_listening,Prepared for founder listening review. Not approved by this task.
listen-274,training_generated,P3,marcus,switch-sides-v21,switch-sides-v21,assets/audio/voice/marcus/switch-sides-v21.mp3,1115,Switch sides.,,pending_founder_listening,Prepared for founder listening review. Not approved by this task.
listen-275,training_generated,P3,clara,target-balance-feet-together-hold-v21,target-balance-feet-together-hold-v21,assets/audio/voice/clara/target-balance-feet-together-hold-v21.mp3,1579,Hold for twenty seconds.,,pending_founder_listening,Prepared for founder listening review. Not approved by this task.
listen-276,training_generated,P3,marcus,target-balance-feet-together-hold-v21,target-balance-feet-together-hold-v21,assets/audio/voice/marcus/target-balance-feet-together-hold-v21.mp3,1440,Hold for twenty seconds.,,pending_founder_listening,Prepared for founder listening review. Not approved by this task.
listen-277,training_generated,P3,clara,target-balance-single-leg-hold-v21,target-balance-single-leg-hold-v21,assets/audio/voice/clara/target-balance-single-leg-hold-v21.mp3,1533,Hold for [duration].,,pending_founder_listening,Prepared for founder listening review. Not approved by this task.
listen-278,training_generated,P3,marcus,target-balance-single-leg-hold-v21,target-balance-single-leg-hold-v21,assets/audio/voice/marcus/target-balance-single-leg-hold-v21.mp3,1347,Hold for [duration].,,pending_founder_listening,Prepared for founder listening review. Not approved by this task.
listen-279,training_generated,P3,clara,target-balance-tandem-hold-v21,target-balance-tandem-hold-v21,assets/audio/voice/clara/target-balance-tandem-hold-v21.mp3,1533,Hold for [duration].,,pending_founder_listening,Prepared for founder listening review. Not approved by this task.
listen-280,training_generated,P3,marcus,target-balance-tandem-hold-v21,target-balance-tandem-hold-v21,assets/audio/voice/marcus/target-balance-tandem-hold-v21.mp3,1486,Hold for [duration].,,pending_founder_listening,Prepared for founder listening review. Not approved by this task.
listen-281,training_generated,P3,clara,target-band-pull-apart-v21,target-band-pull-apart-v21,assets/audio/voice/clara/target-band-pull-apart-v21.mp3,1579,Move for thirty seconds.,,pending_founder_listening,Prepared for founder listening review. Not approved by this task.
listen-282,training_generated,P3,marcus,target-band-pull-apart-v21,target-band-pull-apart-v21,assets/audio/voice/marcus/target-band-pull-apart-v21.mp3,1440,Move for thirty seconds.,,pending_founder_listening,Prepared for founder listening review. Not approved by this task.
listen-283,training_generated,P3,clara,target-chair-supported-split-squat-v21,target-chair-supported-split-squat-v21,assets/audio/voice/clara/target-chair-supported-split-squat-v21.mp3,1625,Aim for [reps] reps.,,pending_founder_listening,Prepared for founder listening review. Not approved by this task.
listen-284,training_generated,P3,marcus,target-chair-supported-split-squat-v21,target-chair-supported-split-squat-v21,assets/audio/voice/marcus/target-chair-supported-split-squat-v21.mp3,1347,Aim for [reps] reps.,,pending_founder_listening,Prepared for founder listening review. Not approved by this task.
listen-285,training_generated,P3,clara,target-glute-bridge-hold-v21,target-glute-bridge-hold-v21,assets/audio/voice/clara/target-glute-bridge-hold-v21.mp3,1579,Hold for twenty seconds.,,pending_founder_listening,Prepared for founder listening review. Not approved by this task.
listen-286,training_generated,P3,marcus,target-glute-bridge-hold-v21,target-glute-bridge-hold-v21,assets/audio/voice/marcus/target-glute-bridge-hold-v21.mp3,1533,Hold for twenty seconds.,,pending_founder_listening,Prepared for founder listening review. Not approved by this task.
listen-287,training_generated,P3,clara,target-glute-bridge-reps-v21,target-glute-bridge-reps-v21,assets/audio/voice/clara/target-glute-bridge-reps-v21.mp3,1486,Aim for twelve reps.,,pending_founder_listening,Prepared for founder listening review. Not approved by this task.
listen-288,training_generated,P3,marcus,target-glute-bridge-reps-v21,target-glute-bridge-reps-v21,assets/audio/voice/marcus/target-glute-bridge-reps-v21.mp3,1300,Aim for twelve reps.,,pending_founder_listening,Prepared for founder listening review. Not approved by this task.
listen-289,training_generated,P3,clara,target-heel-raise-free-v21,target-heel-raise-free-v21,assets/audio/voice/clara/target-heel-raise-free-v21.mp3,1579,Aim for eighteen reps.,,pending_founder_listening,Prepared for founder listening review. Not approved by this task.
listen-290,training_generated,P3,marcus,target-heel-raise-free-v21,target-heel-raise-free-v21,assets/audio/voice/marcus/target-heel-raise-free-v21.mp3,1347,Aim for eighteen reps.,,pending_founder_listening,Prepared for founder listening review. Not approved by this task.
listen-291,training_generated,P3,clara,target-heel-raise-supported-v21,target-heel-raise-supported-v21,assets/audio/voice/clara/target-heel-raise-supported-v21.mp3,1393,Aim for fifteen reps.,,pending_founder_listening,Prepared for founder listening review. Not approved by this task.
listen-292,training_generated,P3,marcus,target-heel-raise-supported-v21,target-heel-raise-supported-v21,assets/audio/voice/marcus/target-heel-raise-supported-v21.mp3,1533,Aim for fifteen reps.,,pending_founder_listening,Prepared for founder listening review. Not approved by this task.
listen-293,training_generated,P3,clara,target-hip-hinge-free-v21,target-hip-hinge-free-v21,assets/audio/voice/clara/target-hip-hinge-free-v21.mp3,1393,Aim for twelve reps.,,pending_founder_listening,Prepared for founder listening review. Not approved by this task.
listen-294,training_generated,P3,marcus,target-hip-hinge-free-v21,target-hip-hinge-free-v21,assets/audio/voice/marcus/target-hip-hinge-free-v21.mp3,1347,Aim for twelve reps.,,pending_founder_listening,Prepared for founder listening review. Not approved by this task.
listen-295,training_generated,P3,clara,target-hip-hinge-wall-v21,target-hip-hinge-wall-v21,assets/audio/voice/clara/target-hip-hinge-wall-v21.mp3,1393,Aim for ten reps.,,pending_founder_listening,Prepared for founder listening review. Not approved by this task.
listen-296,training_generated,P3,marcus,target-hip-hinge-wall-v21,target-hip-hinge-wall-v21,assets/audio/voice/marcus/target-hip-hinge-wall-v21.mp3,1486,Aim for ten reps.,,pending_founder_listening,Prepared for founder listening review. Not approved by this task.
listen-297,training_generated,P3,clara,target-loaded-march-v21,target-loaded-march-v21,assets/audio/voice/clara/target-loaded-march-v21.mp3,1440,Aim for sixteen reps.,,pending_founder_listening,Prepared for founder listening review. Not approved by this task.
listen-298,training_generated,P3,marcus,target-loaded-march-v21,target-loaded-march-v21,assets/audio/voice/marcus/target-loaded-march-v21.mp3,1486,Aim for sixteen reps.,,pending_founder_listening,Prepared for founder listening review. Not approved by this task.
listen-299,training_generated,P3,clara,target-loaded-sit-to-stand-v21,target-loaded-sit-to-stand-v21,assets/audio/voice/clara/target-loaded-sit-to-stand-v21.mp3,1393,Aim for eight reps.,,pending_founder_listening,Prepared for founder listening review. Not approved by this task.
listen-300,training_generated,P3,marcus,target-loaded-sit-to-stand-v21,target-loaded-sit-to-stand-v21,assets/audio/voice/marcus/target-loaded-sit-to-stand-v21.mp3,1254,Aim for eight reps.,,pending_founder_listening,Prepared for founder listening review. Not approved by this task.
listen-301,training_generated,P3,clara,target-mini-band-lateral-walk-v21,target-mini-band-lateral-walk-v21,assets/audio/voice/clara/target-mini-band-lateral-walk-v21.mp3,1393,Move for thirty seconds.,,pending_founder_listening,Prepared for founder listening review. Not approved by this task.
listen-302,training_generated,P3,marcus,target-mini-band-lateral-walk-v21,target-mini-band-lateral-walk-v21,assets/audio/voice/marcus/target-mini-band-lateral-walk-v21.mp3,1533,Move for thirty seconds.,,pending_founder_listening,Prepared for founder listening review. Not approved by this task.
listen-303,training_generated,P3,clara,target-neck-rotation-v21,target-neck-rotation-v21,assets/audio/voice/clara/target-neck-rotation-v21.mp3,2136,Move slowly until I say stop.,,pending_founder_listening,Prepared for founder listening review. Not approved by this task.
listen-304,training_generated,P3,marcus,target-neck-rotation-v21,target-neck-rotation-v21,assets/audio/voice/marcus/target-neck-rotation-v21.mp3,1997,Move slowly until I say stop.,,pending_founder_listening,Prepared for founder listening review. Not approved by this task.
listen-305,training_generated,P3,clara,target-overhead-press-band-v21,target-overhead-press-band-v21,assets/audio/voice/clara/target-overhead-press-band-v21.mp3,1533,Aim for twelve reps.,,pending_founder_listening,Prepared for founder listening review. Not approved by this task.
listen-306,training_generated,P3,marcus,target-overhead-press-band-v21,target-overhead-press-band-v21,assets/audio/voice/marcus/target-overhead-press-band-v21.mp3,1393,Aim for twelve reps.,,pending_founder_listening,Prepared for founder listening review. Not approved by this task.
listen-307,training_generated,P3,clara,target-overhead-reach-v21,target-overhead-reach-v21,assets/audio/voice/clara/target-overhead-reach-v21.mp3,1300,Aim for twelve reps.,,pending_founder_listening,Prepared for founder listening review. Not approved by this task.
listen-308,training_generated,P3,marcus,target-overhead-reach-v21,target-overhead-reach-v21,assets/audio/voice/marcus/target-overhead-reach-v21.mp3,1393,Aim for twelve reps.,,pending_founder_listening,Prepared for founder listening review. Not approved by this task.
listen-309,training_generated,P3,clara,target-push-up-incline-v21,target-push-up-incline-v21,assets/audio/voice/clara/target-push-up-incline-v21.mp3,1486,Aim for ten reps.,,pending_founder_listening,Prepared for founder listening review. Not approved by this task.
listen-310,training_generated,P3,marcus,target-push-up-incline-v21,target-push-up-incline-v21,assets/audio/voice/marcus/target-push-up-incline-v21.mp3,1440,Aim for ten reps.,,pending_founder_listening,Prepared for founder listening review. Not approved by this task.
listen-311,training_generated,P3,clara,target-push-up-standard-v21,target-push-up-standard-v21,assets/audio/voice/clara/target-push-up-standard-v21.mp3,1440,Aim for eight reps.,,pending_founder_listening,Prepared for founder listening review. Not approved by this task.
listen-312,training_generated,P3,marcus,target-push-up-standard-v21,target-push-up-standard-v21,assets/audio/voice/marcus/target-push-up-standard-v21.mp3,1393,Aim for eight reps.,,pending_founder_listening,Prepared for founder listening review. Not approved by this task.
listen-313,training_generated,P3,clara,target-push-up-wall-v21,target-push-up-wall-v21,assets/audio/voice/clara/target-push-up-wall-v21.mp3,1254,Aim for ten reps.,,pending_founder_listening,Prepared for founder listening review. Not approved by this task.
listen-314,training_generated,P3,marcus,target-push-up-wall-v21,target-push-up-wall-v21,assets/audio/voice/marcus/target-push-up-wall-v21.mp3,1254,Aim for ten reps.,,pending_founder_listening,Prepared for founder listening review. Not approved by this task.
listen-315,training_generated,P3,clara,target-seated-band-row-v21,target-seated-band-row-v21,assets/audio/voice/clara/target-seated-band-row-v21.mp3,1486,Aim for ten reps.,,pending_founder_listening,Prepared for founder listening review. Not approved by this task.
listen-316,training_generated,P3,marcus,target-seated-band-row-v21,target-seated-band-row-v21,assets/audio/voice/marcus/target-seated-band-row-v21.mp3,1207,Aim for ten reps.,,pending_founder_listening,Prepared for founder listening review. Not approved by this task.
listen-317,training_generated,P3,clara,target-seated-hamstring-reach-v21,target-seated-hamstring-reach-v21,assets/audio/voice/clara/target-seated-hamstring-reach-v21.mp3,2740,Reach gently and hold until I say relax.,,pending_founder_listening,Prepared for founder listening review. Not approved by this task.
listen-318,training_generated,P3,marcus,target-seated-hamstring-reach-v21,target-seated-hamstring-reach-v21,assets/audio/voice/marcus/target-seated-hamstring-reach-v21.mp3,2322,Reach gently and hold until I say relax.,,pending_founder_listening,Prepared for founder listening review. Not approved by this task.
listen-319,training_generated,P3,clara,target-squat-free-v21,target-squat-free-v21,assets/audio/voice/clara/target-squat-free-v21.mp3,1533,Aim for twelve reps.,,pending_founder_listening,Prepared for founder listening review. Not approved by this task.
listen-320,training_generated,P3,marcus,target-squat-free-v21,target-squat-free-v21,assets/audio/voice/marcus/target-squat-free-v21.mp3,1300,Aim for twelve reps.,,pending_founder_listening,Prepared for founder listening review. Not approved by this task.
listen-321,training_generated,P3,clara,target-squat-loaded-v21,target-squat-loaded-v21,assets/audio/voice/clara/target-squat-loaded-v21.mp3,1440,Aim for eight reps.,,pending_founder_listening,Prepared for founder listening review. Not approved by this task.
listen-322,training_generated,P3,marcus,target-squat-loaded-v21,target-squat-loaded-v21,assets/audio/voice/marcus/target-squat-loaded-v21.mp3,1347,Aim for eight reps.,,pending_founder_listening,Prepared for founder listening review. Not approved by this task.
listen-323,training_generated,P3,clara,target-squat-slow-eccentric-v21,target-squat-slow-eccentric-v21,assets/audio/voice/clara/target-squat-slow-eccentric-v21.mp3,1486,Aim for eight reps.,,pending_founder_listening,Prepared for founder listening review. Not approved by this task.
listen-324,training_generated,P3,marcus,target-squat-slow-eccentric-v21,target-squat-slow-eccentric-v21,assets/audio/voice/marcus/target-squat-slow-eccentric-v21.mp3,1207,Aim for eight reps.,,pending_founder_listening,Prepared for founder listening review. Not approved by this task.
listen-325,training_generated,P3,clara,target-squat-supported-v21,target-squat-supported-v21,assets/audio/voice/clara/target-squat-supported-v21.mp3,1486,Aim for ten reps.,,pending_founder_listening,Prepared for founder listening review. Not approved by this task.
listen-326,training_generated,P3,marcus,target-squat-supported-v21,target-squat-supported-v21,assets/audio/voice/marcus/target-squat-supported-v21.mp3,1347,Aim for ten reps.,,pending_founder_listening,Prepared for founder listening review. Not approved by this task.
listen-327,training_generated,P3,clara,target-standing-band-row-v21,target-standing-band-row-v21,assets/audio/voice/clara/target-standing-band-row-v21.mp3,1486,Aim for ten reps.,,pending_founder_listening,Prepared for founder listening review. Not approved by this task.
listen-328,training_generated,P3,marcus,target-standing-band-row-v21,target-standing-band-row-v21,assets/audio/voice/marcus/target-standing-band-row-v21.mp3,1440,Aim for ten reps.,,pending_founder_listening,Prepared for founder listening review. Not approved by this task.
listen-329,training_generated,P3,clara,target-step-up-v21,target-step-up-v21,assets/audio/voice/clara/target-step-up-v21.mp3,1672,Do twelve total reps.,,pending_founder_listening,Prepared for founder listening review. Not approved by this task.
listen-330,training_generated,P3,marcus,target-step-up-v21,target-step-up-v21,assets/audio/voice/marcus/target-step-up-v21.mp3,1533,Do twelve total reps.,,pending_founder_listening,Prepared for founder listening review. Not approved by this task.
listen-331,training_generated,P3,clara,target-sts-cushion-v21,target-sts-cushion-v21,assets/audio/voice/clara/target-sts-cushion-v21.mp3,1486,Aim for eight reps.,,pending_founder_listening,Prepared for founder listening review. Not approved by this task.
listen-332,training_generated,P3,marcus,target-sts-cushion-v21,target-sts-cushion-v21,assets/audio/voice/marcus/target-sts-cushion-v21.mp3,1347,Aim for eight reps.,,pending_founder_listening,Prepared for founder listening review. Not approved by this task.
listen-333,training_generated,P3,clara,target-sts-power-v21,target-sts-power-v21,assets/audio/voice/clara/target-sts-power-v21.mp3,1579,Aim for twelve reps.,,pending_founder_listening,Prepared for founder listening review. Not approved by this task.
listen-334,training_generated,P3,marcus,target-sts-power-v21,target-sts-power-v21,assets/audio/voice/marcus/target-sts-power-v21.mp3,1300,Aim for twelve reps.,,pending_founder_listening,Prepared for founder listening review. Not approved by this task.
listen-335,training_generated,P3,clara,target-sts-slow-eccentric-v21,target-sts-slow-eccentric-v21,assets/audio/voice/clara/target-sts-slow-eccentric-v21.mp3,1161,Aim for eight reps.,,pending_founder_listening,Prepared for founder listening review. Not approved by this task.
listen-336,training_generated,P3,marcus,target-sts-slow-eccentric-v21,target-sts-slow-eccentric-v21,assets/audio/voice/marcus/target-sts-slow-eccentric-v21.mp3,1393,Aim for eight reps.,,pending_founder_listening,Prepared for founder listening review. Not approved by this task.
listen-337,training_generated,P3,clara,target-sts-standard-v21,target-sts-standard-v21,assets/audio/voice/clara/target-sts-standard-v21.mp3,1254,Aim for ten reps.,,pending_founder_listening,Prepared for founder listening review. Not approved by this task.
listen-338,training_generated,P3,marcus,target-sts-standard-v21,target-sts-standard-v21,assets/audio/voice/marcus/target-sts-standard-v21.mp3,1347,Aim for ten reps.,,pending_founder_listening,Prepared for founder listening review. Not approved by this task.
listen-339,training_generated,P3,clara,target-supported-hip-flexor-stretch-v21,target-supported-hip-flexor-stretch-v21,assets/audio/voice/clara/target-supported-hip-flexor-stretch-v21.mp3,1486,Hold for [duration].,,pending_founder_listening,Prepared for founder listening review. Not approved by this task.
listen-340,training_generated,P3,marcus,target-supported-hip-flexor-stretch-v21,target-supported-hip-flexor-stretch-v21,assets/audio/voice/marcus/target-supported-hip-flexor-stretch-v21.mp3,1440,Hold for [duration].,,pending_founder_listening,Prepared for founder listening review. Not approved by this task.
listen-341,training_generated,P3,clara,target-supported-side-step-v21,target-supported-side-step-v21,assets/audio/voice/clara/target-supported-side-step-v21.mp3,1625,Move for thirty seconds.,,pending_founder_listening,Prepared for founder listening review. Not approved by this task.
listen-342,training_generated,P3,marcus,target-supported-side-step-v21,target-supported-side-step-v21,assets/audio/voice/marcus/target-supported-side-step-v21.mp3,1486,Move for thirty seconds.,,pending_founder_listening,Prepared for founder listening review. Not approved by this task.
listen-343,training_generated,P3,clara,target-thoracic-rotation-v21,target-thoracic-rotation-v21,assets/audio/voice/clara/target-thoracic-rotation-v21.mp3,1579,Move for thirty seconds.,,pending_founder_listening,Prepared for founder listening review. Not approved by this task.
listen-344,training_generated,P3,marcus,target-thoracic-rotation-v21,target-thoracic-rotation-v21,assets/audio/voice/marcus/target-thoracic-rotation-v21.mp3,1486,Move for thirty seconds.,,pending_founder_listening,Prepared for founder listening review. Not approved by this task.
listen-345,training_generated,P3,clara,target-toe-raise-supported-v21,target-toe-raise-supported-v21,assets/audio/voice/clara/target-toe-raise-supported-v21.mp3,1625,Move for thirty seconds.,,pending_founder_listening,Prepared for founder listening review. Not approved by this task.
listen-346,training_generated,P3,marcus,target-toe-raise-supported-v21,target-toe-raise-supported-v21,assets/audio/voice/marcus/target-toe-raise-supported-v21.mp3,1300,Move for thirty seconds.,,pending_founder_listening,Prepared for founder listening review. Not approved by this task.
listen-347,training_generated,P3,clara,target-wall-calf-stretch-v21,target-wall-calf-stretch-v21,assets/audio/voice/clara/target-wall-calf-stretch-v21.mp3,1579,Hold for [duration].,,pending_founder_listening,Prepared for founder listening review. Not approved by this task.
listen-348,training_generated,P3,marcus,target-wall-calf-stretch-v21,target-wall-calf-stretch-v21,assets/audio/voice/marcus/target-wall-calf-stretch-v21.mp3,1440,Hold for [duration].,,pending_founder_listening,Prepared for founder listening review. Not approved by this task.
listen-349,training_generated,P3,clara,training-intro-v21,training-intro-v21,assets/audio/voice/clara/training-intro-v21.mp3,7059,"Time to train. I will guide the setup, work, and rests. Follow my voice and pause whenever you need.",,pending_founder_listening,Prepared for founder listening review. Not approved by this task.
listen-350,training_generated,P3,marcus,training-intro-v21,training-intro-v21,assets/audio/voice/marcus/training-intro-v21.mp3,7198,"Time to train. I will guide the setup, work, and rests. Follow my voice and pause whenever you need.",,pending_founder_listening,Prepared for founder listening review. Not approved by this task.
listen-351,training_generated,P3,clara,training-skip-v21,training-skip-v21,assets/audio/voice/clara/training-skip-v21.mp3,1625,Skipped. Moving on.,,pending_founder_listening,Prepared for founder listening review. Not approved by this task.
listen-352,training_generated,P3,marcus,training-skip-v21,training-skip-v21,assets/audio/voice/marcus/training-skip-v21.mp3,1486,Skipped. Moving on.,,pending_founder_listening,Prepared for founder listening review. Not approved by this task.
listen-353,critical_reused_exact,P1,clara,final-position-set-v21,final-position-set-v21,assets/audio/voice/clara/final-position-set-v21.mp3,1115,You're set.,reuse_exact_existing_pair,pending_founder_listening,Critical reused exact pair included for listening context. Not approved by this task.
listen-354,critical_reused_exact,P1,marcus,final-position-set-v21,final-position-set-v21,assets/audio/voice/marcus/final-position-set-v21.mp3,975,You're set.,reuse_exact_existing_pair,pending_founder_listening,Critical reused exact pair included for listening context. Not approved by this task.
listen-355,critical_reused_exact,P1,clara,tracking-loss-v21,tracking-loss-v21,assets/audio/voice/clara/tracking-loss-v21.mp3,2601,Pause. Return to the setup position.,reuse_exact_existing_pair,pending_founder_listening,Critical reused exact pair included for listening context. Not approved by this task.
listen-356,critical_reused_exact,P1,marcus,tracking-loss-v21,tracking-loss-v21,assets/audio/voice/marcus/tracking-loss-v21.mp3,2694,Pause. Return to the setup position.,reuse_exact_existing_pair,pending_founder_listening,Critical reused exact pair included for listening context. Not approved by this task.
listen-357,critical_reused_exact,P1,clara,tracking-recovered-v21,tracking-recovered-v21,assets/audio/voice/clara/tracking-recovered-v21.mp3,2647,You're back in position. We'll restart.,reuse_exact_existing_pair,pending_founder_listening,Critical reused exact pair included for listening context. Not approved by this task.
listen-358,critical_reused_exact,P1,marcus,tracking-recovered-v21,tracking-recovered-v21,assets/audio/voice/marcus/tracking-recovered-v21.mp3,2368,You're back in position. We'll restart.,reuse_exact_existing_pair,pending_founder_listening,Critical reused exact pair included for listening context. Not approved by this task.
listen-359,critical_reused_exact,P1,clara,retry-v21,retry-v21,assets/audio/voice/clara/retry-v21.mp3,1347,Let's try that again.,reuse_exact_existing_pair,pending_founder_listening,Critical reused exact pair included for listening context. Not approved by this task.
listen-360,critical_reused_exact,P1,marcus,retry-v21,retry-v21,assets/audio/voice/marcus/retry-v21.mp3,1254,Let's try that again.,reuse_exact_existing_pair,pending_founder_listening,Critical reused exact pair included for listening context. Not approved by this task.
listen-361,critical_reused_exact,P1,clara,times-up-v21,times-up-v21,assets/audio/voice/clara/times-up-v21.mp3,836,Time.,reuse_exact_existing_pair,pending_founder_listening,Critical reused exact pair included for listening context. Not approved by this task.
listen-362,critical_reused_exact,P1,marcus,times-up-v21,times-up-v21,assets/audio/voice/marcus/times-up-v21.mp3,743,Time.,reuse_exact_existing_pair,pending_founder_listening,Critical reused exact pair included for listening context. Not approved by this task.
listen-363,critical_reused_exact,P1,clara,countdown-three,countdown-three,assets/audio/voice/clara/countdown-three.mp3,789,Three.,reuse_exact_existing_pair,pending_founder_listening,Critical reused exact pair included for listening context. Not approved by this task.
listen-364,critical_reused_exact,P1,marcus,countdown-three,countdown-three,assets/audio/voice/marcus/countdown-three.mp3,789,Three.,reuse_exact_existing_pair,pending_founder_listening,Critical reused exact pair included for listening context. Not approved by this task.
listen-365,critical_reused_exact,P1,clara,countdown-two,countdown-two,assets/audio/voice/clara/countdown-two.mp3,743,Two.,reuse_exact_existing_pair,pending_founder_listening,Critical reused exact pair included for listening context. Not approved by this task.
listen-366,critical_reused_exact,P1,marcus,countdown-two,countdown-two,assets/audio/voice/marcus/countdown-two.mp3,743,Two.,reuse_exact_existing_pair,pending_founder_listening,Critical reused exact pair included for listening context. Not approved by this task.
listen-367,critical_reused_exact,P1,clara,countdown-one,countdown-one,assets/audio/voice/clara/countdown-one.mp3,604,One.,reuse_exact_existing_pair,pending_founder_listening,Critical reused exact pair included for listening context. Not approved by this task.
listen-368,critical_reused_exact,P1,marcus,countdown-one,countdown-one,assets/audio/voice/marcus/countdown-one.mp3,604,One.,reuse_exact_existing_pair,pending_founder_listening,Critical reused exact pair included for listening context. Not approved by this task.
listen-369,critical_reused_exact,P1,clara,go,go,assets/audio/voice/clara/go.mp3,789,Go!,reuse_exact_existing_pair,pending_founder_listening,Critical reused exact pair included for listening context. Not approved by this task.
listen-370,critical_reused_exact,P1,marcus,go,go,assets/audio/voice/marcus/go.mp3,557,Go!,reuse_exact_existing_pair,pending_founder_listening,Critical reused exact pair included for listening context. Not approved by this task.
listen-371,critical_reused_exact,P1,clara,item-complete-v21,item-complete-v21,assets/audio/voice/clara/item-complete-v21.mp3,1022,Complete.,reuse_exact_existing_pair,pending_founder_listening,Critical reused exact pair included for listening context. Not approved by this task.
listen-372,critical_reused_exact,P1,marcus,item-complete-v21,item-complete-v21,assets/audio/voice/marcus/item-complete-v21.mp3,929,Complete.,reuse_exact_existing_pair,pending_founder_listening,Critical reused exact pair included for listening context. Not approved by this task.
listen-373,critical_reused_exact,P1,clara,checkup-balance-intro-v21,checkup-balance-intro-v21,assets/audio/voice/clara/checkup-balance-intro-v21.mp3,4690,Balance check. Keep support within easy reach. I will guide each stance.,reuse_exact_existing_pair,pending_founder_listening,Critical reused exact pair included for listening context. Not approved by this task.
listen-374,critical_reused_exact,P1,marcus,checkup-balance-intro-v21,checkup-balance-intro-v21,assets/audio/voice/marcus/checkup-balance-intro-v21.mp3,5016,Balance check. Keep support within easy reach. I will guide each stance.,reuse_exact_existing_pair,pending_founder_listening,Critical reused exact pair included for listening context. Not approved by this task.
