scenarioId,variantId,voiceId,latencyProfile,eventIndex,eventId,controllerStateBefore,controllerStateAfter,eventScheduledAtMs,cueKeys,outcome,measurementStartsAtMs,measurementEndsAtMs,goPlaybackStartAtMs,blockedByVoice,visibleRetry,staleAfterStateExit,notes
full_normal_mpv2_checkup_clara,full_normal_mpv2_checkup_clara:clara:L0:default,clara,L0,1,voice_runtime_guarded_transition,stage_before,stage_after,0,mpv2_balance_attempt_start,blocked_until_voice_completed,,,,true,false,false,
full_normal_mpv2_checkup_clara,full_normal_mpv2_checkup_clara:clara:L100:default,clara,L100,2,voice_runtime_guarded_transition,stage_before,stage_after,0,mpv2_balance_attempt_start,blocked_until_voice_completed,,,,true,false,false,
full_normal_mpv2_checkup_clara,full_normal_mpv2_checkup_clara:clara:L250:default,clara,L250,3,voice_runtime_guarded_transition,stage_before,stage_after,0,mpv2_balance_attempt_start,blocked_until_voice_completed,,,,true,false,false,
full_normal_mpv2_checkup_marcus,full_normal_mpv2_checkup_marcus:marcus:L0:default,marcus,L0,4,voice_runtime_guarded_transition,stage_before,stage_after,0,mpv2_balance_attempt_start,blocked_until_voice_completed,,,,true,false,false,
full_normal_mpv2_checkup_marcus,full_normal_mpv2_checkup_marcus:marcus:L100:default,marcus,L100,5,voice_runtime_guarded_transition,stage_before,stage_after,0,mpv2_balance_attempt_start,blocked_until_voice_completed,,,,true,false,false,
full_normal_mpv2_checkup_marcus,full_normal_mpv2_checkup_marcus:marcus:L250:default,marcus,L250,6,voice_runtime_guarded_transition,stage_before,stage_after,0,mpv2_balance_attempt_start,blocked_until_voice_completed,,,,true,false,false,
chair_practice_to_official_attempt,chair_practice_to_official_attempt:clara:L0:immediate,clara,L0,7,chair_official_ready_voice_completed,chair_countdown,chair_countdown,0,mpv2_chair_official_ready,completed,,,,false,false,false,
chair_practice_to_official_attempt,chair_practice_to_official_attempt:clara:L0:immediate,clara,L0,8,countdown_three_started,chair_countdown,chair_countdown,0,countdown-three,started,,,,true,false,false,
chair_practice_to_official_attempt,chair_practice_to_official_attempt:clara:L0:immediate,clara,L0,9,countdown_two_started,chair_countdown,chair_countdown,0,countdown-two,started,,,,true,false,false,
chair_practice_to_official_attempt,chair_practice_to_official_attempt:clara:L0:immediate,clara,L0,10,countdown_one_started,chair_countdown,chair_countdown,0,countdown-one,started,,,,true,false,false,
chair_practice_to_official_attempt,chair_practice_to_official_attempt:clara:L0:immediate,clara,L0,11,go_playback-start_event,chair_countdown,chair_active,0,go,measurement_started_from_go_playback_start,3000,,3000,false,false,false,
chair_practice_to_official_attempt,chair_practice_to_official_attempt:clara:L0:after_250ms,clara,L0,12,chair_official_ready_voice_completed,chair_countdown,chair_countdown,0,mpv2_chair_official_ready,completed,,,,false,false,false,
chair_practice_to_official_attempt,chair_practice_to_official_attempt:clara:L0:after_250ms,clara,L0,13,countdown_three_started,chair_countdown,chair_countdown,0,countdown-three,started,,,,true,false,false,
chair_practice_to_official_attempt,chair_practice_to_official_attempt:clara:L0:after_250ms,clara,L0,14,countdown_two_started,chair_countdown,chair_countdown,0,countdown-two,started,,,,true,false,false,
chair_practice_to_official_attempt,chair_practice_to_official_attempt:clara:L0:after_250ms,clara,L0,15,countdown_one_started,chair_countdown,chair_countdown,0,countdown-one,started,,,,true,false,false,
chair_practice_to_official_attempt,chair_practice_to_official_attempt:clara:L0:after_250ms,clara,L0,16,go_playback-start_event,chair_countdown,chair_active,0,go,measurement_started_from_go_playback_start,3000,,3000,false,false,false,
chair_practice_to_official_attempt,chair_practice_to_official_attempt:clara:L0:after_current_speech,clara,L0,17,chair_official_ready_voice_completed,chair_countdown,chair_countdown,0,mpv2_chair_official_ready,completed,,,,false,false,false,
chair_practice_to_official_attempt,chair_practice_to_official_attempt:clara:L0:after_current_speech,clara,L0,18,countdown_three_started,chair_countdown,chair_countdown,0,countdown-three,started,,,,true,false,false,
chair_practice_to_official_attempt,chair_practice_to_official_attempt:clara:L0:after_current_speech,clara,L0,19,countdown_two_started,chair_countdown,chair_countdown,0,countdown-two,started,,,,true,false,false,
chair_practice_to_official_attempt,chair_practice_to_official_attempt:clara:L0:after_current_speech,clara,L0,20,countdown_one_started,chair_countdown,chair_countdown,0,countdown-one,started,,,,true,false,false,
chair_practice_to_official_attempt,chair_practice_to_official_attempt:clara:L0:after_current_speech,clara,L0,21,go_playback-start_event,chair_countdown,chair_active,0,go,measurement_started_from_go_playback_start,3000,,3000,false,false,false,
chair_practice_to_official_attempt,chair_practice_to_official_attempt:clara:L100:immediate,clara,L100,22,chair_official_ready_voice_completed,chair_countdown,chair_countdown,0,mpv2_chair_official_ready,completed,,,,false,false,false,
chair_practice_to_official_attempt,chair_practice_to_official_attempt:clara:L100:immediate,clara,L100,23,countdown_three_started,chair_countdown,chair_countdown,0,countdown-three,started,,,,true,false,false,
chair_practice_to_official_attempt,chair_practice_to_official_attempt:clara:L100:immediate,clara,L100,24,countdown_two_started,chair_countdown,chair_countdown,0,countdown-two,started,,,,true,false,false,
chair_practice_to_official_attempt,chair_practice_to_official_attempt:clara:L100:immediate,clara,L100,25,countdown_one_started,chair_countdown,chair_countdown,0,countdown-one,started,,,,true,false,false,
chair_practice_to_official_attempt,chair_practice_to_official_attempt:clara:L100:immediate,clara,L100,26,go_playback-start_event,chair_countdown,chair_active,0,go,measurement_started_from_go_playback_start,3000,,3000,false,false,false,
chair_practice_to_official_attempt,chair_practice_to_official_attempt:clara:L100:after_250ms,clara,L100,27,chair_official_ready_voice_completed,chair_countdown,chair_countdown,0,mpv2_chair_official_ready,completed,,,,false,false,false,
chair_practice_to_official_attempt,chair_practice_to_official_attempt:clara:L100:after_250ms,clara,L100,28,countdown_three_started,chair_countdown,chair_countdown,0,countdown-three,started,,,,true,false,false,
chair_practice_to_official_attempt,chair_practice_to_official_attempt:clara:L100:after_250ms,clara,L100,29,countdown_two_started,chair_countdown,chair_countdown,0,countdown-two,started,,,,true,false,false,
chair_practice_to_official_attempt,chair_practice_to_official_attempt:clara:L100:after_250ms,clara,L100,30,countdown_one_started,chair_countdown,chair_countdown,0,countdown-one,started,,,,true,false,false,
chair_practice_to_official_attempt,chair_practice_to_official_attempt:clara:L100:after_250ms,clara,L100,31,go_playback-start_event,chair_countdown,chair_active,0,go,measurement_started_from_go_playback_start,3000,,3000,false,false,false,
chair_practice_to_official_attempt,chair_practice_to_official_attempt:clara:L100:after_current_speech,clara,L100,32,chair_official_ready_voice_completed,chair_countdown,chair_countdown,0,mpv2_chair_official_ready,completed,,,,false,false,false,
chair_practice_to_official_attempt,chair_practice_to_official_attempt:clara:L100:after_current_speech,clara,L100,33,countdown_three_started,chair_countdown,chair_countdown,0,countdown-three,started,,,,true,false,false,
chair_practice_to_official_attempt,chair_practice_to_official_attempt:clara:L100:after_current_speech,clara,L100,34,countdown_two_started,chair_countdown,chair_countdown,0,countdown-two,started,,,,true,false,false,
chair_practice_to_official_attempt,chair_practice_to_official_attempt:clara:L100:after_current_speech,clara,L100,35,countdown_one_started,chair_countdown,chair_countdown,0,countdown-one,started,,,,true,false,false,
chair_practice_to_official_attempt,chair_practice_to_official_attempt:clara:L100:after_current_speech,clara,L100,36,go_playback-start_event,chair_countdown,chair_active,0,go,measurement_started_from_go_playback_start,3000,,3000,false,false,false,
chair_practice_to_official_attempt,chair_practice_to_official_attempt:clara:L250:immediate,clara,L250,37,chair_official_ready_voice_completed,chair_countdown,chair_countdown,0,mpv2_chair_official_ready,completed,,,,false,false,false,
chair_practice_to_official_attempt,chair_practice_to_official_attempt:clara:L250:immediate,clara,L250,38,countdown_three_started,chair_countdown,chair_countdown,0,countdown-three,started,,,,true,false,false,
chair_practice_to_official_attempt,chair_practice_to_official_attempt:clara:L250:immediate,clara,L250,39,countdown_two_started,chair_countdown,chair_countdown,0,countdown-two,started,,,,true,false,false,
chair_practice_to_official_attempt,chair_practice_to_official_attempt:clara:L250:immediate,clara,L250,40,countdown_one_started,chair_countdown,chair_countdown,0,countdown-one,started,,,,true,false,false,
chair_practice_to_official_attempt,chair_practice_to_official_attempt:clara:L250:immediate,clara,L250,41,go_playback-start_event,chair_countdown,chair_active,0,go,measurement_started_from_go_playback_start,3000,,3000,false,false,false,
chair_practice_to_official_attempt,chair_practice_to_official_attempt:clara:L250:after_250ms,clara,L250,42,chair_official_ready_voice_completed,chair_countdown,chair_countdown,0,mpv2_chair_official_ready,completed,,,,false,false,false,
chair_practice_to_official_attempt,chair_practice_to_official_attempt:clara:L250:after_250ms,clara,L250,43,countdown_three_started,chair_countdown,chair_countdown,0,countdown-three,started,,,,true,false,false,
chair_practice_to_official_attempt,chair_practice_to_official_attempt:clara:L250:after_250ms,clara,L250,44,countdown_two_started,chair_countdown,chair_countdown,0,countdown-two,started,,,,true,false,false,
chair_practice_to_official_attempt,chair_practice_to_official_attempt:clara:L250:after_250ms,clara,L250,45,countdown_one_started,chair_countdown,chair_countdown,0,countdown-one,started,,,,true,false,false,
chair_practice_to_official_attempt,chair_practice_to_official_attempt:clara:L250:after_250ms,clara,L250,46,go_playback-start_event,chair_countdown,chair_active,0,go,measurement_started_from_go_playback_start,3000,,3000,false,false,false,
chair_practice_to_official_attempt,chair_practice_to_official_attempt:clara:L250:after_current_speech,clara,L250,47,chair_official_ready_voice_completed,chair_countdown,chair_countdown,0,mpv2_chair_official_ready,completed,,,,false,false,false,
chair_practice_to_official_attempt,chair_practice_to_official_attempt:clara:L250:after_current_speech,clara,L250,48,countdown_three_started,chair_countdown,chair_countdown,0,countdown-three,started,,,,true,false,false,
chair_practice_to_official_attempt,chair_practice_to_official_attempt:clara:L250:after_current_speech,clara,L250,49,countdown_two_started,chair_countdown,chair_countdown,0,countdown-two,started,,,,true,false,false,
chair_practice_to_official_attempt,chair_practice_to_official_attempt:clara:L250:after_current_speech,clara,L250,50,countdown_one_started,chair_countdown,chair_countdown,0,countdown-one,started,,,,true,false,false,
chair_practice_to_official_attempt,chair_practice_to_official_attempt:clara:L250:after_current_speech,clara,L250,51,go_playback-start_event,chair_countdown,chair_active,0,go,measurement_started_from_go_playback_start,3000,,3000,false,false,false,
chair_practice_to_official_attempt,chair_practice_to_official_attempt:marcus:L0:immediate,marcus,L0,52,chair_official_ready_voice_completed,chair_countdown,chair_countdown,0,mpv2_chair_official_ready,completed,,,,false,false,false,
chair_practice_to_official_attempt,chair_practice_to_official_attempt:marcus:L0:immediate,marcus,L0,53,countdown_three_started,chair_countdown,chair_countdown,0,countdown-three,started,,,,true,false,false,
chair_practice_to_official_attempt,chair_practice_to_official_attempt:marcus:L0:immediate,marcus,L0,54,countdown_two_started,chair_countdown,chair_countdown,0,countdown-two,started,,,,true,false,false,
chair_practice_to_official_attempt,chair_practice_to_official_attempt:marcus:L0:immediate,marcus,L0,55,countdown_one_started,chair_countdown,chair_countdown,0,countdown-one,started,,,,true,false,false,
chair_practice_to_official_attempt,chair_practice_to_official_attempt:marcus:L0:immediate,marcus,L0,56,go_playback-start_event,chair_countdown,chair_active,0,go,measurement_started_from_go_playback_start,3000,,3000,false,false,false,
chair_practice_to_official_attempt,chair_practice_to_official_attempt:marcus:L0:after_250ms,marcus,L0,57,chair_official_ready_voice_completed,chair_countdown,chair_countdown,0,mpv2_chair_official_ready,completed,,,,false,false,false,
chair_practice_to_official_attempt,chair_practice_to_official_attempt:marcus:L0:after_250ms,marcus,L0,58,countdown_three_started,chair_countdown,chair_countdown,0,countdown-three,started,,,,true,false,false,
chair_practice_to_official_attempt,chair_practice_to_official_attempt:marcus:L0:after_250ms,marcus,L0,59,countdown_two_started,chair_countdown,chair_countdown,0,countdown-two,started,,,,true,false,false,
chair_practice_to_official_attempt,chair_practice_to_official_attempt:marcus:L0:after_250ms,marcus,L0,60,countdown_one_started,chair_countdown,chair_countdown,0,countdown-one,started,,,,true,false,false,
chair_practice_to_official_attempt,chair_practice_to_official_attempt:marcus:L0:after_250ms,marcus,L0,61,go_playback-start_event,chair_countdown,chair_active,0,go,measurement_started_from_go_playback_start,3000,,3000,false,false,false,
chair_practice_to_official_attempt,chair_practice_to_official_attempt:marcus:L0:after_current_speech,marcus,L0,62,chair_official_ready_voice_completed,chair_countdown,chair_countdown,0,mpv2_chair_official_ready,completed,,,,false,false,false,
chair_practice_to_official_attempt,chair_practice_to_official_attempt:marcus:L0:after_current_speech,marcus,L0,63,countdown_three_started,chair_countdown,chair_countdown,0,countdown-three,started,,,,true,false,false,
chair_practice_to_official_attempt,chair_practice_to_official_attempt:marcus:L0:after_current_speech,marcus,L0,64,countdown_two_started,chair_countdown,chair_countdown,0,countdown-two,started,,,,true,false,false,
chair_practice_to_official_attempt,chair_practice_to_official_attempt:marcus:L0:after_current_speech,marcus,L0,65,countdown_one_started,chair_countdown,chair_countdown,0,countdown-one,started,,,,true,false,false,
chair_practice_to_official_attempt,chair_practice_to_official_attempt:marcus:L0:after_current_speech,marcus,L0,66,go_playback-start_event,chair_countdown,chair_active,0,go,measurement_started_from_go_playback_start,3000,,3000,false,false,false,
chair_practice_to_official_attempt,chair_practice_to_official_attempt:marcus:L100:immediate,marcus,L100,67,chair_official_ready_voice_completed,chair_countdown,chair_countdown,0,mpv2_chair_official_ready,completed,,,,false,false,false,
chair_practice_to_official_attempt,chair_practice_to_official_attempt:marcus:L100:immediate,marcus,L100,68,countdown_three_started,chair_countdown,chair_countdown,0,countdown-three,started,,,,true,false,false,
chair_practice_to_official_attempt,chair_practice_to_official_attempt:marcus:L100:immediate,marcus,L100,69,countdown_two_started,chair_countdown,chair_countdown,0,countdown-two,started,,,,true,false,false,
chair_practice_to_official_attempt,chair_practice_to_official_attempt:marcus:L100:immediate,marcus,L100,70,countdown_one_started,chair_countdown,chair_countdown,0,countdown-one,started,,,,true,false,false,
chair_practice_to_official_attempt,chair_practice_to_official_attempt:marcus:L100:immediate,marcus,L100,71,go_playback-start_event,chair_countdown,chair_active,0,go,measurement_started_from_go_playback_start,3000,,3000,false,false,false,
chair_practice_to_official_attempt,chair_practice_to_official_attempt:marcus:L100:after_250ms,marcus,L100,72,chair_official_ready_voice_completed,chair_countdown,chair_countdown,0,mpv2_chair_official_ready,completed,,,,false,false,false,
chair_practice_to_official_attempt,chair_practice_to_official_attempt:marcus:L100:after_250ms,marcus,L100,73,countdown_three_started,chair_countdown,chair_countdown,0,countdown-three,started,,,,true,false,false,
chair_practice_to_official_attempt,chair_practice_to_official_attempt:marcus:L100:after_250ms,marcus,L100,74,countdown_two_started,chair_countdown,chair_countdown,0,countdown-two,started,,,,true,false,false,
chair_practice_to_official_attempt,chair_practice_to_official_attempt:marcus:L100:after_250ms,marcus,L100,75,countdown_one_started,chair_countdown,chair_countdown,0,countdown-one,started,,,,true,false,false,
chair_practice_to_official_attempt,chair_practice_to_official_attempt:marcus:L100:after_250ms,marcus,L100,76,go_playback-start_event,chair_countdown,chair_active,0,go,measurement_started_from_go_playback_start,3000,,3000,false,false,false,
chair_practice_to_official_attempt,chair_practice_to_official_attempt:marcus:L100:after_current_speech,marcus,L100,77,chair_official_ready_voice_completed,chair_countdown,chair_countdown,0,mpv2_chair_official_ready,completed,,,,false,false,false,
chair_practice_to_official_attempt,chair_practice_to_official_attempt:marcus:L100:after_current_speech,marcus,L100,78,countdown_three_started,chair_countdown,chair_countdown,0,countdown-three,started,,,,true,false,false,
chair_practice_to_official_attempt,chair_practice_to_official_attempt:marcus:L100:after_current_speech,marcus,L100,79,countdown_two_started,chair_countdown,chair_countdown,0,countdown-two,started,,,,true,false,false,
chair_practice_to_official_attempt,chair_practice_to_official_attempt:marcus:L100:after_current_speech,marcus,L100,80,countdown_one_started,chair_countdown,chair_countdown,0,countdown-one,started,,,,true,false,false,
chair_practice_to_official_attempt,chair_practice_to_official_attempt:marcus:L100:after_current_speech,marcus,L100,81,go_playback-start_event,chair_countdown,chair_active,0,go,measurement_started_from_go_playback_start,3000,,3000,false,false,false,
chair_practice_to_official_attempt,chair_practice_to_official_attempt:marcus:L250:immediate,marcus,L250,82,chair_official_ready_voice_completed,chair_countdown,chair_countdown,0,mpv2_chair_official_ready,completed,,,,false,false,false,
chair_practice_to_official_attempt,chair_practice_to_official_attempt:marcus:L250:immediate,marcus,L250,83,countdown_three_started,chair_countdown,chair_countdown,0,countdown-three,started,,,,true,false,false,
chair_practice_to_official_attempt,chair_practice_to_official_attempt:marcus:L250:immediate,marcus,L250,84,countdown_two_started,chair_countdown,chair_countdown,0,countdown-two,started,,,,true,false,false,
chair_practice_to_official_attempt,chair_practice_to_official_attempt:marcus:L250:immediate,marcus,L250,85,countdown_one_started,chair_countdown,chair_countdown,0,countdown-one,started,,,,true,false,false,
chair_practice_to_official_attempt,chair_practice_to_official_attempt:marcus:L250:immediate,marcus,L250,86,go_playback-start_event,chair_countdown,chair_active,0,go,measurement_started_from_go_playback_start,3000,,3000,false,false,false,
chair_practice_to_official_attempt,chair_practice_to_official_attempt:marcus:L250:after_250ms,marcus,L250,87,chair_official_ready_voice_completed,chair_countdown,chair_countdown,0,mpv2_chair_official_ready,completed,,,,false,false,false,
chair_practice_to_official_attempt,chair_practice_to_official_attempt:marcus:L250:after_250ms,marcus,L250,88,countdown_three_started,chair_countdown,chair_countdown,0,countdown-three,started,,,,true,false,false,
chair_practice_to_official_attempt,chair_practice_to_official_attempt:marcus:L250:after_250ms,marcus,L250,89,countdown_two_started,chair_countdown,chair_countdown,0,countdown-two,started,,,,true,false,false,
chair_practice_to_official_attempt,chair_practice_to_official_attempt:marcus:L250:after_250ms,marcus,L250,90,countdown_one_started,chair_countdown,chair_countdown,0,countdown-one,started,,,,true,false,false,
chair_practice_to_official_attempt,chair_practice_to_official_attempt:marcus:L250:after_250ms,marcus,L250,91,go_playback-start_event,chair_countdown,chair_active,0,go,measurement_started_from_go_playback_start,3000,,3000,false,false,false,
chair_practice_to_official_attempt,chair_practice_to_official_attempt:marcus:L250:after_current_speech,marcus,L250,92,chair_official_ready_voice_completed,chair_countdown,chair_countdown,0,mpv2_chair_official_ready,completed,,,,false,false,false,
chair_practice_to_official_attempt,chair_practice_to_official_attempt:marcus:L250:after_current_speech,marcus,L250,93,countdown_three_started,chair_countdown,chair_countdown,0,countdown-three,started,,,,true,false,false,
chair_practice_to_official_attempt,chair_practice_to_official_attempt:marcus:L250:after_current_speech,marcus,L250,94,countdown_two_started,chair_countdown,chair_countdown,0,countdown-two,started,,,,true,false,false,
chair_practice_to_official_attempt,chair_practice_to_official_attempt:marcus:L250:after_current_speech,marcus,L250,95,countdown_one_started,chair_countdown,chair_countdown,0,countdown-one,started,,,,true,false,false,
chair_practice_to_official_attempt,chair_practice_to_official_attempt:marcus:L250:after_current_speech,marcus,L250,96,go_playback-start_event,chair_countdown,chair_active,0,go,measurement_started_from_go_playback_start,3000,,3000,false,false,false,
balance_valid_attempt_rest_next_attempt,balance_valid_attempt_rest_next_attempt:clara:L0:default,clara,L0,97,balance_attempt_voice_completed,balance_ready,balance_trial,0,mpv2_balance_attempt_start,blocked_until_voice_completed,1200,,,true,false,false,
balance_valid_attempt_rest_next_attempt,balance_valid_attempt_rest_next_attempt:clara:L100:default,clara,L100,98,balance_attempt_voice_completed,balance_ready,balance_trial,0,mpv2_balance_attempt_start,blocked_until_voice_completed,1200,,,true,false,false,
balance_valid_attempt_rest_next_attempt,balance_valid_attempt_rest_next_attempt:clara:L250:default,clara,L250,99,balance_attempt_voice_completed,balance_ready,balance_trial,0,mpv2_balance_attempt_start,blocked_until_voice_completed,1200,,,true,false,false,
balance_valid_attempt_rest_next_attempt,balance_valid_attempt_rest_next_attempt:marcus:L0:default,marcus,L0,100,balance_attempt_voice_completed,balance_ready,balance_trial,0,mpv2_balance_attempt_start,blocked_until_voice_completed,1200,,,true,false,false,
balance_valid_attempt_rest_next_attempt,balance_valid_attempt_rest_next_attempt:marcus:L100:default,marcus,L100,101,balance_attempt_voice_completed,balance_ready,balance_trial,0,mpv2_balance_attempt_start,blocked_until_voice_completed,1200,,,true,false,false,
balance_valid_attempt_rest_next_attempt,balance_valid_attempt_rest_next_attempt:marcus:L250:default,marcus,L250,102,balance_attempt_voice_completed,balance_ready,balance_trial,0,mpv2_balance_attempt_start,blocked_until_voice_completed,1200,,,true,false,false,
balance_invalid_tracking_retry,balance_invalid_tracking_retry:clara:L0:default,clara,L0,103,balance_attempt_voice_completed,balance_ready,balance_trial,0,mpv2_balance_attempt_start,blocked_until_voice_completed,1200,,,true,false,false,
balance_invalid_tracking_retry,balance_invalid_tracking_retry:clara:L100:default,clara,L100,104,balance_attempt_voice_completed,balance_ready,balance_trial,0,mpv2_balance_attempt_start,blocked_until_voice_completed,1200,,,true,false,false,
balance_invalid_tracking_retry,balance_invalid_tracking_retry:clara:L250:default,clara,L250,105,balance_attempt_voice_completed,balance_ready,balance_trial,0,mpv2_balance_attempt_start,blocked_until_voice_completed,1200,,,true,false,false,
balance_invalid_tracking_retry,balance_invalid_tracking_retry:marcus:L0:default,marcus,L0,106,balance_attempt_voice_completed,balance_ready,balance_trial,0,mpv2_balance_attempt_start,blocked_until_voice_completed,1200,,,true,false,false,
balance_invalid_tracking_retry,balance_invalid_tracking_retry:marcus:L100:default,marcus,L100,107,balance_attempt_voice_completed,balance_ready,balance_trial,0,mpv2_balance_attempt_start,blocked_until_voice_completed,1200,,,true,false,false,
balance_invalid_tracking_retry,balance_invalid_tracking_retry:marcus:L250:default,marcus,L250,108,balance_attempt_voice_completed,balance_ready,balance_trial,0,mpv2_balance_attempt_start,blocked_until_voice_completed,1200,,,true,false,false,
balance_full_hold_ceiling,balance_full_hold_ceiling:clara:L0:default,clara,L0,109,balance_attempt_voice_completed,balance_ready,balance_trial,0,mpv2_balance_attempt_start,blocked_until_voice_completed,1200,,,true,false,false,
balance_full_hold_ceiling,balance_full_hold_ceiling:clara:L100:default,clara,L100,110,balance_attempt_voice_completed,balance_ready,balance_trial,0,mpv2_balance_attempt_start,blocked_until_voice_completed,1200,,,true,false,false,
balance_full_hold_ceiling,balance_full_hold_ceiling:clara:L250:default,clara,L250,111,balance_attempt_voice_completed,balance_ready,balance_trial,0,mpv2_balance_attempt_start,blocked_until_voice_completed,1200,,,true,false,false,
balance_full_hold_ceiling,balance_full_hold_ceiling:marcus:L0:default,marcus,L0,112,balance_attempt_voice_completed,balance_ready,balance_trial,0,mpv2_balance_attempt_start,blocked_until_voice_completed,1200,,,true,false,false,
balance_full_hold_ceiling,balance_full_hold_ceiling:marcus:L100:default,marcus,L100,113,balance_attempt_voice_completed,balance_ready,balance_trial,0,mpv2_balance_attempt_start,blocked_until_voice_completed,1200,,,true,false,false,
balance_full_hold_ceiling,balance_full_hold_ceiling:marcus:L250:default,marcus,L250,114,balance_attempt_voice_completed,balance_ready,balance_trial,0,mpv2_balance_attempt_start,blocked_until_voice_completed,1200,,,true,false,false,
balance_use_best,balance_use_best:clara:L0:default,clara,L0,115,balance_attempt_voice_completed,balance_ready,balance_trial,0,mpv2_balance_attempt_start,blocked_until_voice_completed,1200,,,true,false,false,
balance_use_best,balance_use_best:clara:L100:default,clara,L100,116,balance_attempt_voice_completed,balance_ready,balance_trial,0,mpv2_balance_attempt_start,blocked_until_voice_completed,1200,,,true,false,false,
balance_use_best,balance_use_best:clara:L250:default,clara,L250,117,balance_attempt_voice_completed,balance_ready,balance_trial,0,mpv2_balance_attempt_start,blocked_until_voice_completed,1200,,,true,false,false,
balance_use_best,balance_use_best:marcus:L0:default,marcus,L0,118,balance_attempt_voice_completed,balance_ready,balance_trial,0,mpv2_balance_attempt_start,blocked_until_voice_completed,1200,,,true,false,false,
balance_use_best,balance_use_best:marcus:L100:default,marcus,L100,119,balance_attempt_voice_completed,balance_ready,balance_trial,0,mpv2_balance_attempt_start,blocked_until_voice_completed,1200,,,true,false,false,
balance_use_best,balance_use_best:marcus:L250:default,marcus,L250,120,balance_attempt_voice_completed,balance_ready,balance_trial,0,mpv2_balance_attempt_start,blocked_until_voice_completed,1200,,,true,false,false,
balance_default_ready_after_60,balance_default_ready_after_60:clara:L0:default,clara,L0,121,balance_attempt_voice_completed,balance_ready,balance_trial,0,mpv2_balance_attempt_start,blocked_until_voice_completed,1200,,,true,false,false,
balance_default_ready_after_60,balance_default_ready_after_60:clara:L100:default,clara,L100,122,balance_attempt_voice_completed,balance_ready,balance_trial,0,mpv2_balance_attempt_start,blocked_until_voice_completed,1200,,,true,false,false,
balance_default_ready_after_60,balance_default_ready_after_60:clara:L250:default,clara,L250,123,balance_attempt_voice_completed,balance_ready,balance_trial,0,mpv2_balance_attempt_start,blocked_until_voice_completed,1200,,,true,false,false,
balance_default_ready_after_60,balance_default_ready_after_60:marcus:L0:default,marcus,L0,124,balance_attempt_voice_completed,balance_ready,balance_trial,0,mpv2_balance_attempt_start,blocked_until_voice_completed,1200,,,true,false,false,
balance_default_ready_after_60,balance_default_ready_after_60:marcus:L100:default,marcus,L100,125,balance_attempt_voice_completed,balance_ready,balance_trial,0,mpv2_balance_attempt_start,blocked_until_voice_completed,1200,,,true,false,false,
balance_default_ready_after_60,balance_default_ready_after_60:marcus:L250:default,marcus,L250,126,balance_attempt_voice_completed,balance_ready,balance_trial,0,mpv2_balance_attempt_start,blocked_until_voice_completed,1200,,,true,false,false,
shoulder_left,shoulder_left:clara:L0:default,clara,L0,127,shoulder_setup_voice_completed,shoulder_ready,shoulder_active,0,checkup-shoulder-raise-right-v21,blocked_until_voice_completed,1500,,,true,false,false,
shoulder_left,shoulder_left:clara:L100:default,clara,L100,128,shoulder_setup_voice_completed,shoulder_ready,shoulder_active,0,checkup-shoulder-raise-right-v21,blocked_until_voice_completed,1500,,,true,false,false,
shoulder_left,shoulder_left:clara:L250:default,clara,L250,129,shoulder_setup_voice_completed,shoulder_ready,shoulder_active,0,checkup-shoulder-raise-right-v21,blocked_until_voice_completed,1500,,,true,false,false,
shoulder_left,shoulder_left:marcus:L0:default,marcus,L0,130,shoulder_setup_voice_completed,shoulder_ready,shoulder_active,0,checkup-shoulder-raise-right-v21,blocked_until_voice_completed,1500,,,true,false,false,
shoulder_left,shoulder_left:marcus:L100:default,marcus,L100,131,shoulder_setup_voice_completed,shoulder_ready,shoulder_active,0,checkup-shoulder-raise-right-v21,blocked_until_voice_completed,1500,,,true,false,false,
shoulder_left,shoulder_left:marcus:L250:default,marcus,L250,132,shoulder_setup_voice_completed,shoulder_ready,shoulder_active,0,checkup-shoulder-raise-right-v21,blocked_until_voice_completed,1500,,,true,false,false,
shoulder_right,shoulder_right:clara:L0:default,clara,L0,133,shoulder_setup_voice_completed,shoulder_ready,shoulder_active,0,checkup-shoulder-raise-right-v21,blocked_until_voice_completed,1500,,,true,false,false,
shoulder_right,shoulder_right:clara:L100:default,clara,L100,134,shoulder_setup_voice_completed,shoulder_ready,shoulder_active,0,checkup-shoulder-raise-right-v21,blocked_until_voice_completed,1500,,,true,false,false,
shoulder_right,shoulder_right:clara:L250:default,clara,L250,135,shoulder_setup_voice_completed,shoulder_ready,shoulder_active,0,checkup-shoulder-raise-right-v21,blocked_until_voice_completed,1500,,,true,false,false,
shoulder_right,shoulder_right:marcus:L0:default,marcus,L0,136,shoulder_setup_voice_completed,shoulder_ready,shoulder_active,0,checkup-shoulder-raise-right-v21,blocked_until_voice_completed,1500,,,true,false,false,
shoulder_right,shoulder_right:marcus:L100:default,marcus,L100,137,shoulder_setup_voice_completed,shoulder_ready,shoulder_active,0,checkup-shoulder-raise-right-v21,blocked_until_voice_completed,1500,,,true,false,false,
shoulder_right,shoulder_right:marcus:L250:default,marcus,L250,138,shoulder_setup_voice_completed,shoulder_ready,shoulder_active,0,checkup-shoulder-raise-right-v21,blocked_until_voice_completed,1500,,,true,false,false,
hinge_valid_result,hinge_valid_result:clara:L0:default,clara,L0,139,hinge_setup_or_completion_voice_completed,hinge_setup,hinge_active_or_complete,0,checkup-hinge-setup-v21,blocked_until_voice_completed,1500,,,true,false,false,
hinge_valid_result,hinge_valid_result:clara:L100:default,clara,L100,140,hinge_setup_or_completion_voice_completed,hinge_setup,hinge_active_or_complete,0,checkup-hinge-setup-v21,blocked_until_voice_completed,1500,,,true,false,false,
hinge_valid_result,hinge_valid_result:clara:L250:default,clara,L250,141,hinge_setup_or_completion_voice_completed,hinge_setup,hinge_active_or_complete,0,checkup-hinge-setup-v21,blocked_until_voice_completed,1500,,,true,false,false,
hinge_valid_result,hinge_valid_result:marcus:L0:default,marcus,L0,142,hinge_setup_or_completion_voice_completed,hinge_setup,hinge_active_or_complete,0,checkup-hinge-setup-v21,blocked_until_voice_completed,1500,,,true,false,false,
hinge_valid_result,hinge_valid_result:marcus:L100:default,marcus,L100,143,hinge_setup_or_completion_voice_completed,hinge_setup,hinge_active_or_complete,0,checkup-hinge-setup-v21,blocked_until_voice_completed,1500,,,true,false,false,
hinge_valid_result,hinge_valid_result:marcus:L250:default,marcus,L250,144,hinge_setup_or_completion_voice_completed,hinge_setup,hinge_active_or_complete,0,checkup-hinge-setup-v21,blocked_until_voice_completed,1500,,,true,false,false,
completion,completion:clara:L0:default,clara,L0,145,hinge_setup_or_completion_voice_completed,hinge_setup,hinge_active_or_complete,0,checkup-hinge-setup-v21,blocked_until_voice_completed,,,,true,false,false,
completion,completion:clara:L100:default,clara,L100,146,hinge_setup_or_completion_voice_completed,hinge_setup,hinge_active_or_complete,0,checkup-hinge-setup-v21,blocked_until_voice_completed,,,,true,false,false,
completion,completion:clara:L250:default,clara,L250,147,hinge_setup_or_completion_voice_completed,hinge_setup,hinge_active_or_complete,0,checkup-hinge-setup-v21,blocked_until_voice_completed,,,,true,false,false,
completion,completion:marcus:L0:default,marcus,L0,148,hinge_setup_or_completion_voice_completed,hinge_setup,hinge_active_or_complete,0,checkup-hinge-setup-v21,blocked_until_voice_completed,,,,true,false,false,
completion,completion:marcus:L100:default,marcus,L100,149,hinge_setup_or_completion_voice_completed,hinge_setup,hinge_active_or_complete,0,checkup-hinge-setup-v21,blocked_until_voice_completed,,,,true,false,false,
completion,completion:marcus:L250:default,marcus,L250,150,hinge_setup_or_completion_voice_completed,hinge_setup,hinge_active_or_complete,0,checkup-hinge-setup-v21,blocked_until_voice_completed,,,,true,false,false,
initial_effect_speech_versus_first_user_action,initial_effect_speech_versus_first_user_action:clara:L0:immediate,clara,L0,151,voice_runtime_guarded_transition,stage_before,stage_after,0,mpv2_balance_attempt_start,blocked_until_voice_completed,,,,true,false,false,
initial_effect_speech_versus_first_user_action,initial_effect_speech_versus_first_user_action:clara:L0:after_250ms,clara,L0,152,voice_runtime_guarded_transition,stage_before,stage_after,0,mpv2_balance_attempt_start,blocked_until_voice_completed,,,,true,false,false,
initial_effect_speech_versus_first_user_action,initial_effect_speech_versus_first_user_action:clara:L0:after_current_speech,clara,L0,153,voice_runtime_guarded_transition,stage_before,stage_after,0,mpv2_balance_attempt_start,blocked_until_voice_completed,,,,true,false,false,
initial_effect_speech_versus_first_user_action,initial_effect_speech_versus_first_user_action:clara:L100:immediate,clara,L100,154,voice_runtime_guarded_transition,stage_before,stage_after,0,mpv2_balance_attempt_start,blocked_until_voice_completed,,,,true,false,false,
initial_effect_speech_versus_first_user_action,initial_effect_speech_versus_first_user_action:clara:L100:after_250ms,clara,L100,155,voice_runtime_guarded_transition,stage_before,stage_after,0,mpv2_balance_attempt_start,blocked_until_voice_completed,,,,true,false,false,
initial_effect_speech_versus_first_user_action,initial_effect_speech_versus_first_user_action:clara:L100:after_current_speech,clara,L100,156,voice_runtime_guarded_transition,stage_before,stage_after,0,mpv2_balance_attempt_start,blocked_until_voice_completed,,,,true,false,false,
initial_effect_speech_versus_first_user_action,initial_effect_speech_versus_first_user_action:clara:L250:immediate,clara,L250,157,voice_runtime_guarded_transition,stage_before,stage_after,0,mpv2_balance_attempt_start,blocked_until_voice_completed,,,,true,false,false,
initial_effect_speech_versus_first_user_action,initial_effect_speech_versus_first_user_action:clara:L250:after_250ms,clara,L250,158,voice_runtime_guarded_transition,stage_before,stage_after,0,mpv2_balance_attempt_start,blocked_until_voice_completed,,,,true,false,false,
initial_effect_speech_versus_first_user_action,initial_effect_speech_versus_first_user_action:clara:L250:after_current_speech,clara,L250,159,voice_runtime_guarded_transition,stage_before,stage_after,0,mpv2_balance_attempt_start,blocked_until_voice_completed,,,,true,false,false,
initial_effect_speech_versus_first_user_action,initial_effect_speech_versus_first_user_action:marcus:L0:immediate,marcus,L0,160,voice_runtime_guarded_transition,stage_before,stage_after,0,mpv2_balance_attempt_start,blocked_until_voice_completed,,,,true,false,false,
initial_effect_speech_versus_first_user_action,initial_effect_speech_versus_first_user_action:marcus:L0:after_250ms,marcus,L0,161,voice_runtime_guarded_transition,stage_before,stage_after,0,mpv2_balance_attempt_start,blocked_until_voice_completed,,,,true,false,false,
initial_effect_speech_versus_first_user_action,initial_effect_speech_versus_first_user_action:marcus:L0:after_current_speech,marcus,L0,162,voice_runtime_guarded_transition,stage_before,stage_after,0,mpv2_balance_attempt_start,blocked_until_voice_completed,,,,true,false,false,
initial_effect_speech_versus_first_user_action,initial_effect_speech_versus_first_user_action:marcus:L100:immediate,marcus,L100,163,voice_runtime_guarded_transition,stage_before,stage_after,0,mpv2_balance_attempt_start,blocked_until_voice_completed,,,,true,false,false,
initial_effect_speech_versus_first_user_action,initial_effect_speech_versus_first_user_action:marcus:L100:after_250ms,marcus,L100,164,voice_runtime_guarded_transition,stage_before,stage_after,0,mpv2_balance_attempt_start,blocked_until_voice_completed,,,,true,false,false,
initial_effect_speech_versus_first_user_action,initial_effect_speech_versus_first_user_action:marcus:L100:after_current_speech,marcus,L100,165,voice_runtime_guarded_transition,stage_before,stage_after,0,mpv2_balance_attempt_start,blocked_until_voice_completed,,,,true,false,false,
initial_effect_speech_versus_first_user_action,initial_effect_speech_versus_first_user_action:marcus:L250:immediate,marcus,L250,166,voice_runtime_guarded_transition,stage_before,stage_after,0,mpv2_balance_attempt_start,blocked_until_voice_completed,,,,true,false,false,
initial_effect_speech_versus_first_user_action,initial_effect_speech_versus_first_user_action:marcus:L250:after_250ms,marcus,L250,167,voice_runtime_guarded_transition,stage_before,stage_after,0,mpv2_balance_attempt_start,blocked_until_voice_completed,,,,true,false,false,
initial_effect_speech_versus_first_user_action,initial_effect_speech_versus_first_user_action:marcus:L250:after_current_speech,marcus,L250,168,voice_runtime_guarded_transition,stage_before,stage_after,0,mpv2_balance_attempt_start,blocked_until_voice_completed,,,,true,false,false,
timer_event_while_prior_cue_playing,timer_event_while_prior_cue_playing:clara:L0:default,clara,L0,169,chair_official_ready_voice_completed,chair_countdown,chair_countdown,0,mpv2_chair_official_ready,completed,,,,false,false,false,
timer_event_while_prior_cue_playing,timer_event_while_prior_cue_playing:clara:L0:default,clara,L0,170,countdown_three_started,chair_countdown,chair_countdown,0,countdown-three,started,,,,true,false,false,
timer_event_while_prior_cue_playing,timer_event_while_prior_cue_playing:clara:L0:default,clara,L0,171,countdown_two_started,chair_countdown,chair_countdown,0,countdown-two,started,,,,true,false,false,
timer_event_while_prior_cue_playing,timer_event_while_prior_cue_playing:clara:L0:default,clara,L0,172,countdown_one_started,chair_countdown,chair_countdown,0,countdown-one,started,,,,true,false,false,
timer_event_while_prior_cue_playing,timer_event_while_prior_cue_playing:clara:L0:default,clara,L0,173,go_playback-start_event,chair_countdown,chair_active,0,go,measurement_started_from_go_playback_start,3000,,3000,false,false,false,
timer_event_while_prior_cue_playing,timer_event_while_prior_cue_playing:clara:L100:default,clara,L100,174,chair_official_ready_voice_completed,chair_countdown,chair_countdown,0,mpv2_chair_official_ready,completed,,,,false,false,false,
timer_event_while_prior_cue_playing,timer_event_while_prior_cue_playing:clara:L100:default,clara,L100,175,countdown_three_started,chair_countdown,chair_countdown,0,countdown-three,started,,,,true,false,false,
timer_event_while_prior_cue_playing,timer_event_while_prior_cue_playing:clara:L100:default,clara,L100,176,countdown_two_started,chair_countdown,chair_countdown,0,countdown-two,started,,,,true,false,false,
timer_event_while_prior_cue_playing,timer_event_while_prior_cue_playing:clara:L100:default,clara,L100,177,countdown_one_started,chair_countdown,chair_countdown,0,countdown-one,started,,,,true,false,false,
timer_event_while_prior_cue_playing,timer_event_while_prior_cue_playing:clara:L100:default,clara,L100,178,go_playback-start_event,chair_countdown,chair_active,0,go,measurement_started_from_go_playback_start,3000,,3000,false,false,false,
timer_event_while_prior_cue_playing,timer_event_while_prior_cue_playing:clara:L250:default,clara,L250,179,chair_official_ready_voice_completed,chair_countdown,chair_countdown,0,mpv2_chair_official_ready,completed,,,,false,false,false,
timer_event_while_prior_cue_playing,timer_event_while_prior_cue_playing:clara:L250:default,clara,L250,180,countdown_three_started,chair_countdown,chair_countdown,0,countdown-three,started,,,,true,false,false,
timer_event_while_prior_cue_playing,timer_event_while_prior_cue_playing:clara:L250:default,clara,L250,181,countdown_two_started,chair_countdown,chair_countdown,0,countdown-two,started,,,,true,false,false,
timer_event_while_prior_cue_playing,timer_event_while_prior_cue_playing:clara:L250:default,clara,L250,182,countdown_one_started,chair_countdown,chair_countdown,0,countdown-one,started,,,,true,false,false,
timer_event_while_prior_cue_playing,timer_event_while_prior_cue_playing:clara:L250:default,clara,L250,183,go_playback-start_event,chair_countdown,chair_active,0,go,measurement_started_from_go_playback_start,3000,,3000,false,false,false,
timer_event_while_prior_cue_playing,timer_event_while_prior_cue_playing:marcus:L0:default,marcus,L0,184,chair_official_ready_voice_completed,chair_countdown,chair_countdown,0,mpv2_chair_official_ready,completed,,,,false,false,false,
timer_event_while_prior_cue_playing,timer_event_while_prior_cue_playing:marcus:L0:default,marcus,L0,185,countdown_three_started,chair_countdown,chair_countdown,0,countdown-three,started,,,,true,false,false,
timer_event_while_prior_cue_playing,timer_event_while_prior_cue_playing:marcus:L0:default,marcus,L0,186,countdown_two_started,chair_countdown,chair_countdown,0,countdown-two,started,,,,true,false,false,
timer_event_while_prior_cue_playing,timer_event_while_prior_cue_playing:marcus:L0:default,marcus,L0,187,countdown_one_started,chair_countdown,chair_countdown,0,countdown-one,started,,,,true,false,false,
timer_event_while_prior_cue_playing,timer_event_while_prior_cue_playing:marcus:L0:default,marcus,L0,188,go_playback-start_event,chair_countdown,chair_active,0,go,measurement_started_from_go_playback_start,3000,,3000,false,false,false,
timer_event_while_prior_cue_playing,timer_event_while_prior_cue_playing:marcus:L100:default,marcus,L100,189,chair_official_ready_voice_completed,chair_countdown,chair_countdown,0,mpv2_chair_official_ready,completed,,,,false,false,false,
timer_event_while_prior_cue_playing,timer_event_while_prior_cue_playing:marcus:L100:default,marcus,L100,190,countdown_three_started,chair_countdown,chair_countdown,0,countdown-three,started,,,,true,false,false,
timer_event_while_prior_cue_playing,timer_event_while_prior_cue_playing:marcus:L100:default,marcus,L100,191,countdown_two_started,chair_countdown,chair_countdown,0,countdown-two,started,,,,true,false,false,
timer_event_while_prior_cue_playing,timer_event_while_prior_cue_playing:marcus:L100:default,marcus,L100,192,countdown_one_started,chair_countdown,chair_countdown,0,countdown-one,started,,,,true,false,false,
timer_event_while_prior_cue_playing,timer_event_while_prior_cue_playing:marcus:L100:default,marcus,L100,193,go_playback-start_event,chair_countdown,chair_active,0,go,measurement_started_from_go_playback_start,3000,,3000,false,false,false,
timer_event_while_prior_cue_playing,timer_event_while_prior_cue_playing:marcus:L250:default,marcus,L250,194,chair_official_ready_voice_completed,chair_countdown,chair_countdown,0,mpv2_chair_official_ready,completed,,,,false,false,false,
timer_event_while_prior_cue_playing,timer_event_while_prior_cue_playing:marcus:L250:default,marcus,L250,195,countdown_three_started,chair_countdown,chair_countdown,0,countdown-three,started,,,,true,false,false,
timer_event_while_prior_cue_playing,timer_event_while_prior_cue_playing:marcus:L250:default,marcus,L250,196,countdown_two_started,chair_countdown,chair_countdown,0,countdown-two,started,,,,true,false,false,
timer_event_while_prior_cue_playing,timer_event_while_prior_cue_playing:marcus:L250:default,marcus,L250,197,countdown_one_started,chair_countdown,chair_countdown,0,countdown-one,started,,,,true,false,false,
timer_event_while_prior_cue_playing,timer_event_while_prior_cue_playing:marcus:L250:default,marcus,L250,198,go_playback-start_event,chair_countdown,chair_active,0,go,measurement_started_from_go_playback_start,3000,,3000,false,false,false,
equal_priority_event_while_busy,equal_priority_event_while_busy:clara:L0:default,clara,L0,199,voice_runtime_guarded_transition,stage_before,stage_after,0,mpv2_balance_attempt_start,blocked_until_voice_completed,,,,true,false,false,
equal_priority_event_while_busy,equal_priority_event_while_busy:clara:L100:default,clara,L100,200,voice_runtime_guarded_transition,stage_before,stage_after,0,mpv2_balance_attempt_start,blocked_until_voice_completed,,,,true,false,false,
equal_priority_event_while_busy,equal_priority_event_while_busy:clara:L250:default,clara,L250,201,voice_runtime_guarded_transition,stage_before,stage_after,0,mpv2_balance_attempt_start,blocked_until_voice_completed,,,,true,false,false,
equal_priority_event_while_busy,equal_priority_event_while_busy:marcus:L0:default,marcus,L0,202,voice_runtime_guarded_transition,stage_before,stage_after,0,mpv2_balance_attempt_start,blocked_until_voice_completed,,,,true,false,false,
equal_priority_event_while_busy,equal_priority_event_while_busy:marcus:L100:default,marcus,L100,203,voice_runtime_guarded_transition,stage_before,stage_after,0,mpv2_balance_attempt_start,blocked_until_voice_completed,,,,true,false,false,
equal_priority_event_while_busy,equal_priority_event_while_busy:marcus:L250:default,marcus,L250,204,voice_runtime_guarded_transition,stage_before,stage_after,0,mpv2_balance_attempt_start,blocked_until_voice_completed,,,,true,false,false,
higher_priority_event_while_busy,higher_priority_event_while_busy:clara:L0:default,clara,L0,205,voice_runtime_guarded_transition,stage_before,stage_after,0,mpv2_balance_attempt_start,blocked_until_voice_completed,,,,true,false,false,
higher_priority_event_while_busy,higher_priority_event_while_busy:clara:L100:default,clara,L100,206,voice_runtime_guarded_transition,stage_before,stage_after,0,mpv2_balance_attempt_start,blocked_until_voice_completed,,,,true,false,false,
higher_priority_event_while_busy,higher_priority_event_while_busy:clara:L250:default,clara,L250,207,voice_runtime_guarded_transition,stage_before,stage_after,0,mpv2_balance_attempt_start,blocked_until_voice_completed,,,,true,false,false,
higher_priority_event_while_busy,higher_priority_event_while_busy:marcus:L0:default,marcus,L0,208,voice_runtime_guarded_transition,stage_before,stage_after,0,mpv2_balance_attempt_start,blocked_until_voice_completed,,,,true,false,false,
higher_priority_event_while_busy,higher_priority_event_while_busy:marcus:L100:default,marcus,L100,209,voice_runtime_guarded_transition,stage_before,stage_after,0,mpv2_balance_attempt_start,blocked_until_voice_completed,,,,true,false,false,
higher_priority_event_while_busy,higher_priority_event_while_busy:marcus:L250:default,marcus,L250,210,voice_runtime_guarded_transition,stage_before,stage_after,0,mpv2_balance_attempt_start,blocked_until_voice_completed,,,,true,false,false,
required_cue_missing,required_cue_missing:clara:L0:default,clara,L0,211,required_audio_failure_visible_retry,current_stage,same_stage_blocked,0,mpv2_chair_practice_start,blocked_visible_retry,,,,true,true,false,
required_cue_missing,required_cue_missing:clara:L100:default,clara,L100,212,required_audio_failure_visible_retry,current_stage,same_stage_blocked,0,mpv2_chair_practice_start,blocked_visible_retry,,,,true,true,false,
required_cue_missing,required_cue_missing:clara:L250:default,clara,L250,213,required_audio_failure_visible_retry,current_stage,same_stage_blocked,0,mpv2_chair_practice_start,blocked_visible_retry,,,,true,true,false,
required_cue_missing,required_cue_missing:marcus:L0:default,marcus,L0,214,required_audio_failure_visible_retry,current_stage,same_stage_blocked,0,mpv2_chair_practice_start,blocked_visible_retry,,,,true,true,false,
required_cue_missing,required_cue_missing:marcus:L100:default,marcus,L100,215,required_audio_failure_visible_retry,current_stage,same_stage_blocked,0,mpv2_chair_practice_start,blocked_visible_retry,,,,true,true,false,
required_cue_missing,required_cue_missing:marcus:L250:default,marcus,L250,216,required_audio_failure_visible_retry,current_stage,same_stage_blocked,0,mpv2_chair_practice_start,blocked_visible_retry,,,,true,true,false,
required_asset_resolution_throws,required_asset_resolution_throws:clara:L0:default,clara,L0,217,required_audio_failure_visible_retry,current_stage,same_stage_blocked,0,mpv2_chair_practice_start,blocked_visible_retry,,,,true,true,false,
required_asset_resolution_throws,required_asset_resolution_throws:clara:L100:default,clara,L100,218,required_audio_failure_visible_retry,current_stage,same_stage_blocked,0,mpv2_chair_practice_start,blocked_visible_retry,,,,true,true,false,
required_asset_resolution_throws,required_asset_resolution_throws:clara:L250:default,clara,L250,219,required_audio_failure_visible_retry,current_stage,same_stage_blocked,0,mpv2_chair_practice_start,blocked_visible_retry,,,,true,true,false,
required_asset_resolution_throws,required_asset_resolution_throws:marcus:L0:default,marcus,L0,220,required_audio_failure_visible_retry,current_stage,same_stage_blocked,0,mpv2_chair_practice_start,blocked_visible_retry,,,,true,true,false,
required_asset_resolution_throws,required_asset_resolution_throws:marcus:L100:default,marcus,L100,221,required_audio_failure_visible_retry,current_stage,same_stage_blocked,0,mpv2_chair_practice_start,blocked_visible_retry,,,,true,true,false,
required_asset_resolution_throws,required_asset_resolution_throws:marcus:L250:default,marcus,L250,222,required_audio_failure_visible_retry,current_stage,same_stage_blocked,0,mpv2_chair_practice_start,blocked_visible_retry,,,,true,true,false,
playback_creation_fails,playback_creation_fails:clara:L0:default,clara,L0,223,required_audio_failure_visible_retry,current_stage,same_stage_blocked,0,mpv2_chair_practice_start,blocked_visible_retry,,,,true,true,false,
playback_creation_fails,playback_creation_fails:clara:L100:default,clara,L100,224,required_audio_failure_visible_retry,current_stage,same_stage_blocked,0,mpv2_chair_practice_start,blocked_visible_retry,,,,true,true,false,
playback_creation_fails,playback_creation_fails:clara:L250:default,clara,L250,225,required_audio_failure_visible_retry,current_stage,same_stage_blocked,0,mpv2_chair_practice_start,blocked_visible_retry,,,,true,true,false,
playback_creation_fails,playback_creation_fails:marcus:L0:default,marcus,L0,226,required_audio_failure_visible_retry,current_stage,same_stage_blocked,0,mpv2_chair_practice_start,blocked_visible_retry,,,,true,true,false,
playback_creation_fails,playback_creation_fails:marcus:L100:default,marcus,L100,227,required_audio_failure_visible_retry,current_stage,same_stage_blocked,0,mpv2_chair_practice_start,blocked_visible_retry,,,,true,true,false,
playback_creation_fails,playback_creation_fails:marcus:L250:default,marcus,L250,228,required_audio_failure_visible_retry,current_stage,same_stage_blocked,0,mpv2_chair_practice_start,blocked_visible_retry,,,,true,true,false,
playback_start_callback_fails,playback_start_callback_fails:clara:L0:default,clara,L0,229,required_audio_failure_visible_retry,current_stage,same_stage_blocked,0,mpv2_chair_practice_start,blocked_visible_retry,,,,true,true,false,
playback_start_callback_fails,playback_start_callback_fails:clara:L100:default,clara,L100,230,required_audio_failure_visible_retry,current_stage,same_stage_blocked,0,mpv2_chair_practice_start,blocked_visible_retry,,,,true,true,false,
playback_start_callback_fails,playback_start_callback_fails:clara:L250:default,clara,L250,231,required_audio_failure_visible_retry,current_stage,same_stage_blocked,0,mpv2_chair_practice_start,blocked_visible_retry,,,,true,true,false,
playback_start_callback_fails,playback_start_callback_fails:marcus:L0:default,marcus,L0,232,required_audio_failure_visible_retry,current_stage,same_stage_blocked,0,mpv2_chair_practice_start,blocked_visible_retry,,,,true,true,false,
playback_start_callback_fails,playback_start_callback_fails:marcus:L100:default,marcus,L100,233,required_audio_failure_visible_retry,current_stage,same_stage_blocked,0,mpv2_chair_practice_start,blocked_visible_retry,,,,true,true,false,
playback_start_callback_fails,playback_start_callback_fails:marcus:L250:default,marcus,L250,234,required_audio_failure_visible_retry,current_stage,same_stage_blocked,0,mpv2_chair_practice_start,blocked_visible_retry,,,,true,true,false,
cue_completes_after_state_exit,cue_completes_after_state_exit:clara:L0:default,clara,L0,235,stage_scope_cancelled,old_stage,new_stage,0,mpv2_balance_attempt_start,cancelled_stage_changed,,,,false,false,false,
cue_completes_after_state_exit,cue_completes_after_state_exit:clara:L100:default,clara,L100,236,stage_scope_cancelled,old_stage,new_stage,0,mpv2_balance_attempt_start,cancelled_stage_changed,,,,false,false,false,
cue_completes_after_state_exit,cue_completes_after_state_exit:clara:L250:default,clara,L250,237,stage_scope_cancelled,old_stage,new_stage,0,mpv2_balance_attempt_start,cancelled_stage_changed,,,,false,false,false,
cue_completes_after_state_exit,cue_completes_after_state_exit:marcus:L0:default,marcus,L0,238,stage_scope_cancelled,old_stage,new_stage,0,mpv2_balance_attempt_start,cancelled_stage_changed,,,,false,false,false,
cue_completes_after_state_exit,cue_completes_after_state_exit:marcus:L100:default,marcus,L100,239,stage_scope_cancelled,old_stage,new_stage,0,mpv2_balance_attempt_start,cancelled_stage_changed,,,,false,false,false,
cue_completes_after_state_exit,cue_completes_after_state_exit:marcus:L250:default,marcus,L250,240,stage_scope_cancelled,old_stage,new_stage,0,mpv2_balance_attempt_start,cancelled_stage_changed,,,,false,false,false,
rapid_user_action_during_speech,rapid_user_action_during_speech:clara:L0:immediate,clara,L0,241,voice_runtime_guarded_transition,stage_before,stage_after,0,mpv2_balance_attempt_start,blocked_until_voice_completed,,,,true,false,false,
rapid_user_action_during_speech,rapid_user_action_during_speech:clara:L0:after_250ms,clara,L0,242,voice_runtime_guarded_transition,stage_before,stage_after,0,mpv2_balance_attempt_start,blocked_until_voice_completed,,,,true,false,false,
rapid_user_action_during_speech,rapid_user_action_during_speech:clara:L0:after_current_speech,clara,L0,243,voice_runtime_guarded_transition,stage_before,stage_after,0,mpv2_balance_attempt_start,blocked_until_voice_completed,,,,true,false,false,
rapid_user_action_during_speech,rapid_user_action_during_speech:clara:L100:immediate,clara,L100,244,voice_runtime_guarded_transition,stage_before,stage_after,0,mpv2_balance_attempt_start,blocked_until_voice_completed,,,,true,false,false,
rapid_user_action_during_speech,rapid_user_action_during_speech:clara:L100:after_250ms,clara,L100,245,voice_runtime_guarded_transition,stage_before,stage_after,0,mpv2_balance_attempt_start,blocked_until_voice_completed,,,,true,false,false,
rapid_user_action_during_speech,rapid_user_action_during_speech:clara:L100:after_current_speech,clara,L100,246,voice_runtime_guarded_transition,stage_before,stage_after,0,mpv2_balance_attempt_start,blocked_until_voice_completed,,,,true,false,false,
rapid_user_action_during_speech,rapid_user_action_during_speech:clara:L250:immediate,clara,L250,247,voice_runtime_guarded_transition,stage_before,stage_after,0,mpv2_balance_attempt_start,blocked_until_voice_completed,,,,true,false,false,
rapid_user_action_during_speech,rapid_user_action_during_speech:clara:L250:after_250ms,clara,L250,248,voice_runtime_guarded_transition,stage_before,stage_after,0,mpv2_balance_attempt_start,blocked_until_voice_completed,,,,true,false,false,
rapid_user_action_during_speech,rapid_user_action_during_speech:clara:L250:after_current_speech,clara,L250,249,voice_runtime_guarded_transition,stage_before,stage_after,0,mpv2_balance_attempt_start,blocked_until_voice_completed,,,,true,false,false,
rapid_user_action_during_speech,rapid_user_action_during_speech:marcus:L0:immediate,marcus,L0,250,voice_runtime_guarded_transition,stage_before,stage_after,0,mpv2_balance_attempt_start,blocked_until_voice_completed,,,,true,false,false,
rapid_user_action_during_speech,rapid_user_action_during_speech:marcus:L0:after_250ms,marcus,L0,251,voice_runtime_guarded_transition,stage_before,stage_after,0,mpv2_balance_attempt_start,blocked_until_voice_completed,,,,true,false,false,
rapid_user_action_during_speech,rapid_user_action_during_speech:marcus:L0:after_current_speech,marcus,L0,252,voice_runtime_guarded_transition,stage_before,stage_after,0,mpv2_balance_attempt_start,blocked_until_voice_completed,,,,true,false,false,
rapid_user_action_during_speech,rapid_user_action_during_speech:marcus:L100:immediate,marcus,L100,253,voice_runtime_guarded_transition,stage_before,stage_after,0,mpv2_balance_attempt_start,blocked_until_voice_completed,,,,true,false,false,
rapid_user_action_during_speech,rapid_user_action_during_speech:marcus:L100:after_250ms,marcus,L100,254,voice_runtime_guarded_transition,stage_before,stage_after,0,mpv2_balance_attempt_start,blocked_until_voice_completed,,,,true,false,false,
rapid_user_action_during_speech,rapid_user_action_during_speech:marcus:L100:after_current_speech,marcus,L100,255,voice_runtime_guarded_transition,stage_before,stage_after,0,mpv2_balance_attempt_start,blocked_until_voice_completed,,,,true,false,false,
rapid_user_action_during_speech,rapid_user_action_during_speech:marcus:L250:immediate,marcus,L250,256,voice_runtime_guarded_transition,stage_before,stage_after,0,mpv2_balance_attempt_start,blocked_until_voice_completed,,,,true,false,false,
rapid_user_action_during_speech,rapid_user_action_during_speech:marcus:L250:after_250ms,marcus,L250,257,voice_runtime_guarded_transition,stage_before,stage_after,0,mpv2_balance_attempt_start,blocked_until_voice_completed,,,,true,false,false,
rapid_user_action_during_speech,rapid_user_action_during_speech:marcus:L250:after_current_speech,marcus,L250,258,voice_runtime_guarded_transition,stage_before,stage_after,0,mpv2_balance_attempt_start,blocked_until_voice_completed,,,,true,false,false,
recovery_event_during_speech,recovery_event_during_speech:clara:L0:default,clara,L0,259,voice_runtime_guarded_transition,stage_before,stage_after,0,mpv2_balance_attempt_start,blocked_until_voice_completed,,,,true,false,false,
recovery_event_during_speech,recovery_event_during_speech:clara:L100:default,clara,L100,260,voice_runtime_guarded_transition,stage_before,stage_after,0,mpv2_balance_attempt_start,blocked_until_voice_completed,,,,true,false,false,
recovery_event_during_speech,recovery_event_during_speech:clara:L250:default,clara,L250,261,voice_runtime_guarded_transition,stage_before,stage_after,0,mpv2_balance_attempt_start,blocked_until_voice_completed,,,,true,false,false,
recovery_event_during_speech,recovery_event_during_speech:marcus:L0:default,marcus,L0,262,voice_runtime_guarded_transition,stage_before,stage_after,0,mpv2_balance_attempt_start,blocked_until_voice_completed,,,,true,false,false,
recovery_event_during_speech,recovery_event_during_speech:marcus:L100:default,marcus,L100,263,voice_runtime_guarded_transition,stage_before,stage_after,0,mpv2_balance_attempt_start,blocked_until_voice_completed,,,,true,false,false,
recovery_event_during_speech,recovery_event_during_speech:marcus:L250:default,marcus,L250,264,voice_runtime_guarded_transition,stage_before,stage_after,0,mpv2_balance_attempt_start,blocked_until_voice_completed,,,,true,false,false,
repeated_tracking_loss_event,repeated_tracking_loss_event:clara:L0:default,clara,L0,265,voice_runtime_guarded_transition,stage_before,stage_after,0,mpv2_balance_attempt_start,blocked_until_voice_completed,,,,true,false,false,
repeated_tracking_loss_event,repeated_tracking_loss_event:clara:L100:default,clara,L100,266,voice_runtime_guarded_transition,stage_before,stage_after,0,mpv2_balance_attempt_start,blocked_until_voice_completed,,,,true,false,false,
repeated_tracking_loss_event,repeated_tracking_loss_event:clara:L250:default,clara,L250,267,voice_runtime_guarded_transition,stage_before,stage_after,0,mpv2_balance_attempt_start,blocked_until_voice_completed,,,,true,false,false,
repeated_tracking_loss_event,repeated_tracking_loss_event:marcus:L0:default,marcus,L0,268,voice_runtime_guarded_transition,stage_before,stage_after,0,mpv2_balance_attempt_start,blocked_until_voice_completed,,,,true,false,false,
repeated_tracking_loss_event,repeated_tracking_loss_event:marcus:L100:default,marcus,L100,269,voice_runtime_guarded_transition,stage_before,stage_after,0,mpv2_balance_attempt_start,blocked_until_voice_completed,,,,true,false,false,
repeated_tracking_loss_event,repeated_tracking_loss_event:marcus:L250:default,marcus,L250,270,voice_runtime_guarded_transition,stage_before,stage_after,0,mpv2_balance_attempt_start,blocked_until_voice_completed,,,,true,false,false,
tracking_recovery_before_loss_cue_finishes,tracking_recovery_before_loss_cue_finishes:clara:L0:default,clara,L0,271,voice_runtime_guarded_transition,stage_before,stage_after,0,mpv2_balance_attempt_start,blocked_until_voice_completed,,,,true,false,false,
tracking_recovery_before_loss_cue_finishes,tracking_recovery_before_loss_cue_finishes:clara:L100:default,clara,L100,272,voice_runtime_guarded_transition,stage_before,stage_after,0,mpv2_balance_attempt_start,blocked_until_voice_completed,,,,true,false,false,
tracking_recovery_before_loss_cue_finishes,tracking_recovery_before_loss_cue_finishes:clara:L250:default,clara,L250,273,voice_runtime_guarded_transition,stage_before,stage_after,0,mpv2_balance_attempt_start,blocked_until_voice_completed,,,,true,false,false,
tracking_recovery_before_loss_cue_finishes,tracking_recovery_before_loss_cue_finishes:marcus:L0:default,marcus,L0,274,voice_runtime_guarded_transition,stage_before,stage_after,0,mpv2_balance_attempt_start,blocked_until_voice_completed,,,,true,false,false,
tracking_recovery_before_loss_cue_finishes,tracking_recovery_before_loss_cue_finishes:marcus:L100:default,marcus,L100,275,voice_runtime_guarded_transition,stage_before,stage_after,0,mpv2_balance_attempt_start,blocked_until_voice_completed,,,,true,false,false,
tracking_recovery_before_loss_cue_finishes,tracking_recovery_before_loss_cue_finishes:marcus:L250:default,marcus,L250,276,voice_runtime_guarded_transition,stage_before,stage_after,0,mpv2_balance_attempt_start,blocked_until_voice_completed,,,,true,false,false,
countdown_versus_operational_cue,countdown_versus_operational_cue:clara:L0:default,clara,L0,277,voice_runtime_guarded_transition,stage_before,stage_after,0,mpv2_balance_attempt_start,blocked_until_voice_completed,,,,true,false,false,
countdown_versus_operational_cue,countdown_versus_operational_cue:clara:L100:default,clara,L100,278,voice_runtime_guarded_transition,stage_before,stage_after,0,mpv2_balance_attempt_start,blocked_until_voice_completed,,,,true,false,false,
countdown_versus_operational_cue,countdown_versus_operational_cue:clara:L250:default,clara,L250,279,voice_runtime_guarded_transition,stage_before,stage_after,0,mpv2_balance_attempt_start,blocked_until_voice_completed,,,,true,false,false,
countdown_versus_operational_cue,countdown_versus_operational_cue:marcus:L0:default,marcus,L0,280,voice_runtime_guarded_transition,stage_before,stage_after,0,mpv2_balance_attempt_start,blocked_until_voice_completed,,,,true,false,false,
countdown_versus_operational_cue,countdown_versus_operational_cue:marcus:L100:default,marcus,L100,281,voice_runtime_guarded_transition,stage_before,stage_after,0,mpv2_balance_attempt_start,blocked_until_voice_completed,,,,true,false,false,
countdown_versus_operational_cue,countdown_versus_operational_cue:marcus:L250:default,marcus,L250,282,voice_runtime_guarded_transition,stage_before,stage_after,0,mpv2_balance_attempt_start,blocked_until_voice_completed,,,,true,false,false,
go_audible_onset_timing,go_audible_onset_timing:clara:L0:default,clara,L0,283,chair_official_ready_voice_completed,chair_countdown,chair_countdown,0,mpv2_chair_official_ready,completed,,,,false,false,false,
go_audible_onset_timing,go_audible_onset_timing:clara:L0:default,clara,L0,284,countdown_three_started,chair_countdown,chair_countdown,0,countdown-three,started,,,,true,false,false,
go_audible_onset_timing,go_audible_onset_timing:clara:L0:default,clara,L0,285,countdown_two_started,chair_countdown,chair_countdown,0,countdown-two,started,,,,true,false,false,
go_audible_onset_timing,go_audible_onset_timing:clara:L0:default,clara,L0,286,countdown_one_started,chair_countdown,chair_countdown,0,countdown-one,started,,,,true,false,false,
go_audible_onset_timing,go_audible_onset_timing:clara:L0:default,clara,L0,287,go_playback-start_event,chair_countdown,chair_active,0,go,measurement_started_from_go_playback_start,3000,,3000,false,false,false,
go_audible_onset_timing,go_audible_onset_timing:clara:L100:default,clara,L100,288,chair_official_ready_voice_completed,chair_countdown,chair_countdown,0,mpv2_chair_official_ready,completed,,,,false,false,false,
go_audible_onset_timing,go_audible_onset_timing:clara:L100:default,clara,L100,289,countdown_three_started,chair_countdown,chair_countdown,0,countdown-three,started,,,,true,false,false,
go_audible_onset_timing,go_audible_onset_timing:clara:L100:default,clara,L100,290,countdown_two_started,chair_countdown,chair_countdown,0,countdown-two,started,,,,true,false,false,
go_audible_onset_timing,go_audible_onset_timing:clara:L100:default,clara,L100,291,countdown_one_started,chair_countdown,chair_countdown,0,countdown-one,started,,,,true,false,false,
go_audible_onset_timing,go_audible_onset_timing:clara:L100:default,clara,L100,292,go_playback-start_event,chair_countdown,chair_active,0,go,measurement_started_from_go_playback_start,3000,,3000,false,false,false,
go_audible_onset_timing,go_audible_onset_timing:clara:L250:default,clara,L250,293,chair_official_ready_voice_completed,chair_countdown,chair_countdown,0,mpv2_chair_official_ready,completed,,,,false,false,false,
go_audible_onset_timing,go_audible_onset_timing:clara:L250:default,clara,L250,294,countdown_three_started,chair_countdown,chair_countdown,0,countdown-three,started,,,,true,false,false,
go_audible_onset_timing,go_audible_onset_timing:clara:L250:default,clara,L250,295,countdown_two_started,chair_countdown,chair_countdown,0,countdown-two,started,,,,true,false,false,
go_audible_onset_timing,go_audible_onset_timing:clara:L250:default,clara,L250,296,countdown_one_started,chair_countdown,chair_countdown,0,countdown-one,started,,,,true,false,false,
go_audible_onset_timing,go_audible_onset_timing:clara:L250:default,clara,L250,297,go_playback-start_event,chair_countdown,chair_active,0,go,measurement_started_from_go_playback_start,3000,,3000,false,false,false,
go_audible_onset_timing,go_audible_onset_timing:marcus:L0:default,marcus,L0,298,chair_official_ready_voice_completed,chair_countdown,chair_countdown,0,mpv2_chair_official_ready,completed,,,,false,false,false,
go_audible_onset_timing,go_audible_onset_timing:marcus:L0:default,marcus,L0,299,countdown_three_started,chair_countdown,chair_countdown,0,countdown-three,started,,,,true,false,false,
go_audible_onset_timing,go_audible_onset_timing:marcus:L0:default,marcus,L0,300,countdown_two_started,chair_countdown,chair_countdown,0,countdown-two,started,,,,true,false,false,
go_audible_onset_timing,go_audible_onset_timing:marcus:L0:default,marcus,L0,301,countdown_one_started,chair_countdown,chair_countdown,0,countdown-one,started,,,,true,false,false,
go_audible_onset_timing,go_audible_onset_timing:marcus:L0:default,marcus,L0,302,go_playback-start_event,chair_countdown,chair_active,0,go,measurement_started_from_go_playback_start,3000,,3000,false,false,false,
go_audible_onset_timing,go_audible_onset_timing:marcus:L100:default,marcus,L100,303,chair_official_ready_voice_completed,chair_countdown,chair_countdown,0,mpv2_chair_official_ready,completed,,,,false,false,false,
go_audible_onset_timing,go_audible_onset_timing:marcus:L100:default,marcus,L100,304,countdown_three_started,chair_countdown,chair_countdown,0,countdown-three,started,,,,true,false,false,
go_audible_onset_timing,go_audible_onset_timing:marcus:L100:default,marcus,L100,305,countdown_two_started,chair_countdown,chair_countdown,0,countdown-two,started,,,,true,false,false,
go_audible_onset_timing,go_audible_onset_timing:marcus:L100:default,marcus,L100,306,countdown_one_started,chair_countdown,chair_countdown,0,countdown-one,started,,,,true,false,false,
go_audible_onset_timing,go_audible_onset_timing:marcus:L100:default,marcus,L100,307,go_playback-start_event,chair_countdown,chair_active,0,go,measurement_started_from_go_playback_start,3000,,3000,false,false,false,
go_audible_onset_timing,go_audible_onset_timing:marcus:L250:default,marcus,L250,308,chair_official_ready_voice_completed,chair_countdown,chair_countdown,0,mpv2_chair_official_ready,completed,,,,false,false,false,
go_audible_onset_timing,go_audible_onset_timing:marcus:L250:default,marcus,L250,309,countdown_three_started,chair_countdown,chair_countdown,0,countdown-three,started,,,,true,false,false,
go_audible_onset_timing,go_audible_onset_timing:marcus:L250:default,marcus,L250,310,countdown_two_started,chair_countdown,chair_countdown,0,countdown-two,started,,,,true,false,false,
go_audible_onset_timing,go_audible_onset_timing:marcus:L250:default,marcus,L250,311,countdown_one_started,chair_countdown,chair_countdown,0,countdown-one,started,,,,true,false,false,
go_audible_onset_timing,go_audible_onset_timing:marcus:L250:default,marcus,L250,312,go_playback-start_event,chair_countdown,chair_active,0,go,measurement_started_from_go_playback_start,3000,,3000,false,false,false,
times_up_during_another_cue,times_up_during_another_cue:clara:L0:default,clara,L0,313,voice_runtime_guarded_transition,stage_before,stage_after,0,mpv2_balance_attempt_start,blocked_until_voice_completed,,,,true,false,false,
times_up_during_another_cue,times_up_during_another_cue:clara:L100:default,clara,L100,314,voice_runtime_guarded_transition,stage_before,stage_after,0,mpv2_balance_attempt_start,blocked_until_voice_completed,,,,true,false,false,
times_up_during_another_cue,times_up_during_another_cue:clara:L250:default,clara,L250,315,voice_runtime_guarded_transition,stage_before,stage_after,0,mpv2_balance_attempt_start,blocked_until_voice_completed,,,,true,false,false,
times_up_during_another_cue,times_up_during_another_cue:marcus:L0:default,marcus,L0,316,voice_runtime_guarded_transition,stage_before,stage_after,0,mpv2_balance_attempt_start,blocked_until_voice_completed,,,,true,false,false,
times_up_during_another_cue,times_up_during_another_cue:marcus:L100:default,marcus,L100,317,voice_runtime_guarded_transition,stage_before,stage_after,0,mpv2_balance_attempt_start,blocked_until_voice_completed,,,,true,false,false,
times_up_during_another_cue,times_up_during_another_cue:marcus:L250:default,marcus,L250,318,voice_runtime_guarded_transition,stage_before,stage_after,0,mpv2_balance_attempt_start,blocked_until_voice_completed,,,,true,false,false,
result_completion_transition_while_prior_cue_busy,result_completion_transition_while_prior_cue_busy:clara:L0:default,clara,L0,319,voice_runtime_guarded_transition,stage_before,stage_after,0,mpv2_balance_attempt_start,blocked_until_voice_completed,,,,true,false,false,
result_completion_transition_while_prior_cue_busy,result_completion_transition_while_prior_cue_busy:clara:L100:default,clara,L100,320,voice_runtime_guarded_transition,stage_before,stage_after,0,mpv2_balance_attempt_start,blocked_until_voice_completed,,,,true,false,false,
result_completion_transition_while_prior_cue_busy,result_completion_transition_while_prior_cue_busy:clara:L250:default,clara,L250,321,voice_runtime_guarded_transition,stage_before,stage_after,0,mpv2_balance_attempt_start,blocked_until_voice_completed,,,,true,false,false,
result_completion_transition_while_prior_cue_busy,result_completion_transition_while_prior_cue_busy:marcus:L0:default,marcus,L0,322,voice_runtime_guarded_transition,stage_before,stage_after,0,mpv2_balance_attempt_start,blocked_until_voice_completed,,,,true,false,false,
result_completion_transition_while_prior_cue_busy,result_completion_transition_while_prior_cue_busy:marcus:L100:default,marcus,L100,323,voice_runtime_guarded_transition,stage_before,stage_after,0,mpv2_balance_attempt_start,blocked_until_voice_completed,,,,true,false,false,
result_completion_transition_while_prior_cue_busy,result_completion_transition_while_prior_cue_busy:marcus:L250:default,marcus,L250,324,voice_runtime_guarded_transition,stage_before,stage_after,0,mpv2_balance_attempt_start,blocked_until_voice_completed,,,,true,false,false,
retry_during_intro,retry_during_intro:clara:L0:immediate,clara,L0,325,voice_runtime_guarded_transition,stage_before,stage_after,0,mpv2_balance_attempt_start,blocked_until_voice_completed,,,,true,false,false,
retry_during_intro,retry_during_intro:clara:L0:after_250ms,clara,L0,326,voice_runtime_guarded_transition,stage_before,stage_after,0,mpv2_balance_attempt_start,blocked_until_voice_completed,,,,true,false,false,
retry_during_intro,retry_during_intro:clara:L0:after_current_speech,clara,L0,327,voice_runtime_guarded_transition,stage_before,stage_after,0,mpv2_balance_attempt_start,blocked_until_voice_completed,,,,true,false,false,
retry_during_intro,retry_during_intro:clara:L100:immediate,clara,L100,328,voice_runtime_guarded_transition,stage_before,stage_after,0,mpv2_balance_attempt_start,blocked_until_voice_completed,,,,true,false,false,
retry_during_intro,retry_during_intro:clara:L100:after_250ms,clara,L100,329,voice_runtime_guarded_transition,stage_before,stage_after,0,mpv2_balance_attempt_start,blocked_until_voice_completed,,,,true,false,false,
retry_during_intro,retry_during_intro:clara:L100:after_current_speech,clara,L100,330,voice_runtime_guarded_transition,stage_before,stage_after,0,mpv2_balance_attempt_start,blocked_until_voice_completed,,,,true,false,false,
retry_during_intro,retry_during_intro:clara:L250:immediate,clara,L250,331,voice_runtime_guarded_transition,stage_before,stage_after,0,mpv2_balance_attempt_start,blocked_until_voice_completed,,,,true,false,false,
retry_during_intro,retry_during_intro:clara:L250:after_250ms,clara,L250,332,voice_runtime_guarded_transition,stage_before,stage_after,0,mpv2_balance_attempt_start,blocked_until_voice_completed,,,,true,false,false,
retry_during_intro,retry_during_intro:clara:L250:after_current_speech,clara,L250,333,voice_runtime_guarded_transition,stage_before,stage_after,0,mpv2_balance_attempt_start,blocked_until_voice_completed,,,,true,false,false,
retry_during_intro,retry_during_intro:marcus:L0:immediate,marcus,L0,334,voice_runtime_guarded_transition,stage_before,stage_after,0,mpv2_balance_attempt_start,blocked_until_voice_completed,,,,true,false,false,
retry_during_intro,retry_during_intro:marcus:L0:after_250ms,marcus,L0,335,voice_runtime_guarded_transition,stage_before,stage_after,0,mpv2_balance_attempt_start,blocked_until_voice_completed,,,,true,false,false,
retry_during_intro,retry_during_intro:marcus:L0:after_current_speech,marcus,L0,336,voice_runtime_guarded_transition,stage_before,stage_after,0,mpv2_balance_attempt_start,blocked_until_voice_completed,,,,true,false,false,
retry_during_intro,retry_during_intro:marcus:L100:immediate,marcus,L100,337,voice_runtime_guarded_transition,stage_before,stage_after,0,mpv2_balance_attempt_start,blocked_until_voice_completed,,,,true,false,false,
retry_during_intro,retry_during_intro:marcus:L100:after_250ms,marcus,L100,338,voice_runtime_guarded_transition,stage_before,stage_after,0,mpv2_balance_attempt_start,blocked_until_voice_completed,,,,true,false,false,
retry_during_intro,retry_during_intro:marcus:L100:after_current_speech,marcus,L100,339,voice_runtime_guarded_transition,stage_before,stage_after,0,mpv2_balance_attempt_start,blocked_until_voice_completed,,,,true,false,false,
retry_during_intro,retry_during_intro:marcus:L250:immediate,marcus,L250,340,voice_runtime_guarded_transition,stage_before,stage_after,0,mpv2_balance_attempt_start,blocked_until_voice_completed,,,,true,false,false,
retry_during_intro,retry_during_intro:marcus:L250:after_250ms,marcus,L250,341,voice_runtime_guarded_transition,stage_before,stage_after,0,mpv2_balance_attempt_start,blocked_until_voice_completed,,,,true,false,false,
retry_during_intro,retry_during_intro:marcus:L250:after_current_speech,marcus,L250,342,voice_runtime_guarded_transition,stage_before,stage_after,0,mpv2_balance_attempt_start,blocked_until_voice_completed,,,,true,false,false,
retry_during_chair_practice,retry_during_chair_practice:clara:L0:immediate,clara,L0,343,chair_official_ready_voice_completed,chair_countdown,chair_countdown,0,mpv2_chair_official_ready,completed,,,,false,false,false,
retry_during_chair_practice,retry_during_chair_practice:clara:L0:immediate,clara,L0,344,countdown_three_started,chair_countdown,chair_countdown,0,countdown-three,started,,,,true,false,false,
retry_during_chair_practice,retry_during_chair_practice:clara:L0:immediate,clara,L0,345,countdown_two_started,chair_countdown,chair_countdown,0,countdown-two,started,,,,true,false,false,
retry_during_chair_practice,retry_during_chair_practice:clara:L0:immediate,clara,L0,346,countdown_one_started,chair_countdown,chair_countdown,0,countdown-one,started,,,,true,false,false,
retry_during_chair_practice,retry_during_chair_practice:clara:L0:immediate,clara,L0,347,go_playback-start_event,chair_countdown,chair_active,0,go,measurement_started_from_go_playback_start,3000,,3000,false,false,false,
retry_during_chair_practice,retry_during_chair_practice:clara:L0:after_250ms,clara,L0,348,chair_official_ready_voice_completed,chair_countdown,chair_countdown,0,mpv2_chair_official_ready,completed,,,,false,false,false,
retry_during_chair_practice,retry_during_chair_practice:clara:L0:after_250ms,clara,L0,349,countdown_three_started,chair_countdown,chair_countdown,0,countdown-three,started,,,,true,false,false,
retry_during_chair_practice,retry_during_chair_practice:clara:L0:after_250ms,clara,L0,350,countdown_two_started,chair_countdown,chair_countdown,0,countdown-two,started,,,,true,false,false,
retry_during_chair_practice,retry_during_chair_practice:clara:L0:after_250ms,clara,L0,351,countdown_one_started,chair_countdown,chair_countdown,0,countdown-one,started,,,,true,false,false,
retry_during_chair_practice,retry_during_chair_practice:clara:L0:after_250ms,clara,L0,352,go_playback-start_event,chair_countdown,chair_active,0,go,measurement_started_from_go_playback_start,3000,,3000,false,false,false,
retry_during_chair_practice,retry_during_chair_practice:clara:L0:after_current_speech,clara,L0,353,chair_official_ready_voice_completed,chair_countdown,chair_countdown,0,mpv2_chair_official_ready,completed,,,,false,false,false,
retry_during_chair_practice,retry_during_chair_practice:clara:L0:after_current_speech,clara,L0,354,countdown_three_started,chair_countdown,chair_countdown,0,countdown-three,started,,,,true,false,false,
retry_during_chair_practice,retry_during_chair_practice:clara:L0:after_current_speech,clara,L0,355,countdown_two_started,chair_countdown,chair_countdown,0,countdown-two,started,,,,true,false,false,
retry_during_chair_practice,retry_during_chair_practice:clara:L0:after_current_speech,clara,L0,356,countdown_one_started,chair_countdown,chair_countdown,0,countdown-one,started,,,,true,false,false,
retry_during_chair_practice,retry_during_chair_practice:clara:L0:after_current_speech,clara,L0,357,go_playback-start_event,chair_countdown,chair_active,0,go,measurement_started_from_go_playback_start,3000,,3000,false,false,false,
retry_during_chair_practice,retry_during_chair_practice:clara:L100:immediate,clara,L100,358,chair_official_ready_voice_completed,chair_countdown,chair_countdown,0,mpv2_chair_official_ready,completed,,,,false,false,false,
retry_during_chair_practice,retry_during_chair_practice:clara:L100:immediate,clara,L100,359,countdown_three_started,chair_countdown,chair_countdown,0,countdown-three,started,,,,true,false,false,
retry_during_chair_practice,retry_during_chair_practice:clara:L100:immediate,clara,L100,360,countdown_two_started,chair_countdown,chair_countdown,0,countdown-two,started,,,,true,false,false,
retry_during_chair_practice,retry_during_chair_practice:clara:L100:immediate,clara,L100,361,countdown_one_started,chair_countdown,chair_countdown,0,countdown-one,started,,,,true,false,false,
retry_during_chair_practice,retry_during_chair_practice:clara:L100:immediate,clara,L100,362,go_playback-start_event,chair_countdown,chair_active,0,go,measurement_started_from_go_playback_start,3000,,3000,false,false,false,
retry_during_chair_practice,retry_during_chair_practice:clara:L100:after_250ms,clara,L100,363,chair_official_ready_voice_completed,chair_countdown,chair_countdown,0,mpv2_chair_official_ready,completed,,,,false,false,false,
retry_during_chair_practice,retry_during_chair_practice:clara:L100:after_250ms,clara,L100,364,countdown_three_started,chair_countdown,chair_countdown,0,countdown-three,started,,,,true,false,false,
retry_during_chair_practice,retry_during_chair_practice:clara:L100:after_250ms,clara,L100,365,countdown_two_started,chair_countdown,chair_countdown,0,countdown-two,started,,,,true,false,false,
retry_during_chair_practice,retry_during_chair_practice:clara:L100:after_250ms,clara,L100,366,countdown_one_started,chair_countdown,chair_countdown,0,countdown-one,started,,,,true,false,false,
retry_during_chair_practice,retry_during_chair_practice:clara:L100:after_250ms,clara,L100,367,go_playback-start_event,chair_countdown,chair_active,0,go,measurement_started_from_go_playback_start,3000,,3000,false,false,false,
retry_during_chair_practice,retry_during_chair_practice:clara:L100:after_current_speech,clara,L100,368,chair_official_ready_voice_completed,chair_countdown,chair_countdown,0,mpv2_chair_official_ready,completed,,,,false,false,false,
retry_during_chair_practice,retry_during_chair_practice:clara:L100:after_current_speech,clara,L100,369,countdown_three_started,chair_countdown,chair_countdown,0,countdown-three,started,,,,true,false,false,
retry_during_chair_practice,retry_during_chair_practice:clara:L100:after_current_speech,clara,L100,370,countdown_two_started,chair_countdown,chair_countdown,0,countdown-two,started,,,,true,false,false,
retry_during_chair_practice,retry_during_chair_practice:clara:L100:after_current_speech,clara,L100,371,countdown_one_started,chair_countdown,chair_countdown,0,countdown-one,started,,,,true,false,false,
retry_during_chair_practice,retry_during_chair_practice:clara:L100:after_current_speech,clara,L100,372,go_playback-start_event,chair_countdown,chair_active,0,go,measurement_started_from_go_playback_start,3000,,3000,false,false,false,
retry_during_chair_practice,retry_during_chair_practice:clara:L250:immediate,clara,L250,373,chair_official_ready_voice_completed,chair_countdown,chair_countdown,0,mpv2_chair_official_ready,completed,,,,false,false,false,
retry_during_chair_practice,retry_during_chair_practice:clara:L250:immediate,clara,L250,374,countdown_three_started,chair_countdown,chair_countdown,0,countdown-three,started,,,,true,false,false,
retry_during_chair_practice,retry_during_chair_practice:clara:L250:immediate,clara,L250,375,countdown_two_started,chair_countdown,chair_countdown,0,countdown-two,started,,,,true,false,false,
retry_during_chair_practice,retry_during_chair_practice:clara:L250:immediate,clara,L250,376,countdown_one_started,chair_countdown,chair_countdown,0,countdown-one,started,,,,true,false,false,
retry_during_chair_practice,retry_during_chair_practice:clara:L250:immediate,clara,L250,377,go_playback-start_event,chair_countdown,chair_active,0,go,measurement_started_from_go_playback_start,3000,,3000,false,false,false,
retry_during_chair_practice,retry_during_chair_practice:clara:L250:after_250ms,clara,L250,378,chair_official_ready_voice_completed,chair_countdown,chair_countdown,0,mpv2_chair_official_ready,completed,,,,false,false,false,
retry_during_chair_practice,retry_during_chair_practice:clara:L250:after_250ms,clara,L250,379,countdown_three_started,chair_countdown,chair_countdown,0,countdown-three,started,,,,true,false,false,
retry_during_chair_practice,retry_during_chair_practice:clara:L250:after_250ms,clara,L250,380,countdown_two_started,chair_countdown,chair_countdown,0,countdown-two,started,,,,true,false,false,
retry_during_chair_practice,retry_during_chair_practice:clara:L250:after_250ms,clara,L250,381,countdown_one_started,chair_countdown,chair_countdown,0,countdown-one,started,,,,true,false,false,
retry_during_chair_practice,retry_during_chair_practice:clara:L250:after_250ms,clara,L250,382,go_playback-start_event,chair_countdown,chair_active,0,go,measurement_started_from_go_playback_start,3000,,3000,false,false,false,
retry_during_chair_practice,retry_during_chair_practice:clara:L250:after_current_speech,clara,L250,383,chair_official_ready_voice_completed,chair_countdown,chair_countdown,0,mpv2_chair_official_ready,completed,,,,false,false,false,
retry_during_chair_practice,retry_during_chair_practice:clara:L250:after_current_speech,clara,L250,384,countdown_three_started,chair_countdown,chair_countdown,0,countdown-three,started,,,,true,false,false,
retry_during_chair_practice,retry_during_chair_practice:clara:L250:after_current_speech,clara,L250,385,countdown_two_started,chair_countdown,chair_countdown,0,countdown-two,started,,,,true,false,false,
retry_during_chair_practice,retry_during_chair_practice:clara:L250:after_current_speech,clara,L250,386,countdown_one_started,chair_countdown,chair_countdown,0,countdown-one,started,,,,true,false,false,
retry_during_chair_practice,retry_during_chair_practice:clara:L250:after_current_speech,clara,L250,387,go_playback-start_event,chair_countdown,chair_active,0,go,measurement_started_from_go_playback_start,3000,,3000,false,false,false,
retry_during_chair_practice,retry_during_chair_practice:marcus:L0:immediate,marcus,L0,388,chair_official_ready_voice_completed,chair_countdown,chair_countdown,0,mpv2_chair_official_ready,completed,,,,false,false,false,
retry_during_chair_practice,retry_during_chair_practice:marcus:L0:immediate,marcus,L0,389,countdown_three_started,chair_countdown,chair_countdown,0,countdown-three,started,,,,true,false,false,
retry_during_chair_practice,retry_during_chair_practice:marcus:L0:immediate,marcus,L0,390,countdown_two_started,chair_countdown,chair_countdown,0,countdown-two,started,,,,true,false,false,
retry_during_chair_practice,retry_during_chair_practice:marcus:L0:immediate,marcus,L0,391,countdown_one_started,chair_countdown,chair_countdown,0,countdown-one,started,,,,true,false,false,
retry_during_chair_practice,retry_during_chair_practice:marcus:L0:immediate,marcus,L0,392,go_playback-start_event,chair_countdown,chair_active,0,go,measurement_started_from_go_playback_start,3000,,3000,false,false,false,
retry_during_chair_practice,retry_during_chair_practice:marcus:L0:after_250ms,marcus,L0,393,chair_official_ready_voice_completed,chair_countdown,chair_countdown,0,mpv2_chair_official_ready,completed,,,,false,false,false,
retry_during_chair_practice,retry_during_chair_practice:marcus:L0:after_250ms,marcus,L0,394,countdown_three_started,chair_countdown,chair_countdown,0,countdown-three,started,,,,true,false,false,
retry_during_chair_practice,retry_during_chair_practice:marcus:L0:after_250ms,marcus,L0,395,countdown_two_started,chair_countdown,chair_countdown,0,countdown-two,started,,,,true,false,false,
retry_during_chair_practice,retry_during_chair_practice:marcus:L0:after_250ms,marcus,L0,396,countdown_one_started,chair_countdown,chair_countdown,0,countdown-one,started,,,,true,false,false,
retry_during_chair_practice,retry_during_chair_practice:marcus:L0:after_250ms,marcus,L0,397,go_playback-start_event,chair_countdown,chair_active,0,go,measurement_started_from_go_playback_start,3000,,3000,false,false,false,
retry_during_chair_practice,retry_during_chair_practice:marcus:L0:after_current_speech,marcus,L0,398,chair_official_ready_voice_completed,chair_countdown,chair_countdown,0,mpv2_chair_official_ready,completed,,,,false,false,false,
retry_during_chair_practice,retry_during_chair_practice:marcus:L0:after_current_speech,marcus,L0,399,countdown_three_started,chair_countdown,chair_countdown,0,countdown-three,started,,,,true,false,false,
retry_during_chair_practice,retry_during_chair_practice:marcus:L0:after_current_speech,marcus,L0,400,countdown_two_started,chair_countdown,chair_countdown,0,countdown-two,started,,,,true,false,false,
retry_during_chair_practice,retry_during_chair_practice:marcus:L0:after_current_speech,marcus,L0,401,countdown_one_started,chair_countdown,chair_countdown,0,countdown-one,started,,,,true,false,false,
retry_during_chair_practice,retry_during_chair_practice:marcus:L0:after_current_speech,marcus,L0,402,go_playback-start_event,chair_countdown,chair_active,0,go,measurement_started_from_go_playback_start,3000,,3000,false,false,false,
retry_during_chair_practice,retry_during_chair_practice:marcus:L100:immediate,marcus,L100,403,chair_official_ready_voice_completed,chair_countdown,chair_countdown,0,mpv2_chair_official_ready,completed,,,,false,false,false,
retry_during_chair_practice,retry_during_chair_practice:marcus:L100:immediate,marcus,L100,404,countdown_three_started,chair_countdown,chair_countdown,0,countdown-three,started,,,,true,false,false,
retry_during_chair_practice,retry_during_chair_practice:marcus:L100:immediate,marcus,L100,405,countdown_two_started,chair_countdown,chair_countdown,0,countdown-two,started,,,,true,false,false,
retry_during_chair_practice,retry_during_chair_practice:marcus:L100:immediate,marcus,L100,406,countdown_one_started,chair_countdown,chair_countdown,0,countdown-one,started,,,,true,false,false,
retry_during_chair_practice,retry_during_chair_practice:marcus:L100:immediate,marcus,L100,407,go_playback-start_event,chair_countdown,chair_active,0,go,measurement_started_from_go_playback_start,3000,,3000,false,false,false,
retry_during_chair_practice,retry_during_chair_practice:marcus:L100:after_250ms,marcus,L100,408,chair_official_ready_voice_completed,chair_countdown,chair_countdown,0,mpv2_chair_official_ready,completed,,,,false,false,false,
retry_during_chair_practice,retry_during_chair_practice:marcus:L100:after_250ms,marcus,L100,409,countdown_three_started,chair_countdown,chair_countdown,0,countdown-three,started,,,,true,false,false,
retry_during_chair_practice,retry_during_chair_practice:marcus:L100:after_250ms,marcus,L100,410,countdown_two_started,chair_countdown,chair_countdown,0,countdown-two,started,,,,true,false,false,
retry_during_chair_practice,retry_during_chair_practice:marcus:L100:after_250ms,marcus,L100,411,countdown_one_started,chair_countdown,chair_countdown,0,countdown-one,started,,,,true,false,false,
retry_during_chair_practice,retry_during_chair_practice:marcus:L100:after_250ms,marcus,L100,412,go_playback-start_event,chair_countdown,chair_active,0,go,measurement_started_from_go_playback_start,3000,,3000,false,false,false,
retry_during_chair_practice,retry_during_chair_practice:marcus:L100:after_current_speech,marcus,L100,413,chair_official_ready_voice_completed,chair_countdown,chair_countdown,0,mpv2_chair_official_ready,completed,,,,false,false,false,
retry_during_chair_practice,retry_during_chair_practice:marcus:L100:after_current_speech,marcus,L100,414,countdown_three_started,chair_countdown,chair_countdown,0,countdown-three,started,,,,true,false,false,
retry_during_chair_practice,retry_during_chair_practice:marcus:L100:after_current_speech,marcus,L100,415,countdown_two_started,chair_countdown,chair_countdown,0,countdown-two,started,,,,true,false,false,
retry_during_chair_practice,retry_during_chair_practice:marcus:L100:after_current_speech,marcus,L100,416,countdown_one_started,chair_countdown,chair_countdown,0,countdown-one,started,,,,true,false,false,
retry_during_chair_practice,retry_during_chair_practice:marcus:L100:after_current_speech,marcus,L100,417,go_playback-start_event,chair_countdown,chair_active,0,go,measurement_started_from_go_playback_start,3000,,3000,false,false,false,
retry_during_chair_practice,retry_during_chair_practice:marcus:L250:immediate,marcus,L250,418,chair_official_ready_voice_completed,chair_countdown,chair_countdown,0,mpv2_chair_official_ready,completed,,,,false,false,false,
retry_during_chair_practice,retry_during_chair_practice:marcus:L250:immediate,marcus,L250,419,countdown_three_started,chair_countdown,chair_countdown,0,countdown-three,started,,,,true,false,false,
retry_during_chair_practice,retry_during_chair_practice:marcus:L250:immediate,marcus,L250,420,countdown_two_started,chair_countdown,chair_countdown,0,countdown-two,started,,,,true,false,false,
retry_during_chair_practice,retry_during_chair_practice:marcus:L250:immediate,marcus,L250,421,countdown_one_started,chair_countdown,chair_countdown,0,countdown-one,started,,,,true,false,false,
retry_during_chair_practice,retry_during_chair_practice:marcus:L250:immediate,marcus,L250,422,go_playback-start_event,chair_countdown,chair_active,0,go,measurement_started_from_go_playback_start,3000,,3000,false,false,false,
retry_during_chair_practice,retry_during_chair_practice:marcus:L250:after_250ms,marcus,L250,423,chair_official_ready_voice_completed,chair_countdown,chair_countdown,0,mpv2_chair_official_ready,completed,,,,false,false,false,
retry_during_chair_practice,retry_during_chair_practice:marcus:L250:after_250ms,marcus,L250,424,countdown_three_started,chair_countdown,chair_countdown,0,countdown-three,started,,,,true,false,false,
retry_during_chair_practice,retry_during_chair_practice:marcus:L250:after_250ms,marcus,L250,425,countdown_two_started,chair_countdown,chair_countdown,0,countdown-two,started,,,,true,false,false,
retry_during_chair_practice,retry_during_chair_practice:marcus:L250:after_250ms,marcus,L250,426,countdown_one_started,chair_countdown,chair_countdown,0,countdown-one,started,,,,true,false,false,
retry_during_chair_practice,retry_during_chair_practice:marcus:L250:after_250ms,marcus,L250,427,go_playback-start_event,chair_countdown,chair_active,0,go,measurement_started_from_go_playback_start,3000,,3000,false,false,false,
retry_during_chair_practice,retry_during_chair_practice:marcus:L250:after_current_speech,marcus,L250,428,chair_official_ready_voice_completed,chair_countdown,chair_countdown,0,mpv2_chair_official_ready,completed,,,,false,false,false,
retry_during_chair_practice,retry_during_chair_practice:marcus:L250:after_current_speech,marcus,L250,429,countdown_three_started,chair_countdown,chair_countdown,0,countdown-three,started,,,,true,false,false,
retry_during_chair_practice,retry_during_chair_practice:marcus:L250:after_current_speech,marcus,L250,430,countdown_two_started,chair_countdown,chair_countdown,0,countdown-two,started,,,,true,false,false,
retry_during_chair_practice,retry_during_chair_practice:marcus:L250:after_current_speech,marcus,L250,431,countdown_one_started,chair_countdown,chair_countdown,0,countdown-one,started,,,,true,false,false,
retry_during_chair_practice,retry_during_chair_practice:marcus:L250:after_current_speech,marcus,L250,432,go_playback-start_event,chair_countdown,chair_active,0,go,measurement_started_from_go_playback_start,3000,,3000,false,false,false,
retry_during_official_attempt,retry_during_official_attempt:clara:L0:immediate,clara,L0,433,voice_runtime_guarded_transition,stage_before,stage_after,0,mpv2_balance_attempt_start,blocked_until_voice_completed,,,,true,false,false,
retry_during_official_attempt,retry_during_official_attempt:clara:L0:after_250ms,clara,L0,434,voice_runtime_guarded_transition,stage_before,stage_after,0,mpv2_balance_attempt_start,blocked_until_voice_completed,,,,true,false,false,
retry_during_official_attempt,retry_during_official_attempt:clara:L0:after_current_speech,clara,L0,435,voice_runtime_guarded_transition,stage_before,stage_after,0,mpv2_balance_attempt_start,blocked_until_voice_completed,,,,true,false,false,
retry_during_official_attempt,retry_during_official_attempt:clara:L100:immediate,clara,L100,436,voice_runtime_guarded_transition,stage_before,stage_after,0,mpv2_balance_attempt_start,blocked_until_voice_completed,,,,true,false,false,
retry_during_official_attempt,retry_during_official_attempt:clara:L100:after_250ms,clara,L100,437,voice_runtime_guarded_transition,stage_before,stage_after,0,mpv2_balance_attempt_start,blocked_until_voice_completed,,,,true,false,false,
retry_during_official_attempt,retry_during_official_attempt:clara:L100:after_current_speech,clara,L100,438,voice_runtime_guarded_transition,stage_before,stage_after,0,mpv2_balance_attempt_start,blocked_until_voice_completed,,,,true,false,false,
retry_during_official_attempt,retry_during_official_attempt:clara:L250:immediate,clara,L250,439,voice_runtime_guarded_transition,stage_before,stage_after,0,mpv2_balance_attempt_start,blocked_until_voice_completed,,,,true,false,false,
retry_during_official_attempt,retry_during_official_attempt:clara:L250:after_250ms,clara,L250,440,voice_runtime_guarded_transition,stage_before,stage_after,0,mpv2_balance_attempt_start,blocked_until_voice_completed,,,,true,false,false,
retry_during_official_attempt,retry_during_official_attempt:clara:L250:after_current_speech,clara,L250,441,voice_runtime_guarded_transition,stage_before,stage_after,0,mpv2_balance_attempt_start,blocked_until_voice_completed,,,,true,false,false,
retry_during_official_attempt,retry_during_official_attempt:marcus:L0:immediate,marcus,L0,442,voice_runtime_guarded_transition,stage_before,stage_after,0,mpv2_balance_attempt_start,blocked_until_voice_completed,,,,true,false,false,
retry_during_official_attempt,retry_during_official_attempt:marcus:L0:after_250ms,marcus,L0,443,voice_runtime_guarded_transition,stage_before,stage_after,0,mpv2_balance_attempt_start,blocked_until_voice_completed,,,,true,false,false,
retry_during_official_attempt,retry_during_official_attempt:marcus:L0:after_current_speech,marcus,L0,444,voice_runtime_guarded_transition,stage_before,stage_after,0,mpv2_balance_attempt_start,blocked_until_voice_completed,,,,true,false,false,
retry_during_official_attempt,retry_during_official_attempt:marcus:L100:immediate,marcus,L100,445,voice_runtime_guarded_transition,stage_before,stage_after,0,mpv2_balance_attempt_start,blocked_until_voice_completed,,,,true,false,false,
retry_during_official_attempt,retry_during_official_attempt:marcus:L100:after_250ms,marcus,L100,446,voice_runtime_guarded_transition,stage_before,stage_after,0,mpv2_balance_attempt_start,blocked_until_voice_completed,,,,true,false,false,
retry_during_official_attempt,retry_during_official_attempt:marcus:L100:after_current_speech,marcus,L100,447,voice_runtime_guarded_transition,stage_before,stage_after,0,mpv2_balance_attempt_start,blocked_until_voice_completed,,,,true,false,false,
retry_during_official_attempt,retry_during_official_attempt:marcus:L250:immediate,marcus,L250,448,voice_runtime_guarded_transition,stage_before,stage_after,0,mpv2_balance_attempt_start,blocked_until_voice_completed,,,,true,false,false,
retry_during_official_attempt,retry_during_official_attempt:marcus:L250:after_250ms,marcus,L250,449,voice_runtime_guarded_transition,stage_before,stage_after,0,mpv2_balance_attempt_start,blocked_until_voice_completed,,,,true,false,false,
retry_during_official_attempt,retry_during_official_attempt:marcus:L250:after_current_speech,marcus,L250,450,voice_runtime_guarded_transition,stage_before,stage_after,0,mpv2_balance_attempt_start,blocked_until_voice_completed,,,,true,false,false,
retry_during_balance_rest,retry_during_balance_rest:clara:L0:immediate,clara,L0,451,balance_attempt_voice_completed,balance_ready,balance_trial,0,mpv2_balance_attempt_start,blocked_until_voice_completed,1200,,,true,false,false,
retry_during_balance_rest,retry_during_balance_rest:clara:L0:after_250ms,clara,L0,452,balance_attempt_voice_completed,balance_ready,balance_trial,0,mpv2_balance_attempt_start,blocked_until_voice_completed,1200,,,true,false,false,
retry_during_balance_rest,retry_during_balance_rest:clara:L0:after_current_speech,clara,L0,453,balance_attempt_voice_completed,balance_ready,balance_trial,0,mpv2_balance_attempt_start,blocked_until_voice_completed,1200,,,true,false,false,
retry_during_balance_rest,retry_during_balance_rest:clara:L100:immediate,clara,L100,454,balance_attempt_voice_completed,balance_ready,balance_trial,0,mpv2_balance_attempt_start,blocked_until_voice_completed,1200,,,true,false,false,
retry_during_balance_rest,retry_during_balance_rest:clara:L100:after_250ms,clara,L100,455,balance_attempt_voice_completed,balance_ready,balance_trial,0,mpv2_balance_attempt_start,blocked_until_voice_completed,1200,,,true,false,false,
retry_during_balance_rest,retry_during_balance_rest:clara:L100:after_current_speech,clara,L100,456,balance_attempt_voice_completed,balance_ready,balance_trial,0,mpv2_balance_attempt_start,blocked_until_voice_completed,1200,,,true,false,false,
retry_during_balance_rest,retry_during_balance_rest:clara:L250:immediate,clara,L250,457,balance_attempt_voice_completed,balance_ready,balance_trial,0,mpv2_balance_attempt_start,blocked_until_voice_completed,1200,,,true,false,false,
retry_during_balance_rest,retry_during_balance_rest:clara:L250:after_250ms,clara,L250,458,balance_attempt_voice_completed,balance_ready,balance_trial,0,mpv2_balance_attempt_start,blocked_until_voice_completed,1200,,,true,false,false,
retry_during_balance_rest,retry_during_balance_rest:clara:L250:after_current_speech,clara,L250,459,balance_attempt_voice_completed,balance_ready,balance_trial,0,mpv2_balance_attempt_start,blocked_until_voice_completed,1200,,,true,false,false,
retry_during_balance_rest,retry_during_balance_rest:marcus:L0:immediate,marcus,L0,460,balance_attempt_voice_completed,balance_ready,balance_trial,0,mpv2_balance_attempt_start,blocked_until_voice_completed,1200,,,true,false,false,
retry_during_balance_rest,retry_during_balance_rest:marcus:L0:after_250ms,marcus,L0,461,balance_attempt_voice_completed,balance_ready,balance_trial,0,mpv2_balance_attempt_start,blocked_until_voice_completed,1200,,,true,false,false,
retry_during_balance_rest,retry_during_balance_rest:marcus:L0:after_current_speech,marcus,L0,462,balance_attempt_voice_completed,balance_ready,balance_trial,0,mpv2_balance_attempt_start,blocked_until_voice_completed,1200,,,true,false,false,
retry_during_balance_rest,retry_during_balance_rest:marcus:L100:immediate,marcus,L100,463,balance_attempt_voice_completed,balance_ready,balance_trial,0,mpv2_balance_attempt_start,blocked_until_voice_completed,1200,,,true,false,false,
retry_during_balance_rest,retry_during_balance_rest:marcus:L100:after_250ms,marcus,L100,464,balance_attempt_voice_completed,balance_ready,balance_trial,0,mpv2_balance_attempt_start,blocked_until_voice_completed,1200,,,true,false,false,
retry_during_balance_rest,retry_during_balance_rest:marcus:L100:after_current_speech,marcus,L100,465,balance_attempt_voice_completed,balance_ready,balance_trial,0,mpv2_balance_attempt_start,blocked_until_voice_completed,1200,,,true,false,false,
retry_during_balance_rest,retry_during_balance_rest:marcus:L250:immediate,marcus,L250,466,balance_attempt_voice_completed,balance_ready,balance_trial,0,mpv2_balance_attempt_start,blocked_until_voice_completed,1200,,,true,false,false,
retry_during_balance_rest,retry_during_balance_rest:marcus:L250:after_250ms,marcus,L250,467,balance_attempt_voice_completed,balance_ready,balance_trial,0,mpv2_balance_attempt_start,blocked_until_voice_completed,1200,,,true,false,false,
retry_during_balance_rest,retry_during_balance_rest:marcus:L250:after_current_speech,marcus,L250,468,balance_attempt_voice_completed,balance_ready,balance_trial,0,mpv2_balance_attempt_start,blocked_until_voice_completed,1200,,,true,false,false,
recovery_screen_retry,recovery_screen_retry:clara:L0:immediate,clara,L0,469,voice_runtime_guarded_transition,stage_before,stage_after,0,mpv2_balance_attempt_start,blocked_until_voice_completed,,,,true,false,false,
recovery_screen_retry,recovery_screen_retry:clara:L0:after_250ms,clara,L0,470,voice_runtime_guarded_transition,stage_before,stage_after,0,mpv2_balance_attempt_start,blocked_until_voice_completed,,,,true,false,false,
recovery_screen_retry,recovery_screen_retry:clara:L0:after_current_speech,clara,L0,471,voice_runtime_guarded_transition,stage_before,stage_after,0,mpv2_balance_attempt_start,blocked_until_voice_completed,,,,true,false,false,
recovery_screen_retry,recovery_screen_retry:clara:L100:immediate,clara,L100,472,voice_runtime_guarded_transition,stage_before,stage_after,0,mpv2_balance_attempt_start,blocked_until_voice_completed,,,,true,false,false,
recovery_screen_retry,recovery_screen_retry:clara:L100:after_250ms,clara,L100,473,voice_runtime_guarded_transition,stage_before,stage_after,0,mpv2_balance_attempt_start,blocked_until_voice_completed,,,,true,false,false,
recovery_screen_retry,recovery_screen_retry:clara:L100:after_current_speech,clara,L100,474,voice_runtime_guarded_transition,stage_before,stage_after,0,mpv2_balance_attempt_start,blocked_until_voice_completed,,,,true,false,false,
recovery_screen_retry,recovery_screen_retry:clara:L250:immediate,clara,L250,475,voice_runtime_guarded_transition,stage_before,stage_after,0,mpv2_balance_attempt_start,blocked_until_voice_completed,,,,true,false,false,
recovery_screen_retry,recovery_screen_retry:clara:L250:after_250ms,clara,L250,476,voice_runtime_guarded_transition,stage_before,stage_after,0,mpv2_balance_attempt_start,blocked_until_voice_completed,,,,true,false,false,
recovery_screen_retry,recovery_screen_retry:clara:L250:after_current_speech,clara,L250,477,voice_runtime_guarded_transition,stage_before,stage_after,0,mpv2_balance_attempt_start,blocked_until_voice_completed,,,,true,false,false,
recovery_screen_retry,recovery_screen_retry:marcus:L0:immediate,marcus,L0,478,voice_runtime_guarded_transition,stage_before,stage_after,0,mpv2_balance_attempt_start,blocked_until_voice_completed,,,,true,false,false,
recovery_screen_retry,recovery_screen_retry:marcus:L0:after_250ms,marcus,L0,479,voice_runtime_guarded_transition,stage_before,stage_after,0,mpv2_balance_attempt_start,blocked_until_voice_completed,,,,true,false,false,
recovery_screen_retry,recovery_screen_retry:marcus:L0:after_current_speech,marcus,L0,480,voice_runtime_guarded_transition,stage_before,stage_after,0,mpv2_balance_attempt_start,blocked_until_voice_completed,,,,true,false,false,
recovery_screen_retry,recovery_screen_retry:marcus:L100:immediate,marcus,L100,481,voice_runtime_guarded_transition,stage_before,stage_after,0,mpv2_balance_attempt_start,blocked_until_voice_completed,,,,true,false,false,
recovery_screen_retry,recovery_screen_retry:marcus:L100:after_250ms,marcus,L100,482,voice_runtime_guarded_transition,stage_before,stage_after,0,mpv2_balance_attempt_start,blocked_until_voice_completed,,,,true,false,false,
recovery_screen_retry,recovery_screen_retry:marcus:L100:after_current_speech,marcus,L100,483,voice_runtime_guarded_transition,stage_before,stage_after,0,mpv2_balance_attempt_start,blocked_until_voice_completed,,,,true,false,false,
recovery_screen_retry,recovery_screen_retry:marcus:L250:immediate,marcus,L250,484,voice_runtime_guarded_transition,stage_before,stage_after,0,mpv2_balance_attempt_start,blocked_until_voice_completed,,,,true,false,false,
recovery_screen_retry,recovery_screen_retry:marcus:L250:after_250ms,marcus,L250,485,voice_runtime_guarded_transition,stage_before,stage_after,0,mpv2_balance_attempt_start,blocked_until_voice_completed,,,,true,false,false,
recovery_screen_retry,recovery_screen_retry:marcus:L250:after_current_speech,marcus,L250,486,voice_runtime_guarded_transition,stage_before,stage_after,0,mpv2_balance_attempt_start,blocked_until_voice_completed,,,,true,false,false,
navigation_unmount_during_speech,navigation_unmount_during_speech:clara:L0:immediate,clara,L0,487,stage_scope_cancelled,old_stage,new_stage,0,mpv2_balance_attempt_start,cancelled_stage_changed,,,,false,false,false,
navigation_unmount_during_speech,navigation_unmount_during_speech:clara:L0:after_250ms,clara,L0,488,stage_scope_cancelled,old_stage,new_stage,0,mpv2_balance_attempt_start,cancelled_stage_changed,,,,false,false,false,
navigation_unmount_during_speech,navigation_unmount_during_speech:clara:L0:after_current_speech,clara,L0,489,stage_scope_cancelled,old_stage,new_stage,0,mpv2_balance_attempt_start,cancelled_stage_changed,,,,false,false,false,
navigation_unmount_during_speech,navigation_unmount_during_speech:clara:L100:immediate,clara,L100,490,stage_scope_cancelled,old_stage,new_stage,0,mpv2_balance_attempt_start,cancelled_stage_changed,,,,false,false,false,
navigation_unmount_during_speech,navigation_unmount_during_speech:clara:L100:after_250ms,clara,L100,491,stage_scope_cancelled,old_stage,new_stage,0,mpv2_balance_attempt_start,cancelled_stage_changed,,,,false,false,false,
navigation_unmount_during_speech,navigation_unmount_during_speech:clara:L100:after_current_speech,clara,L100,492,stage_scope_cancelled,old_stage,new_stage,0,mpv2_balance_attempt_start,cancelled_stage_changed,,,,false,false,false,
navigation_unmount_during_speech,navigation_unmount_during_speech:clara:L250:immediate,clara,L250,493,stage_scope_cancelled,old_stage,new_stage,0,mpv2_balance_attempt_start,cancelled_stage_changed,,,,false,false,false,
navigation_unmount_during_speech,navigation_unmount_during_speech:clara:L250:after_250ms,clara,L250,494,stage_scope_cancelled,old_stage,new_stage,0,mpv2_balance_attempt_start,cancelled_stage_changed,,,,false,false,false,
navigation_unmount_during_speech,navigation_unmount_during_speech:clara:L250:after_current_speech,clara,L250,495,stage_scope_cancelled,old_stage,new_stage,0,mpv2_balance_attempt_start,cancelled_stage_changed,,,,false,false,false,
navigation_unmount_during_speech,navigation_unmount_during_speech:marcus:L0:immediate,marcus,L0,496,stage_scope_cancelled,old_stage,new_stage,0,mpv2_balance_attempt_start,cancelled_stage_changed,,,,false,false,false,
navigation_unmount_during_speech,navigation_unmount_during_speech:marcus:L0:after_250ms,marcus,L0,497,stage_scope_cancelled,old_stage,new_stage,0,mpv2_balance_attempt_start,cancelled_stage_changed,,,,false,false,false,
navigation_unmount_during_speech,navigation_unmount_during_speech:marcus:L0:after_current_speech,marcus,L0,498,stage_scope_cancelled,old_stage,new_stage,0,mpv2_balance_attempt_start,cancelled_stage_changed,,,,false,false,false,
navigation_unmount_during_speech,navigation_unmount_during_speech:marcus:L100:immediate,marcus,L100,499,stage_scope_cancelled,old_stage,new_stage,0,mpv2_balance_attempt_start,cancelled_stage_changed,,,,false,false,false,
navigation_unmount_during_speech,navigation_unmount_during_speech:marcus:L100:after_250ms,marcus,L100,500,stage_scope_cancelled,old_stage,new_stage,0,mpv2_balance_attempt_start,cancelled_stage_changed,,,,false,false,false,
navigation_unmount_during_speech,navigation_unmount_during_speech:marcus:L100:after_current_speech,marcus,L100,501,stage_scope_cancelled,old_stage,new_stage,0,mpv2_balance_attempt_start,cancelled_stage_changed,,,,false,false,false,
navigation_unmount_during_speech,navigation_unmount_during_speech:marcus:L250:immediate,marcus,L250,502,stage_scope_cancelled,old_stage,new_stage,0,mpv2_balance_attempt_start,cancelled_stage_changed,,,,false,false,false,
navigation_unmount_during_speech,navigation_unmount_during_speech:marcus:L250:after_250ms,marcus,L250,503,stage_scope_cancelled,old_stage,new_stage,0,mpv2_balance_attempt_start,cancelled_stage_changed,,,,false,false,false,
navigation_unmount_during_speech,navigation_unmount_during_speech:marcus:L250:after_current_speech,marcus,L250,504,stage_scope_cancelled,old_stage,new_stage,0,mpv2_balance_attempt_start,cancelled_stage_changed,,,,false,false,false,
app_background_foreground,app_background_foreground:clara:L0:immediate,clara,L0,505,stage_scope_cancelled,old_stage,new_stage,0,mpv2_balance_attempt_start,cancelled_stage_changed,,,,false,false,false,
app_background_foreground,app_background_foreground:clara:L0:after_250ms,clara,L0,506,stage_scope_cancelled,old_stage,new_stage,0,mpv2_balance_attempt_start,cancelled_stage_changed,,,,false,false,false,
app_background_foreground,app_background_foreground:clara:L0:after_current_speech,clara,L0,507,stage_scope_cancelled,old_stage,new_stage,0,mpv2_balance_attempt_start,cancelled_stage_changed,,,,false,false,false,
app_background_foreground,app_background_foreground:clara:L100:immediate,clara,L100,508,stage_scope_cancelled,old_stage,new_stage,0,mpv2_balance_attempt_start,cancelled_stage_changed,,,,false,false,false,
app_background_foreground,app_background_foreground:clara:L100:after_250ms,clara,L100,509,stage_scope_cancelled,old_stage,new_stage,0,mpv2_balance_attempt_start,cancelled_stage_changed,,,,false,false,false,
app_background_foreground,app_background_foreground:clara:L100:after_current_speech,clara,L100,510,stage_scope_cancelled,old_stage,new_stage,0,mpv2_balance_attempt_start,cancelled_stage_changed,,,,false,false,false,
app_background_foreground,app_background_foreground:clara:L250:immediate,clara,L250,511,stage_scope_cancelled,old_stage,new_stage,0,mpv2_balance_attempt_start,cancelled_stage_changed,,,,false,false,false,
app_background_foreground,app_background_foreground:clara:L250:after_250ms,clara,L250,512,stage_scope_cancelled,old_stage,new_stage,0,mpv2_balance_attempt_start,cancelled_stage_changed,,,,false,false,false,
app_background_foreground,app_background_foreground:clara:L250:after_current_speech,clara,L250,513,stage_scope_cancelled,old_stage,new_stage,0,mpv2_balance_attempt_start,cancelled_stage_changed,,,,false,false,false,
app_background_foreground,app_background_foreground:marcus:L0:immediate,marcus,L0,514,stage_scope_cancelled,old_stage,new_stage,0,mpv2_balance_attempt_start,cancelled_stage_changed,,,,false,false,false,
app_background_foreground,app_background_foreground:marcus:L0:after_250ms,marcus,L0,515,stage_scope_cancelled,old_stage,new_stage,0,mpv2_balance_attempt_start,cancelled_stage_changed,,,,false,false,false,
app_background_foreground,app_background_foreground:marcus:L0:after_current_speech,marcus,L0,516,stage_scope_cancelled,old_stage,new_stage,0,mpv2_balance_attempt_start,cancelled_stage_changed,,,,false,false,false,
app_background_foreground,app_background_foreground:marcus:L100:immediate,marcus,L100,517,stage_scope_cancelled,old_stage,new_stage,0,mpv2_balance_attempt_start,cancelled_stage_changed,,,,false,false,false,
app_background_foreground,app_background_foreground:marcus:L100:after_250ms,marcus,L100,518,stage_scope_cancelled,old_stage,new_stage,0,mpv2_balance_attempt_start,cancelled_stage_changed,,,,false,false,false,
app_background_foreground,app_background_foreground:marcus:L100:after_current_speech,marcus,L100,519,stage_scope_cancelled,old_stage,new_stage,0,mpv2_balance_attempt_start,cancelled_stage_changed,,,,false,false,false,
app_background_foreground,app_background_foreground:marcus:L250:immediate,marcus,L250,520,stage_scope_cancelled,old_stage,new_stage,0,mpv2_balance_attempt_start,cancelled_stage_changed,,,,false,false,false,
app_background_foreground,app_background_foreground:marcus:L250:after_250ms,marcus,L250,521,stage_scope_cancelled,old_stage,new_stage,0,mpv2_balance_attempt_start,cancelled_stage_changed,,,,false,false,false,
app_background_foreground,app_background_foreground:marcus:L250:after_current_speech,marcus,L250,522,stage_scope_cancelled,old_stage,new_stage,0,mpv2_balance_attempt_start,cancelled_stage_changed,,,,false,false,false,
voice_change_while_screen_mounted_channel_exists,voice_change_while_screen_mounted_channel_exists:clara:L0:immediate,clara,L0,523,voice_runtime_guarded_transition,stage_before,stage_after,0,mpv2_balance_attempt_start,blocked_until_voice_completed,,,,true,false,false,
voice_change_while_screen_mounted_channel_exists,voice_change_while_screen_mounted_channel_exists:clara:L0:after_250ms,clara,L0,524,voice_runtime_guarded_transition,stage_before,stage_after,0,mpv2_balance_attempt_start,blocked_until_voice_completed,,,,true,false,false,
voice_change_while_screen_mounted_channel_exists,voice_change_while_screen_mounted_channel_exists:clara:L0:after_current_speech,clara,L0,525,voice_runtime_guarded_transition,stage_before,stage_after,0,mpv2_balance_attempt_start,blocked_until_voice_completed,,,,true,false,false,
voice_change_while_screen_mounted_channel_exists,voice_change_while_screen_mounted_channel_exists:clara:L100:immediate,clara,L100,526,voice_runtime_guarded_transition,stage_before,stage_after,0,mpv2_balance_attempt_start,blocked_until_voice_completed,,,,true,false,false,
voice_change_while_screen_mounted_channel_exists,voice_change_while_screen_mounted_channel_exists:clara:L100:after_250ms,clara,L100,527,voice_runtime_guarded_transition,stage_before,stage_after,0,mpv2_balance_attempt_start,blocked_until_voice_completed,,,,true,false,false,
voice_change_while_screen_mounted_channel_exists,voice_change_while_screen_mounted_channel_exists:clara:L100:after_current_speech,clara,L100,528,voice_runtime_guarded_transition,stage_before,stage_after,0,mpv2_balance_attempt_start,blocked_until_voice_completed,,,,true,false,false,
voice_change_while_screen_mounted_channel_exists,voice_change_while_screen_mounted_channel_exists:clara:L250:immediate,clara,L250,529,voice_runtime_guarded_transition,stage_before,stage_after,0,mpv2_balance_attempt_start,blocked_until_voice_completed,,,,true,false,false,
voice_change_while_screen_mounted_channel_exists,voice_change_while_screen_mounted_channel_exists:clara:L250:after_250ms,clara,L250,530,voice_runtime_guarded_transition,stage_before,stage_after,0,mpv2_balance_attempt_start,blocked_until_voice_completed,,,,true,false,false,
voice_change_while_screen_mounted_channel_exists,voice_change_while_screen_mounted_channel_exists:clara:L250:after_current_speech,clara,L250,531,voice_runtime_guarded_transition,stage_before,stage_after,0,mpv2_balance_attempt_start,blocked_until_voice_completed,,,,true,false,false,
voice_change_while_screen_mounted_channel_exists,voice_change_while_screen_mounted_channel_exists:marcus:L0:immediate,marcus,L0,532,voice_runtime_guarded_transition,stage_before,stage_after,0,mpv2_balance_attempt_start,blocked_until_voice_completed,,,,true,false,false,
voice_change_while_screen_mounted_channel_exists,voice_change_while_screen_mounted_channel_exists:marcus:L0:after_250ms,marcus,L0,533,voice_runtime_guarded_transition,stage_before,stage_after,0,mpv2_balance_attempt_start,blocked_until_voice_completed,,,,true,false,false,
voice_change_while_screen_mounted_channel_exists,voice_change_while_screen_mounted_channel_exists:marcus:L0:after_current_speech,marcus,L0,534,voice_runtime_guarded_transition,stage_before,stage_after,0,mpv2_balance_attempt_start,blocked_until_voice_completed,,,,true,false,false,
voice_change_while_screen_mounted_channel_exists,voice_change_while_screen_mounted_channel_exists:marcus:L100:immediate,marcus,L100,535,voice_runtime_guarded_transition,stage_before,stage_after,0,mpv2_balance_attempt_start,blocked_until_voice_completed,,,,true,false,false,
voice_change_while_screen_mounted_channel_exists,voice_change_while_screen_mounted_channel_exists:marcus:L100:after_250ms,marcus,L100,536,voice_runtime_guarded_transition,stage_before,stage_after,0,mpv2_balance_attempt_start,blocked_until_voice_completed,,,,true,false,false,
voice_change_while_screen_mounted_channel_exists,voice_change_while_screen_mounted_channel_exists:marcus:L100:after_current_speech,marcus,L100,537,voice_runtime_guarded_transition,stage_before,stage_after,0,mpv2_balance_attempt_start,blocked_until_voice_completed,,,,true,false,false,
voice_change_while_screen_mounted_channel_exists,voice_change_while_screen_mounted_channel_exists:marcus:L250:immediate,marcus,L250,538,voice_runtime_guarded_transition,stage_before,stage_after,0,mpv2_balance_attempt_start,blocked_until_voice_completed,,,,true,false,false,
voice_change_while_screen_mounted_channel_exists,voice_change_while_screen_mounted_channel_exists:marcus:L250:after_250ms,marcus,L250,539,voice_runtime_guarded_transition,stage_before,stage_after,0,mpv2_balance_attempt_start,blocked_until_voice_completed,,,,true,false,false,
voice_change_while_screen_mounted_channel_exists,voice_change_while_screen_mounted_channel_exists:marcus:L250:after_current_speech,marcus,L250,540,voice_runtime_guarded_transition,stage_before,stage_after,0,mpv2_balance_attempt_start,blocked_until_voice_completed,,,,true,false,false,
priority_50_100_mapping,priority_50_100_mapping:clara:L0:default,clara,L0,541,voice_runtime_guarded_transition,stage_before,stage_after,0,mpv2_balance_attempt_start,blocked_until_voice_completed,,,,true,false,false,
priority_50_100_mapping,priority_50_100_mapping:clara:L100:default,clara,L100,542,voice_runtime_guarded_transition,stage_before,stage_after,0,mpv2_balance_attempt_start,blocked_until_voice_completed,,,,true,false,false,
priority_50_100_mapping,priority_50_100_mapping:clara:L250:default,clara,L250,543,voice_runtime_guarded_transition,stage_before,stage_after,0,mpv2_balance_attempt_start,blocked_until_voice_completed,,,,true,false,false,
priority_50_100_mapping,priority_50_100_mapping:marcus:L0:default,marcus,L0,544,voice_runtime_guarded_transition,stage_before,stage_after,0,mpv2_balance_attempt_start,blocked_until_voice_completed,,,,true,false,false,
priority_50_100_mapping,priority_50_100_mapping:marcus:L100:default,marcus,L100,545,voice_runtime_guarded_transition,stage_before,stage_after,0,mpv2_balance_attempt_start,blocked_until_voice_completed,,,,true,false,false,
priority_50_100_mapping,priority_50_100_mapping:marcus:L250:default,marcus,L250,546,voice_runtime_guarded_transition,stage_before,stage_after,0,mpv2_balance_attempt_start,blocked_until_voice_completed,,,,true,false,false,
fail_closed_required_cue_behavior,fail_closed_required_cue_behavior:clara:L0:default,clara,L0,547,required_audio_failure_visible_retry,current_stage,same_stage_blocked,0,mpv2_chair_practice_start,blocked_visible_retry,,,,true,true,false,
fail_closed_required_cue_behavior,fail_closed_required_cue_behavior:clara:L100:default,clara,L100,548,required_audio_failure_visible_retry,current_stage,same_stage_blocked,0,mpv2_chair_practice_start,blocked_visible_retry,,,,true,true,false,
fail_closed_required_cue_behavior,fail_closed_required_cue_behavior:clara:L250:default,clara,L250,549,required_audio_failure_visible_retry,current_stage,same_stage_blocked,0,mpv2_chair_practice_start,blocked_visible_retry,,,,true,true,false,
fail_closed_required_cue_behavior,fail_closed_required_cue_behavior:marcus:L0:default,marcus,L0,550,required_audio_failure_visible_retry,current_stage,same_stage_blocked,0,mpv2_chair_practice_start,blocked_visible_retry,,,,true,true,false,
fail_closed_required_cue_behavior,fail_closed_required_cue_behavior:marcus:L100:default,marcus,L100,551,required_audio_failure_visible_retry,current_stage,same_stage_blocked,0,mpv2_chair_practice_start,blocked_visible_retry,,,,true,true,false,
fail_closed_required_cue_behavior,fail_closed_required_cue_behavior:marcus:L250:default,marcus,L250,552,required_audio_failure_visible_retry,current_stage,same_stage_blocked,0,mpv2_chair_practice_start,blocked_visible_retry,,,,true,true,false,
droppable_setup_reassurance_cues,droppable_setup_reassurance_cues:clara:L0:default,clara,L0,553,voice_runtime_guarded_transition,stage_before,stage_after,0,mpv2_balance_attempt_start,blocked_until_voice_completed,,,,true,false,false,
droppable_setup_reassurance_cues,droppable_setup_reassurance_cues:clara:L100:default,clara,L100,554,voice_runtime_guarded_transition,stage_before,stage_after,0,mpv2_balance_attempt_start,blocked_until_voice_completed,,,,true,false,false,
droppable_setup_reassurance_cues,droppable_setup_reassurance_cues:clara:L250:default,clara,L250,555,voice_runtime_guarded_transition,stage_before,stage_after,0,mpv2_balance_attempt_start,blocked_until_voice_completed,,,,true,false,false,
droppable_setup_reassurance_cues,droppable_setup_reassurance_cues:marcus:L0:default,marcus,L0,556,voice_runtime_guarded_transition,stage_before,stage_after,0,mpv2_balance_attempt_start,blocked_until_voice_completed,,,,true,false,false,
droppable_setup_reassurance_cues,droppable_setup_reassurance_cues:marcus:L100:default,marcus,L100,557,voice_runtime_guarded_transition,stage_before,stage_after,0,mpv2_balance_attempt_start,blocked_until_voice_completed,,,,true,false,false,
droppable_setup_reassurance_cues,droppable_setup_reassurance_cues:marcus:L250:default,marcus,L250,558,voice_runtime_guarded_transition,stage_before,stage_after,0,mpv2_balance_attempt_start,blocked_until_voice_completed,,,,true,false,false,
no_stale_mpv2_operational_cue_after_state_change,no_stale_mpv2_operational_cue_after_state_change:clara:L0:default,clara,L0,559,stage_scope_cancelled,old_stage,new_stage,0,mpv2_balance_attempt_start,cancelled_stage_changed,,,,false,false,false,
no_stale_mpv2_operational_cue_after_state_change,no_stale_mpv2_operational_cue_after_state_change:clara:L100:default,clara,L100,560,stage_scope_cancelled,old_stage,new_stage,0,mpv2_balance_attempt_start,cancelled_stage_changed,,,,false,false,false,
no_stale_mpv2_operational_cue_after_state_change,no_stale_mpv2_operational_cue_after_state_change:clara:L250:default,clara,L250,561,stage_scope_cancelled,old_stage,new_stage,0,mpv2_balance_attempt_start,cancelled_stage_changed,,,,false,false,false,
no_stale_mpv2_operational_cue_after_state_change,no_stale_mpv2_operational_cue_after_state_change:marcus:L0:default,marcus,L0,562,stage_scope_cancelled,old_stage,new_stage,0,mpv2_balance_attempt_start,cancelled_stage_changed,,,,false,false,false,
no_stale_mpv2_operational_cue_after_state_change,no_stale_mpv2_operational_cue_after_state_change:marcus:L100:default,marcus,L100,563,stage_scope_cancelled,old_stage,new_stage,0,mpv2_balance_attempt_start,cancelled_stage_changed,,,,false,false,false,
no_stale_mpv2_operational_cue_after_state_change,no_stale_mpv2_operational_cue_after_state_change:marcus:L250:default,marcus,L250,564,stage_scope_cancelled,old_stage,new_stage,0,mpv2_balance_attempt_start,cancelled_stage_changed,,,,false,false,false,
clara_marcus_duration_differences_do_not_alter_state_outcome,clara_marcus_duration_differences_do_not_alter_state_outcome:clara:L0:default,clara,L0,565,chair_official_ready_voice_completed,chair_countdown,chair_countdown,0,mpv2_chair_official_ready,completed,,,,false,false,false,
clara_marcus_duration_differences_do_not_alter_state_outcome,clara_marcus_duration_differences_do_not_alter_state_outcome:clara:L0:default,clara,L0,566,countdown_three_started,chair_countdown,chair_countdown,0,countdown-three,started,,,,true,false,false,
clara_marcus_duration_differences_do_not_alter_state_outcome,clara_marcus_duration_differences_do_not_alter_state_outcome:clara:L0:default,clara,L0,567,countdown_two_started,chair_countdown,chair_countdown,0,countdown-two,started,,,,true,false,false,
clara_marcus_duration_differences_do_not_alter_state_outcome,clara_marcus_duration_differences_do_not_alter_state_outcome:clara:L0:default,clara,L0,568,countdown_one_started,chair_countdown,chair_countdown,0,countdown-one,started,,,,true,false,false,
clara_marcus_duration_differences_do_not_alter_state_outcome,clara_marcus_duration_differences_do_not_alter_state_outcome:clara:L0:default,clara,L0,569,go_playback-start_event,chair_countdown,chair_active,0,go,measurement_started_from_go_playback_start,3000,,3000,false,false,false,
clara_marcus_duration_differences_do_not_alter_state_outcome,clara_marcus_duration_differences_do_not_alter_state_outcome:clara:L100:default,clara,L100,570,chair_official_ready_voice_completed,chair_countdown,chair_countdown,0,mpv2_chair_official_ready,completed,,,,false,false,false,
clara_marcus_duration_differences_do_not_alter_state_outcome,clara_marcus_duration_differences_do_not_alter_state_outcome:clara:L100:default,clara,L100,571,countdown_three_started,chair_countdown,chair_countdown,0,countdown-three,started,,,,true,false,false,
clara_marcus_duration_differences_do_not_alter_state_outcome,clara_marcus_duration_differences_do_not_alter_state_outcome:clara:L100:default,clara,L100,572,countdown_two_started,chair_countdown,chair_countdown,0,countdown-two,started,,,,true,false,false,
clara_marcus_duration_differences_do_not_alter_state_outcome,clara_marcus_duration_differences_do_not_alter_state_outcome:clara:L100:default,clara,L100,573,countdown_one_started,chair_countdown,chair_countdown,0,countdown-one,started,,,,true,false,false,
clara_marcus_duration_differences_do_not_alter_state_outcome,clara_marcus_duration_differences_do_not_alter_state_outcome:clara:L100:default,clara,L100,574,go_playback-start_event,chair_countdown,chair_active,0,go,measurement_started_from_go_playback_start,3000,,3000,false,false,false,
clara_marcus_duration_differences_do_not_alter_state_outcome,clara_marcus_duration_differences_do_not_alter_state_outcome:clara:L250:default,clara,L250,575,chair_official_ready_voice_completed,chair_countdown,chair_countdown,0,mpv2_chair_official_ready,completed,,,,false,false,false,
clara_marcus_duration_differences_do_not_alter_state_outcome,clara_marcus_duration_differences_do_not_alter_state_outcome:clara:L250:default,clara,L250,576,countdown_three_started,chair_countdown,chair_countdown,0,countdown-three,started,,,,true,false,false,
clara_marcus_duration_differences_do_not_alter_state_outcome,clara_marcus_duration_differences_do_not_alter_state_outcome:clara:L250:default,clara,L250,577,countdown_two_started,chair_countdown,chair_countdown,0,countdown-two,started,,,,true,false,false,
clara_marcus_duration_differences_do_not_alter_state_outcome,clara_marcus_duration_differences_do_not_alter_state_outcome:clara:L250:default,clara,L250,578,countdown_one_started,chair_countdown,chair_countdown,0,countdown-one,started,,,,true,false,false,
clara_marcus_duration_differences_do_not_alter_state_outcome,clara_marcus_duration_differences_do_not_alter_state_outcome:clara:L250:default,clara,L250,579,go_playback-start_event,chair_countdown,chair_active,0,go,measurement_started_from_go_playback_start,3000,,3000,false,false,false,
clara_marcus_duration_differences_do_not_alter_state_outcome,clara_marcus_duration_differences_do_not_alter_state_outcome:marcus:L0:default,marcus,L0,580,chair_official_ready_voice_completed,chair_countdown,chair_countdown,0,mpv2_chair_official_ready,completed,,,,false,false,false,
clara_marcus_duration_differences_do_not_alter_state_outcome,clara_marcus_duration_differences_do_not_alter_state_outcome:marcus:L0:default,marcus,L0,581,countdown_three_started,chair_countdown,chair_countdown,0,countdown-three,started,,,,true,false,false,
clara_marcus_duration_differences_do_not_alter_state_outcome,clara_marcus_duration_differences_do_not_alter_state_outcome:marcus:L0:default,marcus,L0,582,countdown_two_started,chair_countdown,chair_countdown,0,countdown-two,started,,,,true,false,false,
clara_marcus_duration_differences_do_not_alter_state_outcome,clara_marcus_duration_differences_do_not_alter_state_outcome:marcus:L0:default,marcus,L0,583,countdown_one_started,chair_countdown,chair_countdown,0,countdown-one,started,,,,true,false,false,
clara_marcus_duration_differences_do_not_alter_state_outcome,clara_marcus_duration_differences_do_not_alter_state_outcome:marcus:L0:default,marcus,L0,584,go_playback-start_event,chair_countdown,chair_active,0,go,measurement_started_from_go_playback_start,3000,,3000,false,false,false,
clara_marcus_duration_differences_do_not_alter_state_outcome,clara_marcus_duration_differences_do_not_alter_state_outcome:marcus:L100:default,marcus,L100,585,chair_official_ready_voice_completed,chair_countdown,chair_countdown,0,mpv2_chair_official_ready,completed,,,,false,false,false,
clara_marcus_duration_differences_do_not_alter_state_outcome,clara_marcus_duration_differences_do_not_alter_state_outcome:marcus:L100:default,marcus,L100,586,countdown_three_started,chair_countdown,chair_countdown,0,countdown-three,started,,,,true,false,false,
clara_marcus_duration_differences_do_not_alter_state_outcome,clara_marcus_duration_differences_do_not_alter_state_outcome:marcus:L100:default,marcus,L100,587,countdown_two_started,chair_countdown,chair_countdown,0,countdown-two,started,,,,true,false,false,
clara_marcus_duration_differences_do_not_alter_state_outcome,clara_marcus_duration_differences_do_not_alter_state_outcome:marcus:L100:default,marcus,L100,588,countdown_one_started,chair_countdown,chair_countdown,0,countdown-one,started,,,,true,false,false,
clara_marcus_duration_differences_do_not_alter_state_outcome,clara_marcus_duration_differences_do_not_alter_state_outcome:marcus:L100:default,marcus,L100,589,go_playback-start_event,chair_countdown,chair_active,0,go,measurement_started_from_go_playback_start,3000,,3000,false,false,false,
clara_marcus_duration_differences_do_not_alter_state_outcome,clara_marcus_duration_differences_do_not_alter_state_outcome:marcus:L250:default,marcus,L250,590,chair_official_ready_voice_completed,chair_countdown,chair_countdown,0,mpv2_chair_official_ready,completed,,,,false,false,false,
clara_marcus_duration_differences_do_not_alter_state_outcome,clara_marcus_duration_differences_do_not_alter_state_outcome:marcus:L250:default,marcus,L250,591,countdown_three_started,chair_countdown,chair_countdown,0,countdown-three,started,,,,true,false,false,
clara_marcus_duration_differences_do_not_alter_state_outcome,clara_marcus_duration_differences_do_not_alter_state_outcome:marcus:L250:default,marcus,L250,592,countdown_two_started,chair_countdown,chair_countdown,0,countdown-two,started,,,,true,false,false,
clara_marcus_duration_differences_do_not_alter_state_outcome,clara_marcus_duration_differences_do_not_alter_state_outcome:marcus:L250:default,marcus,L250,593,countdown_one_started,chair_countdown,chair_countdown,0,countdown-one,started,,,,true,false,false,
clara_marcus_duration_differences_do_not_alter_state_outcome,clara_marcus_duration_differences_do_not_alter_state_outcome:marcus:L250:default,marcus,L250,594,go_playback-start_event,chair_countdown,chair_active,0,go,measurement_started_from_go_playback_start,3000,,3000,false,false,false,
missing_clara_asset,missing_clara_asset:injected,clara,injected_failure,595,missing_clara_asset,varies,same_stage_blocked,0,mpv2_chair_practice_start,asset_missing,,,,false,true,false,
missing_marcus_asset,missing_marcus_asset:injected,marcus,injected_failure,596,missing_marcus_asset,varies,same_stage_blocked,0,mpv2_chair_practice_start,asset_missing,,,,false,true,false,
manifest_lookup_throw,manifest_lookup_throw:injected,clara,injected_failure,597,manifest_lookup_throw,varies,same_stage_blocked,0,mpv2_chair_practice_start,asset_resolution_failed,,,,false,true,false,
player_creation_throw,player_creation_throw:injected,clara,injected_failure,598,player_creation_throw,varies,same_stage_blocked,0,mpv2_chair_practice_start,player_creation_failed,,,,false,true,false,
playback_start_throw,playback_start_throw:injected,clara,injected_failure,599,playback_start_throw,varies,same_stage_blocked,0,mpv2_chair_practice_start,playback_start_failed,,,,false,true,false,
no_completion_callback,no_completion_callback:injected,clara,injected_failure,600,no_completion_callback,varies,same_stage_blocked,0,mpv2_chair_practice_start,completion_timeout,,,,false,true,false,
late_completion_after_stop,late_completion_after_stop:injected,clara,injected_failure,601,late_completion_after_stop,varies,same_stage_blocked,0,mpv2_chair_practice_start,cancelled,,,,false,true,false,
multi_sequence_first_cue_failure,multi_sequence_first_cue_failure:injected,clara,injected_failure,602,multi_sequence_first_cue_failure,varies,same_stage_blocked,0,mpv2_chair_practice_start,asset_missing,,,,false,true,false,
multi_sequence_middle_cue_failure,multi_sequence_middle_cue_failure:injected,clara,injected_failure,603,multi_sequence_middle_cue_failure,varies,same_stage_blocked,0,mpv2_chair_practice_start,asset_missing,,,,false,true,false,
multi_sequence_final_cue_failure,multi_sequence_final_cue_failure:injected,clara,injected_failure,604,multi_sequence_final_cue_failure,varies,same_stage_blocked,0,mpv2_chair_practice_start,asset_missing,,,,false,true,false,
